fecha,turno,v7_gap12,v7_gap15,v7_sd,v8_gap12,v8_gap15,v8_sd,v9_gap12,v9_gap15,v9_sd,v8_paths1,v8_c0,v8_sources,v8_horizontal,v9_paths1,v9_birth,v9_persist,v9_gains,v9_last_gain,v9_sources,v9_source_gain,v9_c0,v9_stale,V7_T5,V8_T5,V9_T5,conf_V7,conf_V8,conf_V9,elegido,V11_T5,mes,tipo_switch
2025-01-02,Primera,0.0,0.0,0.0046029131592288,0.0153135114221747,0.0153135114221747,0.007217723117828,0.0580627022844348,0.0580627022844348,0.0364358037620823,6,0.0,0.5,0.0,6,1,1,6,6,1,1,0.0,0,0,0,0,0.0,0.0,0.0,V7,0,2025-01,sin_switch
2025-01-02,Matutino,0.2756370260661622,0.2856896031973983,0.0876348264456618,0.0,0.0044676798214242,0.0026569963235813,0.0,0.0,0.0241634639814698,8,0.0,0.6666666666666666,0.125,18,1,2,18,12,2,1,0.0,0,0,0,1,0.0840813296511479,0.1389568026683234,0.0576613661140248,V8,0,2025-01,switch_neutro
2025-01-02,Vespertino,0.0,0.0277258872223979,0.0376510846436531,0.0,0.005,0.0022912878474779,0.0,0.0,0.0320929898887592,20,0.0,0.75,0.1,13,1,3,13,4,3,1,0.0,0,0,0,0,0.0773086408980399,0.0989696734984411,0.0481158193266864,V7,0,2025-01,sin_switch
2025-01-02,Nocturno,0.0,0.1326310129147181,0.053878832832023,0.0,0.0031044792085955,0.0042419850371295,0.0,0.0285721073928563,0.0323269559088454,11,0.0,0.8,0.0,10,2,3,10,7,4,2,0.0,0,0,0,0,0.0250803302270946,0.0221427075819427,0.0,V7,0,2025-01,sin_switch
2025-01-03,Previa,0.0,0.0162186043243259,0.0110148983086193,0.0053605369642814,0.0114378125419288,0.0038604423341819,0.0010721073928563,0.0022875625083857,0.0007720884668363,8,1.0,1.0,0.0,8,0,1,0,8,1,1,1.0,0,0,0,0,0.0486515690985894,0.0,0.0,V7,0,2025-01,sin_switch
2025-01-03,Primera,0.0,0.010052577131236,0.0091784975382737,0.0,0.0044676798214242,0.0045141231488894,0.0,0.0313092975357144,0.021760002501565,8,1.0,1.0,0.125,5,0,2,4,4,2,1,1.0,0,0,0,0,0.0233856376841927,0.026068281284693,0.0,V7,0,2025-01,sin_switch
2025-01-03,Matutino,0.0,0.0379380336940773,0.0301341823035438,0.0,0.0044676798214242,0.0045141231488894,0.0,0.011365421481689,0.0274878752656808,8,1.0,0.6666666666666666,0.125,4,0,3,2,2,3,2,0.5,0,0,0,0,0.0214767528267414,0.0725186156070325,0.0225855705496787,V8,0,2025-01,switch_neutro
2025-01-03,Vespertino,0.0047113214262557,0.010052577131236,0.0047654067652431,0.0,0.0044676798214242,0.0045141231488894,0.0,0.0559274020273276,0.0418375468338467,8,1.0,0.5,0.125,6,0,4,4,2,4,1,0.3333333333333333,0,1,0,0,0.0255429484279356,0.0428633533677914,0.0271519354265892,V7,1,2025-01,sin_switch
2025-01-03,Nocturno,0.0,0.0882793303205247,0.0491732529100608,0.0,0.0598989898989898,0.0307150225763933,0.0,0.0280000000000001,0.0144580016035648,9,0.8888888888888888,0.8,0.1111111111111111,9,1,4,9,3,4,2,0.6666666666666666,0,0,0,0,0.0240105770648041,0.020907776720059,0.0470011279373327,V7,0,2025-01,sin_switch
2025-01-04,Previa,0.0082094723596277,0.0134588894648484,0.0071926349752886,0.0,0.0053605369642814,0.0087747419543896,0.0,0.0010721073928563,0.0017549483908779,8,1.0,1.0,0.0,8,0,1,0,8,1,1,1.0,0,0,0,0,0.033759989780398,0.0,0.0,V7,0,2025-01,sin_switch
2025-01-04,Primera,0.0,0.0439444915467248,0.041674753312197,0.0,0.005,0.0069385662408025,0.0275,0.0572875625083858,0.0439652908349302,10,1.0,1.0,0.1,14,0,2,6,6,2,1,1.0,0,0,0,0,0.0649807786995905,0.0265376595318451,0.0,V7,0,2025-01,sin_switch
2025-01-04,Matutino,0.2743084854265039,0.2991484926622467,0.0909069936839503,0.0,0.005,0.0069385662408025,0.0,0.1158333333333334,0.0558241080796217,10,1.0,0.6666666666666666,0.1,7,0,3,6,3,3,1,0.5714285714285714,0,0,0,0,0.0293594887085986,0.0230181334340585,0.0,V7,0,2025-01,sin_switch
2025-01-04,Vespertino,0.0,0.1771177914679222,0.0818619230269641,0.0,0.005,0.0069385662408025,0.0,0.162,0.0748250278542442,10,1.0,0.5,0.1,8,0,4,7,1,4,1,0.5,0,0,0,0,0.0490338631107718,0.0233689609520406,0.0,V7,0,2025-01,sin_switch
2025-01-04,Nocturno,0.0,0.011507282898072,0.0528895018920154,0.0,0.005,0.0069385662408025,0.0,0.1487875625083858,0.0775083528098828,10,1.0,0.4,0.1,8,0,5,6,4,5,2,0.25,0,0,0,0,0.0,0.0,0.0,V7,0,2025-01,sin_switch
2025-01-06,Primera,0.0,0.0089257420525683,0.0075326691721207,0.0,0.0101557006787506,0.0049752569286751,0.0,0.0620311401357501,0.0303889282991331,4,0.0,0.5,0.0,4,1,1,4,4,1,1,0.0,0,0,0,0,0.0,0.0146295416779225,0.0146295416779225,V7,0,2025-01,sin_switch
2025-01-06,Matutino,0.0,0.1216534110189861,0.0748512056221656,0.0035748226785671,0.0069444444444444,0.0042534019653052,0.0,0.0553333333333332,0.0222385592174658,8,0.0,0.6666666666666666,0.25,9,1,2,9,7,2,1,0.0,0,0,0,0,0.041658224044438,0.0729328971649563,0.0242971754461027,V8,0,2025-01,switch_neutro
2025-01-06,Vespertino,0.0,0.0501374542190191,0.0245622359677497,0.0156044792085955,0.0178605369642814,0.028254384695131,0.0585721073928562,0.0585721073928562,0.027571598726943,8,0.0,0.75,0.25,8,2,2,8,4,3,1,0.0,0,0,0,0,0.0496227287309895,0.0471207252430703,0.0240136590820778,V7,0,2025-01,sin_switch
2025-01-06,Nocturno,0.0,0.0884215054813344,0.0392876585855501,0.0,0.0363531552444919,0.0146668049399643,0.0,0.034,0.0166565302509256,4,0.0,0.8,0.0,9,3,2,9,7,2,1,0.0,0,0,0,0,0.0270625133727417,0.021964733975654,0.021964733975654,V7,0,2025-01,sin_switch
2025-01-07,Previa,0.0,0.0089257420525683,0.0043727027208989,0.0,0.0101557006787506,0.0049752569286751,0.0,0.03453114013575,0.0169167347138256,4,1.0,1.0,0.0,4,0,1,0,4,1,1,1.0,0,0,0,0,0.0,0.0,0.0,V7,0,2025-01,sin_switch
2025-01-07,Primera,0.0,0.2104972353806049,0.0860503247316202,0.0,0.005,0.0043376611462323,0.0,0.0732149645357134,0.0551152689317956,10,1.0,1.0,0.1,10,0,2,9,9,2,1,1.0,0,0,0,0,0.0466916728686836,0.0249407333793109,0.0,V7,0,2025-01,sin_switch
2025-01-07,Matutino,0.0,0.0530298029397373,0.0384939844065843,0.0,0.005,0.0043376611462323,0.0,0.0545231307023817,0.0330909508417062,10,1.0,0.6666666666666666,0.1,7,1,2,7,4,3,1,0.4285714285714285,0,0,0,0,0.0242477063147992,0.0468518054478904,0.0,V7,0,2025-01,sin_switch
2025-01-07,Vespertino,0.0,0.0162186043243259,0.2880955057708436,0.0,0.005,0.0043376611462323,0.0,0.0278092975357145,0.0191052842650774,10,1.0,0.5,0.1,5,1,3,5,4,4,2,0.2,0,0,0,0,0.0309670390637921,0.0525678664919768,0.0714920423604038,V9,0,2025-01,switch_neutro
2025-01-07,Nocturno,0.0,0.6235479661316372,0.2534437604747919,0.0,0.005,0.0043376611462323,0.0,0.0137875625083858,0.0247777871389321,10,1.0,0.4,0.1,10,1,4,10,3,5,2,0.4,0,0,0,0,0.0226022079869097,0.0697720853207067,0.0232834969066368,V8,0,2025-01,switch_neutro
2025-01-08,Previa,0.0,0.2116406777378046,0.1036823338548864,0.0,0.0,0.0,0.0,0.0,0.0,2,1.0,1.0,0.0,2,0,1,0,2,1,1,1.0,0,0,0,0,0.0,0.0277069951252776,0.0277069951252776,V7,0,2025-01,sin_switch
2025-01-08,Primera,0.2026763862381839,0.2088424134312747,0.0838068785602308,0.0184535123214272,0.0184535123214272,0.0061873242057144,0.0,0.0323814049285707,0.015932598679595,2,1.0,1.0,1.0,8,1,1,8,8,2,2,0.5,0,0,0,0,0.0483857257292009,0.0492518092073495,0.0240497712705309,V7,0,2025-01,sin_switch
2025-01-08,Matutino,0.3840429615263092,0.3840429615263092,0.1176117171821029,0.0184535123214272,0.0184535123214272,0.006879112118163,0.0,0.0852124374916142,0.046968641076051,2,1.0,0.6666666666666666,1.0,6,0,3,5,4,3,1,0.3333333333333333,0,0,0,1,0.0,0.0297955480639081,0.0,V7,0,2025-01,sin_switch
2025-01-08,Vespertino,0.0,0.6643888947126158,0.2713783056942512,0.0184535123214271,0.0184535123214271,0.0122406752868747,0.0,0.0833333333333333,0.0333837419905339,2,1.0,0.5,1.0,9,0,4,8,5,3,1,0.1111111111111111,0,0,0,0,0.0,0.0269348435697128,0.0223077868894042,V7,0,2025-01,sin_switch
2025-01-08,Nocturno,0.0,0.2006132673964353,0.1147591450648816,0.0184535123214271,0.0184535123214271,0.0122406752868747,0.0,0.0629292502499991,0.0324390144766611,2,1.0,0.4,1.0,10,0,5,9,3,5,1,0.2,0,0,0,0,0.0238708395347457,0.0218760722565617,0.0605020446384939,V9,0,2025-01,switch_neutro
2025-01-09,Previa,0.0,0.1912076527871642,0.0951856197416474,0.0,0.0,0.0046539267095689,0.0,0.0,0.0158241563505202,4,1.0,1.0,0.0,4,0,1,0,4,1,1,1.0,0,0,0,0,0.0,0.0,0.0,V7,0,2025-01,sin_switch
2025-01-09,Primera,0.0,0.0134588894648484,0.0205177159654382,0.0114378125419289,0.0142513239641037,0.0056300022988235,0.0,0.026937297715565,0.0248999315602435,2,1.0,1.0,1.0,4,0,2,3,3,2,1,1.0,0,0,0,0,0.0651026904239483,0.0445224466489196,0.0445749564734209,V7,0,2025-01,sin_switch
2025-01-09,Matutino,0.4360727727996547,0.4522913771239807,0.1347580780089458,0.0028135114221747,0.0028135114221747,0.0038770480249762,0.0,0.0400000000000001,0.0228929322638549,6,1.0,0.6666666666666666,0.0,6,0,3,5,3,3,1,0.5,0,0,0,0,0.0216352354756196,0.0532795803637615,0.0,V8,0,2025-01,switch_neutro
2025-01-09,Vespertino,0.4522913771239807,0.5129869953829171,0.1659576080448213,0.0070156997794982,0.0088025454342586,0.006478798012364,0.0,0.0497875625083857,0.0446263748411241,6,1.0,0.5,0.0,8,0,4,6,4,4,2,0.5,0,1,0,0,0.0222436726234939,0.0308048732491974,0.0265948022255468,V7,1,2025-01,sin_switch
2025-01-09,Nocturno,0.4606851610932061,0.5849223900386988,0.1843471745539615,0.0070156997794982,0.013562187458071,0.0105758367927804,0.0,0.0957875625083859,0.056084929405208,6,1.0,0.4,0.0,10,0,5,8,2,5,1,0.4,0,0,0,0,0.0237617050012095,0.0329927652027741,0.0239659391333931,V7,0,2025-01,sin_switch
2025-01-10,Previa,0.0,0.0277258872223979,0.0185445467417102,0.0,0.0184535123214271,0.009994685055763,0.0,0.0036907024642854,0.0019989370111526,9,1.0,1.0,0.0,9,0,1,0,9,1,1,1.0,0,0,0,0,0.0455483328263552,0.0,0.0,V7,0,2025-01,sin_switch
2025-01-10,Primera,0.0,0.0510025544485737,0.0293288692972538,0.01,0.0214378125419288,0.0088115604016911,0.055,0.1786907024642854,0.0656632152846438,10,1.0,1.0,0.2,14,0,2,6,6,2,1,1.0,0,0,0,0,0.0538814770175615,0.0258121212509547,0.0258121212509547,V7,0,2025-01,sin_switch
2025-01-10,Matutino,0.0,0.3359758512865598,0.1719345265137243,0.01518196553571,0.0426878125419288,0.0176762647887549,0.0399999999999999,0.0399999999999999,0.021203672781925,16,0.875,1.0,0.0,16,0,3,8,2,3,1,0.875,0,0,0,0,0.0503513664048143,0.0,0.0,V7,0,2025-01,sin_switch
2025-01-10,Vespertino,0.0,0.0277258872223979,0.0415789797336064,0.0,0.0239378125419288,0.0136578193523483,0.0,0.0507614522142861,0.0240437831492365,8,0.75,1.0,0.0,7,1,3,7,6,4,2,0.1428571428571428,0,0,0,0,0.0698221320787731,0.0501708722109975,0.0229019777975853,V7,0,2025-01,sin_switch
2025-01-10,Nocturno,0.0,0.0,0.0280202715285665,0.0187499999999999,0.0274999999999999,0.0086899931497527,0.0,0.0985000000000001,0.0389066010342011,10,1.0,0.4,0.2,8,0,5,6,3,5,2,0.25,0,0,0,0,0.0,0.0,0.0,V7,0,2025-01,sin_switch
2025-01-11,Previa,0.0061660271930907,0.0082094723596277,0.0116432378506133,0.0070156997794982,0.0153135114221747,0.006542385308614,0.0014031399558996,0.0030627022844349,0.0106209683893311,6,1.0,1.0,0.0,6,0,1,0,6,1,1,1.0,0,0,0,0,0.0431232388490495,0.0,0.0,V7,0,2025-01,sin_switch
2025-01-11,Primera,0.0,0.0134588894648484,0.0088541851985711,0.0053605369642814,0.0114378125419288,0.0043387378174656,0.0,0.0422875625083858,0.0199731401763674,8,1.0,1.0,0.0,8,0,2,7,7,2,1,0.875,0,0,0,0,0.0455214801055965,0.055871016036604,0.0232123485574187,V7,0,2025-01,sin_switch
2025-01-11,Matutino,0.0,0.0204330249506403,0.0873636517915344,0.0,0.0397035123214271,0.0165430335660358,0.0858333333333334,0.1049999999999999,0.0473249875128694,8,0.875,1.0,0.0,12,0,3,10,4,3,1,0.5,0,0,0,0,0.0284811218155339,0.0245024248976684,0.0245024248976684,V7,0,2025-01,sin_switch
2025-01-11,Vespertino,0.0,0.0,0.0418219447732237,0.0,0.0176878125419288,0.0077636370186382,0.1603578216785706,0.194278836221392,0.0607033936995123,8,0.875,0.75,0.0,14,0,4,12,2,4,1,0.4285714285714285,0,0,0,0,0.0659872434012042,0.0247908268018936,0.0247908268018936,V7,0,2025-01,sin_switch
2025-01-11,Nocturno,0.0,0.0265801253624662,0.0126423752044744,0.0087499999999999,0.0114378125419288,0.0038547416741538,0.0,0.0780011694012436,0.0363464712554455,8,1.0,0.4,0.0,7,0,5,5,4,3,1,0.2857142857142857,0,0,0,0,0.0305031945047519,0.0291593932440517,0.0270358347783318,V7,0,2025-01,sin_switch
2025-01-13,Primera,0.0,0.0,8.881784197001252e-16,0.0,0.0,0.0,0.0,0.0,5.551115123125783e-17,2,0.0,0.5,0.0,2,1,1,2,2,1,1,0.0,0,0,0,0,0.0,0.0130689037433995,0.0130689037433995,V7,0,2025-01,sin_switch
2025-01-13,Matutino,0.1926238091069478,0.2026763862381839,0.0779156460171905,0.0,0.0111111111111111,0.0046839908484052,0.0,0.0553333333333332,0.0272730837798931,9,0.0,0.6666666666666666,0.2222222222222222,10,1,2,10,8,2,1,0.0,0,0,1,1,0.0465242363878501,0.0735419307421402,0.0225700633544671,V7,0,2025-01,sin_switch
2025-01-13,Vespertino,0.5480057448770737,0.568438769827714,0.1719229387938079,0.0,0.0035353535353535,0.0028019823150179,0.0,0.0285721073928564,0.0300280778620212,11,0.0,0.75,0.1818181818181818,10,1,3,10,5,3,1,0.0,0,0,0,0,0.0,0.04676153987098,0.0219251740807464,V8,0,2025-01,switch_neutro
2025-01-13,Nocturno,0.0053189154537864,0.4685099814483076,0.2153903565414044,0.0,0.0102358325000028,0.0096412714447767,0.0,0.1179278926071436,0.0513063876856208,7,0.0,0.8,0.1428571428571428,7,1,4,7,4,4,2,0.0,0,0,0,0,0.0220954480081107,0.0,0.0312709193016913,V7,0,2025-01,sin_switch
2025-01-14,Previa,0.0,0.011507282898072,0.0046029131592288,0.0,0.0184535123214271,0.0074829534219521,0.0,0.0361907024642853,0.0173311902637089,5,1.0,1.0,0.0,5,0,1,0,5,1,1,1.0,0,0,0,0,0.0,0.0,0.0,V7,0,2025-01,sin_switch
2025-01-14,Primera,0.3532101466071582,0.4848050547711882,0.1494291765056452,0.0052288541247377,0.0052288541247378,0.0040053770192329,0.0103571428571428,0.0676447053655286,0.0356071751099275,6,1.0,1.0,0.3333333333333333,14,0,2,12,12,2,1,0.8571428571428571,0,0,0,0,0.0237953792008756,0.0422683940219711,0.0231442116166956,V7,0,2025-01,sin_switch
2025-01-14,Matutino,0.0,0.184690023588196,0.0900786963858525,0.0052288541247377,0.0052288541247378,0.0057253244396977,0.0214999999999999,0.0264999999999999,0.0228894305905016,6,1.0,0.6666666666666666,0.3333333333333333,10,0,3,8,4,3,1,0.2,0,0,0,0,0.0227706530457491,0.0227706530457491,0.0476965175296813,V7,0,2025-01,sin_switch
2025-01-14,Vespertino,0.0,0.4746983488925931,0.2021486190364668,0.0,0.0660680344642898,0.0271094805673491,0.0,0.0983333333333333,0.0536714884865083,7,0.8571428571428571,1.0,0.0,8,0,4,7,6,4,2,0.25,0,0,0,0,0.0249597937879491,0.0257333805763749,0.0488221714256349,V7,0,2025-01,sin_switch
2025-01-14,Nocturno,0.0,0.1189566417838108,0.0494141460918839,0.0,0.0597711458752622,0.0299757486390703,0.0,0.1245006788214277,0.0662115121552693,10,0.9,0.8,0.0,15,0,5,13,6,4,2,0.6,0,0,0,0,0.0235294601974088,0.0258352702300513,0.0518637072464875,V7,0,2025-01,sin_switch
2025-01-15,Previa,0.0,0.0,8.881784197001252e-16,0.0153135114221747,0.0254692121009253,0.0080334974994188,0.0030627022844349,0.037593842420185,0.0163111722917175,6,1.0,1.0,0.0,6,0,1,0,6,1,1,1.0,0,0,0,0,0.0722537899929932,0.0,0.0,V7,0,2025-01,sin_switch
2025-01-15,Primera,0.0,0.0,0.0799666685514825,0.0,0.0084535123214271,0.0057675139010407,0.0,0.0572875625083858,0.0369317639434622,9,1.0,1.0,0.0,9,0,2,6,6,2,1,1.0,0,0,0,0,0.0434795741655884,0.0712378964712067,0.0379995222400344,V7,0,2025-01,sin_switch
2025-01-15,Matutino,0.0,0.2089685785584523,0.1507903356042487,0.0,0.0084535123214271,0.006653661321313,0.0274999999999999,0.0483333333333333,0.0262846138301223,9,1.0,0.6666666666666666,0.0,12,0,3,10,6,3,1,0.5,0,0,0,0,0.0,0.0244721546647134,0.0237032616565231,V7,0,2025-01,sin_switch
2025-01-15,Vespertino,0.0,0.0224986420316488,0.0099455144271293,0.0,0.0499999999999999,0.0244635181420767,0.0,0.1023484848484849,0.048111550629226,11,0.8181818181818182,1.0,0.0,11,0,4,8,2,4,2,0.8181818181818182,0,0,0,0,0.0289326607891914,0.0315176539933172,0.0550799351157139,V7,0,2025-01,sin_switch
2025-01-15,Nocturno,0.0,0.3213501051747842,0.1285400420699137,0.0,0.0284535123214271,0.0124957039384581,0.0,0.0455,0.0374031227908606,11,0.8181818181818182,0.8,0.0,8,0,5,7,2,5,1,0.375,0,0,0,0,0.023070360159516,0.0,0.0242245194552569,V7,0,2025-01,sin_switch
2025-01-16,Previa,0.0,0.0162186043243259,0.007945460986939,0.0,0.0,0.0,0.0,0.0,0.0,2,1.0,1.0,0.0,2,0,1,0,2,1,1,1.0,0,0,0,0,0.0,0.0321513617660112,0.0321513617660112,V8,0,2025-01,switch_neutro
2025-01-16,Primera,0.0,0.0,0.0,0.0,0.0184535123214272,0.0091705839240409,0.0,0.04,0.0267191189098699,2,1.0,1.0,1.0,3,0,2,2,2,2,1,1.0,0,0,0,0,0.0,0.0216866467297098,0.025651111159072,V7,0,2025-01,sin_switch
2025-01-16,Matutino,0.0,0.0722029011570084,0.0326857871122139,0.0184535123214272,0.0184535123214272,0.0073104435477626,0.0,0.1396907024642855,0.0591036889181946,2,1.0,0.6666666666666666,1.0,12,0,3,11,9,3,1,0.0833333333333333,0,0,0,0,0.0263058179451963,0.0,0.0261235299838912,V7,0,2025-01,sin_switch
2025-01-16,Vespertino,0.0,0.0262902266037636,0.024343900512163,0.0249999999999999,0.0249999999999999,0.0101923381268403,0.0,0.0348802735595245,0.0313093200664487,2,1.0,0.5,1.0,7,0,4,5,2,4,1,0.2857142857142857,0,0,0,0,0.029587582945604,0.0262780029976976,0.0816084895454173,V9,0,2025-01,switch_neutro
2025-01-16,Nocturno,0.0,0.0,0.0,0.0249999999999999,0.0249999999999999,0.0126105724137697,0.0,0.0645011694012437,0.033317387148311,2,1.0,0.4,1.0,7,0,5,5,2,5,2,0.2857142857142857,0,0,0,1,0.0227633343683255,0.0,0.0635589283241024,V9,1,2025-01,switch_ganador
2025-01-17,Previa,0.0,0.0,8.881784197001252e-16,0.0,0.0,0.0049752569286751,0.0,0.0,0.0169167347138256,4,1.0,1.0,0.0,4,0,1,0,4,1,1,1.0,0,0,0,0,0.0168487793685081,0.0,0.0,V7,0,2025-01,sin_switch
2025-01-17,Primera,0.0,0.0061660271930907,0.0052199081679395,0.0,0.0060772755776474,0.0051712284407566,0.0494031399558996,0.0587845448844704,0.0207170626684551,7,1.0,1.0,0.0,6,0,2,4,4,2,1,1.0,0,0,0,0,0.0476483557187225,0.0282838727687069,0.0,V7,0,2025-01,sin_switch
2025-01-17,Matutino,0.0,0.0039983855902585,0.0015993542361034,0.0,0.0060772755776474,0.0051712284407566,0.0,0.0049528334999994,0.01146893406344,7,1.0,0.6666666666666666,0.0,5,0,3,4,4,3,2,0.2,0,0,0,1,0.0481118150503385,0.0525194846719392,0.0440542689955448,V7,0,2025-01,sin_switch
2025-01-17,Vespertino,0.0,0.0105910220289366,0.0075346482039114,0.0,0.0462312900992049,0.0198232340011818,0.0,0.0191666666666668,0.0203798771927584,9,0.7777777777777778,1.0,0.0,9,0,4,5,3,4,2,0.6666666666666666,0,0,0,0,0.0297724610747021,0.0472103759730371,0.0222544497391722,V7,0,2025-01,sin_switch
2025-01-17,Nocturno,0.0,0.0204330249506403,0.034532309642309,0.0,0.0368955207914044,0.0168095765871042,0.0,0.0436363636363636,0.0235683960618726,6,0.8333333333333334,0.8,0.0,12,0,5,8,3,5,1,0.5,0,0,0,0,0.0219710737521815,0.0,0.0476900209875718,V7,0,2025-01,sin_switch
2025-01-18,Previa,0.0,0.0,8.881784197001252e-16,0.0,0.0,0.0,0.0,0.0,0.0,2,1.0,1.0,0.0,2,0,1,0,2,1,1,1.0,0,0,0,0,0.0,0.0285689383382658,0.0285689383382658,V7,0,2025-01,sin_switch
2025-01-18,Primera,0.0047113214262557,0.345173757046747,0.1619468181224526,0.0142513239641035,0.0178605369642813,0.0096033062922789,0.0285721073928564,0.0285721073928564,0.0778815987921719,8,1.0,1.0,0.25,8,0,2,6,6,2,1,1.0,0,0,0,0,0.0987409933774965,0.023369545747544,0.023369545747544,V7,0,2025-01,sin_switch
2025-01-18,Matutino,0.0,0.0,8.881784197001252e-16,0.0117513239641036,0.0153605369642814,0.0090725198091808,0.1443333333333334,0.1513502647928207,0.0490216789638359,10,0.8,1.0,0.4,10,0,3,8,2,3,1,0.8,0,0,0,0,0.0993320223248485,0.0250237079154779,0.0250237079154779,V7,0,2025-01,sin_switch
2025-01-18,Vespertino,0.0,0.2049180057652231,0.1090115569742105,0.0036092130001778,0.0036092130001778,0.0123724514070288,0.068,0.0681907024642854,0.0249074034083908,4,1.0,0.5,0.5,10,0,4,8,0,3,0,0.8,1,0,0,0,0.0733188135712144,0.0,0.0488724644391073,V7,0,2025-01,sin_switch
2025-01-18,Nocturno,0.0,0.0188001451698287,0.0100535319831208,0.0036092130001778,0.0036092130001778,0.0131777536057687,0.0,0.086,0.041485340671558,4,1.0,0.4,0.5,8,1,4,8,4,4,2,0.0,0,0,0,0,0.0,0.0510602185374875,0.0504376919060632,V8,0,2025-01,switch_neutro
2025-01-20,Primera,0.0,0.0,8.881784197001252e-16,0.0,0.0101557006787506,0.0073869986255844,0.0,0.0620311401357501,0.0394179699492512,4,0.0,0.5,0.0,4,1,1,4,4,1,1,0.0,0,0,0,0,0.0,0.0136286263815285,0.0136286263815285,V7,0,2025-01,sin_switch
2025-01-20,Matutino,0.0,0.0162186043243259,0.0074322981982761,0.0,0.0044676798214242,0.0022869367009111,0.0,0.0553333333333332,0.0221983897207111,8,0.0,0.6666666666666666,0.125,8,1,2,8,5,2,1,0.0,0,0,0,0,0.0,0.0505468036356256,0.0300186590534806,V8,0,2025-01,switch_neutro
2025-01-20,Vespertino,0.0,0.0431882537208538,0.0235644567569872,0.0,0.0017823201785757,0.0014396023519153,0.0,0.0059278926071436,0.0274951606893407,7,0.0,0.75,0.1428571428571428,7,1,3,7,3,3,1,0.0,0,0,0,0,0.0,0.0430967911251628,0.0430967911251628,V8,0,2025-01,switch_neutro
2025-01-20,Nocturno,0.0,0.0162186043243259,0.057734998462062,0.0,0.01,0.0109612159435483,0.0,0.0501907024642854,0.0200762809857141,5,0.0,0.8,0.2,5,1,4,5,1,4,2,0.0,0,0,0,0,0.0,0.0490800286349592,0.0509851892041084,V9,0,2025-01,switch_neutro
2025-01-21,Previa,0.0,0.0,8.881784197001252e-16,0.0,0.0232486760358963,0.0092994704143585,0.0,0.0696497352071793,0.0278598940828717,4,1.0,1.0,0.0,4,0,1,0,4,1,1,1.0,0,0,0,0,0.0,0.0,0.0,V7,0,2025-01,sin_switch
2025-01-21,Primera,0.1691721480738683,0.1792247252051044,0.0763932746357163,0.0,0.0080013239641035,0.006728967200918,0.0,0.004,0.0156253065276055,8,1.0,1.0,0.125,12,0,2,10,10,2,1,0.8333333333333334,0,0,0,0,0.0477923699629515,0.0762617039430293,0.025580465203161,V7,0,2025-01,sin_switch
2025-01-21,Matutino,0.0,0.0667946126348884,0.159463595476206,0.0,0.0178193584283935,0.0091479046168192,0.0,0.0277272727272726,0.0691428071321296,7,0.8571428571428571,1.0,0.0,11,0,3,9,4,3,1,0.2727272727272727,0,0,0,0,0.0,0.0,0.0,V7,0,2025-01,sin_switch
2025-01-21,Vespertino,0.150234375732114,0.2653700718259442,0.1984844129975713,0.0,0.0084535123214271,0.006302348218707,0.0,0.0206818181818182,0.0641370151517667,8,1.0,0.5,0.0,9,0,4,7,6,4,2,0.3333333333333333,0,0,0,0,0.025281835492371,0.0,0.0518219859156462,V7,0,2025-01,sin_switch
2025-01-21,Nocturno,0.4347040448580239,0.5168317317273505,0.1603210099956679,0.0,0.0084535123214271,0.0077780236238149,0.0,0.0301057443265674,0.0215626335661157,8,1.0,0.4,0.0,11,0,5,9,4,3,1,0.1818181818181818,0,0,0,0,0.0,0.0389804939204978,0.0444011192241088,V9,0,2025-01,switch_neutro
2025-01-22,Previa,0.0,0.1829981804275364,0.096160340563379,0.0153135114221747,0.0254692121009253,0.0080334974994188,0.0030627022844349,0.037593842420185,0.0163111722917175,6,1.0,1.0,0.0,6,0,1,0,6,1,1,1.0,0,0,0,0,0.0837397097996977,0.0224468298106749,0.0224468298106749,V7,0,2025-01,sin_switch
2025-01-22,Primera,0.0162186043243259,0.0680299360951917,0.0324855366588606,0.0031044792085956,0.0142513239641037,0.0071816831409245,0.0,0.0285968600441003,0.0271502070675669,2,1.0,1.0,1.0,5,0,2,3,3,2,1,1.0,0,0,0,0,0.0604936448583624,0.0421840295649257,0.0447012718990747,V7,0,2025-01,sin_switch
2025-01-22,Matutino,0.010052577131236,0.0324372086486528,0.0363479140780525,0.0,0.0171358787675919,0.0080554901122776,0.0,0.0572875625083858,0.031805468644989,6,1.0,0.6666666666666666,0.1666666666666666,8,0,3,6,3,3,1,0.625,0,0,0,0,0.0,0.0475812553007786,0.0703392575380621,V9,0,2025-01,switch_neutro
2025-01-22,Vespertino,0.0,0.011507282898072,0.1581290241454153,0.0,0.0065464876785727,0.0028264811816502,0.0,0.0269999999999999,0.0176629391580492,1,1.0,0.5,1.0,10,1,3,10,4,4,2,0.6,0,0,0,0,0.0239487005519954,0.0232255555626618,0.0996522556620272,V9,0,2025-01,switch_neutro
2025-01-22,Nocturno,0.0,0.1373522569050465,0.0690690755555552,0.0,0.0065464876785727,0.0028264811816502,0.0185,0.0364292502499993,0.0187922625071402,1,1.0,0.4,1.0,8,1,4,8,4,4,2,0.0,0,0,0,0,0.0,0.0449014844980593,0.0957674902389807,V9,0,2025-01,switch_neutro
2025-01-23,Previa,0.0171352144121961,0.0171352144121961,0.0130298676815749,0.0,0.0254692121009253,0.0153774636018768,0.0,0.037593842420185,0.0273452127606867,6,1.0,1.0,0.0,6,0,1,0,6,1,1,1.0,0,0,0,0,0.0207303049513424,0.0,0.0,V7,0,2025-01,sin_switch
2025-01-23,Primera,0.0,0.2421368661206484,0.1247273855914272,0.0124999999999999,0.0239378125419288,0.0100795628816811,0.0,0.1172875625083857,0.0671975096432424,8,1.0,1.0,0.25,12,0,2,6,6,2,1,1.0,0,0,0,0,0.0713977672158863,0.0,0.0,V7,0,2025-01,sin_switch
2025-01-23,Matutino,0.1913593468563563,0.3085684976573919,0.1030913737050208,0.0,0.0160680344642899,0.013552923223808,0.0,0.0258583122583866,0.0346349928122584,7,0.8571428571428571,1.0,0.0,7,0,3,6,6,3,2,0.1428571428571428,0,0,0,1,0.053317372622753,0.0257418248800342,0.0544617939176792,V7,0,2025-01,sin_switch
2025-01-23,Vespertino,0.0,0.4502669383516942,0.1786744992180098,0.0124999999999999,0.0239378125419288,0.0120026290715177,0.0,0.0816435359642849,0.0323740277950155,8,1.0,0.5,0.25,10,0,4,7,3,4,1,0.6,0,1,0,0,0.0242619853954716,0.0242619853954716,0.0231042917447211,V7,1,2025-01,sin_switch
2025-01-23,Nocturno,0.0,0.1366293985049766,0.084271967256172,0.0124999999999999,0.0239378125419288,0.0120026290715177,0.0,0.1201907024642854,0.0533823197085577,8,1.0,0.4,0.25,8,0,5,7,1,5,1,0.375,0,0,1,0,0.0487547294162422,0.0459546748895066,0.0226561482138894,V7,0,2025-01,sin_switch
2025-01-24,Previa,0.0,0.0,0.0,0.0,0.0114378125419288,0.0106234919284248,0.0,0.0022875625083857,0.0021246983856849,12,1.0,1.0,0.0,12,0,1,0,12,1,1,1.0,0,0,0,0,0.0224445628307794,0.0199570967364198,0.0,V7,0,2025-01,sin_switch
2025-01-24,Primera,0.0510025544485737,0.4659663016248849,0.2087830307953164,0.0052288541247377,0.0052288541247378,0.006414611185104,0.0,0.0289031399558996,0.0410403925911755,6,1.0,1.0,0.3333333333333333,6,0,2,5,5,2,1,1.0,0,0,0,0,0.0536727756390152,0.046564119466686,0.0242591428681358,V7,0,2025-01,sin_switch
2025-01-24,Matutino,0.0,0.011507282898072,0.0628982214467459,0.0,0.0416242732280177,0.0210287244289522,0.0,0.0329031399558997,0.0256783583180518,13,0.9230769230769232,1.0,0.0,6,0,3,5,1,3,1,0.8333333333333334,0,0,0,0,0.0231554727943188,0.0435745223579202,0.0444011486560519,V7,0,2025-01,sin_switch
2025-01-24,Vespertino,0.0,0.0162186043243259,0.0472784388653607,0.0073076923076922,0.0212499999999999,0.0185557159432249,0.0,0.0120454545454545,0.0286278851447671,10,0.8,1.0,0.0,8,0,4,7,2,4,2,0.75,0,0,0,0,0.029594166312547,0.0533087356945017,0.0229779111385978,V7,0,2025-01,sin_switch
2025-01-24,Nocturno,0.0,0.0,0.0489818148627174,0.0,0.0289423076923077,0.0128275150160271,0.0,0.162,0.0646535832879584,13,0.9230769230769232,0.6,0.0,10,0,5,9,4,5,2,0.5,0,0,0,0,0.0,0.0237022179573596,0.0237022179573596,V7,0,2025-01,sin_switch
2025-01-25,Previa,0.0,0.0,0.0959001346223347,0.0,0.0101557006787506,0.0073869986255844,0.0,0.03453114013575,0.0220256502206202,4,1.0,1.0,0.0,4,0,1,0,4,1,1,1.0,0,0,0,0,0.0,0.0,0.0,V7,0,2025-01,sin_switch
2025-01-25,Primera,0.158756512683845,0.1649225398769358,0.0756906036807047,0.0,1.1102230246251563e-16,0.0056033609002663,0.0,0.0297875625083857,0.0337226367575308,2,1.0,1.0,1.0,8,0,2,5,5,2,1,1.0,0,0,0,0,0.0,0.0224864172615792,0.0225176924158342,V7,0,2025-01,sin_switch
2025-01-25,Matutino,0.0,0.0223846315174167,0.2551489440659713,0.0,0.0388888888888888,0.0174503201411429,0.0,0.0325968600441003,0.0151600335683726,9,0.8888888888888888,1.0,0.0,5,0,3,4,4,3,2,0.2,0,0,0,0,0.0246708503144714,0.0255984056687314,0.0,V7,0,2025-01,sin_switch
2025-01-25,Vespertino,0.0,0.0134588894648484,0.0065934823386797,0.0,0.0399999999999999,0.0186200668179852,0.0,0.0364999999999999,0.0236560732806642,10,0.8,1.0,0.0,9,0,4,7,3,4,1,0.3333333333333333,0,0,0,0,0.0226534949845206,0.0213772032296231,0.0456337928325561,V7,0,2025-01,sin_switch
2025-01-25,Nocturno,0.0,0.0,0.0657974384819247,0.0,0.01,0.0084497120749409,0.0,0.0885,0.0417521744078795,10,0.8,0.8,0.0,11,0,5,10,3,5,1,0.3636363636363636,0,0,0,0,0.0,0.0234305694190999,0.0,V7,0,2025-01,sin_switch
2025-01-27,Primera,0.0,0.0,8.881784197001252e-16,0.0,0.0,0.0,0.0,0.0,5.551115123125783e-17,2,0.0,0.5,0.0,2,1,1,2,2,1,1,0.0,0,0,0,0,0.0,0.0130689037433995,0.0130689037433995,V7,0,2025-01,sin_switch
2025-01-27,Matutino,0.0,0.0,8.881784197001252e-16,0.0,0.0114378125419288,0.0052302152580882,0.0,0.0,0.0281384536755877,2,0.0,0.6666666666666666,1.0,6,1,2,6,4,2,1,0.0,0,0,0,0,0.0,0.0488787126658048,0.02558141618996,V8,0,2025-01,switch_neutro
2025-01-27,Vespertino,0.0,0.3020570013918666,0.1399773226313634,0.0035748226785671,0.0107176798214242,0.0045486066250098,0.025,0.0575000000000001,0.0405983391945175,8,0.0,0.75,0.25,8,1,3,8,6,3,2,0.0,0,0,1,0,0.0,0.0,0.0260421013315379,V7,0,2025-01,sin_switch
2025-01-27,Nocturno,0.0,0.0083937839692254,0.0093133393060693,0.01,0.01,0.0031026290463528,0.0,0.031,0.0283582660986757,10,0.0,0.8,0.2,8,2,3,8,4,4,2,0.0,0,0,0,0,0.0,0.0233451105494463,0.0233451105494463,V7,0,2025-01,sin_switch
2025-01-28,Previa,0.0,0.0,0.0026247085526103,0.0,0.0,0.0,0.0,0.0,0.0,4,1.0,1.0,0.0,4,0,1,0,4,1,1,1.0,0,0,0,0,0.0165018066316859,0.0202282687533759,0.0202282687533759,V7,0,2025-01,sin_switch
2025-01-28,Primera,0.0047113214262557,0.042649355120333,0.077963945884462,0.0107176798214242,0.0178605369642813,0.0073824081078387,0.0,0.07,0.028575917793776,8,1.0,1.0,0.25,9,0,2,8,8,2,1,0.6666666666666666,0,0,0,0,0.0757998914242181,0.0561156433883751,0.0294522245626232,V7,0,2025-01,sin_switch
2025-01-28,Matutino,0.0,0.0053412557049803,0.0256085047004948,0.0107176798214242,0.0178605369642813,0.0073824081078387,0.0516666666666666,0.0565151515151515,0.0213134786475352,8,1.0,0.6666666666666666,0.25,8,0,3,6,6,2,1,0.25,0,0,1,0,0.05324563140255,0.0480061965663574,0.0243318235240317,V7,0,2025-01,sin_switch
2025-01-28,Vespertino,0.0,0.3810718327608224,0.213732486877793,0.0107176798214242,0.0178605369642813,0.0073824081078387,0.0,0.0639911157175328,0.0275873510580127,8,1.0,0.5,0.25,5,0,4,3,2,4,2,0.6,0,0,0,0,0.0,0.0,0.0,V7,0,2025-01,sin_switch
2025-01-28,Nocturno,0.0,0.3985100626677278,0.1812416002514428,0.0107176798214242,0.0178605369642813,0.0073824081078387,0.0,0.0095627022844348,0.0068246452611023,8,1.0,0.4,0.25,6,0,5,5,1,4,1,0.1666666666666666,0,0,0,0,0.0,0.0224444283348923,0.0487299461979969,V9,0,2025-01,switch_neutro
2025-01-29,Previa,0.0,0.0182620494908638,0.0112836154493959,0.0,0.0184535123214271,0.0121347516257045,0.0,0.0036907024642854,0.0024269503251409,12,1.0,1.0,0.0,12,0,1,0,12,1,1,1.0,0,0,0,0,0.0414023281568134,0.0199630509642144,0.0,V7,0,2025-01,sin_switch
2025-01-29,Primera,0.0745140210446582,0.1779602629545129,0.1209914971664086,0.0052288541247378,0.0105893910890192,0.0049355811154551,0.1122875625083857,0.1247875625083856,0.0482417038114691,6,1.0,1.0,0.3333333333333333,20,0,2,8,8,2,1,1.0,0,0,0,0,0.0950147256929128,0.0333839477573899,0.0333839477573899,V7,0,2025-01,sin_switch
2025-01-29,Matutino,0.0061660271930907,0.1673690956843767,0.0803342229529616,0.0052288541247378,0.0105893910890192,0.0049355811154551,0.0,0.0681907024642856,0.0604102985127262,6,1.0,0.6666666666666666,0.3333333333333333,8,0,3,6,2,3,1,0.75,0,0,0,0,0.0213556863089855,0.0440046688024355,0.0223980401966448,V7,0,2025-01,sin_switch
2025-01-29,Vespertino,0.0,0.0176542649429611,0.0180099287210744,0.0052288541247378,0.0136823664461649,0.0055484243925572,0.0,0.0063286713286712,0.0110434485557156,6,1.0,0.5,0.3333333333333333,13,0,4,11,8,4,2,0.2307692307692307,0,0,0,0,0.0754450240229443,0.0249041212945195,0.1049125643820182,V7,0,2025-01,sin_switch
2025-01-29,Nocturno,0.0,0.0676950127628028,0.0539268439806397,0.0052288541247378,0.0136823664461649,0.0055484243925572,0.0,0.0261363636363636,0.0373315053285145,6,1.0,0.4,0.3333333333333333,11,0,5,10,1,5,1,0.3636363636363636,0,0,0,0,0.0,0.0491387906707577,0.0734680336714572,V9,0,2025-01,switch_neutro
2025-01-30,Previa,0.0,0.0,0.0959347008421369,0.0,0.0114378125419288,0.0102585151117727,0.0,0.0022875625083857,0.0020517030223545,8,1.0,1.0,0.0,8,0,1,0,8,1,1,1.0,0,0,0,0,0.0270252663762982,0.0200568910777791,0.0,V7,0,2025-01,sin_switch
2025-01-30,Primera,0.0409499773173376,0.3490488300245387,0.1872878969602261,0.0142513239641036,0.0142513239641036,0.0053555851815774,0.0653502647928206,0.0653502647928206,0.0524031143206511,8,1.0,1.0,0.0,8,0,2,4,4,2,1,1.0,0,0,0,0,0.0815263835012287,0.045887840549621,0.0229087202456304,V7,0,2025-01,sin_switch
2025-01-30,Matutino,0.4455332766742446,0.5583861926964779,0.1899236026640135,0.0142513239641036,0.0142513239641036,0.0053555851815774,0.0,0.1010469402261912,0.0409421638781901,8,1.0,0.6666666666666666,0.0,7,1,2,7,4,3,1,0.2857142857142857,0,0,0,0,0.0453845222067689,0.0499052140312468,0.0219909883760274,V7,0,2025-01,sin_switch
2025-01-30,Vespertino,0.0,0.163961638121469,0.0792396965560353,0.0142513239641036,0.0142513239641036,0.0053555851815774,0.0,0.0139292502499992,0.0115672415510492,8,1.0,0.5,0.0,9,1,3,9,4,3,1,0.0,0,0,0,0,0.0492820139386261,0.0679947880179243,0.0239899741510083,V7,0,2025-01,sin_switch
2025-01-30,Nocturno,0.0,0.0786031918386296,0.0749347026133118,0.0011111111111111,0.0084535123214271,0.0063532347444093,0.0,0.024,0.0263629198626354,8,1.0,0.4,0.0,6,0,5,5,4,4,2,0.1666666666666666,0,0,0,0,0.0224532907985769,0.0509964664359766,0.0255355087323182,V7,0,2025-01,sin_switch
2025-01-31,Previa,0.0,0.0089257420525683,0.0046888873767082,0.0,0.0082978116426765,0.0048651654861181,0.0,0.0016595623285352,0.0104904191636715,5,1.0,1.0,0.0,5,0,1,0,5,1,1,1.0,0,0,0,0,0.0242625623319782,0.0,0.0,V7,0,2025-01,sin_switch
2025-01-31,Primera,0.0,0.0,0.0056373942852263,0.0,0.011146844755508,0.0059765586488144,0.0,0.0113092975357145,0.0248214620021297,6,1.0,1.0,0.1666666666666666,5,0,2,3,3,2,1,1.0,0,0,0,0,0.0,0.0,0.0249147579522827,V7,0,2025-01,sin_switch
2025-01-31,Matutino,0.2756370260661622,0.280348347492418,0.1108056747485767,0.0,0.011146844755508,0.0059765586488144,0.0,0.0,0.0237719378640633,6,1.0,0.6666666666666666,0.1666666666666666,20,1,2,20,16,2,1,0.0,0,0,0,0,0.0749245120308375,0.1327122181528617,0.0540280550607918,V8,0,2025-01,switch_neutro
2025-01-31,Vespertino,0.0,0.3907281134393976,0.1950237329417128,0.0,0.011146844755508,0.0059765586488144,0.0,0.0427124374916143,0.0378415186081825,6,1.0,0.5,0.1666666666666666,6,0,4,5,3,4,2,0.5,0,0,0,0,0.0,0.0,0.0227044957405103,V7,0,2025-01,sin_switch
2025-01-31,Nocturno,0.0,0.1258449740069744,0.0957858847298689,0.0,0.011146844755508,0.0059765586488144,0.0,0.0417124374916142,0.0282065094231685,6,1.0,0.4,0.1666666666666666,6,1,4,6,4,4,2,0.3333333333333333,0,0,0,0,0.0275135378425902,0.0551622569070417,0.0501105562217637,V7,0,2025-01,sin_switch
2025-02-01,Previa,0.0,0.0204330249506403,0.0081732099802561,0.0,0.0232486760358963,0.0092994704143585,0.0,0.0696497352071793,0.0278598940828717,4,1.0,1.0,0.0,4,0,1,0,4,1,1,1.0,0,0,0,0,0.0,0.0,0.0,V7,0,2025-02,sin_switch
2025-02-01,Primera,0.0,0.0,0.1500777975985125,0.0,0.0169933680974844,0.00797601190671,0.0075,0.02,0.0216964440261347,9,1.0,1.0,0.1111111111111111,12,0,2,10,10,2,1,0.8333333333333334,0,0,0,0,0.0482502001520602,0.0556370233864036,0.0258980749473179,V7,0,2025-02,sin_switch
2025-02-01,Matutino,0.0,0.1283232073636249,0.0621473129625301,0.0,0.0169933680974844,0.00797601190671,0.0,0.173357369130952,0.0724519653315211,9,1.0,0.6666666666666666,0.1111111111111111,9,0,3,7,4,3,1,0.5555555555555556,0,0,0,0,0.0436746489223399,0.0,0.0,V7,0,2025-02,sin_switch
2025-02-01,Vespertino,0.0,0.0,0.0230086543126528,0.0,0.0169933680974844,0.0071620770556151,0.0,0.1153502647928206,0.0557056959507894,9,1.0,0.5,0.1111111111111111,10,0,4,8,1,4,1,0.5,0,0,0,0,0.0228796794374169,0.0253720750843349,0.0231634962748324,V7,0,2025-02,sin_switch
2025-02-01,Nocturno,0.1331378362787321,0.1420635783313004,0.0427449747778811,0.0,0.0169933680974844,0.007246604176525,0.0,0.0619031399558996,0.0290221935705526,9,1.0,0.4,0.1111111111111111,6,0,5,4,1,5,2,0.6666666666666666,0,0,0,0,0.0223065911128638,0.0704529068751048,0.0,V8,0,2025-02,switch_neutro
2025-02-03,Primera,0.0,0.0,0.1036823338548865,0.0,0.0232486760358963,0.0092994704143585,0.0,0.1246497352071792,0.0498598940828717,4,0.0,0.5,0.0,4,1,1,4,4,1,1,0.0,0,0,0,0,0.0248717247074837,0.0,0.0,V7,0,2025-02,sin_switch
2025-02-03,Matutino,0.0,0.1926238091069487,0.0967844899414233,0.0052288541247377,0.0083333333333333,0.0049616407535417,0.0,0.0572875625083857,0.0416891308504742,6,0.0,0.6666666666666666,0.3333333333333333,8,1,2,8,6,2,1,0.0,0,0,0,0,0.0,0.0436644978116427,0.0225586500389993,V8,0,2025-02,switch_neutro
2025-02-03,Vespertino,0.0,0.0778633414414171,0.034874682281782,0.0,0.0071428571428571,0.0035884986037455,0.0,0.065,0.0282151014608021,7,0.0,0.75,0.2857142857142857,10,1,3,10,6,3,1,0.0,0,0,0,0,0.019639833864797,0.0714064970173824,0.0262850084162399,V8,0,2025-02,switch_neutro
2025-02-03,Nocturno,0.0823255995665501,0.0985442038908761,0.0616352682812205,0.0,0.00625,0.0052160281329942,0.0,0.124,0.0560286695616215,8,0.0,0.8,0.125,8,1,4,8,3,4,1,0.0,0,0,0,0,0.0,0.0236500959916288,0.0479623482115047,V9,0,2025-02,switch_neutro
2025-02-04,Previa,0.0,0.0,8.881784197001252e-16,0.0,0.0,0.0,0.0,0.0,0.0,2,1.0,1.0,0.0,2,0,1,0,2,1,1,1.0,0,0,0,0,0.0,0.0285689383382658,0.0285689383382658,V7,0,2025-02,sin_switch
2025-02-04,Primera,0.010052577131236,0.0324372086486528,0.0149459901001241,0.0114378125419289,0.0184535123214272,0.0056998603832806,0.0,0.0616595623285352,0.0296027209094738,2,1.0,1.0,1.0,5,0,2,4,4,2,1,1.0,0,0,0,0,0.0636904626497961,0.0416182944995725,0.0437705501246882,V7,0,2025-02,sin_switch
2025-02-04,Matutino,0.0,0.0817073050625198,0.0326829220250079,0.0114378125419289,0.0184535123214272,0.0068855088150418,0.0,0.0135714285714285,0.0116337443538928,2,1.0,0.6666666666666666,1.0,7,0,3,6,5,3,1,0.2857142857142857,0,0,0,0,0.0585060489069544,0.052811538998403,0.0697565519607176,V7,0,2025-02,sin_switch
2025-02-04,Vespertino,0.0,0.0199010668672974,0.0105544628582424,0.0114378125419288,0.0184535123214271,0.0068855088150417,0.0,0.0496428571428571,0.0213910411627273,2,1.0,0.5,1.0,7,0,4,6,2,4,1,0.5714285714285714,0,0,0,0,0.0345438124298495,0.0266346552101645,0.0855387303379065,V9,0,2025-02,switch_neutro
2025-02-04,Nocturno,0.0,0.0366516292749663,0.0698676041511563,0.0114378125419288,0.0184535123214271,0.0068855088150417,0.0,0.0065956906428565,0.0186351595782214,2,1.0,0.4,1.0,5,0,5,4,4,3,2,0.2,0,0,0,0,0.0231559791843608,0.0235853592935622,0.1016844772414096,V9,0,2025-02,switch_neutro
2025-02-05,Previa,0.0,0.0,8.881784197001252e-16,0.0,0.0,0.0,0.0,0.0,0.0,4,1.0,1.0,0.0,4,0,1,0,4,1,1,1.0,0,0,0,0,0.0166349445959084,0.0202799905058976,0.0202799905058976,V7,0,2025-02,sin_switch
2025-02-05,Primera,0.0,0.1722154021486934,0.1553081761211117,1.1102230246251563e-16,0.0084535123214272,0.0070533996847532,0.0,0.0036907024642854,0.0460757643959423,2,1.0,1.0,1.0,8,0,2,4,4,2,1,1.0,0,0,1,0,0.0219748826568936,0.0219748826568936,0.0448656842652875,V7,0,2025-02,sin_switch
2025-02-05,Matutino,0.0,0.0,0.2207432843477939,1.1102230246251563e-16,0.0031044792085956,0.0046078588625588,0.0,0.0380627022844349,0.0156148757412379,2,1.0,0.6666666666666666,1.0,6,0,3,5,1,3,1,0.8333333333333334,0,0,0,0,0.0253427877564074,0.0243257242667721,0.0348755018524918,V7,0,2025-02,sin_switch
2025-02-05,Vespertino,0.0,0.3053816495330919,0.1496058436331031,0.0,0.0124999999999999,0.0108165197934726,0.0,0.0347875625083858,0.0290346123246693,8,0.75,1.0,0.0,8,0,4,4,3,4,2,0.625,0,0,0,0,0.0253366422289497,0.0264711227861696,0.0,V7,0,2025-02,sin_switch
2025-02-05,Nocturno,0.0,0.011507282898072,0.0046029131592288,0.0,0.0184535123214271,0.010827931458534,0.0,0.0289999999999999,0.0252776581193748,8,1.0,0.4,0.0,10,0,5,8,4,4,1,0.4,0,0,0,0,0.0211526252516502,0.0223426684363397,0.0567588838129246,V9,0,2025-02,switch_neutro
2025-02-06,Previa,0.0,0.011507282898072,0.0061208974151558,0.0,0.0,0.0052371901428582,0.0,0.0,0.0140474380285716,3,1.0,1.0,0.0,3,0,1,0,3,1,1,1.0,0,0,0,0,0.0,0.0,0.0,V7,0,2025-02,sin_switch
2025-02-06,Primera,0.0,0.1801217105623509,0.0971261837495549,0.0114378125419289,0.0142513239641037,0.0055416205715379,0.0,0.0616595623285352,0.0378003530185758,2,1.0,1.0,1.0,5,0,2,3,3,2,1,1.0,0,0,0,0,0.0419096553737388,0.0414048856810822,0.0437313302191361,V7,0,2025-02,sin_switch
2025-02-06,Matutino,0.0,0.2865865885546448,0.1448817419139567,0.0114378125419289,0.0184535123214272,0.0057744718702343,0.0,0.0633333333333332,0.0373742335484399,2,1.0,0.6666666666666666,1.0,6,0,3,4,2,3,1,0.6666666666666666,0,0,0,0,0.0252418190263488,0.0265720483361034,0.0285003712025702,V7,0,2025-02,sin_switch
2025-02-06,Vespertino,0.0,0.4320743872093961,0.201800002513968,0.0114378125419288,0.0184535123214271,0.0076238502281411,0.0,0.0196671192142853,0.0177612647350722,2,1.0,0.5,1.0,5,0,4,4,3,4,2,0.4,0,0,0,0,0.0228790212721895,0.057412455081617,0.0488162724738807,V8,0,2025-02,switch_neutro
2025-02-06,Nocturno,0.0,0.0263639719594737,0.0128018506656942,0.0114378125419288,0.0184535123214271,0.0108291757218795,0.0,0.0372124374916142,0.0219048821227338,2,1.0,0.4,1.0,6,1,4,6,4,4,2,0.1666666666666666,0,0,0,0,0.0441626793573056,0.0215253298270329,0.0545680489234905,V7,0,2025-02,sin_switch
2025-02-07,Previa,0.0,0.0,8.881784197001252e-16,0.0114378125419288,0.0114378125419288,0.0075033875062894,0.0022875625083857,0.0022875625083857,0.0015006775012578,12,1.0,1.0,0.0,12,0,1,0,12,1,1,1.0,0,0,0,0,0.0380405213415459,0.0172056411784678,0.0,V7,0,2025-02,sin_switch
2025-02-07,Primera,0.0,0.3266395805147359,0.136031017439284,0.0015873015873015,0.0071428571428571,0.0032893741472125,0.0,0.0022875625083857,0.0108197172028571,14,1.0,1.0,0.1428571428571428,11,0,2,5,5,2,1,1.0,0,0,0,1,0.0535018787386199,0.0538709898745263,0.0248436621821695,V7,0,2025-02,sin_switch
2025-02-07,Matutino,0.0,0.0318192493574009,0.0271444684881091,0.0015873015873015,0.0071428571428571,0.0032893741472125,0.0,0.0522625835833325,0.0593506182504477,14,1.0,0.6666666666666666,0.1428571428571428,9,0,3,8,8,3,2,0.1111111111111111,0,0,0,0,0.0479087081162011,0.0236512939946811,0.0472596441745661,V7,0,2025-02,sin_switch
2025-02-07,Vespertino,0.0,0.0061469820448891,0.0188140185354907,0.0,0.0194444444444443,0.0092201800427579,0.0,0.0132692307692308,0.0498178119713589,8,0.75,1.0,0.25,8,0,4,7,2,4,2,0.75,0,0,0,0,0.0467812343885498,0.0791004551401926,0.0920441807981321,V9,0,2025-02,switch_neutro
2025-02-07,Nocturno,0.0,0.0987581436474309,0.0490556397084907,0.0,0.0628571428571429,0.032463795872615,0.0,0.0575000000000001,0.0263334319892868,10,0.9,0.8,0.1,9,0,5,8,2,5,2,0.1111111111111111,0,0,0,0,0.022441373461149,0.0209044013875126,0.0485888086922553,V7,0,2025-02,sin_switch
2025-02-08,Previa,0.0,0.0,8.881784197001252e-16,0.0153135114221747,0.0254692121009253,0.0080334974994188,0.0030627022844349,0.037593842420185,0.0163111722917175,6,1.0,1.0,0.0,6,0,1,0,6,1,1,1.0,0,0,0,0,0.0722537899929932,0.0,0.0,V7,0,2025-02,sin_switch
2025-02-08,Primera,0.0162186043243259,0.0489593238468746,0.0399905304120456,0.0,0.0053605369642815,0.0043213467269644,0.0,0.0272875625083859,0.0203242937119371,2,1.0,1.0,1.0,8,0,2,7,7,2,1,0.75,0,0,0,0,0.0427223864198761,0.0225515131887566,0.0455355060686005,V7,0,2025-02,sin_switch
2025-02-08,Matutino,0.0134588894648484,0.0338919144154887,0.1638674701563398,0.0,0.0114378125419289,0.0065280653077356,0.0,0.0375,0.0615411025330978,2,1.0,0.6666666666666666,1.0,9,0,3,7,3,3,1,0.6666666666666666,0,0,0,0,0.0221736898170055,0.0,0.0298062760011182,V7,0,2025-02,sin_switch
2025-02-08,Vespertino,0.0,0.5040612533303488,0.2077888262234795,0.0,0.0232978116426765,0.0111810643511259,0.0,0.0639759642023812,0.0349640935759203,5,0.8,1.0,0.0,5,0,4,3,1,4,2,0.8,0,0,0,0,0.0468218296429714,0.0458109922607288,0.0237488029622874,V7,0,2025-02,sin_switch
2025-02-08,Nocturno,0.0,0.6665578566122896,0.2822394002834062,0.0,0.0084535123214271,0.0049400542517005,0.0,0.1207845448844704,0.0519693092438946,2,1.0,0.4,1.0,6,0,5,5,5,3,2,0.1666666666666666,0,0,0,0,0.0227207245909326,0.0346679415412102,0.0,V7,0,2025-02,sin_switch
2025-02-10,Primera,0.0,0.0162186043243259,0.039936742805979,0.0,0.0,0.0,0.0,0.0,5.551115123125783e-17,2,0.0,0.5,0.0,2,1,1,2,2,1,1,0.0,0,0,0,0,0.0,0.0154685190461067,0.0154685190461067,V7,0,2025-02,sin_switch
2025-02-10,Matutino,0.0,0.0830255571848574,0.0361874447763792,0.0,0.0053605369642814,0.0045494939873756,0.0,0.0572875625083857,0.0310682208414269,10,0.0,0.6666666666666666,0.0,10,1,2,10,8,2,1,0.0,0,0,0,0,0.0480996341408948,0.0734033188996948,0.0227816873912863,V7,0,2025-02,sin_switch
2025-02-10,Vespertino,0.0235114665960844,0.1941788672788389,0.0822855527716613,0.0,0.0071428571428571,0.0076555306783588,0.0,0.0,0.014696938456699,14,0.0,0.75,0.1428571428571428,14,2,2,14,12,3,1,0.0,0,0,0,0,0.1022883440522716,0.1105920041083628,0.0548465038807968,V7,0,2025-02,sin_switch
2025-02-10,Nocturno,0.0,0.011507282898072,0.2808807657109555,0.0,0.0099059915097359,0.0160984077084882,0.0,0.0275721073928564,0.057247469682573,11,0.0,0.8,0.0909090909090909,11,1,4,11,9,4,1,0.0,0,0,0,0,0.0493786539539845,0.0520287067653127,0.0496149526225424,V7,0,2025-02,sin_switch
2025-02-11,Previa,0.0,0.0089257420525683,0.0078077525535329,0.0,0.0101557006787506,0.0073869986255844,0.0,0.03453114013575,0.0220256502206202,4,1.0,1.0,0.0,4,0,1,0,4,1,1,1.0,0,0,0,0,0.0,0.0,0.0,V7,0,2025-02,sin_switch
2025-02-11,Primera,0.2756370260661622,0.280348347492418,0.0840107675590833,0.0,0.0114378125419288,0.0076435482522953,0.0028571428571427,0.0560721073928562,0.0322549502318724,10,1.0,1.0,0.0,14,0,2,12,12,2,1,0.8571428571428571,0,0,0,0,0.0249594896505854,0.0476423909592109,0.0219599504462171,V7,0,2025-02,sin_switch
2025-02-11,Matutino,0.2746765832419031,0.2746765832419031,0.1505751517005051,0.0,0.0488072610714312,0.0194463698574718,0.0,0.0496923076923078,0.0268109335330635,7,0.8571428571428571,1.0,0.2857142857142857,10,0,3,7,4,3,1,0.6,0,0,0,0,0.0535475877415685,0.0243047531140885,0.0472498141333877,V7,0,2025-02,sin_switch
2025-02-11,Vespertino,0.0,0.0730190881505912,0.1203829251384383,0.0,0.0215464876785728,0.0157835032116944,0.0876907024642854,0.0925,0.0285414212236087,5,0.8,1.0,0.0,8,0,4,6,6,3,2,0.25,0,0,0,0,0.052154460807105,0.0243816496614723,0.0497783378340368,V7,0,2025-02,sin_switch
2025-02-11,Nocturno,0.0,0.0115072828980711,0.1298673251539223,0.0096462512499957,0.0184535123214271,0.0069107223029867,0.025,0.0303333333333334,0.0152570170775744,8,1.0,0.4,0.0,10,0,5,8,2,5,2,0.2,0,0,0,0,0.024516645958023,0.0481113966811409,0.0558368626351996,V9,0,2025-02,switch_neutro
2025-02-12,Previa,0.0,0.0,8.881784197001252e-16,0.0,0.0,0.0052371901428582,0.0,0.0,0.0140474380285716,3,1.0,1.0,0.0,3,0,1,0,3,1,1,1.0,0,0,0,0,0.0,0.0,0.0,V7,0,2025-02,sin_switch
2025-02-12,Primera,0.0,0.0119443781350074,0.0241367474920114,0.0,0.0093544792085955,0.0067258697931676,0.0,0.0630627022844348,0.0319385434999186,8,1.0,1.0,0.125,6,0,2,4,4,2,1,1.0,0,0,0,0,0.0255692346273593,0.0495598950049502,0.0240834719545314,V7,0,2025-02,sin_switch
2025-02-12,Matutino,0.0,0.0439198735543389,0.0215162559551374,0.0,0.04754892365304,0.023236874609555,0.0272727272727273,0.045,0.0532684913026974,9,0.8888888888888888,1.0,0.1111111111111111,12,0,3,10,6,3,1,0.5,0,0,0,0,0.0441820472699079,0.0223694888449485,0.0506051502968104,V7,0,2025-02,sin_switch
2025-02-12,Vespertino,0.0162186043243259,0.1196789468138836,0.0522474509414753,0.0,0.05393196553571,0.0250514125518173,0.0,0.0446435359642849,0.0211799683825709,10,0.8,1.0,0.1,9,0,4,7,3,4,1,0.3333333333333333,0,0,0,0,0.0230625251103432,0.0,0.0336374706494978,V7,0,2025-02,sin_switch
2025-02-12,Nocturno,0.0,0.0338919144154887,0.0674409779976818,0.0,0.0264378125419288,0.0159760167611116,0.0,0.0242875625083857,0.0163496916283289,10,0.8,0.8,0.1,10,2,3,10,6,4,2,0.0,0,1,0,0,0.0495637017733692,0.0262283465097686,0.022816525028253,V7,1,2025-02,sin_switch
2025-02-13,Previa,0.0,0.0,8.881784197001252e-16,0.0,0.0,0.0,0.0,0.0,0.0,2,1.0,1.0,0.0,2,0,1,0,2,1,1,1.0,0,0,0,0,0.0,0.0285689383382658,0.0285689383382658,V7,0,2025-02,sin_switch
2025-02-13,Primera,0.0,0.0641870718298145,0.1392728435467838,0.0184535123214272,0.0184535123214272,0.006879112118163,0.0,0.055,0.0276337302067965,2,1.0,1.0,1.0,4,0,2,2,2,2,1,1.0,0,0,0,0,0.0685676598717318,0.0466990082538212,0.0458882080978005,V7,0,2025-02,sin_switch
2025-02-13,Matutino,0.0,0.5532269388111155,0.2710247424098328,0.0184535123214272,0.0202403579761876,0.007275497657744,0.0,0.0369031399558995,0.02904654054379,2,1.0,0.6666666666666666,1.0,6,0,3,4,2,3,1,0.6666666666666666,0,0,0,0,0.0239057901253931,0.0516798864504908,0.0222352293205648,V7,0,2025-02,sin_switch
2025-02-13,Vespertino,0.0,0.6235479661316372,0.2494191864526549,0.0184535123214271,0.0202403579761875,0.0072754976577439,0.0,0.1299798702006934,0.0737061907657826,2,1.0,0.5,1.0,13,0,4,11,10,4,2,0.2307692307692307,0,1,0,0,0.0477707980784839,0.0241132580545324,0.0223564799208575,V7,1,2025-02,sin_switch
2025-02-13,Nocturno,0.0,0.0,0.0233940208503615,0.0184535123214271,0.0202403579761875,0.0087767433775078,0.0,0.025,0.0163495313984783,2,1.0,0.4,1.0,8,2,3,8,7,4,2,0.0,0,0,1,0,0.0252857979491481,0.0461659574541567,0.0461487281684,V7,0,2025-02,sin_switch
2025-02-14,Previa,0.0,0.0,8.881784197001252e-16,0.0,0.0,0.0,0.0,0.0,0.0,2,1.0,1.0,0.0,2,0,1,0,2,1,1,1.0,0,0,0,0,0.0,0.0285689383382658,0.0285689383382658,V7,0,2025-02,sin_switch
2025-02-14,Primera,0.0,0.0,0.1249576811062486,0.0142513239641037,0.0184535123214272,0.0058242057703163,0.0,0.02,0.0178167407044003,2,1.0,1.0,1.0,6,0,2,5,5,2,1,0.6666666666666666,0,0,0,0,0.0702602666074718,0.0492586384470586,0.0475966370526249,V7,0,2025-02,sin_switch
2025-02-14,Matutino,0.0,0.0501374542190191,0.0227211936060539,0.0084535123214272,0.0184535123214272,0.0082661298552331,0.0,0.035,0.0403144114049443,2,1.0,0.6666666666666666,1.0,8,0,3,7,4,3,1,0.25,0,0,0,0,0.0293313640382704,0.0239825987385746,0.0503734492785876,V7,0,2025-02,sin_switch
2025-02-14,Vespertino,0.0,0.0,0.0162919971860943,0.0184535123214271,0.0202403579761875,0.0076537594750815,0.0298333333333333,0.0321907024642854,0.0185231367545128,2,1.0,0.5,1.0,10,0,4,8,2,4,1,0.2,0,0,0,0,0.0334311054191265,0.0245779305132186,0.0806121442494368,V9,0,2025-02,switch_neutro
2025-02-14,Nocturno,0.0,0.0501374542190191,0.0645316509688245,0.0,0.0082978116426765,0.0059170397791132,0.0,0.0346435359642848,0.025111126439273,1,1.0,0.4,1.0,12,0,5,11,7,4,2,0.25,0,0,0,0,0.0455071124725036,0.0,0.0991901839531746,V9,0,2025-02,switch_neutro
2025-02-15,Previa,0.0,0.0,8.881784197001252e-16,0.0,0.0,0.0,0.0,0.0,0.0,2,1.0,1.0,0.0,2,0,1,0,2,1,1,1.0,0,0,0,0,0.0,0.0285689383382658,0.0285689383382658,V7,0,2025-02,sin_switch
2025-02-15,Primera,0.0,0.0640627937411002,0.0912621947149885,0.0,0.0,0.0007147382619041,0.0,0.0176497352071792,0.0208863893580949,5,1.0,1.0,0.0,4,0,2,3,3,2,1,1.0,0,0,0,0,0.023287724394791,0.0,0.0,V7,0,2025-02,sin_switch
2025-02-15,Matutino,0.0,0.0777089194722613,0.0490934535990903,0.0,0.0,0.0007147382619041,0.0033573691309521,0.0170169314594873,0.0127799914162896,5,1.0,0.6666666666666666,0.0,12,1,2,12,4,3,1,0.3333333333333333,0,0,0,0,0.0235571271366773,0.0451902036911045,0.0232137456248266,V7,0,2025-02,sin_switch
2025-02-15,Vespertino,0.0,0.0176542649429611,0.0462149652287451,0.0,0.0042021883573234,0.0016808753429293,0.0,0.015,0.0163859696081739,4,0.75,1.0,0.0,8,0,4,7,4,4,1,0.25,0,0,0,0,0.0,0.0230916315619014,0.0542729438131165,V9,0,2025-02,switch_neutro
2025-02-15,Nocturno,0.0,0.0,0.0035702968210273,0.0,0.0,0.0007147382619041,0.0,0.0367124374916142,0.0519382397943047,5,1.0,0.4,0.0,6,0,5,5,2,4,2,0.6666666666666666,0,0,0,0,0.0229108368005023,0.0467607294496696,0.0472596686551628,V7,0,2025-02,sin_switch
2025-02-17,Primera,0.0,0.0,8.881784197001252e-16,0.0,0.0,0.0,0.0,0.0,5.551115123125783e-17,2,0.0,0.5,0.0,2,1,1,2,2,1,1,0.0,0,0,0,0,0.0,0.0130689037433995,0.0130689037433995,V7,0,2025-02,sin_switch
2025-02-17,Matutino,0.0,0.0061660271930907,0.0046019454464445,0.0031044792085955,0.0084535123214271,0.0047163377584099,0.0,0.0,0.0144515699779498,2,0.0,0.6666666666666666,1.0,6,1,2,6,5,2,1,0.0,0,0,0,0,0.0,0.0503092080749909,0.0254585224999444,V8,0,2025-02,switch_neutro
2025-02-17,Vespertino,0.0,0.4405702324950491,0.1775050272618241,0.0125,0.0209535123214271,0.0106324592764785,0.0,0.0058092975357145,0.0350306493466795,8,0.0,0.75,0.25,5,1,3,5,4,3,2,0.0,0,0,0,0,0.0,0.0,0.0225127392274164,V7,0,2025-02,sin_switch
2025-02-17,Nocturno,0.6208539602685317,0.6842311667034524,0.2037960361875299,0.0083333333333333,0.0083333333333333,0.0073346972930707,0.0035721073928562,0.006,0.0292040475075991,12,0.0,0.8,0.1666666666666666,12,2,3,12,4,4,1,0.0,0,0,0,0,0.0,0.0467838794761849,0.022044921041568,V8,0,2025-02,switch_neutro
2025-02-18,Previa,0.0,0.2116406777378046,0.1036823338548864,0.0,0.0232486760358963,0.0106538817742,0.0,0.0696497352071793,0.031917518372053,4,1.0,1.0,0.0,4,0,1,0,4,1,1,1.0,0,0,0,0,0.023283384970043,0.0,0.0,V7,0,2025-02,sin_switch
2025-02-18,Primera,0.0,0.0162186043243259,0.0064874417297303,0.0052288541247377,0.0166666666666667,0.0062004695823852,0.0,0.0689031399558998,0.0320063836611875,6,1.0,1.0,0.3333333333333333,6,0,2,5,5,2,1,0.8333333333333334,0,0,0,0,0.0470926109179013,0.0694530109090791,0.0468040517044182,V7,0,2025-02,sin_switch
2025-02-18,Matutino,0.0,0.0,8.881784197001252e-16,0.0,0.0191725136728855,0.010132816404378,0.0,0.0315725979726722,0.0266075761746424,7,0.8571428571428571,1.0,0.0,7,0,3,5,1,3,1,0.8571428571428571,0,0,0,0,0.0217735476748425,0.0380966466352082,0.0753556552004133,V9,0,2025-02,switch_neutro
2025-02-18,Vespertino,0.0,0.1063282099254694,0.0428801302148267,0.0249999999999999,0.0339319655357099,0.0109929655403864,0.0153578216785706,0.0871907024642854,0.0469517784798639,8,0.75,1.0,0.25,8,1,3,8,2,4,2,0.75,0,0,0,0,0.0505001208382043,0.0526773577920637,0.0267057736487818,V7,0,2025-02,sin_switch
2025-02-18,Nocturno,0.0,0.1096263696826485,0.076188355355781,0.0,0.01,0.0089835843204828,0.0,0.0333333333333333,0.0187371100860964,5,0.8,0.8,0.2,9,0,5,8,8,3,2,0.1111111111111111,0,0,0,0,0.0736824250708191,0.0235552598876242,0.0705696920952074,V7,0,2025-02,sin_switch
2025-02-19,Previa,0.0,0.2053828119449532,0.1006166182406258,0.0114378125419288,0.0114378125419288,0.0054778162753334,0.0022875625083857,0.0022875625083857,0.0010955632550667,8,1.0,1.0,0.0,8,0,1,0,8,1,1,1.0,0,0,0,0,0.0483002361599971,0.0,0.0,V7,0,2025-02,sin_switch
2025-02-19,Primera,0.0,0.0223846315174167,0.1123349943147751,0.0052288541247378,0.0194801780888415,0.0084469224274791,0.0,0.0572875625083858,0.0592464572565455,6,1.0,1.0,0.3333333333333333,14,0,2,6,6,2,1,1.0,0,0,0,0,0.046170897050167,0.0468049567662472,0.0234086992785156,V7,0,2025-02,sin_switch
2025-02-19,Matutino,0.0,0.0365873497345941,0.0157516654493425,0.03125,0.0455013239641036,0.0140951117408876,0.0,0.0206060606060606,0.0424771665557416,16,0.875,1.0,0.0,9,0,3,8,4,3,1,0.4444444444444444,0,0,0,0,0.0449806796749683,0.0222883029248688,0.0222883029248688,V7,0,2025-02,sin_switch
2025-02-19,Vespertino,0.0,0.491708297011983,0.1961710410951851,0.0651785714285713,0.0856798953926749,0.0257064486624483,0.0730844155844155,0.1078571428571427,0.053039645523904,14,0.8571428571428571,1.0,0.0,14,0,4,8,2,4,2,0.8571428571428571,0,0,0,0,0.021099768550313,0.0,0.0,V7,0,2025-02,sin_switch
2025-02-19,Nocturno,0.0,0.1148536148733976,0.0487750427929145,0.0447619047619046,0.055679895392675,0.0168746252699644,0.0699999999999999,0.0699999999999999,0.0399498239013899,14,0.8571428571428571,0.8,0.0,12,0,5,10,4,5,2,0.5,0,0,0,0,0.0439866965185435,0.0,0.0,V7,0,2025-02,sin_switch
2025-02-20,Previa,0.0,0.0,0.1009292572388951,0.0153135114221747,0.0254692121009253,0.0080334974994188,0.0030627022844349,0.037593842420185,0.0163111722917175,6,1.0,1.0,0.0,6,0,1,0,6,1,1,1.0,0,0,0,0,0.047248569191227,0.0,0.0,V7,0,2025-02,sin_switch
2025-02-20,Primera,0.0,0.1926238091069487,0.0906945202857399,0.0,0.02,0.009786860395432,0.0171428571428571,0.1136907024642854,0.098405765005853,5,1.0,1.0,0.4,12,0,2,10,10,2,1,1.0,0,0,0,0,0.0498946003714282,0.0,0.0,V7,0,2025-02,sin_switch
2025-02-20,Matutino,0.0,0.011507282898072,0.027563281170397,0.0,0.0158322019642871,0.0085392897710454,0.0,0.1576190476190475,0.0661983509347835,5,1.0,0.6666666666666666,0.4,14,0,3,10,1,3,1,0.7857142857142857,0,0,0,0,0.0442812088673338,0.0223983169047969,0.0,V7,0,2025-02,sin_switch
2025-02-20,Vespertino,0.0,0.0158749425507336,0.0397930405656094,0.0,0.0202358325000027,0.0111814803853171,0.0,0.2014292502499992,0.0812205843047662,7,0.7142857142857143,1.0,0.2857142857142857,10,0,4,9,5,4,2,0.5,0,0,0,0,0.0682514677876986,0.0281561416340463,0.0281561416340463,V7,0,2025-02,sin_switch
2025-02-20,Nocturno,0.0,0.1135214477840547,0.0447288800716438,0.0184535123214271,0.0267513239641036,0.0081574806549717,0.0,0.0131666666666666,0.0244688681529348,12,1.0,0.4,0.0,8,0,5,7,4,5,1,0.25,0,0,0,0,0.0,0.0223016831000714,0.0496090182660259,V9,0,2025-02,switch_neutro
2025-02-21,Previa,0.0,0.0271877915434322,0.0124590112726458,0.0,0.0267513239641036,0.0152224397306856,0.0,0.0053502647928207,0.0150736240230623,12,1.0,1.0,0.0,12,0,1,0,12,1,1,1.0,0,0,0,0,0.042022496142109,0.0,0.0,V7,0,2025-02,sin_switch
2025-02-21,Primera,0.0,0.0667946126348884,0.086940185985453,0.0008928571428571,0.0053605369642814,0.0032360994316506,0.012,0.0199999999999999,0.0346932171940502,14,1.0,1.0,0.1428571428571428,22,0,2,10,10,2,1,1.0,0,0,0,0,0.0,0.0738258531739673,0.021914532388891,V8,0,2025-02,switch_neutro
2025-02-21,Matutino,0.0,0.1538057952864271,0.1470238558715965,0.0008928571428571,0.0053605369642814,0.0032360994316506,0.0,0.1071421783214294,0.0545885099243189,14,1.0,0.6666666666666666,0.1428571428571428,7,0,3,6,1,3,1,0.7142857142857143,0,0,0,0,0.0224282283921875,0.0482793379542501,0.0227399398246011,V7,0,2025-02,sin_switch
2025-02-21,Vespertino,0.0,0.3303694681178664,0.1547746215037146,0.0008928571428571,0.0053605369642814,0.0032360994316506,0.0,0.005,0.0481713083374064,14,1.0,0.5,0.1428571428571428,8,0,4,7,1,4,1,0.625,0,0,0,0,0.0,0.0254138270519474,0.0254570827037634,V7,0,2025-02,sin_switch
2025-02-21,Nocturno,0.0,0.2649526058686016,0.1419885159746897,0.0008928571428571,0.0071428571428571,0.003593702587405,0.0,0.077,0.0356241278543469,14,1.0,0.4,0.1428571428571428,10,0,5,8,4,4,2,0.6,0,0,0,0,0.0,0.0250577895214063,0.0,V7,0,2025-02,sin_switch
2025-02-22,Previa,0.0,0.0,8.881784197001252e-16,0.0,0.0101557006787506,0.0040622802715002,0.0,0.03453114013575,0.0138124560543,4,1.0,1.0,0.0,4,0,1,0,4,1,1,1.0,0,0,0,0,0.0,0.0,0.0,V7,0,2025-02,sin_switch
2025-02-22,Primera,0.0,0.1764052047826219,0.0689784290092335,0.0052288541247378,0.0166666666666667,0.007239940524871,0.0133333333333333,0.015,0.0193534121108962,6,1.0,1.0,0.3333333333333333,8,0,2,6,6,2,1,1.0,0,0,0,0,0.0867316305575143,0.0691661394129528,0.0398937228238614,V7,0,2025-02,sin_switch
2025-02-22,Matutino,0.0,0.1296757725680084,0.0571642187361462,0.0069801780888414,0.0166666666666667,0.0089552355974273,0.0061538461538461,0.134286393107142,0.0642339384204381,6,1.0,0.6666666666666666,0.3333333333333333,12,0,3,10,4,3,1,0.6666666666666666,0,0,0,0,0.0235469114244654,0.0235469114244654,0.0,V7,0,2025-02,sin_switch
2025-02-22,Vespertino,0.0,0.011507282898072,0.0095461377621575,0.0069801780888414,0.0166666666666667,0.0089552355974273,0.0,0.045530303030303,0.0344968298176976,6,1.0,0.5,0.3333333333333333,9,0,4,8,3,4,2,0.5555555555555556,0,0,0,0,0.0,0.0461818911407451,0.0663298187175052,V9,0,2025-02,switch_neutro
2025-02-22,Nocturno,0.0,0.0277258872223979,0.0387219026682828,0.0069801780888414,0.0166666666666667,0.0089552355974273,0.0,0.0237433155080214,0.0263315358227566,6,1.0,0.4,0.3333333333333333,17,0,5,14,4,5,2,0.4705882352941176,0,0,0,0,0.0461826933139347,0.023807161861924,0.1007327277117995,V9,0,2025-02,switch_neutro
2025-02-24,Primera,0.0,0.2116406777378046,0.1036823338548864,0.0,0.0130929753571457,0.0064142217679682,0.0,0.0626185950714291,0.0306767212669917,3,0.0,0.5,0.0,3,1,1,3,3,1,1,0.0,0,0,0,0,0.0,0.0179970447466883,0.0179970447466883,V7,0,2025-02,sin_switch
2025-02-24,Matutino,0.0,0.0,8.881784197001252e-16,0.0,0.0053605369642814,0.0054914532297152,0.0,0.0285721073928563,0.0319761507375638,10,0.0,0.6666666666666666,0.0,10,1,2,10,8,2,1,0.0,0,0,1,0,0.0504235049364015,0.0765970277511925,0.0235319742951984,V7,0,2025-02,sin_switch
2025-02-24,Vespertino,0.0,0.0,0.1440956775354751,0.0,0.0017823201785757,0.0021898972327602,0.0,0.0324999999999999,0.0330867011637246,7,0.0,0.75,0.1428571428571428,8,1,3,8,3,3,1,0.0,0,0,0,0,0.0,0.0506710704572059,0.0512432438779406,V9,0,2025-02,switch_neutro
2025-02-24,Nocturno,0.0,0.0,0.1400316443421052,0.0,0.0017823201785757,0.0015130917464435,0.0,0.0504999999999999,0.0264443875012927,7,0.0,0.8,0.1428571428571428,9,1,4,9,3,4,1,0.0,0,0,1,1,0.0,0.0484073553189646,0.0508865235463281,V9,1,2025-02,switch_ganador
2025-02-25,Previa,0.0,0.0089257420525683,0.0048457454064961,0.0053605369642814,0.0184535123214271,0.0101324232522873,0.0010721073928563,0.0036907024642854,0.0020264846504574,8,1.0,1.0,0.0,8,0,1,0,8,1,1,1.0,0,0,0,0,0.0457668599548139,0.0,0.0,V7,0,2025-02,sin_switch
2025-02-25,Primera,0.0510025544485737,0.1370344074902272,0.0505510941436331,0.0,0.0017868456547603,0.0023982715093737,0.0,0.06203114013575,0.0391518271185043,1,1.0,1.0,1.0,4,0,2,3,3,2,1,1.0,0,0,0,0,0.0195645164833099,0.0195474459162859,0.0264071319335401,V7,0,2025-02,sin_switch
2025-02-25,Matutino,0.0,0.0439444915467239,0.1750171125746353,0.0,0.0017868456547603,0.0023982715093737,0.0,0.0526440265441008,0.0355732611405479,1,1.0,0.6666666666666666,1.0,7,0,3,4,4,3,2,0.4285714285714285,0,0,0,0,0.0,0.0,0.0524674263535612,V9,0,2025-02,switch_neutro
2025-02-25,Vespertino,0.0,0.0,0.0772383096595324,0.0,0.024703512321427,0.0102699103073369,0.0414999999999999,0.1012875625083857,0.0475583417317072,8,0.875,0.75,0.0,10,0,4,8,6,4,1,0.2,0,0,0,0,0.0,0.0,0.0,V7,0,2025-02,sin_switch
2025-02-25,Nocturno,0.0,0.0720607259961987,0.0475604764835205,0.0,0.0097035123214271,0.0043134405068891,0.0,0.0263333333333334,0.0161583392536993,8,0.875,0.6,0.0,9,0,5,8,8,3,2,0.1111111111111111,0,0,0,0,0.0791131207754967,0.0480108866884237,0.0577780226140636,V7,0,2025-02,sin_switch
2025-02-26,Previa,0.0,0.0277258872223971,0.0152999156674559,0.0,0.0060772755776474,0.008044671101876,0.0,0.0012154551155294,0.0016089342203751,7,1.0,1.0,0.0,7,0,1,0,7,1,1,1.0,0,0,0,0,0.0377684685107165,0.0,0.0,V7,0,2025-02,sin_switch
2025-02-26,Primera,0.0672211587728996,0.1459601495427955,0.0527803316472017,0.0184535123214272,0.0184535123214272,0.0062761012442362,0.0,0.006937297715565,0.0312763951569688,2,1.0,1.0,1.0,4,0,2,2,2,2,1,1.0,0,0,0,0,0.0690289573540125,0.0527407103163253,0.0445415985814724,V7,0,2025-02,sin_switch
2025-02-26,Matutino,0.0,0.0021791030750311,0.0067582556532712,0.0184535123214272,0.0202403579761876,0.006891505241277,0.0,0.0299999999999999,0.0501186156629378,2,1.0,0.6666666666666666,1.0,10,0,3,8,6,3,1,0.4,0,1,0,0,0.0265230670486304,0.0225030361681181,0.0485557810308441,V7,1,2025-02,sin_switch
2025-02-26,Vespertino,0.0,0.0031134989288466,0.0070816970049252,0.0017513239641037,0.0142513239641036,0.0094727154267392,0.0,0.128709470030219,0.0542655042380047,2,1.0,0.5,1.0,13,0,4,11,3,4,1,0.3076923076923077,0,0,0,0,0.0,0.0,0.0519387496520039,V9,0,2025-02,switch_neutro
2025-02-26,Nocturno,0.0,0.0162186043243259,0.0064874417297303,0.0184535123214271,0.0249999999999999,0.0081121111057195,0.0,0.0789542291750523,0.0430318741645172,2,1.0,0.4,1.0,9,0,5,8,4,5,1,0.2222222222222222,0,0,0,0,0.0222020031765454,0.0,0.0776447469781871,V9,0,2025-02,switch_neutro
2025-02-27,Previa,0.0,0.3068167726102357,0.1214887542018424,0.0153135114221747,0.0254692121009253,0.0080334974994188,0.0030627022844349,0.037593842420185,0.0163111722917175,6,1.0,1.0,0.0,6,0,1,0,6,1,1,1.0,0,0,0,0,0.0824232796033659,0.024759953520034,0.024759953520034,V7,0,2025-02,sin_switch
2025-02-27,Primera,0.0204330249506403,0.1064648779922938,0.0642631781721306,0.0166666666666667,0.0194801780888415,0.0070016165577702,0.0860457708249474,0.0899999999999999,0.0396767050400861,6,1.0,1.0,0.3333333333333333,6,0,2,4,4,2,1,1.0,0,0,0,0,0.1640209614140989,0.0430049814128154,0.0218451922409866,V7,0,2025-02,sin_switch
2025-02-27,Matutino,0.0,0.09277465329939,0.0859456023254688,0.0166666666666667,0.0194801780888415,0.0085837920271265,0.0,0.121316401873846,0.0562549125800173,6,1.0,0.6666666666666666,0.3333333333333333,4,0,3,2,2,3,2,0.5,0,0,0,0,0.0,0.0225346103841253,0.0225346103841253,V7,0,2025-02,sin_switch
2025-02-27,Vespertino,0.0439444915467248,0.1111656503196245,0.0876680091557068,0.0166666666666667,0.0302288541247377,0.012962436324656,0.0,0.0874993211785724,0.0392741989686003,6,1.0,0.5,0.3333333333333333,7,1,3,7,3,4,2,0.5714285714285714,0,0,0,0,0.049137716054887,0.0939528067643844,0.0474215892992259,V8,0,2025-02,switch_neutro
2025-02-27,Nocturno,0.0510025544485737,0.2635371568095124,0.1774858534833599,0.0166666666666667,0.0319801780888414,0.0148611274710761,0.0,0.0408564640357149,0.0251281732703458,6,1.0,0.4,0.3333333333333333,7,0,5,5,4,3,1,0.4285714285714285,0,0,0,0,0.0237003206044097,0.0,0.0247950902945839,V7,0,2025-02,sin_switch
2025-02-28,Previa,0.0,0.2001333948397325,0.0825154469528153,0.0,0.0101557006787506,0.0067130823378369,0.0,0.03453114013575,0.0208365891319532,4,1.0,1.0,0.0,4,0,1,0,4,1,1,1.0,0,0,0,0,0.0,0.0,0.0,V7,0,2025-02,sin_switch
2025-02-28,Primera,0.0,0.0204330249506403,0.0100100970061252,0.0,0.0114378125419288,0.0053012337891781,0.0,0.0014031399558996,0.05237484994726,8,1.0,1.0,0.0,6,0,2,4,4,2,1,1.0,0,0,0,0,0.024799331988898,0.0470952351685311,0.0460300314617616,V7,0,2025-02,sin_switch
2025-02-28,Matutino,0.0,0.010052577131236,0.0172350536456797,0.0,0.0070156997794982,0.0048863654959068,0.0,0.0172727272727273,0.0322147616358941,6,1.0,0.6666666666666666,0.0,12,0,3,11,7,3,1,0.4166666666666667,0,0,0,0,0.0,0.0,0.0219129341488725,V7,0,2025-02,sin_switch
2025-02-28,Vespertino,0.0,0.1121979879640777,0.0467303956189091,0.0,0.0070156997794982,0.0048863654959068,0.0,0.0493076923076922,0.031206926860399,6,1.0,0.5,0.0,10,0,4,9,4,4,1,0.1,0,0,0,0,0.0,0.0254140900638794,0.0459469474420222,V9,0,2025-02,switch_neutro
2025-02-28,Nocturno,0.0,0.1080186246211667,0.0501235137096467,0.0,0.0070156997794982,0.0048863654959068,0.0,0.0463333333333333,0.0334917849429461,6,1.0,0.4,0.0,15,0,5,14,8,5,1,0.0666666666666666,0,0,0,0,0.0225873314504816,0.0,0.0236123253454423,V7,0,2025-02,sin_switch
2025-03-01,Previa,0.0,0.010052577131236,0.014198056351941,0.0,0.0114378125419288,0.0098459497353911,0.0,0.0022875625083857,0.0019691899470782,10,1.0,1.0,0.0,10,0,1,0,10,1,1,1.0,0,0,0,0,0.0255853689001943,0.0200652078463965,0.0,V7,0,2025-03,sin_switch
2025-03-01,Primera,0.0644614439134221,0.0644614439134221,0.0543667071785777,0.0,0.0026785714285714,0.0064086096198489,0.1099999999999999,0.1449999999999999,0.0575625847940321,8,1.0,1.0,0.125,14,0,2,8,8,2,1,1.0,0,0,0,0,0.0936338469212574,0.0383174220596176,0.0383174220596176,V7,0,2025-03,sin_switch
2025-03-01,Matutino,0.0134588894648484,0.0338919144154887,0.1662809579947028,0.0,0.0026785714285714,0.0064086096198489,0.0,0.0570169314594874,0.024397639931025,8,1.0,0.6666666666666666,0.125,12,1,2,12,2,3,1,0.4166666666666667,0,0,0,0,0.0302704253787216,0.054203276787735,0.0225460052214964,V7,0,2025-03,sin_switch
2025-03-01,Vespertino,0.0,0.0578207863590716,0.0297871491604708,0.0,0.0795454545454545,0.0358905205830127,0.0,0.0594411738837297,0.0321003865293061,11,0.9090909090909092,1.0,0.0909090909090909,11,1,3,11,1,4,2,0.9090909090909092,0,0,0,0,0.0231450180936092,0.0219142988109646,0.051245719266852,V7,0,2025-03,sin_switch
2025-03-01,Nocturno,0.0,0.1222499706744475,0.0474811535810358,0.0,0.0384774200811645,0.0236170185403965,0.0,0.0519999999999999,0.042893529535736,11,0.9090909090909092,0.8,0.0909090909090909,10,0,5,8,6,4,2,0.2,0,0,0,0,0.0261917663062194,0.0487359349200082,0.0241745788988298,V7,0,2025-03,sin_switch
2025-03-03,Primera,0.0,0.0,8.881784197001252e-16,0.0,0.0,0.0104932196157964,0.0,0.0,0.0478452871233882,6,0.0,0.5,0.0,6,1,1,6,6,1,1,0.0,0,0,0,0,0.0,0.0183110594246396,0.0183110594246396,V7,0,2025-03,sin_switch
2025-03-03,Matutino,0.0,0.0381192843123141,0.0524052783297135,0.0,0.001010101010101,0.0024866545132565,0.0,0.0553333333333332,0.0271076864868004,9,0.0,0.6666666666666666,0.1111111111111111,8,1,2,8,5,2,1,0.0,0,0,0,0,0.0,0.0477475570417755,0.0280435376936314,V8,0,2025-03,switch_neutro
2025-03-03,Vespertino,0.0,0.1811165262088776,0.096946131611785,0.0,0.0037732353769798,0.0015709392413682,0.0,0.0610721073928562,0.0248789302857919,9,0.0,0.75,0.1111111111111111,9,1,3,9,3,3,1,0.0,0,1,0,0,0.0,0.0507565739055751,0.0305127145718742,V8,0,2025-03,switch_perdedor
2025-03-03,Nocturno,0.0,0.1776147938820775,0.1005591358752762,0.0,0.00625,0.0030618621784789,0.0,0.0939278926071436,0.0372104528351978,8,0.0,0.8,0.125,7,1,4,7,4,4,2,0.0,0,0,0,0,0.0,0.0207647023840162,0.0543483560607269,V9,0,2025-03,switch_neutro
2025-03-04,Previa,0.0,0.0109691872191053,0.006916709701449,0.0,0.0184535123214271,0.009994685055763,0.0,0.0036907024642854,0.0019989370111526,8,1.0,1.0,0.0,8,0,1,0,8,1,1,1.0,0,0,0,0,0.0459896268029616,0.0,0.0,V7,0,2025-03,sin_switch
2025-03-04,Primera,0.0,0.0439444915467248,0.0614964124223903,0.0031044792085956,0.0031044792085956,0.0061191983040352,0.0,0.0,0.0161973500228834,2,1.0,1.0,1.0,6,1,1,6,6,2,2,1.0,0,0,0,0,0.0509515332840454,0.0235751425962101,0.0460954557079069,V7,0,2025-03,sin_switch
2025-03-04,Matutino,0.1474148553096315,0.2683150250041164,0.1032447773279776,0.0,0.0,0.0071820331266874,0.0,0.038786393107142,0.0268173718795173,6,1.0,0.6666666666666666,0.1666666666666666,10,1,2,10,8,3,1,0.1,0,0,0,0,0.0487864195734974,0.0236068315079873,0.0,V7,0,2025-03,sin_switch
2025-03-04,Vespertino,0.0,0.0174382299069053,0.0567182668694146,0.0,0.0,0.0087784553828456,0.015,0.0249999999999999,0.0137072973266067,6,1.0,0.5,0.1666666666666666,8,1,3,8,6,4,2,0.25,0,0,0,0,0.0556852598096045,0.0345989065448023,0.0723023065835697,V7,0,2025-03,sin_switch
2025-03-04,Nocturno,0.0,0.0545486362140472,0.0773696481916297,0.0,0.0,0.0087784553828456,0.0,0.0652875625083857,0.0258411593378433,6,1.0,0.4,0.1666666666666666,8,0,5,4,4,3,2,0.5,0,0,0,0,0.022298940104176,0.0657792041623011,0.0447555318472508,V8,0,2025-03,switch_neutro
2025-03-05,Previa,0.0,0.0,0.0100100970061252,0.0,0.0,0.0052414641758104,0.0,0.0,0.001048292835162,24,1.0,1.0,0.0,24,0,1,0,24,1,1,1.0,0,0,0,0,0.0669772918941812,0.0716995025782783,0.0449858759516782,V7,0,2025-03,sin_switch
2025-03-05,Primera,0.0,0.0100525771312365,0.5094666428125779,0.0,1.1102230246251563e-16,1.530336829712622e-16,0.0,0.0599999999999999,0.0352889169055944,2,1.0,1.0,1.0,12,0,2,4,4,2,1,1.0,0,0,0,0,0.0,0.0,0.0242410574726336,V7,0,2025-03,sin_switch
2025-03-05,Matutino,0.0,1.0533958633282832,0.5292952630044628,0.0,1.1102230246251563e-16,6.080941944488117e-17,0.0,0.0064278926071437,0.0094980333673703,2,1.0,0.6666666666666666,1.0,7,1,2,7,5,2,1,0.0,0,0,0,0,0.029449649960717,0.0280126259142212,0.0,V7,0,2025-03,sin_switch
2025-03-05,Vespertino,1.0449177468967434,1.0449177468967434,0.3348810669833234,0.0,0.0,0.0,0.025,0.092,0.0351203644628013,14,1.0,0.5,0.0,8,1,3,8,6,3,2,0.0,0,0,0,0,0.0206694718246855,0.0275252823223312,0.0220466152937664,V7,0,2025-03,sin_switch
2025-03-05,Nocturno,1.064423972004338,1.074476549135574,0.3464858321080595,0.0,0.0,1.1102230246251563e-16,0.0,0.0470707497500008,0.0259747393764368,14,1.0,0.4,0.0,7,1,4,7,4,4,2,0.1428571428571428,0,0,0,0,0.0,0.0278054903996746,0.02216467546724,V7,0,2025-03,sin_switch
2025-03-06,Previa,0.0,0.2116406777378046,0.0846562710951218,0.0,0.0,0.0,0.0,0.0,0.0,2,1.0,1.0,0.0,2,0,1,0,2,1,1,1.0,0,0,0,0,0.0,0.0278474096504927,0.0278474096504927,V7,0,2025-03,sin_switch
2025-03-06,Primera,0.0,0.1371846698758219,0.1050632154280873,0.0,0.0,0.0026185950714291,0.0,0.0646497352071793,0.0251715585987058,1,1.0,1.0,1.0,4,0,2,2,2,2,1,1.0,0,0,0,0,0.0,0.0202618368117588,0.0286625221474309,V7,0,2025-03,sin_switch
2025-03-06,Matutino,0.0,0.4382549308913557,0.1803120782565299,0.0,0.0,0.0129283641799835,0.0,0.075093842420185,0.0325020769566603,1,1.0,0.6666666666666666,1.0,6,0,3,4,2,3,1,0.6666666666666666,0,0,0,0,0.0225371912800356,0.0447155837936361,0.0277434975787755,V7,0,2025-03,sin_switch
2025-03-06,Vespertino,0.0,0.8046923867192364,0.3361525146739857,0.0,0.0,0.0129283641799836,0.0,0.0220311401357501,0.0134793495623721,1,1.0,0.5,1.0,4,0,4,3,1,4,1,0.5,0,0,0,0,0.0,0.061473595386007,0.0,V8,0,2025-03,switch_neutro
2025-03-06,Nocturno,0.0,0.011507282898072,0.0051364202381454,0.0,0.0,0.0154545595979,0.0,0.1002625835833326,0.0511877347134389,1,1.0,0.4,1.0,9,0,5,8,7,5,2,0.1111111111111111,0,0,0,0,0.0467863414892386,0.0,0.049654857176963,V7,0,2025-03,sin_switch
2025-03-07,Previa,0.0,0.0182620494908638,0.0097763288822515,0.0,0.0114378125419288,0.0101346976934915,0.0,0.0022875625083857,0.0020269395386983,12,1.0,1.0,0.0,12,0,1,0,12,1,1,1.0,0,0,0,0,0.0222962866241019,0.0200005594787367,0.0,V7,0,2025-03,sin_switch
2025-03-07,Primera,0.0,0.0324372086486528,0.1077445763143778,0.0,0.0055555555555555,0.0056845811802491,0.017,0.0275,0.0484806868282617,9,1.0,1.0,0.1111111111111111,18,0,2,6,6,2,1,1.0,0,0,0,0,0.0224362339403892,0.026331645692267,0.0,V7,0,2025-03,sin_switch
2025-03-07,Matutino,0.2642559082952678,0.3810718327608224,0.1270970741003713,0.0,0.0102358325000028,0.0056865238174191,0.0069230769230769,0.2078578216785707,0.0964086427665977,7,1.0,0.6666666666666666,0.1428571428571428,24,0,3,12,6,3,1,0.75,0,0,0,0,0.0745702700934542,0.0,0.0241532357799771,V7,0,2025-03,sin_switch
2025-03-07,Vespertino,0.5129869953829171,0.5138324511824228,0.156860710735231,0.0,0.0239378125419288,0.0113765628070351,0.0,0.1189285714285715,0.0553172845462602,8,0.875,0.75,0.125,14,0,4,11,8,4,2,0.4285714285714285,0,1,0,0,0.0677605770930457,0.0257594707289406,0.0318912557295742,V7,1,2025-03,sin_switch
2025-03-07,Nocturno,0.0,0.0089257420525683,0.2590873464875347,0.0112820512820512,0.0230688969368116,0.0114014393443951,0.0679102564102563,0.106576923076923,0.0383801137474335,26,0.6923076923076923,1.0,0.0769230769230769,26,0,5,14,2,5,2,0.6923076923076923,0,0,0,0,0.0,0.0230672565847506,0.0230672565847506,V7,0,2025-03,sin_switch
2025-03-08,Previa,0.0,0.0,8.881784197001252e-16,0.0,0.0,0.0131054187311883,0.0,0.0,0.0026210837462376,12,1.0,1.0,0.0,12,0,1,0,12,1,1,1.0,0,0,0,0,0.0238132094322187,0.0205580771094036,0.0,V7,0,2025-03,sin_switch
2025-03-08,Primera,0.3705840720614608,0.3705840720614608,0.1139906715550282,0.001382700278584,0.0052288541247378,0.0081101928735334,0.0,0.0374999999999999,0.0344517173362313,6,1.0,1.0,0.3333333333333333,12,0,2,10,10,2,1,0.8333333333333334,0,0,0,0,0.0448180564721163,0.0423235521210526,0.0445823887270307,V7,0,2025-03,sin_switch
2025-03-08,Matutino,0.0,0.1187764048767707,0.052086852003539,0.0128205128205127,0.0281044792085954,0.0108251613856383,0.0,0.0337121212121211,0.0242857897344547,12,0.8333333333333334,1.0,0.1666666666666666,18,0,3,16,6,3,1,0.5555555555555556,0,0,0,0,0.0458920748208665,0.0687198082777785,0.0460173354756909,V7,0,2025-03,sin_switch
2025-03-08,Vespertino,0.0,0.1860085778513029,0.0979854132856029,0.0,0.0127781193818639,0.0066186951976854,0.0,0.0281595623285351,0.0150886903091424,13,1.0,0.5,0.0769230769230769,5,0,4,4,4,3,2,0.2,0,0,0,0,0.0256229541252191,0.055371230343279,0.0,V7,0,2025-03,sin_switch
2025-03-08,Nocturno,0.0,0.0083937839692254,0.0055868038169855,0.0,0.0152839663880827,0.009161464705665,0.0,0.044944287843984,0.0258704487784274,13,1.0,0.4,0.0769230769230769,19,0,5,17,1,5,2,0.5263157894736842,0,0,0,0,0.0,0.0256399206731209,0.0971514319956296,V9,0,2025-03,switch_neutro
2025-03-10,Primera,0.0,0.0,8.881784197001252e-16,0.0,0.0101557006787506,0.0073869986255844,0.0,0.0620311401357501,0.0394179699492512,4,0.0,0.5,0.0,4,1,1,4,4,1,1,0.0,0,0,0,0,0.0,0.0136286263815285,0.0136286263815285,V7,0,2025-03,sin_switch
2025-03-10,Matutino,0.0,0.0317744811735476,0.0123884865364105,0.0,0.0031044792085955,0.0019708422746837,0.0019542291750525,0.0019542291750525,0.0132116558985524,8,0.0,0.6666666666666666,0.0,8,2,1,8,8,2,2,0.0,0,0,0,0,0.0210810987669568,0.0209010534914069,0.0,V7,0,2025-03,sin_switch
2025-03-10,Vespertino,0.0,0.1584181065002985,0.0653106372292343,0.0,0.0093544792085955,0.0048564697365131,0.0,0.0324999999999999,0.0290349663796357,8,0.0,0.75,0.125,9,1,3,9,3,3,1,0.0,0,0,0,0,0.0,0.056777227372271,0.0357758149224738,V8,0,2025-03,switch_neutro
2025-03-10,Nocturno,0.0,0.011507282898072,0.2809510472900502,0.0,0.0017045454545454,0.0034125954353956,0.0,0.0610721073928564,0.0248682061477811,8,0.0,0.8,0.125,9,1,4,9,4,4,1,0.0,0,0,0,0,0.0,0.0458393543549136,0.0541734741442465,V9,0,2025-03,switch_neutro
2025-03-11,Previa,0.0,0.0,8.881784197001252e-16,0.0,0.0,1.1102230246251563e-16,0.0,0.0,0.0,3,1.0,1.0,0.0,3,0,1,0,3,1,1,1.0,0,0,0,0,0.0,0.0268797943982516,0.0268797943982516,V7,0,2025-03,sin_switch
2025-03-11,Primera,0.0,0.0162186043243259,0.007945460986939,0.0142513239641037,0.0202403579761876,0.0065472502491337,0.0,0.0599999999999999,0.0359054698908618,2,1.0,1.0,1.0,5,0,2,4,4,2,1,0.8,0,0,0,0,0.064823867635133,0.0420945006951487,0.0434848512566609,V7,0,2025-03,sin_switch
2025-03-11,Matutino,0.0,0.0,0.001958800898206,0.0142513239641037,0.0202403579761876,0.0065472502491337,0.0,0.0274999999999999,0.0263575531353665,2,1.0,0.6666666666666666,1.0,4,0,3,3,3,3,2,0.25,0,0,0,0,0.0252533110174745,0.0262973907470275,0.0538305787603132,V7,0,2025-03,sin_switch
2025-03-11,Vespertino,0.0,0.1654174891176003,0.0661669956470401,0.0142513239641036,0.0202403579761875,0.0078100651900919,0.0,0.1022875625083857,0.0567014704356198,2,1.0,0.5,1.0,8,0,4,6,6,3,2,0.25,0,0,0,0,0.0214603248403496,0.0,0.0478733156452256,V7,0,2025-03,sin_switch
2025-03-11,Nocturno,0.0,0.0338919144154887,0.0536276528182161,0.0202403579761875,0.0249999999999999,0.0077062568197317,0.0,0.1191057443265676,0.0571739567299257,2,1.0,0.4,1.0,11,0,5,9,3,4,1,0.1818181818181818,0,0,0,0,0.0,0.0,0.0688184364095714,V9,0,2025-03,switch_neutro
2025-03-12,Previa,0.0,0.0,8.881784197001252e-16,0.0,0.0,0.0131054187311883,0.0,0.0,0.0026210837462376,10,1.0,1.0,0.0,10,0,1,0,10,1,1,1.0,0,0,0,0,0.0274002062405092,0.0,0.0,V7,0,2025-03,sin_switch
2025-03-12,Primera,0.150234375732114,0.150234375732114,0.0450703127196342,0.0,0.014703512321427,0.0091840250962378,0.0275,0.0586907024642855,0.0482966872359963,8,1.0,1.0,0.125,8,0,2,6,6,2,1,1.0,0,0,0,0,0.10450523189508,0.0474949539564247,0.0216951253500222,V7,0,2025-03,sin_switch
2025-03-12,Matutino,0.0,0.1681567204600345,0.1629905595747758,0.0,0.014703512321427,0.0091840250962378,0.0,0.0755627022844349,0.0468201044860883,8,1.0,0.6666666666666666,0.125,6,0,3,5,4,3,1,0.3333333333333333,0,0,0,0,0.0,0.0,0.0,V7,0,2025-03,sin_switch
2025-03-12,Vespertino,0.0,0.1613961895577516,0.0665080403719799,0.0,0.014703512321427,0.0077539450705279,0.0,0.0438102026309515,0.0193814693502608,8,1.0,0.5,0.125,9,1,3,9,4,4,1,0.2222222222222222,0,0,0,0,0.0239116357589633,0.0701600705484241,0.0242236781586989,V8,0,2025-03,switch_neutro
2025-03-12,Nocturno,0.0,0.0412661800074181,0.027998638883316,0.0,0.014703512321427,0.0091840250962378,0.0,0.0064545454545454,0.0181642737003165,8,1.0,0.4,0.125,11,1,4,11,3,4,2,0.5454545454545454,0,0,0,0,0.0267260829278241,0.0617226549300758,0.0964667720717399,V9,0,2025-03,switch_neutro
2025-03-13,Previa,0.0,0.0,0.0020997668420882,0.0,0.0101557006787506,0.0073869986255844,0.0,0.03453114013575,0.0220256502206202,4,1.0,1.0,0.0,4,0,1,0,4,1,1,1.0,0,0,0,0,0.0,0.0,0.0,V7,0,2025-03,sin_switch
2025-03-13,Primera,0.0204330249506403,0.071435579399214,0.0290260519585197,0.0,0.0169933680974844,0.0071946454680788,0.0,0.0297875625083857,0.047099467228088,9,1.0,1.0,0.1111111111111111,9,0,2,5,5,2,1,1.0,0,0,0,0,0.0468482601396094,0.0690594098703967,0.0434868586519793,V7,0,2025-03,sin_switch
2025-03-13,Matutino,0.3355899405596902,0.3470972234577623,0.1113413111627151,0.0,0.0169933680974844,0.0071946454680788,0.0,0.0902706310488984,0.0406450442926067,9,1.0,0.6666666666666666,0.1111111111111111,4,0,3,2,2,3,2,0.5,0,0,0,0,0.0470798497237049,0.045214233259247,0.0226691303020486,V7,0,2025-03,sin_switch
2025-03-13,Vespertino,0.0,0.4522913771239807,0.1981885592864223,0.0,0.0169933680974844,0.0074377144290337,0.0897875625083857,0.167143535964285,0.0784771054269282,9,1.0,0.5,0.1111111111111111,12,0,4,10,6,3,1,0.5,0,0,0,0,0.0489378777659537,0.027192261701965,0.027192261701965,V7,0,2025-03,sin_switch
2025-03-13,Nocturno,0.0,0.5977361660976106,0.3109613664345116,0.0,0.0096864885778252,0.0042468579886046,0.0,0.1768076923076923,0.0789082699077229,4,1.0,0.4,0.5,12,0,5,8,3,4,2,0.75,0,0,0,0,0.030192336086581,0.0255621569938287,0.0,V7,0,2025-03,sin_switch
2025-03-14,Previa,0.0,0.0,8.881784197001252e-16,0.0,0.0254692121009253,0.0153774636018768,0.0,0.037593842420185,0.0273452127606867,6,1.0,1.0,0.0,6,0,1,0,6,1,1,1.0,0,0,0,0,0.0198915407589374,0.0,0.0,V7,0,2025-03,sin_switch
2025-03-14,Primera,0.0,0.0089257420525683,0.0064923579731534,0.0,0.0,0.0049749302036892,0.0,0.070562702284435,0.0536652059449131,4,1.0,1.0,0.25,6,0,2,5,5,2,1,0.8333333333333334,0,0,0,0,0.0212706552353653,0.0437723258498506,0.0227360228094303,V7,0,2025-03,sin_switch
2025-03-14,Matutino,0.0,0.0756272556946351,0.0477685542683705,0.0,0.0042021883573234,0.0046216577299653,0.0829999999999999,0.1472875625083857,0.0562450610172489,4,1.0,0.6666666666666666,0.25,16,0,3,10,10,3,2,0.375,0,0,0,0,0.0534023744019009,0.0268986622030598,0.0268986622030598,V7,0,2025-03,sin_switch
2025-03-14,Vespertino,0.0,0.0,0.0050449054011297,0.0,0.0059890340120838,0.0055911444731374,0.0,0.0427124374916143,0.0370082478837886,4,1.0,0.5,0.25,6,0,4,5,4,4,2,0.3333333333333333,0,0,0,0,0.0,0.0438641172770751,0.0625943911467532,V9,0,2025-03,switch_neutro
2025-03-14,Nocturno,0.0,0.1681406056834875,0.0695550568665152,0.0,0.0182978116426765,0.0109299410205878,0.0,0.0227878787878788,0.0339127243125771,5,0.8,0.8,0.0,11,0,5,8,3,5,2,0.5454545454545454,0,0,0,0,0.0466148950322711,0.0253591027646126,0.0460331966269232,V7,0,2025-03,sin_switch
2025-03-15,Previa,0.0,0.011507282898072,0.0046029131592288,0.0,0.0,1.1102230246251563e-16,0.0,0.0,0.0,3,1.0,1.0,0.0,3,0,1,0,3,1,1,1.0,0,1,0,0,0.0,0.0270383099068277,0.0270383099068277,V7,1,2025-03,sin_switch
2025-03-15,Primera,0.0,0.0672211587728996,0.1226881858204518,0.0,0.0031044792085955,0.0032755137121247,0.0,0.1122875625083857,0.0531101410896432,24,1.0,1.0,0.0,12,0,2,10,10,2,1,1.0,0,0,0,0,0.0232259195402929,0.0477845813023866,0.0247280919602332,V7,0,2025-03,sin_switch
2025-03-15,Matutino,0.2980586158016081,0.314277220125934,0.1070738799859836,0.0,0.0031044792085955,0.0032755137121247,0.0,0.1318333333333333,0.0629194595939331,24,1.0,0.6666666666666666,0.0,9,0,3,7,5,3,1,0.3333333333333333,0,0,0,0,0.0257071358017878,0.0,0.0,V7,0,2025-03,sin_switch
2025-03-15,Vespertino,0.0,0.0,0.223081017132555,0.0,0.0468955207914043,0.0188023723412293,0.0046907024642856,0.0222875625083858,0.0278892413164463,6,0.8333333333333334,1.0,0.0,8,0,4,6,2,4,1,0.25,0,0,0,0,0.0226569399906637,0.0,0.0238068590171323,V7,0,2025-03,sin_switch
2025-03-15,Nocturno,0.0,0.1509083182015898,0.075890077761328,0.0,0.0574999999999999,0.0229664884630649,0.0,0.0321435359642849,0.0310066412316736,8,0.875,0.8,0.125,8,0,5,6,2,4,2,0.75,0,0,0,0,0.027632740869808,0.0450286464719149,0.0444915023518698,V7,0,2025-03,sin_switch
2025-03-17,Primera,0.0,0.0,8.881784197001252e-16,0.0,0.0,0.0,0.0,0.0,5.551115123125783e-17,2,0.0,0.5,0.0,2,1,1,2,2,1,1,0.0,0,0,0,0,0.0,0.0130689037433995,0.0130689037433995,V7,0,2025-03,sin_switch
2025-03-17,Matutino,0.0,0.0324372086486528,0.0544165715816133,0.0083333333333333,0.0197711458752622,0.007738077881293,0.0,0.0572875625083858,0.0324007605471392,12,0.0,0.6666666666666666,0.1666666666666666,12,2,1,12,12,2,2,0.0,0,0,0,0,0.0730436478494315,0.0669962455122821,0.0218361292857567,V7,0,2025-03,sin_switch
2025-03-17,Vespertino,0.0338919144154887,0.4495316622645031,0.1768517964547001,0.0,0.0017823201785757,0.0048032179714751,0.0,0.03,0.0185298305244727,7,0.0,0.75,0.1428571428571428,9,2,2,9,4,3,1,0.0,0,0,0,0,0.0,0.023236847340425,0.023236847340425,V7,0,2025-03,sin_switch
2025-03-17,Nocturno,0.2419772967802043,0.3726618437554148,0.1587026282224314,0.0,0.0581249999999999,0.0236476415947732,0.0,0.049,0.048435737589213,16,0.0,0.8,0.0625,16,1,4,16,12,4,2,0.0,0,0,0,0,0.0740986004272143,0.0246765791691307,0.0261307990650596,V7,0,2025-03,sin_switch
2025-03-18,Previa,0.0,0.0052494171052206,0.0093514291716937,0.0153135114221747,0.0153135114221747,0.0057877593867312,0.0030627022844349,0.0030627022844349,0.0105012071985923,6,1.0,1.0,0.0,6,0,1,0,6,1,1,1.0,0,0,0,0,0.0539657952590669,0.0,0.0,V7,0,2025-03,sin_switch
2025-03-18,Primera,0.0,0.0277258872223971,0.0892236783349616,0.0,0.0071428571428571,0.0076999804384995,0.0,0.0612845448844704,0.0244916376760471,7,1.0,1.0,0.1428571428571428,6,0,2,4,4,2,1,1.0,0,0,0,0,0.0289542399014158,0.0497425976211123,0.0208026632529612,V7,0,2025-03,sin_switch
2025-03-18,Matutino,0.0,0.0936519095689067,0.1541212753569161,0.0,0.0022560577556858,0.0061405628394463,0.0,0.0797875625083859,0.0373163248388079,6,0.8333333333333334,1.0,0.0,8,0,3,6,2,3,1,0.75,0,0,0,0,0.0265416674244435,0.0514852156708078,0.0277235545604856,V7,0,2025-03,sin_switch
2025-03-18,Vespertino,0.0,0.315428379559914,0.1804080545158462,0.0,0.0130929753571457,0.0053088331227353,0.0,0.0202124374916141,0.01692017697664,7,1.0,0.5,0.0,6,0,4,5,4,4,1,0.1666666666666666,0,0,0,0,0.0,0.0442423601414259,0.0254391840609042,V8,0,2025-03,switch_neutro
2025-03-18,Nocturno,0.68699088156293,0.7128160309025109,0.2302860909996767,0.0,0.0130929753571457,0.0073908001254174,0.0,0.0534031399558996,0.0211898617817598,7,1.0,0.4,0.0,6,0,5,4,4,3,2,0.3333333333333333,0,0,0,0,0.0212269244324394,0.0333618167512694,0.0230450980921851,V7,0,2025-03,sin_switch
2025-03-19,Previa,0.0,0.0,8.881784197001252e-16,0.0,0.0232486760358963,0.0092994704143585,0.0,0.0696497352071793,0.0278598940828717,4,1.0,1.0,0.0,4,0,1,0,4,1,1,1.0,0,0,0,0,0.0,0.0,0.0,V7,0,2025-03,sin_switch
2025-03-19,Primera,0.0,0.0115072828980711,0.006357240781514,1.1102230246251563e-16,0.0053605369642815,0.0069715729808919,0.0285721073928564,0.0353578216785706,0.0780683912222281,2,1.0,1.0,1.0,8,0,2,6,6,2,1,1.0,0,0,0,0,0.0268564821005142,0.0,0.0222083475777805,V7,0,2025-03,sin_switch
2025-03-19,Matutino,0.0,0.011507282898072,0.0503983498017035,1.1102230246251563e-16,0.0053605369642815,0.0090675637215104,0.0,0.0486426308690478,0.0232844738764802,2,1.0,0.6666666666666666,1.0,5,0,3,4,4,3,2,0.2,0,0,1,0,0.0217325462977676,0.0214138348747395,0.0536765481575826,V9,0,2025-03,switch_neutro
2025-03-19,Vespertino,0.1331378362787321,0.1420635783313004,0.0437793386250866,0.0,0.0053605369642814,0.0090675637215103,0.009,0.0354292502499992,0.0147404798588274,8,1.0,0.5,0.0,10,1,3,10,8,4,2,0.2,0,0,0,0,0.0508009360301628,0.030785989877766,0.0495925601352999,V7,0,2025-03,sin_switch
2025-03-19,Nocturno,0.0,0.0223846315174167,0.0123760048814142,0.0,0.0053605369642814,0.0090675637215103,0.0,0.0545000000000001,0.0265970239596079,8,1.0,0.4,0.0,7,0,5,6,2,5,2,0.1428571428571428,0,0,0,0,0.0,0.0739419476497149,0.0237808993266553,V8,0,2025-03,switch_neutro
2025-03-20,Previa,0.0,0.0,0.1036823338548865,0.0,0.0,0.0,0.0,0.0,0.0,2,1.0,1.0,0.0,2,0,1,0,2,1,1,1.0,0,0,1,1,0.0,0.0311576729333868,0.0311576729333868,V8,1,2025-03,switch_ganador
2025-03-20,Primera,0.0,0.1374222848927067,0.0978965527932208,0.0,0.0148798210119062,0.0079700283124795,0.0,0.025,0.0275781291647906,3,1.0,1.0,0.6666666666666666,4,0,2,2,2,2,1,1.0,0,0,0,0,0.0474010086961795,0.024557641489637,0.024557641489637,V7,0,2025-03,sin_switch
2025-03-20,Matutino,0.0,0.2673885417435748,0.1309930980677276,0.0,0.0148798210119062,0.0078292210560054,0.0,0.0196595623285352,0.0177312471285363,3,1.0,0.6666666666666666,0.6666666666666666,5,0,3,3,3,3,2,0.4,0,0,0,0,0.0,0.0468282083805527,0.0471956431574557,V9,0,2025-03,switch_neutro
2025-03-20,Vespertino,0.0052272451907491,0.1277740594405445,0.0530705331422975,0.0,0.021426308690479,0.0085731816455264,0.0,0.058062702284435,0.0394878281114485,3,1.0,0.5,0.6666666666666666,6,1,3,6,4,4,2,0.3333333333333333,0,0,0,0,0.0,0.0452070574714846,0.0500646294405636,V9,0,2025-03,switch_neutro
2025-03-20,Nocturno,0.1213608569897957,0.1213608569897957,0.1006520162388095,0.0,0.0148798210119062,0.0106211371401917,0.0,0.075,0.0421103054434565,3,1.0,0.4,0.6666666666666666,5,0,5,3,1,4,2,0.8,0,0,0,0,0.0233431975425053,0.0,0.0551069540810867,V9,0,2025-03,switch_neutro
2025-03-21,Previa,0.0,0.0,0.1036823338548865,0.0053605369642814,0.0184535123214271,0.0140497267235546,0.0010721073928563,0.0036907024642854,0.0183811971864592,8,1.0,1.0,0.0,8,0,1,0,8,1,1,1.0,0,0,0,0,0.0450659724599512,0.0,0.0,V7,0,2025-03,sin_switch
2025-03-21,Primera,0.0,0.0171106400330849,0.019395229794669,0.0,0.0184535123214271,0.0081563791312091,0.0,0.0390384615384614,0.0219265559396933,11,1.0,1.0,0.0,13,0,2,11,11,2,1,0.8461538461538461,0,0,0,0,0.0453869463852524,0.0738771671505964,0.0231551066026,V7,0,2025-03,sin_switch
2025-03-21,Matutino,0.0,0.011507282898072,0.0056373942852263,0.0,0.0202403579761875,0.0092399532718219,0.0,0.1606197264404755,0.0739022750097398,11,1.0,0.6666666666666666,0.0,15,0,3,13,2,3,1,0.7333333333333333,0,0,0,0,0.0,0.0,0.0,V7,0,2025-03,sin_switch
2025-03-21,Vespertino,0.0,0.0115072828980711,0.255466412190643,0.0,0.0399999999999999,0.0172288999472223,0.0,0.0701907024642854,0.0325978738703673,5,0.8,1.0,0.0,9,0,4,6,6,3,2,0.3333333333333333,0,0,0,0,0.0480731680516724,0.0267086548652036,0.0504863476379607,V7,0,2025-03,sin_switch
2025-03-21,Nocturno,0.0,0.011507282898072,0.0056373942852263,0.0,0.0391666666666664,0.0156631617469877,0.0,0.0374993211785722,0.0347737376504044,12,0.9166666666666666,0.6,0.0,7,0,5,6,2,5,1,0.5714285714285714,0,0,0,0,0.0,0.0250049866801706,0.0460117315038969,V9,0,2025-03,switch_neutro
2025-03-22,Previa,0.0,0.011507282898072,0.0046029131592288,0.0053605369642814,0.0184535123214271,0.0101324232522873,0.0010721073928563,0.0036907024642854,0.0020264846504574,8,1.0,1.0,0.0,8,0,1,0,8,1,1,1.0,0,0,0,0,0.0457644853317288,0.0,0.0,V7,0,2025-03,sin_switch
2025-03-22,Primera,0.0,0.0875289338911979,0.1274958904118983,0.0,0.0160336441426793,0.0097156569760841,0.0,0.0301185950714291,0.0703029996529332,7,1.0,1.0,0.1428571428571428,7,0,2,5,5,2,1,1.0,0,0,0,0,0.046756553654278,0.0649452418140912,0.0428734147275603,V7,0,2025-03,sin_switch
2025-03-22,Matutino,0.0,0.0501374542190191,0.0426899147969475,0.0,0.0202358325000028,0.0114756496965755,0.0,0.0572875625083858,0.0281441233854045,7,1.0,0.6666666666666666,0.1428571428571428,9,0,3,6,6,3,2,0.3333333333333333,0,0,0,0,0.0244197713740906,0.0268745139798766,0.0244197713740906,V7,0,2025-03,sin_switch
2025-03-22,Vespertino,0.0,0.0162186043243259,0.0064599332156855,0.0,0.0892513239641036,0.0405942385088695,0.0,0.1660721073928563,0.0654742737442151,8,0.875,1.0,0.125,8,0,4,6,1,4,2,0.875,0,0,0,0,0.0206827098603877,0.023435914277898,0.0476497958844354,V7,0,2025-03,sin_switch
2025-03-22,Nocturno,0.0,0.1095979728883707,0.063706589722298,0.0,0.0464378125419289,0.0382453902182105,0.0,0.0148333333333333,0.0295380415701335,9,0.7777777777777778,1.0,0.1111111111111111,9,0,5,7,1,5,1,0.7777777777777778,0,0,0,0,0.0226245614545945,0.0208040743044527,0.0515568393817385,V7,0,2025-03,sin_switch
2025-03-25,Primera,0.0,0.1964570698923848,0.0971060779350142,0.0,0.0114378125419288,0.0067065240416384,0.0,0.0572875625083859,0.0319616818101158,8,0.0,0.5,0.0,8,1,1,8,8,1,1,0.0,0,0,0,0,0.0,0.0215344928850362,0.0,V7,0,2025-03,sin_switch
2025-03-25,Matutino,0.0,0.0277258872223979,0.0521372677888723,0.0,0.0041666666666667,0.0016872013220697,0.0,0.0,0.0,12,0.0,0.6666666666666666,0.0833333333333333,22,1,2,22,14,2,1,0.0,0,0,0,0,0.097428656628786,0.1468971765979191,0.0604952333647548,V8,0,2025-03,switch_neutro
2025-03-25,Vespertino,0.0,0.1777158881024041,0.1061311514548646,0.0,0.017135878767592,0.0234135190389744,0.0,0.0,0.0139974167977001,6,0.0,0.75,0.1666666666666666,14,2,2,14,12,2,1,0.0,0,0,0,0,0.08024843738685,0.1024743622913722,0.0500935934423107,V7,0,2025-03,sin_switch
2025-03-25,Nocturno,0.0,0.1093930049829463,0.0702954198306935,0.0,0.0,0.0079541560617116,0.0,0.0324999999999999,0.0489324030846245,14,0.0,0.8,0.0,12,1,4,12,3,4,2,0.0,0,0,0,0,0.0214860039138211,0.0452319756804665,0.0452435451873315,V7,0,2025-03,sin_switch
2025-03-26,Previa,0.0,0.0062578657928513,0.0042585556600027,0.0,0.0267513239641036,0.0174987982377295,0.0,0.0053502647928207,0.0194645905968555,16,1.0,1.0,0.0,16,0,1,0,16,1,1,1.0,0,0,0,0,0.0,0.020652113463917,0.0,V7,0,2025-03,sin_switch
2025-03-26,Primera,0.0,0.2470215033065939,0.1354172028424453,0.0,0.0093544792085955,0.0074734783817172,0.0,0.1136907024642854,0.0675650959237325,8,1.0,1.0,0.125,12,0,2,9,9,2,1,1.0,0,0,0,0,0.0488828806284475,0.0221063398669635,0.0,V7,0,2025-03,sin_switch
2025-03-26,Matutino,0.0,0.010052577131236,0.2089079803708752,0.0,0.0364378125419287,0.016335083497558,0.0,0.0732149645357134,0.0373119476950935,14,0.8571428571428571,1.0,0.0714285714285714,14,0,3,11,2,3,1,0.8571428571428571,0,0,0,0,0.0228476363959004,0.0,0.0,V7,0,2025-03,sin_switch
2025-03-26,Vespertino,0.0,0.010052577131236,0.2320832870030591,0.0,0.0176878125419288,0.0096842701266416,0.0,0.0517875625083857,0.0244048750887794,8,1.0,0.5,0.125,10,0,4,7,2,4,1,0.6,0,0,0,0,0.0,0.0476520707102054,0.048725908172414,V9,0,2025-03,switch_neutro
2025-03-26,Nocturno,0.8534313837384957,0.8534313837384957,0.2571865671298849,0.0,0.0212499999999999,0.0110825101927404,0.0042857142857142,0.014,0.0065018835575484,8,1.0,0.4,0.125,8,1,4,8,4,5,1,0.25,0,0,0,0,0.0,0.0502946199962765,0.021683750191029,V8,0,2025-03,switch_neutro
2025-03-27,Previa,0.0,0.0,8.881784197001252e-16,0.0,0.0,0.0,0.0,0.0,0.0,2,1.0,1.0,0.0,2,0,1,0,2,1,1,1.0,0,0,0,0,0.0,0.0285689383382658,0.0285689383382658,V7,0,2025-03,sin_switch
2025-03-27,Primera,0.0,0.0202671982754756,0.0116110709210756,0.0070156997794982,0.0070156997794982,0.0061373431126073,0.0399999999999999,0.1250938424201849,0.0541489725952238,6,1.0,1.0,0.0,6,0,2,4,4,2,1,1.0,0,0,0,0,0.0758140549511809,0.0242872179933894,0.0242872179933894,V7,0,2025-03,sin_switch
2025-03-27,Matutino,0.2236740287933294,0.2236740287933294,0.0848247199060778,0.0070156997794982,0.0070156997794982,0.0091492844864771,0.0,0.0189542291750525,0.0207621519044766,6,1.0,0.6666666666666666,0.0,8,1,2,8,4,3,1,0.375,0,0,0,0,0.0482438977141012,0.0482438977141012,0.0226065766369724,V7,0,2025-03,sin_switch
2025-03-27,Vespertino,0.0,0.1242372289454927,0.0561965191510586,0.0070156997794982,0.0070156997794982,0.0091492844864771,0.0,0.0409031399558997,0.0287962324912255,6,1.0,0.5,0.0,6,0,4,5,3,4,2,0.5,0,0,0,0,0.0214329820452609,0.0483230447513181,0.0,V7,0,2025-03,sin_switch
2025-03-27,Nocturno,0.0,0.2774830859055237,0.1310950409003573,0.0070156997794982,0.0070156997794982,0.0147140586463314,0.0,0.032786393107142,0.0211456756232477,6,1.0,0.4,0.0,8,0,5,7,4,4,1,0.25,0,0,0,0,0.0230872595509502,0.0232200771493043,0.0494486514852188,V7,0,2025-03,sin_switch
2025-03-28,Previa,0.0,0.1912076527871642,0.0805595262925053,0.0,0.0153135114221747,0.007502057830922,0.0,0.0030627022844349,0.0015004115661844,6,1.0,1.0,0.0,6,0,1,0,6,1,1,1.0,0,0,0,0,0.0259503943949355,0.0,0.0,V7,0,2025-03,sin_switch
2025-03-28,Primera,0.0644614439134221,0.0848944688640624,0.1471538420133178,0.0,0.0218955207914044,0.0084909453241824,0.0106666666666666,0.0816666666666665,0.0672400852613445,6,1.0,1.0,0.1666666666666666,18,0,2,12,12,2,1,0.8888888888888888,0,1,0,0,0.0234734813700532,0.0248307112030461,0.0,V7,1,2025-03,sin_switch
2025-03-28,Matutino,0.0,0.0,0.000670537010737,0.0,0.0218955207914044,0.0084909453241824,0.0,0.125,0.0742851031720895,6,1.0,0.6666666666666666,0.1666666666666666,20,0,3,14,5,3,1,0.6,0,0,0,0,0.0222248706965764,0.0,0.0,V7,0,2025-03,sin_switch
2025-03-28,Vespertino,0.0,0.0162186043243259,0.00657669166791,0.0,0.0218955207914043,0.0087505307199204,0.0,0.0346969696969697,0.0198212701306092,6,1.0,0.5,0.1666666666666666,9,1,3,9,3,4,1,0.1111111111111111,0,0,0,0,0.0236325451467714,0.0694863971065555,0.0462932400825925,V8,0,2025-03,switch_neutro
2025-03-28,Nocturno,0.0,0.0767720474224527,0.0529430918037047,0.0,0.0218955207914043,0.0087505307199204,0.0566666666666667,0.1348484848484848,0.0515730106677717,6,1.0,0.4,0.1666666666666666,18,1,4,18,4,5,2,0.5555555555555556,0,0,0,0,0.0239228341241646,0.0,0.0268843403930838,V7,0,2025-03,sin_switch
2025-03-29,Previa,0.0,0.0,8.881784197001252e-16,0.0,0.0,0.0046539267095689,0.0,0.0,0.0158241563505202,4,1.0,1.0,0.0,4,0,1,0,4,1,1,1.0,0,0,0,0,0.0169109219107391,0.0,0.0,V7,0,2025-03,sin_switch
2025-03-29,Primera,0.3286376902156114,0.3931282729193217,0.1206902062649832,0.0,0.0062499999999999,0.0024999999999999,0.0,0.0,0.0134721935853075,8,1.0,1.0,0.125,8,0,2,6,6,2,1,1.0,0,0,0,0,0.046468869047785,0.0469837727727263,0.0228079673214511,V7,0,2025-03,sin_switch
2025-03-29,Matutino,0.0,0.0277258872223979,0.0302598002302092,0.0,0.0444444444444444,0.0204878765717619,0.0758333333333333,0.0783333333333333,0.0286397114648305,9,0.8888888888888888,1.0,0.1111111111111111,12,0,3,10,6,3,1,0.5,0,0,0,0,0.028701076512035,0.0227925328249097,0.0470587400795115,V7,0,2025-03,sin_switch
2025-03-29,Vespertino,0.0,0.0,0.0015138181042264,0.0,0.0399999999999999,0.018827596497612,0.0,0.0066666666666667,0.0145226490268681,10,0.8,1.0,0.0,16,0,4,13,8,4,2,0.5,0,0,0,1,0.0743367907013871,0.0,0.0711331114517896,V7,0,2025-03,sin_switch
2025-03-29,Nocturno,0.0,0.1356574164074295,0.0581331845787992,0.0,0.01,0.0138005171963903,0.0,0.1487857142857143,0.0653325510782046,10,0.8,0.8,0.0,14,0,5,12,3,5,1,0.2857142857142857,0,0,0,0,0.0272636929679657,0.0,0.0,V7,0,2025-03,sin_switch
2025-03-31,Primera,0.0,0.2053828119449532,0.0834516375797603,0.0184535123214271,0.0184535123214271,0.0110162720126636,0.0861907024642856,0.0861907024642856,0.0529525778084443,8,0.0,0.5,0.0,8,1,1,8,8,1,1,0.0,0,0,0,0,0.0456873796174814,0.0,0.0,V7,0,2025-03,sin_switch
2025-03-31,Matutino,0.0,0.0869474280902649,0.0672101013721874,0.0,0.0,0.0063567686465681,0.0,0.0801208958417191,0.0468167292152572,9,0.0,0.6666666666666666,0.0,8,1,2,8,3,2,1,0.0,0,0,0,0,0.0,0.0254354058574984,0.0254354058574984,V7,0,2025-03,sin_switch
2025-03-31,Vespertino,0.0,0.011507282898072,0.0056373942852263,0.0,0.0053605369642814,0.0038076301736631,0.0,0.03,0.0159430262959654,10,0.0,0.75,0.0,10,2,2,10,8,3,1,0.0,0,0,0,0,0.0597542434656498,0.0690543038552119,0.0224716102749663,V7,0,2025-03,sin_switch
2025-03-31,Nocturno,0.0322189456689585,0.0322189456689585,0.0393409165315902,0.0,0.0,0.0049629117531729,0.0,0.005,0.0414588258147412,9,0.0,0.8,0.0,9,2,3,9,6,4,1,0.0,0,0,0,0,0.0288118769780282,0.0489373102953023,0.0245956093971822,V7,0,2025-03,sin_switch
2025-04-01,Previa,0.0,0.0,0.1062540125258522,0.0,0.0153135114221747,0.0141323756053329,0.0,0.0030627022844349,0.0285053601569505,6,1.0,1.0,0.0,6,0,1,0,6,1,1,1.0,0,0,0,0,0.0,0.0,0.0,V7,0,2025-04,sin_switch
2025-04-01,Primera,0.010052577131236,0.1111656503196245,0.0624372141748556,0.0052288541247377,0.0052288541247378,0.0095868476775173,0.0,0.0124999999999999,0.0208192076766629,6,1.0,1.0,0.3333333333333333,9,0,2,7,7,2,1,1.0,0,0,0,0,0.0545928301851817,0.0601260240013884,0.0313862817151794,V7,0,2025-04,sin_switch
2025-04-01,Matutino,0.0,0.0089257420525683,0.0126261887672897,0.0,0.0634535123214271,0.0246911577897739,0.0449999999999999,0.0528571428571429,0.0224675267371542,10,0.9,1.0,0.0,16,0,3,10,10,3,2,0.375,0,0,0,0,0.0462709625847707,0.0,0.0269958488394795,V7,0,2025-04,sin_switch
2025-04-01,Vespertino,0.0,0.0,0.0983540526960968,0.003453512321427,0.005,0.0208135073537597,0.0,0.0186315789473684,0.0349974226847948,8,0.75,1.0,0.25,19,0,4,18,5,4,1,0.1052631578947368,0,0,0,0,0.0240214224863604,0.0236164330118199,0.0238353719477911,V7,0,2025-04,sin_switch
2025-04-01,Nocturno,0.0,0.0250475756830921,0.0247842417948358,0.0,0.0197711458752621,0.0098834370617718,0.0114285714285714,0.1697875625083857,0.0808046346106923,10,0.9,0.6,0.0,18,0,5,12,4,5,1,0.3333333333333333,0,0,0,0,0.0245173976695919,0.0,0.0,V7,0,2025-04,sin_switch
2025-04-03,Primera,0.0,0.2116406777378046,0.1064956143678163,0.0,0.0,0.0,0.0,0.0,5.551115123125783e-17,2,0.0,0.5,0.0,2,1,1,2,2,1,1,0.0,0,0,0,0,0.0,0.019424726926013,0.019424726926013,V7,0,2025-04,sin_switch
2025-04-03,Matutino,0.1973351305332036,0.2026763862381839,0.061965502330213,0.0,0.0053605369642814,0.0045737263889946,0.0572875625083857,0.0572875625083857,0.0255378818344274,8,0.0,0.6666666666666666,0.0,8,1,2,8,6,2,1,0.0,0,0,0,0,0.0,0.0236866247826573,0.0236866247826573,V7,0,2025-04,sin_switch
2025-04-03,Vespertino,0.0,0.0525554716266638,0.0612580934455204,0.0,0.0069070246428543,0.0036533818036095,0.0,0.0937154551155293,0.0465985467845582,5,0.0,0.75,0.4,7,1,3,7,4,3,1,0.0,0,0,0,0,0.0,0.0255472829124589,0.0255472829124589,V7,0,2025-04,sin_switch
2025-04-03,Nocturno,0.0,0.5694455431354415,0.2261221004203898,0.0,0.0038461538461538,0.0022949181169475,0.0,0.0384999999999999,0.0270341145162714,13,0.0,0.8,0.0769230769230769,13,2,3,13,8,4,1,0.0,0,0,0,0,0.0771081101979335,0.0568558122007142,0.0289988265579516,V7,0,2025-04,sin_switch
2025-04-04,Previa,0.0,0.0,8.881784197001252e-16,0.0,0.0,0.0,0.0,0.0,0.0,2,1.0,1.0,0.0,2,0,1,0,2,1,1,1.0,0,0,0,0,0.0,0.0285689383382658,0.0285689383382658,V7,0,2025-04,sin_switch
2025-04-04,Primera,0.0,0.1764052047826219,0.0951985793807147,0.0346864885778253,0.0417021883573235,0.0122187778985649,0.004,0.1536907024642855,0.0727534959437008,4,1.0,1.0,1.0,12,0,2,10,10,2,1,0.8333333333333334,0,0,0,0,0.0468257937820207,0.0233474549338296,0.0,V7,0,2025-04,sin_switch
2025-04-04,Matutino,0.0,0.0859217256888342,0.0650329579218079,0.0346864885778253,0.0417021883573235,0.0122187778985649,0.004,0.0806208958417191,0.0377686318138989,4,1.0,0.6666666666666666,1.0,12,0,3,10,0,2,0,0.8333333333333334,1,0,0,0,0.0486594703239096,0.0485176602185444,0.0243666164965322,V7,0,2025-04,sin_switch
2025-04-04,Vespertino,0.0,0.1654174891176003,0.0680792587907493,0.0232486760358965,0.0346864885778253,0.0125485410270583,0.0,0.2226229920655479,0.0885276526753972,4,1.0,0.5,1.0,11,0,4,9,1,4,2,0.7272727272727273,0,0,0,0,0.0,0.0232054307381286,0.0476739922614078,V9,0,2025-04,switch_neutro
2025-04-04,Nocturno,0.0,0.1258449740069744,0.0510103305669564,0.0,0.0070156997794982,0.0097873720346126,0.016,0.0672727272727273,0.0354702191462216,6,1.0,0.4,0.0,16,0,5,14,4,4,2,0.625,0,0,0,0,0.0466842316024631,0.0231494887149936,0.072690311930174,V7,0,2025-04,sin_switch
2025-04-05,Previa,0.0,0.0,8.881784197001252e-16,0.0,0.0,0.0,0.0,0.0,0.0,4,1.0,1.0,0.0,4,0,1,0,4,1,1,1.0,0,0,0,0,0.0166349445959084,0.0202799905058976,0.0202799905058976,V7,0,2025-04,sin_switch
2025-04-05,Primera,0.0,0.0162186043243268,0.0078574367054018,0.0,0.0062499999999999,0.0030568425195541,0.0,0.0560721073928563,0.0303820726778542,8,1.0,1.0,0.125,8,0,2,7,7,2,1,1.0,0,0,0,0,0.041046799715498,0.0684522609097386,0.0378009259402907,V7,0,2025-04,sin_switch
2025-04-05,Matutino,0.0,0.0,0.0100013647134747,0.0,0.0062499999999999,0.0030568425195541,0.0,0.12952358325,0.0518324929368185,8,1.0,0.6666666666666666,0.125,7,0,3,5,2,3,1,0.7142857142857143,0,0,0,0,0.0232994404361251,0.052400654901629,0.0257572471100493,V7,0,2025-04,sin_switch
2025-04-05,Vespertino,0.0,0.1250731347563007,0.0488132380763891,0.0,0.0062499999999999,0.0027597832672894,0.0,0.0501595623285352,0.0253408520188877,8,1.0,0.5,0.125,5,0,4,3,1,3,1,0.8,0,0,0,0,0.0299784834435551,0.0564591423205928,0.0701865830448841,V9,0,2025-04,switch_neutro
2025-04-05,Nocturno,0.0,0.0061660271930907,0.0060232160360709,0.0,0.0062499999999999,0.0024206230650619,0.0,0.0731666666666667,0.0551831830341604,8,1.0,0.4,0.125,9,0,5,6,4,4,2,0.5555555555555556,0,0,0,0,0.0,0.0442184296217264,0.0467926395585283,V9,0,2025-04,switch_neutro
2025-04-07,Primera,0.0,0.0,8.881784197001252e-16,0.0,0.0,0.0,0.0,0.0,5.551115123125783e-17,2,0.0,0.5,0.0,2,1,1,2,2,1,1,0.0,0,0,0,0,0.0,0.0130689037433995,0.0130689037433995,V7,0,2025-04,sin_switch
2025-04-07,Matutino,0.0061660271930907,0.0223846315174167,0.0378389954006206,0.0,0.0166666666666666,0.0064722751125666,0.0,0.0,0.0276666666666666,6,0.0,0.6666666666666666,0.3333333333333333,6,1,2,6,5,2,1,0.0,0,0,0,0,0.0,0.0277389501878763,0.0277389501878763,V7,0,2025-04,sin_switch
2025-04-07,Vespertino,0.0,0.0,8.881784197001252e-16,0.0052288541247377,0.0052288541247377,0.0015686562374213,0.0,0.025,0.0102333036211775,6,0.0,0.75,0.3333333333333333,9,1,3,9,8,3,2,0.0,0,0,0,0,0.0,0.0693457414818853,0.0229774607578331,V8,0,2025-04,switch_neutro
2025-04-07,Nocturno,0.0,0.1734719414956966,0.0849835482708785,0.0,0.0084535123214271,0.0064965873484904,0.0,0.024,0.0102119103382361,8,0.0,0.8,0.0,8,2,3,8,6,4,2,0.0,0,0,0,0,0.0,0.0216594825190442,0.0216594825190442,V7,0,2025-04,sin_switch
2025-04-08,Previa,0.0,0.0089257420525683,0.0078077525535329,0.0,0.0254692121009253,0.0099799011939637,0.0,0.037593842420185,0.017693467750838,6,1.0,1.0,0.0,6,0,1,0,6,1,1,1.0,0,0,0,0,0.0187412876819602,0.0,0.0,V7,0,2025-04,sin_switch
2025-04-08,Primera,0.0,0.044104060887169,0.031487442977135,1.1102230246251563e-16,1.1102230246251563e-16,0.001642526617047,0.0,0.0024999999999999,0.0219171883660784,2,1.0,1.0,1.0,9,0,2,6,6,2,1,1.0,0,0,0,0,0.0424692160001703,0.0217081098466982,0.0448748138556651,V7,0,2025-04,sin_switch
2025-04-08,Matutino,0.0,0.1978300797738672,0.0909970749090912,1.1102230246251563e-16,1.1102230246251563e-16,0.001642526617047,0.1042875625083858,0.1342875625083858,0.0430597398270161,2,1.0,0.6666666666666666,1.0,10,0,3,8,2,3,1,0.6,0,0,0,0,0.0585966550170656,0.0,0.0224449684039352,V7,0,2025-04,sin_switch
2025-04-08,Vespertino,0.0,0.0134588894648484,0.0403477398939862,0.0,0.0,0.001642526617047,0.0,0.0185707497500007,0.016506471117545,12,1.0,0.5,0.0,7,1,3,7,5,4,1,0.1428571428571428,0,0,0,0,0.0253045056109752,0.0945939577143565,0.0216444245785362,V8,0,2025-04,switch_neutro
2025-04-08,Nocturno,0.0,0.2645595889601413,0.1281576213694053,0.0,0.0,0.001642526617047,0.0,0.0957409385616874,0.0542646906947921,12,1.0,0.4,0.0,11,0,5,10,3,4,2,0.5454545454545454,0,0,0,0,0.0,0.023382282336576,0.0241661056830588,V7,0,2025-04,sin_switch
2025-04-09,Previa,0.0,0.0,0.0959001346223347,0.0,0.0101557006787506,0.0073869986255844,0.0,0.03453114013575,0.0220256502206202,4,1.0,1.0,0.0,4,0,1,0,4,1,1,1.0,0,0,0,0,0.0,0.0,0.0,V7,0,2025-04,sin_switch
2025-04-09,Primera,0.2016093567225212,0.254926914081083,0.0872849083792447,0.0,0.0053605369642815,0.0074119848374723,0.0182149645357134,0.1160721073928563,0.0488775679716112,2,1.0,1.0,1.0,8,0,2,6,6,2,1,1.0,0,0,0,0,0.0457808944882899,0.0,0.0217346798945495,V7,0,2025-04,sin_switch
2025-04-09,Matutino,0.0,0.2092358155371467,0.0900236940775977,1.1102230246251563e-16,0.0184535123214272,0.009316033906815,0.0,0.0392863931071421,0.0186347992291713,2,1.0,0.6666666666666666,1.0,9,0,3,8,2,3,1,0.6666666666666666,0,0,0,0,0.036091701966654,0.0253936109884393,0.0309761632633362,V7,0,2025-04,sin_switch
2025-04-09,Vespertino,0.0,0.0339188498946931,0.0226998857010977,0.0,0.0082978116426765,0.0069759293028277,0.0,0.0328564640357151,0.0158018178034676,1,1.0,0.5,1.0,7,0,4,6,4,4,2,0.4285714285714285,0,0,0,0,0.02272917302746,0.0,0.0851686443006784,V9,0,2025-04,switch_neutro
2025-04-09,Nocturno,0.0,0.0,0.0204501384205986,0.0,0.0102288541247377,0.0076208555922078,0.0,0.0123846153846154,0.0103629195562857,6,0.6666666666666666,1.0,0.0,10,0,5,9,4,5,1,0.1,0,0,0,0,0.0221804155148355,0.0,0.0715988258243414,V9,0,2025-04,switch_neutro
2025-04-10,Previa,0.0,0.0,8.881784197001252e-16,0.0,0.0,0.0,0.0,0.0,0.0,2,1.0,1.0,0.0,2,0,1,0,2,1,1,1.0,0,0,0,0,0.0,0.0285689383382658,0.0285689383382658,V7,0,2025-04,sin_switch
2025-04-10,Primera,0.0848944688640624,0.3652428163564805,0.160488186468413,0.0114378125419288,0.0142513239641036,0.0063182488176448,0.0102631578947367,0.0972875625083857,0.0571576654083137,10,1.0,1.0,0.0,16,0,2,14,14,2,1,0.875,0,0,0,0,0.0235408820088004,0.0501159111939666,0.0240775574658569,V7,0,2025-04,sin_switch
2025-04-10,Matutino,0.0,0.0338919144154887,0.0788760740049634,0.0114378125419288,0.0142513239641036,0.0074679513383313,0.0240480715952375,0.0350000000000001,0.0129808120527676,10,1.0,0.6666666666666666,0.0,8,1,2,8,2,3,1,0.5,0,0,0,0,0.0510158922743272,0.0279030703488823,0.0,V7,0,2025-04,sin_switch
2025-04-10,Vespertino,0.010052577131236,0.0235114665960844,0.054022962979665,0.0,0.0070156997794982,0.0055115921805068,0.0,0.1205484320736031,0.0699068843236676,6,1.0,0.5,0.0,23,0,4,21,4,3,1,0.6521739130434783,0,0,0,0,0.0,0.0,0.0,V7,0,2025-04,sin_switch
2025-04-10,Nocturno,0.0,0.0083937839692254,0.0056413023771494,0.0,0.013562187458071,0.0057001420471145,0.0,0.2256666666666666,0.0959844051617316,6,1.0,0.4,0.0,9,0,5,8,4,4,1,0.3333333333333333,0,0,0,0,0.0245978265806798,0.0,0.0,V7,0,2025-04,sin_switch
2025-04-11,Previa,0.0,0.0,0.1049451156029572,0.0,0.0114378125419288,0.0150953059609842,0.0,0.0022875625083857,0.0173751512592701,12,1.0,1.0,0.0,12,0,1,0,12,1,1,1.0,0,0,0,0,0.0209548923444861,0.0212707197758767,0.0,V7,0,2025-04,sin_switch
2025-04-11,Primera,0.0,0.0835993324376707,0.1902027191931807,0.0,0.0114378125419288,0.0058344590860858,0.0,0.0483333333333333,0.0318707123268351,12,1.0,1.0,0.0,12,0,2,9,9,2,1,0.8333333333333334,0,0,0,0,0.0467577956576527,0.0522245264342806,0.0228490969163778,V7,0,2025-04,sin_switch
2025-04-11,Matutino,0.3388342088802991,0.3388342088802991,0.1099888298715857,0.0,0.0114378125419288,0.0058344590860858,0.0285714285714285,0.0474999999999999,0.0370876421099928,12,1.0,0.6666666666666666,0.0,24,0,3,12,6,3,1,0.6666666666666666,0,0,0,0,0.0235203025614232,0.0249297258523968,0.0235962471933885,V7,0,2025-04,sin_switch
2025-04-11,Vespertino,0.0,0.011507282898072,0.0485071123778833,0.0,0.0114378125419288,0.0065091940876047,0.0,0.0569736842105264,0.0506247720420113,12,1.0,0.5,0.0,19,0,4,9,3,4,1,0.5789473684210527,0,0,0,0,0.0,0.0222092832858548,0.0269906882401829,V7,0,2025-04,sin_switch
2025-04-11,Nocturno,0.0,0.0162186043243259,0.0448291320055375,0.0,0.0114378125419288,0.0065091940876047,0.0,0.0325959169166658,0.0227514753979005,12,1.0,0.4,0.0,9,1,4,9,5,5,1,0.2222222222222222,0,0,0,0,0.0226760666903948,0.0769586678250947,0.0679842213364295,V8,0,2025-04,switch_neutro
2025-04-12,Previa,0.0,0.1912076527871642,0.0783699329880183,0.0,0.0,0.0050778503393753,0.0,0.0,0.017265570067875,4,1.0,1.0,0.0,4,0,1,0,4,1,1,1.0,0,0,0,0,0.0,0.0,0.0,V7,0,2025-04,sin_switch
2025-04-12,Primera,0.0134588894648484,0.0882298030521298,0.0391345003619506,0.0114378125419289,0.0114378125419289,0.0052067347333092,0.0,0.0376595623285352,0.0205681099073512,2,1.0,1.0,1.0,5,0,2,4,4,2,1,0.8,0,0,0,0,0.0644232904852844,0.0451960472176223,0.0450622791961438,V7,0,2025-04,sin_switch
2025-04-12,Matutino,0.0089257420525683,0.0366516292749663,0.1489439555559173,0.0,0.0275058470062188,0.0137610262997639,0.0009031399558996,0.0179031399558996,0.0200799723343288,7,0.8571428571428571,1.0,0.0,6,0,3,4,2,3,1,0.6666666666666666,0,0,0,0,0.0498605161994456,0.0724906080914672,0.079179800299479,V7,0,2025-04,sin_switch
2025-04-12,Vespertino,0.0,0.1009278320391553,0.0546241632246439,0.00893196553571,0.0114378125419288,0.0067664575288294,0.102286393107142,0.1029999999999999,0.0427263188191472,2,1.0,0.5,1.0,10,0,4,8,4,4,1,0.4,0,0,0,0,0.0553579073725471,0.0,0.0453283784201848,V7,0,2025-04,sin_switch
2025-04-12,Nocturno,0.0,0.0,0.0056373942852263,0.0,0.0129843002205017,0.0120581508706105,0.0,0.0456900236428576,0.0296398629441139,5,0.8,0.8,0.2,7,0,5,6,2,4,2,0.5714285714285714,0,0,0,1,0.0,0.0516489769924884,0.021909811683627,V8,0,2025-04,switch_neutro
2025-04-14,Primera,0.0,0.0,0.0980449395696601,0.0,0.0130929753571457,0.0064142217679682,0.0,0.0626185950714291,0.0306767212669917,3,0.0,0.5,0.0,3,1,1,3,3,1,1,0.0,0,0,0,0,0.0,0.0172747108116156,0.0172747108116156,V7,0,2025-04,sin_switch
2025-04-14,Matutino,0.0,0.0047113214262557,0.0358710087652918,0.0,0.0053605369642814,0.00401054606497,0.0,0.0285721073928563,0.0288348870658597,8,0.0,0.6666666666666666,0.0,8,1,2,8,7,2,1,0.0,0,0,0,0,0.0,0.0687233074849578,0.0253470461753608,V8,0,2025-04,switch_neutro
2025-04-14,Vespertino,0.0162186043243259,0.0267767683642432,0.0178075144202097,0.0,0.0053605369642814,0.0026261160619634,0.0,0.0285721073928563,0.0239592768369057,8,0.0,0.75,0.0,8,2,2,8,6,3,1,0.0,0,0,0,0,0.0254106009746284,0.0454057649812088,0.0253370330635355,V7,0,2025-04,sin_switch
2025-04-14,Nocturno,0.0,0.0249471272147188,0.0100739106116151,0.0,0.0044676798214242,0.0022869367009111,0.0,0.0120721073928563,0.0117729706895295,8,0.0,0.8,0.125,9,1,4,9,4,3,1,0.0,0,0,0,0,0.0,0.0803088713158849,0.0387047319381094,V8,0,2025-04,switch_neutro
2025-04-15,Previa,0.0,0.0,0.0080596518514479,0.0,0.0,0.0040622802715002,0.0,0.0,0.0138124560543,4,1.0,1.0,0.0,4,0,1,0,4,1,1,1.0,0,0,0,0,0.017601237091162,0.0,0.0,V7,0,2025-04,sin_switch
2025-04-15,Primera,0.0,0.1864577819138579,0.0946459869132512,0.0084535123214271,0.0114378125419288,0.0034400193322602,0.0239999999999999,0.1047875625083856,0.0723588013591662,12,1.0,1.0,0.0,12,0,2,10,10,2,1,1.0,0,0,0,0,0.0491227005108365,0.0471025080312076,0.0254043666273451,V7,0,2025-04,sin_switch
2025-04-15,Matutino,0.0338919144154887,0.1762948377369451,0.0748416533482698,0.0084535123214271,0.0114378125419288,0.0034400193322602,0.104143535964285,0.1573502647928207,0.0527051073509008,12,1.0,0.6666666666666666,0.0,10,0,3,8,2,3,1,0.6,0,0,0,0,0.0700192922385934,0.0277256054076579,0.0277256054076579,V7,0,2025-04,sin_switch
2025-04-15,Vespertino,0.0,0.094799806409469,0.0532466539592558,0.0,0.0215464876785729,0.0117391085121871,0.0,0.1247727272727272,0.0644041396385242,5,0.8,1.0,0.0,11,0,4,9,1,4,2,0.7272727272727273,0,0,0,0,0.0464153566037831,0.0612992813288105,0.0612992813288105,V7,0,2025-04,sin_switch
2025-04-15,Nocturno,0.0,0.0012169630999938,0.0077673343324453,0.0,0.044521546785717,0.0184349222208035,0.0,0.0361353002571072,0.0202143284315459,7,0.8571428571428571,0.8,0.0,7,0,5,3,1,4,2,0.8571428571428571,0,1,0,0,0.026311560742939,0.0488122457062303,0.0231292566745395,V7,1,2025-04,sin_switch
2025-04-16,Previa,0.0,0.011507282898072,0.0056373942852263,0.0,0.0101557006787506,0.0049752569286751,0.0,0.03453114013575,0.0169167347138256,4,1.0,1.0,0.0,4,0,1,0,4,1,1,1.0,0,0,0,0,0.0,0.0,0.0,V7,0,2025-04,sin_switch
2025-04-16,Primera,0.0061660271930907,0.0223846315174167,0.0316319022249584,0.0,0.0070156997794982,0.0033727912829866,0.015,0.0526907024642855,0.0332081533021918,6,1.0,1.0,0.0,8,0,2,6,6,2,1,0.75,0,0,0,0,0.0423659233334268,0.0710413214738861,0.0398245431675922,V7,0,2025-04,sin_switch
2025-04-16,Matutino,0.0,0.0728714329188298,0.0304967289091282,0.0,0.034521546785717,0.0141885085583455,0.0341666666666666,0.0379545454545454,0.0462650250820003,7,0.8571428571428571,1.0,0.0,12,0,3,10,6,3,1,0.5,0,0,0,0,0.0477485213712132,0.0232308849086664,0.0232308849086664,V7,0,2025-04,sin_switch
2025-04-16,Vespertino,0.0,0.0039983855902585,0.0047789325694169,0.0,0.009521546785717,0.0052235390545214,0.0,0.1237094700302189,0.0677782067780657,7,0.8571428571428571,0.75,0.0,13,0,4,11,4,4,1,0.3076923076923077,0,0,0,0,0.0222687202432297,0.0,0.0,V7,0,2025-04,sin_switch
2025-04-16,Nocturno,0.0,0.0967708853763857,0.0702119837446188,0.0,0.0027403579761875,0.0071276700097801,0.0,0.0497272727272726,0.0281528076563253,8,0.75,0.8,0.0,11,0,5,8,6,4,1,0.2727272727272727,0,0,0,0,0.0231753444494182,0.0225432495734617,0.0680878436912657,V9,0,2025-04,switch_neutro
2025-04-17,Previa,0.0,0.0,8.881784197001252e-16,0.0,0.0,0.0,0.0,0.0,0.0,2,1.0,1.0,0.0,2,0,1,0,2,1,1,1.0,0,0,0,0,0.0,0.0285689383382658,0.0285689383382658,V7,0,2025-04,sin_switch
2025-04-17,Primera,0.1801217105623509,0.254926914081083,0.0816338075434455,0.0166666666666667,0.0194801780888415,0.0067934590805077,0.0,0.1230627022844348,0.0476708350787732,6,1.0,1.0,0.3333333333333333,6,0,2,4,4,2,1,1.0,0,0,0,0,0.054335178663968,0.0,0.0,V7,0,2025-04,sin_switch
2025-04-17,Matutino,0.0,0.0162186043243259,0.024359899976884,0.0166666666666667,0.0194801780888415,0.0067934590805077,0.0,0.0329830685405126,0.0147055164386061,6,1.0,0.6666666666666666,0.3333333333333333,4,0,3,2,2,3,2,0.5,0,0,0,0,0.023967536410201,0.0262877871184562,0.0224323936775521,V7,0,2025-04,sin_switch
2025-04-17,Vespertino,0.0,0.0277258872223979,0.2478319458619509,0.0,0.0070156997794982,0.0045906543076976,0.0,0.1124993211785723,0.0532527950153456,6,1.0,0.5,0.0,7,0,4,5,3,4,2,0.5714285714285714,0,0,0,0,0.0,0.0,0.0,V7,0,2025-04,sin_switch
2025-04-17,Nocturno,0.0134588894648484,0.0134588894648484,0.0085743348490012,0.0,0.0070156997794982,0.0045906543076976,0.0,0.0241900236428578,0.0118928322826387,6,1.0,0.4,0.0,7,1,4,7,1,5,2,0.5714285714285714,0,0,0,0,0.0286526436246544,0.0784903373252059,0.0528199874035402,V8,0,2025-04,switch_neutro
2025-04-19,Primera,0.0,0.0,0.0940039881882781,0.0,0.0153135114221747,0.0061254045688699,0.0,0.0580627022844348,0.0232250809137739,6,0.0,0.5,0.0,6,1,1,6,6,1,1,0.0,0,0,0,0,0.0,0.0193169219348431,0.0193169219348431,V7,0,2025-04,sin_switch
2025-04-19,Matutino,0.0,0.0367114348379713,0.0183361025565174,0.0,0.0116105369642814,0.0068230008605104,0.0,0.0019542291750525,0.0256828132237252,8,0.0,0.6666666666666666,0.125,8,2,1,8,8,2,2,0.0,0,0,0,0,0.0214051165865933,0.0192236430161116,0.0,V7,0,2025-04,sin_switch
2025-04-19,Vespertino,0.0,0.2032641786718514,0.1748218759797404,0.0,0.0017823201785757,0.001864568650412,0.0,0.0,0.0130933844892171,7,0.0,0.75,0.1428571428571428,9,2,2,9,8,3,1,0.0,0,0,0,0,0.0475062876932664,0.0500425704784537,0.0,V7,0,2025-04,sin_switch
2025-04-19,Nocturno,0.0,0.0204330249506403,0.0234281994305382,0.0,0.0095272036309481,0.0049697430369064,0.0,0.0035721073928562,0.0208475580669611,12,0.0,0.8,0.0833333333333333,12,2,3,12,1,4,1,0.0,0,0,0,0,0.0276852736839123,0.0515960748444049,0.0278531982639185,V7,0,2025-04,sin_switch
2025-04-21,Primera,0.0,0.2116406777378046,0.1078381627661703,0.0,0.0,0.0,0.0,0.0,5.551115123125783e-17,2,0.0,0.5,0.0,2,1,1,2,2,1,1,0.0,0,1,0,0,0.0,0.0194437997084245,0.0194437997084245,V7,1,2025-04,sin_switch
2025-04-21,Matutino,0.0,0.2695437426320888,0.1272080885912957,0.0,0.0,0.0014067557110873,0.0,0.0553333333333333,0.036159885679427,6,0.0,0.6666666666666666,0.0,6,1,2,6,4,2,1,0.0,0,0,0,0,0.0,0.0238089973826991,0.0238089973826991,V7,0,2025-04,sin_switch
2025-04-21,Vespertino,0.0,0.0113811177708944,0.0695199995222811,0.0,0.0071428571428571,0.0038790963398078,0.0,0.0897875625083857,0.0361366908748084,7,0.0,0.75,0.2857142857142857,9,1,3,9,3,3,1,0.0,0,0,0,0,0.0,0.0281680504647459,0.0476083033703521,V9,0,2025-04,switch_neutro
2025-04-21,Nocturno,0.0,0.0160003413446325,0.0348631872469374,0.0,0.0111111111111111,0.0080251462577127,0.0,0.0409999999999999,0.0243277300980636,9,0.0,0.8,0.2222222222222222,10,2,3,10,6,3,1,0.0,0,0,0,0,0.0337579563861188,0.067454863730004,0.0245366941067669,V8,0,2025-04,switch_neutro
2025-04-22,Previa,0.0,0.2001333948397325,0.0834660942458785,0.0114378125419288,0.0267513239641036,0.0086240325884562,0.0022875625083857,0.0053502647928207,0.0017248065176912,8,1.0,1.0,0.0,8,0,1,0,8,1,1,1.0,0,0,0,0,0.0706615680284248,0.0218444910489234,0.0218444910489234,V7,0,2025-04,sin_switch
2025-04-22,Primera,0.9541640420447428,0.9541640420447428,0.2989274279741296,0.0031044792085954,0.0083333333333333,0.0052668285389337,0.0109090909090908,0.0549999999999999,0.0364464247737444,12,1.0,1.0,0.1666666666666666,12,0,2,10,10,2,1,1.0,0,0,0,0,0.0213344857087753,0.0258047309972744,0.0218029626994507,V7,0,2025-04,sin_switch
2025-04-22,Matutino,0.0,0.0525554716266638,0.0561580144546515,0.0,0.0108391803395522,0.0064917418551229,0.0,0.0018328807857147,0.0074505474487434,7,0.8571428571428571,1.0,0.0,7,0,3,5,2,3,1,0.7142857142857143,0,0,0,0,0.0454702895524164,0.0701439901050697,0.0873691803563845,V9,0,2025-04,switch_neutro
2025-04-22,Vespertino,0.0,0.0624677675720537,0.0495496669558852,0.0,0.0138888888888888,0.0089530500632887,0.0,0.0273573691309521,0.0258061923002032,9,0.8888888888888888,0.75,0.0,9,0,4,5,1,3,1,0.8888888888888888,0,0,0,0,0.0,0.0495330539074723,0.0794771749829846,V9,0,2025-04,switch_neutro
2025-04-22,Nocturno,0.0,0.0061660271930907,0.0139475011452588,0.0,0.0475033941071386,0.0285212352382265,0.0,0.0599999999999999,0.026270508893795,10,0.9,0.8,0.0,10,0,5,7,1,4,2,0.9,0,0,0,0,0.0270124666702704,0.0450755596187313,0.0478616525055718,V7,0,2025-04,sin_switch
2025-04-23,Previa,0.0,0.2116406777378046,0.1036823338548864,0.0,0.0130929753571457,0.0052371901428582,0.0,0.0351185950714292,0.0140474380285716,3,1.0,1.0,0.0,3,0,1,0,3,1,1,1.0,0,0,0,0,0.0,0.0,0.0,V7,0,2025-04,sin_switch
2025-04-23,Primera,0.0,0.0830132169592143,0.0332052867836857,0.0,0.01,0.0054551432124117,0.0,0.0830702591701848,0.0406120649899637,5,1.0,1.0,0.2,6,0,2,5,5,2,1,0.6666666666666666,0,0,0,0,0.044879350411014,0.0666136738126858,0.0441885421285538,V7,0,2025-04,sin_switch
2025-04-23,Matutino,0.0,0.4032867915306486,0.1725034470648651,0.0,0.01,0.006434543213007,0.0,0.0128571428571429,0.0229483973567315,5,1.0,0.6666666666666666,0.2,7,0,3,4,4,3,2,0.4285714285714285,0,0,0,0,0.0230570853790158,0.0235045998685426,0.0230570853790158,V7,0,2025-04,sin_switch
2025-04-23,Vespertino,0.0,0.0072928622717576,0.0050142134609105,0.0,0.0213907869998221,0.0115352228697721,0.0,0.0824999999999999,0.0422549495135097,7,0.7142857142857143,1.0,0.1428571428571428,8,0,4,7,4,4,1,0.25,0,0,0,0,0.0,0.0260935200317985,0.0487368653867114,V9,0,2025-04,switch_neutro
2025-04-23,Nocturno,0.0,0.0720607259961987,0.0357743218116555,0.0,0.0103605369642815,0.0052120653979845,0.0,0.0583583122583866,0.0310073436682855,2,1.0,0.4,0.5,7,0,5,6,4,5,2,0.1428571428571428,0,0,0,0,0.0,0.0,0.0562524465020022,V9,0,2025-04,switch_neutro
2025-04-24,Previa,0.0,0.0,0.0081093021621629,0.0,0.0,0.0,0.0,0.0,0.0,2,1.0,1.0,0.0,2,0,1,0,2,1,1,1.0,0,0,0,0,0.0,0.0326332378038257,0.0326332378038257,V8,0,2025-04,switch_neutro
2025-04-24,Primera,0.0,0.1999166713787064,0.1624215848967312,1.1102230246251563e-16,0.0142513239641037,0.006801943051111,0.0,0.060212437491614,0.0370396983060057,2,1.0,1.0,1.0,6,0,2,5,5,2,1,1.0,0,0,0,0,0.0216380897703294,0.0216380897703294,0.0448440940815764,V7,0,2025-04,sin_switch
2025-04-24,Matutino,0.0,0.1816360934419263,0.0728772346521834,0.0114378125419288,0.0142513239641036,0.0055416205715378,0.0,0.0636426308690478,0.0264768589137999,8,1.0,0.6666666666666666,0.0,5,0,3,4,4,3,2,0.2,0,0,0,0,0.0237317747897031,0.0248222585977527,0.0,V7,0,2025-04,sin_switch
2025-04-24,Vespertino,0.0,0.0,0.0331251255896565,0.0114378125419288,0.0142513239641036,0.0046045208261792,0.0,0.1080627022844349,0.0492145056115023,8,1.0,0.5,0.0,6,0,4,5,2,4,2,0.6666666666666666,0,0,0,0,0.0240877546975653,0.0229647350792451,0.022817676739638,V7,0,2025-04,sin_switch
2025-04-24,Nocturno,0.0,0.1644935962048119,0.0680310291127492,0.0114378125419288,0.0142513239641036,0.0055416205715378,0.0,0.054286393107142,0.0333775189589927,8,1.0,0.4,0.0,8,0,5,7,2,5,1,0.5,0,0,0,0,0.0266648702887457,0.050861028232039,0.0252107116013911,V7,0,2025-04,sin_switch
2025-04-25,Previa,0.0,0.0,8.881784197001252e-16,0.0,0.0254692121009253,0.0101876848403701,0.0,0.037593842420185,0.015037536968074,6,1.0,1.0,0.0,6,0,1,0,6,1,1,1.0,0,0,0,0,0.0183640072483145,0.0,0.0,V7,0,2025-04,sin_switch
2025-04-25,Primera,0.0,0.0,0.0864265784403163,0.0,0.0114378125419288,0.0052896539283363,0.0,0.1753502647928206,0.0681201352490253,10,1.0,1.0,0.0,10,0,2,9,9,2,1,1.0,0,0,0,0,0.0282355456383529,0.0,0.0,V7,0,2025-04,sin_switch
2025-04-25,Matutino,0.0,0.2776349949214038,0.1143640596626116,0.0,0.0114378125419288,0.0052896539283363,0.0,0.0183333333333334,0.0093466304581191,10,1.0,0.6666666666666666,0.0,7,0,3,6,1,3,1,0.4285714285714285,0,0,0,1,0.023192027779209,0.0239966282070373,0.0482942103885524,V7,0,2025-04,sin_switch
2025-04-25,Vespertino,0.0,0.2262149914477733,0.1328967067258491,0.0,0.0114378125419288,0.0052896539283363,0.0,0.0105011694012437,0.0083647053267356,10,1.0,0.5,0.0,7,0,4,6,2,4,1,0.2857142857142857,0,0,0,0,0.0,0.0253850565351741,0.0515475589177947,V9,0,2025-04,switch_neutro
2025-04-25,Nocturno,0.0,0.011507282898072,0.0327437440715755,0.0,0.0114378125419288,0.0058344590860858,0.0,0.1256907024642855,0.0501157567305204,10,1.0,0.4,0.0,10,0,5,9,3,5,2,0.3,0,0,0,0,0.0,0.0210722325657148,0.0234907997579102,V7,0,2025-04,sin_switch
2025-04-26,Previa,0.0,0.0,0.0046029131592288,0.0,0.0,0.0052371901428582,0.0,0.0,0.0140474380285716,3,1.0,1.0,0.0,3,0,1,0,3,1,1,1.0,0,0,0,0,0.0,0.0,0.0,V7,0,2025-04,sin_switch
2025-04-26,Primera,0.0235114665960844,0.1111656503196245,0.0390117443960492,0.0,0.0053605369642814,0.0050004548700256,0.0,0.0614278926071435,0.0312933570727167,9,1.0,1.0,0.0,7,0,2,5,5,2,1,1.0,0,0,0,0,0.0302816101851032,0.0522869015397795,0.0204788501818107,V7,0,2025-04,sin_switch
2025-04-26,Matutino,0.0,0.2106612639022671,0.1343105335207883,0.0,0.0084535123214271,0.0044359502788222,0.0,0.0293333333333332,0.0250211300803042,9,1.0,0.6666666666666666,0.0,10,1,2,10,2,3,1,0.8,0,0,0,0,0.0529476376157383,0.0528384828971048,0.0,V7,0,2025-04,sin_switch
2025-04-26,Vespertino,0.0,0.1930172112128199,0.0978428631714912,0.0,0.0190464876785728,0.0175474755596422,0.0,0.1391666666666665,0.0625833526527779,5,0.8,1.0,0.2,9,0,4,8,4,4,2,0.5555555555555556,0,0,0,0,0.0462450250351588,0.0386052614935277,0.0386052614935277,V7,0,2025-04,sin_switch
2025-04-26,Nocturno,0.0,0.0655935240892109,0.0323327967277446,0.0,0.0190464876785728,0.0101491066553571,0.0,0.0886907024642855,0.0413538344057699,5,0.8,0.8,0.2,8,0,5,7,3,4,1,0.5,0,0,0,0,0.0,0.0248577017934382,0.0248577017934382,V7,0,2025-04,sin_switch
2025-04-28,Primera,0.0171352144121961,0.0171352144121961,0.0089021215148842,0.0,0.0,0.007502057830922,0.0,0.0,0.0284447987367993,6,0.0,0.5,0.0,6,1,1,6,6,1,1,0.0,0,0,0,0,0.0,0.01789537707965,0.01789537707965,V7,0,2025-04,sin_switch
2025-04-28,Matutino,0.0,0.010052577131236,0.0083930941989187,0.0,0.0050790234752789,0.0034006885706027,0.0,0.0,0.0,7,0.0,0.6666666666666666,0.2857142857142857,13,1,2,13,10,2,1,0.0,0,0,0,0,0.086367320891465,0.138425616350131,0.0438149330992829,V8,0,2025-04,switch_neutro
2025-04-28,Vespertino,0.0,0.011507282898072,0.0222009904348346,0.0,0.0021367521367521,0.0014659110045647,0.0,0.0,0.0,13,0.0,0.75,0.1538461538461538,16,1,3,16,9,3,1,0.0,0,1,0,0,0.1018381682567754,0.1156969060309024,0.049159536426275,V7,1,2025-04,sin_switch
2025-04-28,Nocturno,0.0,0.0639456908662614,0.104254696794468,0.0,0.00225,0.0025903667693977,0.0,0.0,0.025831182706179,16,0.0,0.8,0.125,25,1,4,25,12,4,2,0.0,0,0,0,0,0.1061373856840391,0.1304036704541047,0.0522433424259897,V7,0,2025-04,sin_switch
2025-04-29,Previa,0.0,0.0,0.0100100970061252,0.0,0.0,0.0113894786966434,0.0,0.0,0.03412126239551,4,1.0,1.0,0.0,4,0,1,0,4,1,1,1.0,0,0,0,0,0.0,0.0,0.0,V7,0,2025-04,sin_switch
2025-04-29,Primera,0.0,0.0964637381961051,0.0457104798574879,0.0027777777777777,0.0197711458752621,0.0082111084754873,0.0274999999999999,0.1047875625083856,0.0506058487883175,12,1.0,1.0,0.1666666666666666,12,0,2,8,8,2,1,1.0,0,0,0,0,0.0511171848953736,0.0463671225073809,0.0230745199066416,V7,0,2025-04,sin_switch
2025-04-29,Matutino,0.0122202187340674,0.0122202187340674,0.0261517912403608,0.0027777777777777,0.0197711458752621,0.0082111084754873,0.0,0.0466666666666666,0.0402962404160046,12,1.0,0.6666666666666666,0.1666666666666666,9,0,3,8,3,3,1,0.5555555555555556,0,0,0,0,0.0,0.023029331668717,0.0469358399268287,V9,0,2025-04,switch_neutro
2025-04-29,Vespertino,0.0,0.475489692687657,0.1890976755890824,0.0027777777777777,0.0172652988690433,0.0074739341792458,0.0,0.056786393107142,0.0268111604122513,12,1.0,0.5,0.1666666666666666,8,0,4,7,3,4,1,0.25,0,0,0,0,0.0,0.0,0.0246844425524352,V7,0,2025-04,sin_switch
2025-04-29,Nocturno,0.0,0.1331378362787321,0.0536398748295003,0.0112499999999999,0.0369070246428542,0.0146841292316143,0.0069230769230769,0.0245454545454546,0.0174622963118612,2,1.0,0.4,1.0,16,0,5,12,4,4,2,0.75,0,1,0,0,0.0256977268099716,0.0,0.0973190018988303,V9,0,2025-04,switch_perdedor
2025-04-30,Previa,0.0082094723596277,0.0082094723596277,0.0038342274761048,0.0,0.0153135114221747,0.007502057830922,0.0,0.0030627022844349,0.0015004115661844,6,1.0,1.0,0.0,6,0,1,0,6,1,1,1.0,0,0,0,0,0.0283534688664595,0.0,0.0,V7,0,2025-04,sin_switch
2025-04-30,Primera,0.0,0.0204330249506403,0.0446232569954644,0.0017513239641036,0.0114378125419288,0.0089184960413432,0.0,0.0005429864253393,0.0310035024927554,12,1.0,1.0,0.0,26,0,2,20,20,2,1,0.7692307692307693,0,1,0,0,0.0691642751563958,0.1101040241605644,0.0237286508016166,V8,0,2025-04,switch_perdedor
2025-04-30,Matutino,0.0,0.0204330249506403,0.2884381661163361,0.0031044792085955,0.0202403579761875,0.0105100636086281,0.0,0.0261363636363636,0.0140677697878606,12,1.0,0.6666666666666666,0.0,11,0,3,10,4,3,1,0.3636363636363636,0,0,0,0,0.0,0.0,0.0277095077747715,V7,0,2025-04,sin_switch
2025-04-30,Vespertino,0.0,0.019516764081505,0.007756754206359,0.0031044792085955,0.0142513239641036,0.0113833795464292,0.0,0.0544999999999999,0.0328250945708614,12,1.0,0.5,0.0,15,0,4,14,4,4,1,0.2666666666666666,0,0,0,0,0.0,0.0,0.0491114933965693,V9,0,2025-04,switch_neutro
2025-04-30,Nocturno,0.0,0.2779334215152822,0.1307942401375606,0.0031044792085955,0.0202403579761875,0.0147941910017573,0.0,0.0133181818181817,0.0148745609005265,12,1.0,0.4,0.0,11,1,4,11,3,5,1,0.1818181818181818,0,0,0,0,0.0,0.0494163203807454,0.0313055087246687,V8,0,2025-04,switch_neutro
2025-05-02,Primera,0.0,0.011507282898072,0.0056373942852263,0.0053605369642814,0.0184535123214271,0.0140497267235547,0.0285721073928564,0.0861907024642856,0.0666906939980291,8,0.0,0.5,0.0,8,1,1,8,8,1,1,0.0,0,0,0,0,0.0427450792169292,0.0,0.0,V7,0,2025-05,sin_switch
2025-05-02,Matutino,0.0,0.0324372086486528,0.0191662753952078,0.0,0.00625,0.002783882181415,0.0285721073928563,0.0553333333333332,0.0181910582649563,8,0.0,0.6666666666666666,0.125,14,1,2,14,12,2,1,0.0,0,0,0,0,0.0857372155884131,0.092205320771588,0.026256346743543,V7,0,2025-05,sin_switch
2025-05-02,Vespertino,0.0,0.0756640132663051,0.1231076578945051,0.0023076923076922,0.0054545454545454,0.0033777317895297,0.067,0.067,0.0227105592794327,10,0.0,0.75,0.2,18,1,3,18,4,3,1,0.0,0,0,0,0,0.0729059022258856,0.0767583593672032,0.0231271454331915,V7,0,2025-05,sin_switch
2025-05-02,Nocturno,0.0,0.0924198910715929,0.0548184273325042,0.0,0.0045112781954887,0.0026994761645535,0.0589999999999999,0.0589999999999999,0.021817653402692,14,0.0,0.8,0.1428571428571428,20,1,4,20,2,4,1,0.0,0,0,0,0,0.0495507635555402,0.0515460771130806,0.0,V7,0,2025-05,sin_switch
2025-05-03,Previa,0.0,0.0,8.881784197001252e-16,0.0,0.0,0.0,0.0,0.0,0.0,2,1.0,1.0,0.0,2,0,1,0,2,1,1,1.0,0,0,0,0,0.0,0.0285689383382658,0.0285689383382658,V7,0,2025-05,sin_switch
2025-05-03,Primera,0.059928296501142,0.071435579399214,0.0543547514026851,0.0,0.0071428571428571,0.0088202695354944,0.0,0.0181666666666666,0.0412834115363567,7,1.0,1.0,0.1428571428571428,10,0,2,8,8,2,1,0.7,0,0,0,0,0.046603671314983,0.0519901428865448,0.0248558153257219,V7,0,2025-05,sin_switch
2025-05-03,Matutino,0.0,0.0,0.1736949712500417,0.0,0.0202358325000028,0.0084705729916606,0.0,0.0468791041582808,0.0233471647312325,7,1.0,0.6666666666666666,0.1428571428571428,6,0,3,5,2,3,1,0.6666666666666666,0,0,0,0,0.0231493731010934,0.0230835156215751,0.0469486956803361,V7,0,2025-05,sin_switch
2025-05-03,Vespertino,0.0,0.0322189456689585,0.0370088645438908,0.0,0.0202358325000028,0.0084705729916606,0.0,0.0599043093571434,0.0301819052369444,7,1.0,0.5,0.1428571428571428,7,0,4,6,4,4,1,0.2857142857142857,0,0,0,1,0.0,0.0255558029764187,0.0454284446585155,V9,1,2025-05,switch_ganador
2025-05-03,Nocturno,0.0786727853052697,0.1055966033418283,0.0371098991033526,0.0,0.0697035123214271,0.0280001832970694,0.0,0.0324999999999999,0.0355887594483817,8,0.875,0.8,0.0,12,0,5,10,3,4,2,0.5833333333333334,0,0,0,0,0.0261276198624641,0.0222057868343717,0.0521776179466388,V7,0,2025-05,sin_switch
2025-05-05,Primera,0.0,0.0,0.1036823338548865,0.0,0.0,0.0,0.0,0.0,5.551115123125783e-17,2,0.0,0.5,0.0,2,1,1,2,2,1,1,0.0,0,0,0,0,0.0,0.0183237361067581,0.0183237361067581,V7,0,2025-05,sin_switch
2025-05-05,Matutino,0.010052577131236,0.385304526797964,0.1675834638712454,0.0020833333333333,0.0031044792085955,0.0023958586262141,0.0,0.0,0.0114288429571425,12,0.0,0.6666666666666666,0.1666666666666666,10,1,2,10,8,2,1,0.0,0,0,0,0,0.1121611734774126,0.0888155070497632,0.0333378226044155,V7,0,2025-05,sin_switch
2025-05-05,Vespertino,0.0162186043243259,0.0992318212835403,0.1315311782748271,0.0,0.0049242424242424,0.0037114112127542,0.0,0.0325,0.0372247268746678,11,0.0,0.75,0.1818181818181818,14,1,3,14,8,3,1,0.0,0,0,0,0,0.0803013722248923,0.1231263130490203,0.0473117030409343,V8,0,2025-05,switch_neutro
2025-05-05,Nocturno,0.0,0.0786031918386296,0.0646860908133118,0.0,0.0092066908104352,0.0079701973618152,0.0,0.0,0.0095027627561672,13,0.0,0.8,0.0769230769230769,12,1,4,12,2,3,1,0.0,0,0,0,0,0.0470947614721751,0.0776193006782945,0.0297746987529926,V8,0,2025-05,switch_neutro
2025-05-06,Previa,0.0,0.2116406777378046,0.0846562710951218,0.0,0.0232486760358963,0.0092994704143585,0.0,0.0696497352071793,0.0278598940828717,4,1.0,1.0,0.0,4,0,1,0,4,1,1,1.0,0,0,0,0,0.0223014436358065,0.0,0.0,V7,0,2025-05,sin_switch
2025-05-06,Primera,0.0672211587728996,0.1574674324408675,0.0820833922573593,0.0,0.0132201327205045,0.0065096198669337,0.0612845448844704,0.0614031399558996,0.0274098722976972,7,1.0,1.0,0.1428571428571428,6,0,2,4,4,2,1,1.0,0,0,0,0,0.1012835331410082,0.0485700078894967,0.0218551373337722,V7,0,2025-05,sin_switch
2025-05-06,Matutino,0.4320743872093961,0.4320743872093961,0.133332857430461,0.0,0.0160336441426793,0.0072486712135544,0.0,0.0372875625083858,0.0394761763167991,7,1.0,0.6666666666666666,0.1428571428571428,8,0,3,6,5,3,1,0.375,0,0,1,0,0.0218119576915274,0.0503223154806044,0.0238133631654627,V7,0,2025-05,sin_switch
2025-05-06,Vespertino,0.0,0.0501374542190191,0.0194739936361893,0.0,0.055953512321427,0.0383797709357882,0.0,0.1125,0.0482732774519738,8,0.875,1.0,0.125,8,0,4,6,3,4,2,0.625,0,0,0,0,0.0223596601148407,0.0253634517895783,0.0500855432178781,V7,0,2025-05,sin_switch
2025-05-06,Nocturno,0.0,0.0162186043243259,0.007945460986939,0.0,0.055953512321427,0.0275577689916064,0.0,0.1195,0.0528340193481902,8,0.875,0.8,0.125,9,0,5,7,1,5,2,0.3333333333333333,0,0,0,0,0.0236436228011017,0.0292521486600308,0.0533692520048369,V7,0,2025-05,sin_switch
2025-05-07,Previa,0.0,0.0512923140027163,0.0276988263763496,0.0,0.0,0.0119874318516022,0.0,0.0,0.0023974863703204,20,1.0,1.0,0.0,20,0,1,0,20,1,1,1.0,0,0,0,0,0.0416871432592082,0.0458231718573035,0.0,V7,0,2025-05,sin_switch
2025-05-07,Primera,0.7826757265136228,0.7826757265136228,0.2822079547304178,0.0,0.0019841269841269,0.0025211251572369,0.0,0.0274999999999999,0.0382541946959491,9,1.0,1.0,0.1111111111111111,28,0,2,12,12,2,1,1.0,0,0,0,0,0.0216545341919464,0.0462802331750537,0.0232026566379953,V7,0,2025-05,sin_switch
2025-05-07,Matutino,0.3570305615946578,0.3570305615946578,0.1074393263635504,0.0,0.0019841269841269,0.0025211251572369,0.0,0.2028787878787877,0.0834824564940981,9,1.0,0.6666666666666666,0.1111111111111111,11,0,3,10,4,3,1,0.4545454545454545,0,0,0,0,0.0537655262207288,0.0,0.0240227943357796,V7,0,2025-05,sin_switch
2025-05-07,Vespertino,0.2909235663524345,0.3366618161843906,0.1022690598492506,0.0,0.0019841269841269,0.0025211251572369,0.0,0.1341666666666666,0.0622436966911331,9,1.0,0.5,0.1111111111111111,9,0,4,8,3,3,1,0.6666666666666666,0,0,0,0,0.0511898201999794,0.0487239656592947,0.0,V7,0,2025-05,sin_switch
2025-05-07,Nocturno,0.0,0.6090661215540045,0.244768060802974,0.0,0.0019841269841269,0.0025211251572369,0.0,0.1936666666666666,0.0820262051039198,9,1.0,0.4,0.1111111111111111,9,0,5,8,4,3,1,0.5555555555555556,0,0,0,0,0.0309112365096665,0.0,0.0,V7,0,2025-05,sin_switch
2025-05-08,Previa,0.0,0.0,8.881784197001252e-16,0.0,0.0,0.0,0.0,0.0,0.0,2,1.0,1.0,0.0,2,0,1,0,2,1,1,1.0,0,0,0,0,0.0,0.0285689383382658,0.0285689383382658,V7,0,2025-05,sin_switch
2025-05-08,Primera,0.0,0.5617097315805859,0.2259543837335358,0.0,0.0083333333333333,0.0042165457954838,0.0,0.0905627022844348,0.0590562044833404,6,1.0,1.0,0.1666666666666666,6,0,2,5,5,2,1,1.0,0,0,0,0,0.0486950133321756,0.0,0.0,V7,0,2025-05,sin_switch
2025-05-08,Matutino,0.0,0.2963804095748115,0.1583426519068198,0.0,0.0083333333333333,0.0042165457954838,0.0,0.1183164018738459,0.0481185037888793,6,1.0,0.6666666666666666,0.1666666666666666,4,0,3,3,3,3,2,0.25,0,0,0,0,0.0,0.0,0.0,V7,0,2025-05,sin_switch
2025-05-08,Vespertino,0.0,0.3053816495330919,0.2543940261049059,0.0,0.0429843002205017,0.017235636889445,0.0,0.0391057443265675,0.0279528448367097,5,0.8,1.0,0.2,11,1,3,11,9,4,2,0.1818181818181818,0,0,0,0,0.0698345843277045,0.0,0.0470209208036468,V7,0,2025-05,sin_switch
2025-05-08,Nocturno,0.0,0.0204330249506403,0.0081732099802561,0.0,0.0097035123214271,0.0049922692576306,0.0,0.0937875625083858,0.0561942728984871,8,0.75,0.8,0.375,8,0,5,7,2,4,2,0.75,0,0,1,1,0.0,0.046335169898041,0.0243126779577032,V8,1,2025-05,switch_ganador
2025-05-09,Previa,0.0,0.0062578657928513,0.0025031463171405,0.0153135114221747,0.0153135114221747,0.007217723117828,0.0030627022844349,0.0030627022844349,0.0160497244022401,6,1.0,1.0,0.0,6,0,1,0,6,1,1,1.0,0,0,0,0,0.0535780464923381,0.0,0.0,V7,0,2025-05,sin_switch
2025-05-09,Primera,0.276195209439444,0.4333922479989729,0.1371574178501001,0.0,0.0083333333333333,0.0039480311932727,0.0,0.0,0.0244269876935646,6,1.0,1.0,0.1666666666666666,6,0,2,4,4,2,1,1.0,0,0,0,0,0.04812184520784,0.0461267496265582,0.0229974419948856,V7,0,2025-05,sin_switch
2025-05-09,Matutino,0.3501510471108204,0.3501510471108204,0.1599150437214173,0.0,0.0028135114221747,0.0027383776085888,0.0,0.1348578216785707,0.0615951201512814,6,1.0,0.6666666666666666,0.0,10,0,3,8,4,3,1,0.6,0,0,0,0,0.0527057880056272,0.025582342550212,0.0243650515897469,V7,0,2025-05,sin_switch
2025-05-09,Vespertino,0.5129869953829171,0.5129869953829171,0.1559083776026604,0.0,0.0583333333333332,0.0243274404221008,0.0,0.1668330170538402,0.0809134827764389,6,0.8333333333333334,1.0,0.0,11,0,4,9,4,4,1,0.4545454545454545,0,0,0,0,0.0722861018789172,0.0470994447958469,0.0505448537435317,V7,0,2025-05,sin_switch
2025-05-09,Nocturno,0.0089257420525683,0.0089257420525683,0.0026777226157705,0.0,0.0283333333333333,0.0124056705957005,0.0,0.0718092975357146,0.0291138191932297,6,0.8333333333333334,0.8,0.0,5,0,5,3,2,5,2,0.4,0,0,0,0,0.0224907742346024,0.0540004863991895,0.0243188350366292,V8,0,2025-05,switch_neutro
2025-05-10,Previa,0.0,0.0,0.0056373942852263,0.0153135114221747,0.0153135114221747,0.0079020146032802,0.0030627022844349,0.0030627022844349,0.017593180014482,6,1.0,1.0,0.0,6,0,1,0,6,1,1,1.0,0,0,0,0,0.052583579304005,0.0,0.0,V7,0,2025-05,sin_switch
2025-05-10,Primera,0.0,0.010052577131236,0.0455892955355314,0.0083333333333333,0.0083333333333333,0.0055672590293367,0.0,0.0572875625083858,0.0329255553597308,12,1.0,1.0,0.1666666666666666,12,0,2,6,6,2,1,1.0,0,0,0,0,0.0458049893814786,0.0499310431978093,0.0217413650807578,V7,0,2025-05,sin_switch
2025-05-10,Matutino,0.0924198910715929,0.1086384953959189,0.0614032591646548,0.0083333333333333,0.0083333333333333,0.0055672590293367,0.0,0.0043404376714648,0.011265432001773,12,1.0,0.6666666666666666,0.1666666666666666,4,0,3,2,2,3,2,0.5,0,0,0,0,0.026202795989628,0.0523690356906191,0.0227442907304713,V7,0,2025-05,sin_switch
2025-05-10,Vespertino,0.0,0.0134588894648484,0.0075647161776351,0.0083333333333333,0.0083333333333333,0.0055672590293367,0.0,0.025,0.0259524485852748,12,1.0,0.5,0.1666666666666666,8,1,3,8,7,4,2,0.125,0,0,0,0,0.0340649967497653,0.0604785566913815,0.0276113878237556,V7,0,2025-05,sin_switch
2025-05-10,Nocturno,0.0,0.0223846315174167,0.0658494282437889,0.0083333333333333,0.0083333333333333,0.0055672590293367,0.0,0.0871666666666666,0.0352564744542749,12,1.0,0.4,0.1666666666666666,10,0,5,9,3,5,1,0.1,0,0,0,0,0.0,0.0510611772552832,0.0231638809265209,V8,0,2025-05,switch_neutro
2025-05-12,Primera,0.0,0.2001333948397325,0.0825154469528153,0.0,0.0,0.0,0.0,0.0,0.0,3,0.0,0.5,0.0,3,1,1,3,3,1,1,0.0,0,0,0,0,0.0,0.0193202310963829,0.0193202310963829,V7,0,2025-05,sin_switch
2025-05-12,Matutino,0.0,0.010052577131236,0.0063531712679309,0.0052288541247377,0.0083333333333333,0.0053387932988077,0.0,0.0572875625083857,0.0262524591574191,6,0.0,0.6666666666666666,0.3333333333333333,10,1,2,10,8,2,1,0.0,0,0,0,0,0.0226110884651344,0.0786382584118374,0.0236680626051778,V8,0,2025-05,switch_neutro
2025-05-12,Vespertino,0.0,0.0277258872223979,0.0446037165484036,0.0,0.0069444444444444,0.0046147910349545,0.0,0.0324999999999999,0.0128661852641095,8,0.0,0.75,0.25,9,1,3,9,3,3,1,0.0,0,0,0,0,0.0,0.0865310236562485,0.0474077541284634,V8,0,2025-05,switch_neutro
2025-05-12,Nocturno,0.0,0.1314217526814092,0.0545211478709112,0.0,0.0027777777777777,0.0027966975661743,0.0,0.0,0.009314504817756,12,0.0,0.8,0.1666666666666666,19,2,3,19,7,4,1,0.0,0,0,0,0,0.0873597235895147,0.0861440031993907,0.0259549218446348,V7,0,2025-05,sin_switch
2025-05-13,Previa,0.0,0.2116406777378046,0.0836243882678054,0.0,0.0,0.0040622802715002,0.0,0.0,0.0138124560543,4,1.0,1.0,0.0,4,0,1,0,4,1,1,1.0,0,0,0,0,0.0,0.0,0.0,V7,0,2025-05,sin_switch
2025-05-13,Primera,0.0,0.3285072596654554,0.1647457128101029,0.0084535123214271,0.0084535123214271,0.005701199500458,0.0653502647928206,0.1211907024642854,0.03982839503939,8,1.0,1.0,0.0,8,0,2,4,4,2,1,1.0,0,0,0,0,0.0802645767506668,0.0490153856416299,0.0259851596395021,V7,0,2025-05,sin_switch
2025-05-13,Matutino,0.0,0.1376916018952023,0.0644843894397744,0.0,0.0015464876785729,0.0048650548294983,0.0,0.0163102026309516,0.0366395325924069,5,1.0,0.6666666666666666,0.2,9,0,3,5,4,3,1,0.5555555555555556,0,0,0,0,0.0,0.0229839503421752,0.0465281019658109,V9,0,2025-05,switch_neutro
2025-05-13,Vespertino,0.0,0.4909169532169191,0.1990563915877212,0.0,0.01,0.0048989794855663,0.0,0.0234999999999999,0.0401387791208174,5,1.0,0.5,0.2,10,0,4,8,4,4,1,0.3,0,0,0,0,0.0221297018288926,0.0229413298392368,0.0232316632790283,V7,0,2025-05,sin_switch
2025-05-13,Nocturno,0.2318538117542656,0.2433610946523376,0.1098686352124289,0.0,0.01,0.0064289517367786,0.0,0.0543502647928206,0.0222626456269267,5,1.0,0.4,0.2,10,0,5,6,1,5,1,0.5,0,0,0,0,0.023658097051076,0.0719254025949808,0.0707905879106604,V8,0,2025-05,switch_neutro
2025-05-14,Previa,0.0,0.0089257420525683,0.0058586044335681,0.0,0.0,0.007502057830922,0.0,0.0,0.0015004115661844,6,1.0,1.0,0.0,6,0,1,0,6,1,1,1.0,0,0,0,0,0.0587651779365713,0.0,0.0,V7,0,2025-05,sin_switch
2025-05-14,Primera,0.0,0.3810718327608224,0.1835319734550085,0.0,0.0055555555555555,0.0024973959263328,0.0,0.0275,0.0219032065768692,9,1.0,1.0,0.1111111111111111,9,0,2,6,6,2,1,1.0,0,0,0,0,0.0559292863944398,0.0532466278518726,0.0242527300081927,V7,0,2025-05,sin_switch
2025-05-14,Matutino,0.0,0.1885355536078119,0.0767111737727023,0.0027777777777777,0.0083333333333333,0.0061445383240751,0.0,0.0671666666666667,0.0359201119770588,12,0.8333333333333334,1.0,0.0,15,0,3,9,4,3,1,0.7333333333333333,0,0,0,0,0.0232944890229479,0.047226079882419,0.0227815330456758,V7,0,2025-05,sin_switch
2025-05-14,Vespertino,0.0204330249506403,0.0380203572165971,0.0122709317611804,0.0,0.0055555555555555,0.0087196883609147,0.0064285714285714,0.043421052631579,0.0254537936450906,9,1.0,0.5,0.1111111111111111,16,0,4,10,4,4,1,0.625,0,0,0,0,0.0,0.022145036608369,0.0540079003124428,V9,0,2025-05,switch_neutro
2025-05-14,Nocturno,0.0,0.6800229377152824,0.2711386390831594,0.0,0.0647711458752622,0.0324990253458951,0.0,0.019,0.0286241011020837,10,0.9,0.8,0.1,12,0,5,10,6,5,2,0.25,0,0,0,0,0.0243594386376602,0.0,0.0461839095996355,V7,0,2025-05,sin_switch
2025-05-15,Previa,0.0,0.0,0.0936722368487612,0.0,0.0,0.0113894786966434,0.0,0.0,0.03412126239551,4,1.0,1.0,0.0,4,0,1,0,4,1,1,1.0,0,0,0,0,0.0,0.0,0.0,V7,0,2025-05,sin_switch
2025-05-15,Primera,0.0,0.011507282898072,0.0192410923844897,0.0062499999999999,0.0267513239641036,0.011193522150128,0.0,0.0516907024642854,0.0615770028726004,8,1.0,1.0,0.25,8,0,2,4,4,2,1,1.0,0,0,1,1,0.0451728256778584,0.0472025840418081,0.0472025840418081,V7,0,2025-05,sin_switch
2025-05-15,Matutino,0.0061660271930907,0.1762948377369451,0.0871916905855546,0.0062499999999999,0.030953512321427,0.0139156691308142,0.0,0.0247868836869579,0.0169099976283071,8,1.0,0.6666666666666666,0.25,7,1,2,7,3,3,1,0.5714285714285714,0,0,0,0,0.0575591751285839,0.0575591751285839,0.0490890147419506,V7,0,2025-05,sin_switch
2025-05-15,Vespertino,0.0,0.3863212474854327,0.243167832792049,0.0062499999999999,0.030953512321427,0.0157031071317463,0.0,0.130562702284435,0.0539057765275135,8,1.0,0.5,0.25,6,0,4,5,4,4,2,0.3333333333333333,0,0,0,0,0.0225774369274597,0.0230467875374311,0.0230467875374311,V7,0,2025-05,sin_switch
2025-05-15,Nocturno,0.0,0.4909169532169191,0.2011297469270126,0.0,0.0189788541247377,0.020789923339797,0.0,0.0135,0.0205696004111756,6,0.8333333333333334,0.8,0.1666666666666666,8,1,4,8,4,4,1,0.0,0,0,1,0,0.0241051305191996,0.0,0.025617210129443,V7,0,2025-05,sin_switch
2025-05-16,Previa,0.0,0.2116406777378046,0.0836243882678054,0.0,0.0101557006787506,0.0073869986255844,0.0,0.03453114013575,0.0220256502206202,4,1.0,1.0,0.0,4,0,1,0,4,1,1,1.0,0,0,0,0,0.0,0.0,0.0,V7,0,2025-05,sin_switch
2025-05-16,Primera,0.1691721480738683,0.1691721480738683,0.0519938214916454,0.0,0.0114378125419289,0.0073991137632071,0.0,0.0364999999999999,0.0558243409710525,2,1.0,1.0,1.0,10,0,2,8,8,2,1,0.7,0,0,1,0,0.02172832872954,0.02172832872954,0.0428586368747113,V7,0,2025-05,sin_switch
2025-05-16,Matutino,0.0134588894648484,0.1539102062195283,0.0749516038620639,0.0,0.0114378125419289,0.0073991137632071,0.0,0.0258333333333334,0.0545270839679126,2,1.0,0.6666666666666666,1.0,14,0,3,13,2,3,1,0.5,0,0,0,0,0.0496290146730286,0.0224401372331831,0.0478873983265667,V7,0,2025-05,sin_switch
2025-05-16,Vespertino,0.3014231928322441,0.3014231928322441,0.0904269578496732,0.0,0.0114378125419288,0.0073991137632071,0.0,0.0189292502499992,0.0175554716380026,2,1.0,0.5,1.0,8,0,4,6,5,4,1,0.25,0,0,0,0,0.0246261951319849,0.0329194081109896,0.0244916118492174,V7,0,2025-05,sin_switch
2025-05-16,Nocturno,0.0,0.0061660271930907,0.0275438400561164,0.0,0.0147711458752621,0.0068265887624203,0.0,0.0706666666666666,0.0301552694860745,2,1.0,0.4,1.0,12,0,5,8,6,4,2,0.5,0,0,0,0,0.0,0.0,0.0994660713192714,V9,0,2025-05,switch_neutro
2025-05-17,Previa,0.0,0.2001333948397325,0.0825154469528153,0.0,0.0,0.0064142217679682,0.0,0.0,0.0172045276816843,3,1.0,1.0,0.0,3,0,1,0,3,1,1,1.0,0,0,0,0,0.0,0.0,0.0,V7,0,2025-05,sin_switch
2025-05-17,Primera,0.010052577131236,0.0162186043243268,0.0476164074385575,0.0,0.0184535123214271,0.0073305095683859,0.0133333333333333,0.0239999999999999,0.0608859836154029,10,1.0,1.0,0.0,10,0,2,8,8,2,1,1.0,0,0,1,0,0.0222636408210871,0.0255046357553475,0.0,V7,0,2025-05,sin_switch
2025-05-17,Matutino,0.0,0.0,0.0245622359677497,0.0,0.0114378125419288,0.0087063406663757,0.0,0.1140151515151515,0.0524316669648384,10,1.0,0.6666666666666666,0.0,11,0,3,8,1,3,1,0.8181818181818182,0,0,0,0,0.0214973774935831,0.0482701263632734,0.0477004730121927,V7,0,2025-05,sin_switch
2025-05-17,Vespertino,0.0,0.0738910012768165,0.0399667610329938,0.0,0.0184535123214271,0.0073305095683859,0.0,0.0321907024642854,0.0128762809857141,10,1.0,0.5,0.0,8,0,4,7,2,4,1,0.25,0,0,0,0,0.0,0.0264216919986866,0.0541520662989778,V9,0,2025-05,switch_neutro
2025-05-17,Nocturno,0.3039145377504644,0.3039145377504644,0.0918423618878095,0.0,0.0184535123214271,0.007958909919098,0.0,0.0660011694012437,0.0316206705235699,10,1.0,0.4,0.0,7,0,5,6,4,5,1,0.2857142857142857,0,0,0,0,0.0,0.0504433878862777,0.0229588819398459,V8,0,2025-05,switch_neutro
2025-05-19,Primera,0.0,0.1829981804275364,0.0966225067209039,0.0153135114221747,0.0153135114221747,0.0076354478231997,0.0580627022844348,0.0580627022844348,0.0389234836393985,6,0.0,0.5,0.0,6,1,1,6,6,1,1,0.0,0,0,0,0,0.0,0.0,0.0,V7,0,2025-05,sin_switch
2025-05-19,Matutino,0.0162186043243259,0.0162186043243259,0.0336675428610853,0.0,0.0065464876785729,0.0028264811816502,0.0,0.0391978068024166,0.0223992675653253,1,0.0,0.6666666666666666,1.0,4,2,1,4,4,2,2,0.0,0,0,0,0,0.0,0.0,0.0,V7,0,2025-05,sin_switch
2025-05-19,Vespertino,0.0,0.011507282898072,0.040229356366927,0.0,0.0088025454342586,0.0050056501291935,0.0272875625083857,0.0272875625083857,0.0193359169323198,6,0.0,0.75,0.3333333333333333,8,2,2,8,6,2,1,0.0,0,0,0,0,0.0240142761389835,0.0490558496703813,0.0252364741210036,V7,0,2025-05,sin_switch
2025-05-19,Nocturno,0.0,0.0,0.1215751713411095,0.0,0.0089251773214329,0.0048577687936854,0.0,0.0324999999999999,0.022991566896488,7,0.0,0.8,0.2857142857142857,10,2,3,10,5,4,1,0.0,0,0,0,0,0.0246083798111121,0.0682194928727643,0.024991174241482,V8,0,2025-05,switch_neutro
2025-05-20,Previa,0.0,0.0,8.881784197001252e-16,0.0,0.0,0.0,0.0,0.0,0.0,2,1.0,1.0,0.0,2,0,1,0,2,1,1,1.0,0,0,0,0,0.0,0.0285689383382658,0.0285689383382658,V7,0,2025-05,sin_switch
2025-05-20,Primera,0.0,0.0,0.057862136640584,0.0,0.0153490331128315,0.006149576113558,0.0,0.0630627022844348,0.0527840797504287,6,1.0,1.0,0.1666666666666666,6,0,2,4,4,2,1,1.0,0,0,0,0,0.0237423626468873,0.045832082869424,0.0246543140330299,V7,0,2025-05,sin_switch
2025-05-20,Matutino,0.0,0.011507282898072,0.2701423700593904,0.0,0.0153490331128315,0.006149576113558,0.0,0.1184031399558995,0.0501681319285318,6,1.0,0.6666666666666666,0.1666666666666666,6,0,3,5,5,3,2,0.1666666666666666,0,0,0,0,0.0,0.0,0.022979080799188,V7,0,2025-05,sin_switch
2025-05-20,Vespertino,0.6471251417240937,0.6827764609366174,0.2084925715809198,0.0,0.0166644039285741,0.0073024012872648,0.0,0.025,0.0512113670194017,7,0.8571428571428571,0.75,0.1428571428571428,7,0,4,6,4,4,2,0.2857142857142857,0,0,0,0,0.0218469938365532,0.0289346637953761,0.0262075765374455,V7,0,2025-05,sin_switch
2025-05-20,Nocturno,0.8453716413082182,0.901042454886956,0.2666435700841353,0.0053512958509239,0.0070156997794982,0.003101201857933,0.0,0.0551666666666665,0.041702827964901,6,1.0,0.4,0.0,9,0,5,8,2,5,1,0.2222222222222222,0,0,0,0,0.0,0.0301952825851328,0.0219568377930249,V8,0,2025-05,switch_neutro
2025-05-21,Previa,0.0,0.0089257420525683,0.0060827013690111,0.0070156997794982,0.0070156997794982,0.0034337929519762,0.0014031399558996,0.0014031399558996,0.0006867585903952,6,1.0,1.0,0.0,6,0,1,0,6,1,1,1.0,0,0,0,0,0.0297495528828016,0.0,0.0,V7,0,2025-05,sin_switch
2025-05-21,Primera,0.0,0.0162186043243268,0.010198996558978,0.0,0.0116105369642813,0.0048565013762353,0.0,0.0274999999999999,0.0242400964077482,8,1.0,1.0,0.125,6,0,2,5,5,2,1,1.0,0,0,0,0,0.0445336818697467,0.0502261120225419,0.0422427613268939,V7,0,2025-05,sin_switch
2025-05-21,Matutino,0.0,0.0162186043243268,0.0312702864910135,0.0,0.0116105369642813,0.0052583275488633,0.0,0.0285457708249475,0.0143245563292025,8,1.0,0.6666666666666666,0.125,6,0,3,5,2,3,1,0.6666666666666666,0,0,0,0,0.0,0.0479034342998702,0.0745726951526425,V9,0,2025-05,switch_neutro
2025-05-21,Vespertino,0.353861698585586,0.3592029542905663,0.1083978311073234,0.0,0.0116105369642813,0.0052583275488633,0.0,0.0499031399558996,0.0285451935646119,8,1.0,0.5,0.125,6,0,4,4,2,4,2,0.6666666666666666,0,0,0,0,0.0234858691224434,0.0483067277222789,0.0222336943450901,V7,0,2025-05,sin_switch
2025-05-21,Nocturno,0.010052577131236,0.3692555314218024,0.1913025744855436,0.0,0.0116105369642813,0.0062132281403846,0.0035714285714285,0.0219999999999997,0.0424362718147209,8,1.0,0.4,0.125,16,0,5,14,14,3,2,0.125,0,0,0,0,0.0805999845458905,0.0,0.0733540682339716,V7,0,2025-05,sin_switch
2025-05-22,Previa,0.0,0.0,0.1116277948418255,0.0,0.0,0.0,0.0,0.0,0.0,2,1.0,1.0,0.0,2,0,1,0,2,1,1,1.0,0,0,0,0,0.0,0.0306794741853816,0.0306794741853816,V8,0,2025-05,switch_neutro
2025-05-22,Primera,0.0,0.0089257420525683,0.0075326691721207,0.0184535123214272,0.0184535123214272,0.0058943577011308,0.0,0.0849924431142501,0.054063203095104,2,1.0,1.0,1.0,7,0,2,6,6,2,1,0.7142857142857143,0,0,0,0,0.023172418199718,0.0,0.0212881818251792,V7,0,2025-05,sin_switch
2025-05-22,Matutino,0.0,0.1353300190759609,0.0934875857961213,0.0184535123214272,0.0184535123214272,0.0058943577011308,0.0,0.0414292502499992,0.0284733078171856,2,1.0,0.6666666666666666,1.0,8,1,2,8,6,3,1,0.25,0,0,0,0,0.0530463952795408,0.0506917009571648,0.0456849630547329,V7,0,2025-05,sin_switch
2025-05-22,Vespertino,0.0,0.0934077653583216,0.0457602726283013,0.0184535123214271,0.0202403579761875,0.0073580087959674,0.0,0.0452124374916141,0.0191849427431345,2,1.0,0.5,1.0,6,0,4,4,3,3,1,0.5,0,0,1,0,0.0326653147555079,0.0305499961629033,0.0783184662422232,V9,0,2025-05,switch_neutro
2025-05-22,Nocturno,0.0,0.0162186043243259,0.0066259229927773,0.0184535123214271,0.0202403579761875,0.0073580087959674,0.0,0.1053502647928207,0.0483136769406827,2,1.0,0.4,1.0,9,0,5,7,3,4,1,0.3333333333333333,0,0,0,0,0.0217196334026078,0.0,0.1020272610478207,V9,0,2025-05,switch_neutro
2025-05-23,Previa,0.0,0.1912076527871642,0.0803419335242393,0.0153135114221747,0.0153135114221747,0.0045940534266524,0.0030627022844349,0.0030627022844349,0.0009188106853304,6,1.0,1.0,0.0,6,0,1,0,6,1,1,1.0,0,0,0,0,0.0516923198658361,0.0,0.0,V7,0,2025-05,sin_switch
2025-05-23,Primera,0.0,0.1275438239843955,0.0510175295937582,0.0,0.0083333333333333,0.0046566673354663,0.0,0.0920602897811129,0.0521042421215088,6,1.0,1.0,0.1666666666666666,11,0,2,9,9,2,1,0.7272727272727273,0,0,0,0,0.022873175867893,0.0234087596786631,0.0,V7,0,2025-05,sin_switch
2025-05-23,Matutino,0.4030212807101136,0.540712882605316,0.165681887894358,0.0,0.0263153708157426,0.0127496520086443,0.0,0.0778333333333333,0.0470253494966319,7,0.8571428571428571,1.0,0.1428571428571428,12,0,3,10,1,3,1,0.6666666666666666,0,0,0,0,0.0490985575119355,0.0250013201030667,0.0254022876918179,V7,0,2025-05,sin_switch
2025-05-23,Vespertino,0.3810718327608224,0.4015048577114628,0.1195149724163821,0.0,0.0071428571428571,0.0047803840700029,0.0,0.0438404376714648,0.0267728263576644,7,0.8571428571428571,0.75,0.1428571428571428,4,0,4,3,2,4,2,0.5,0,0,0,0,0.0239416744745077,0.0481719995105107,0.023980898046897,V7,0,2025-05,sin_switch
2025-05-23,Nocturno,0.0,0.0258906295755858,0.0126837663159192,0.0,0.011146844755508,0.0054007396541393,0.0,0.0461497352071793,0.0207682547421171,6,1.0,0.4,0.1666666666666666,4,0,5,2,1,4,2,0.75,0,0,0,0,0.0228832463238433,0.0456605263434271,0.0430196984128614,V7,0,2025-05,sin_switch
2025-05-24,Previa,0.0,0.0,8.881784197001252e-16,0.0,0.0,1.1102230246251563e-16,0.0,0.0,0.0,3,1.0,1.0,0.0,3,0,1,0,3,1,1,1.0,0,0,0,0,0.0,0.0268797943982516,0.0268797943982516,V7,0,2025-05,sin_switch
2025-05-24,Primera,0.1792247252051044,0.1926836146699528,0.0702133727732178,0.0,0.0114378125419289,0.0059351930530291,0.0,0.0614031399558996,0.0484239914004051,2,1.0,1.0,1.0,6,0,2,4,4,2,1,1.0,0,0,0,0,0.0,0.0218988069942681,0.0223415546685598,V7,0,2025-05,sin_switch
2025-05-24,Matutino,0.0,0.2093373626719392,0.1053689898194854,0.0,0.0114378125419289,0.0059351930530291,0.0,0.0274999999999999,0.0181934053986602,2,1.0,0.6666666666666666,1.0,4,0,3,2,2,3,2,0.5,0,0,0,0,0.0230508658325707,0.0252212218903295,0.0547413355346663,V9,0,2025-05,switch_neutro
2025-05-24,Vespertino,0.0,0.043094882057562,0.0391624817968448,0.0,0.0114378125419288,0.0059351930530291,0.0,0.0022124374916142,0.0151514557151349,2,1.0,0.5,1.0,6,1,3,6,1,4,1,0.5,0,0,0,0,0.0298402539204603,0.0502403381569104,0.0536917854034805,V7,0,2025-05,sin_switch
2025-05-24,Nocturno,0.0,0.0,0.0476919867077392,0.0,0.0114378125419288,0.0059351930530291,0.0,0.059,0.0361326008162696,2,1.0,0.4,1.0,10,1,4,10,6,4,2,0.0,0,0,0,0,0.0,0.0445888398402315,0.0709709791630481,V9,0,2025-05,switch_neutro
2025-05-26,Primera,0.0,0.1829981804275364,0.096160340563379,0.0153135114221747,0.0153135114221747,0.0079020146032802,0.0580627022844348,0.0580627022844348,0.0403181114951241,6,0.0,0.5,0.0,6,1,1,6,6,1,1,0.0,0,0,0,0,0.0,0.0,0.0,V7,0,2025-05,sin_switch
2025-05-26,Matutino,0.3313509019409917,0.3313509019409917,0.1557135207167911,0.0013531552444919,0.0036092130001777,0.0017390823640645,0.0,0.0324999999999999,0.0209554391116682,4,0.0,0.6666666666666666,0.5,7,1,2,7,4,2,1,0.0,0,0,0,0,0.0,0.0234380365188293,0.0234380365188293,V7,0,2025-05,sin_switch
2025-05-26,Vespertino,0.3501510471108204,0.3590767891633888,0.1291114037947466,0.0,0.0202358325000028,0.0080943330000011,0.0,0.057618595071429,0.0230474380285716,7,0.0,0.75,0.1428571428571428,7,1,3,7,1,3,1,0.0,0,0,0,0,0.0,0.0247934055547236,0.0247934055547236,V7,0,2025-05,sin_switch
2025-05-26,Nocturno,0.4360727727996547,0.4360727727996547,0.1337436415063098,0.0,0.0166666666666666,0.0178322215670923,0.0,0.0507124374916142,0.0408896003820716,6,0.0,0.8,0.3333333333333333,6,2,3,6,4,4,2,0.0,0,0,0,0,0.0229603390668227,0.0,0.0251528100837896,V7,0,2025-05,sin_switch
2025-05-27,Previa,0.0,0.0,0.0046029131592288,0.0153135114221747,0.0153135114221747,0.0079020146032802,0.0030627022844349,0.0030627022844349,0.017593180014482,6,1.0,1.0,0.0,6,0,1,0,6,1,1,1.0,0,0,0,0,0.0526829584135669,0.0,0.0,V7,0,2025-05,sin_switch
2025-05-27,Primera,0.336692157645972,0.3501510471108204,0.1053264569435329,0.0033333333333332,0.0114378125419288,0.0070881241076887,0.0,0.0849999999999998,0.0395629807240853,12,1.0,1.0,0.1666666666666666,20,0,2,14,14,2,1,1.0,0,0,0,0,0.0234695644786553,0.0481936489666658,0.0441092060019965,V7,0,2025-05,sin_switch
2025-05-27,Matutino,0.3971960734757038,0.4043484999869982,0.125626563228698,0.0033333333333332,0.0197711458752621,0.0072139143775935,0.0,0.0949999999999999,0.0759401117264522,12,1.0,0.6666666666666666,0.1666666666666666,12,0,3,10,4,3,1,0.4166666666666667,0,0,0,0,0.0480158035673899,0.0249358723817076,0.025850744457997,V7,0,2025-05,sin_switch
2025-05-27,Vespertino,0.010052577131236,0.1454266983493646,0.0935719614766273,0.0033333333333332,0.0197711458752621,0.0072139143775935,0.0,0.0783092975357144,0.0504824424750677,12,1.0,0.5,0.1666666666666666,5,0,4,4,2,4,2,0.6,0,0,0,0,0.0,0.0250001315706797,0.0,V7,0,2025-05,sin_switch
2025-05-27,Nocturno,0.0259811162351821,0.0445569816624846,0.0867063862744375,0.0,0.02,0.0109799497568669,0.0,0.1203578216785706,0.0486014468648388,6,0.8333333333333334,0.8,0.0,8,0,5,7,2,4,2,0.75,0,0,0,0,0.0228883231072527,0.0332601975926923,0.0332601975926923,V7,0,2025-05,sin_switch
2025-05-28,Previa,0.0,0.0109691872191053,0.0073972690507132,0.0070156997794982,0.0153135114221747,0.0051999201956706,0.0014031399558996,0.0030627022844349,0.0010399840391341,6,1.0,1.0,0.0,6,0,1,0,6,1,1,1.0,0,0,0,0,0.0441657374092314,0.0,0.0,V7,0,2025-05,sin_switch
2025-05-28,Primera,0.336692157645972,0.4205671043113241,0.149171932142366,0.0088025454342587,0.0105893910890192,0.0047714275192882,0.0,0.0410721073928563,0.0282693664586435,6,1.0,1.0,0.3333333333333333,8,0,2,6,6,2,1,0.875,0,0,0,0,0.0667633919595766,0.0429970530352293,0.0219102029115836,V7,0,2025-05,sin_switch
2025-05-28,Matutino,0.0,0.0053412557049803,0.0043541828615169,0.0,0.0213907869998222,0.0117589089258077,0.0,0.01,0.0052737557774322,7,1.0,0.6666666666666666,0.0,12,0,3,10,4,3,1,0.5,0,0,0,0,0.0230051886614398,0.0230051886614398,0.0786982950665758,V9,0,2025-05,switch_neutro
2025-05-28,Vespertino,0.0,0.143352042179611,0.0946453721303802,0.0178605369642813,0.0392513239641035,0.0151685799840473,0.0131060606060606,0.0646794871794872,0.0331896587817117,8,0.75,1.0,0.0,18,0,4,16,6,4,1,0.1111111111111111,0,0,0,0,0.0459617586854971,0.0229556411161833,0.0476222635233199,V7,0,2025-05,sin_switch
2025-05-28,Nocturno,0.0,0.0176542649429611,0.0347439234258057,0.0,0.0213907869998222,0.0112411073540946,0.0,0.0231538461538461,0.0336750729379271,7,1.0,0.4,0.0,13,0,5,10,1,5,2,0.3846153846153846,0,0,0,0,0.0,0.0479774485631135,0.0943304434816581,V9,0,2025-05,switch_neutro
2025-05-29,Previa,0.0,0.0,8.881784197001252e-16,0.0,0.0,0.0,0.0,0.0,0.0,2,1.0,1.0,0.0,2,0,1,0,2,1,1,1.0,0,0,0,0,0.0,0.0285689383382658,0.0285689383382658,V7,0,2025-05,sin_switch
2025-05-29,Primera,0.010052577131236,0.385304526797964,0.1591001858991383,0.0184535123214272,0.0184535123214272,0.0055360536964281,0.0,0.0689031399558998,0.0293607063071156,2,1.0,1.0,1.0,6,0,2,5,5,2,1,0.8333333333333334,0,0,0,0,0.0454077393342355,0.0465410732886202,0.0451139229643092,V7,0,2025-05,sin_switch
2025-05-29,Matutino,0.0110035137465223,0.0953822295634241,0.066821662377847,0.0,0.0,0.0,0.0,0.0411595623285351,0.0292102928043833,5,1.0,0.6666666666666666,0.0,5,0,3,4,2,3,1,0.6,0,0,0,0,0.0448737531687831,0.0544779398102,0.0486600413921451,V7,0,2025-05,sin_switch
2025-05-29,Vespertino,0.0,0.0089257420525683,0.0421619034628776,0.0,0.0,0.0,0.0,0.0863954250746761,0.0461376542773079,5,1.0,0.5,0.0,7,0,4,6,3,4,1,0.2857142857142857,0,0,0,0,0.0242634943841444,0.0370469886565577,0.0232849907784089,V7,0,2025-05,sin_switch
2025-05-29,Nocturno,0.0,0.0089257420525683,0.0130932488599535,0.0,0.0,1.1102230246251563e-16,0.0,0.0215,0.0457119245249528,5,1.0,0.4,0.0,4,0,5,2,1,4,2,0.75,0,0,0,1,0.0238320353058145,0.0481117823618477,0.0240119291200714,V7,0,2025-05,sin_switch
2025-05-30,Previa,0.0,0.0171352144121961,0.0112806335310767,0.0,0.0114378125419288,0.008512613928275,0.0,0.0022875625083857,0.001702522785655,8,1.0,1.0,0.0,8,0,1,0,8,1,1,1.0,0,0,0,0,0.0302760122181882,0.0,0.0,V7,0,2025-05,sin_switch
2025-05-30,Primera,0.0134588894648484,0.4300676566131134,0.2143726789295751,0.0,0.0076923076923076,0.009613837578714,0.0825,0.0835721073928563,0.0460101087249518,13,1.0,1.0,0.1538461538461538,16,0,2,10,10,2,1,1.0,0,0,0,0,0.0481712082102522,0.0662474513448355,0.0445630225571598,V7,0,2025-05,sin_switch
2025-05-30,Matutino,0.0,0.011507282898072,0.0106854242196498,0.0,0.0076923076923076,0.0104008928222947,0.0,0.083120895841719,0.052304377806656,13,1.0,0.6666666666666666,0.1538461538461538,9,0,3,7,4,3,1,0.4444444444444444,0,0,0,0,0.0,0.0449406732372328,0.0445338902215336,V8,0,2025-05,switch_neutro
2025-05-30,Vespertino,0.0,0.0501374542190191,0.033197021747846,0.0,0.0076923076923076,0.0104008928222947,0.0,0.022856464035715,0.0136401394063459,13,1.0,0.5,0.1538461538461538,7,1,3,7,2,4,1,0.4285714285714285,0,0,0,0,0.0236085243338766,0.0739481846682497,0.0466616988162645,V8,0,2025-05,switch_neutro
2025-05-30,Nocturno,0.0,0.011507282898072,0.0334090078232421,0.0,0.0076923076923076,0.0104008928222947,0.0,0.0,0.0120641531657002,13,1.0,0.4,0.1538461538461538,12,2,3,12,5,4,1,0.0,0,0,0,1,0.0491566296324186,0.0492217576752403,0.0224801196248485,V7,0,2025-05,sin_switch
2025-05-31,Previa,0.0,0.0062578657928513,0.0036472968202438,0.0,0.0101557006787506,0.0049752569286751,0.0,0.03453114013575,0.0169167347138256,4,1.0,1.0,0.0,4,0,1,0,4,1,1,1.0,0,0,0,0,0.0,0.0,0.0,V7,0,2025-05,sin_switch
2025-05-31,Primera,0.0,0.0860318530416535,0.0405650273736329,0.0,0.0142513239641036,0.0068055808022989,0.0,0.0697875625083856,0.0386746873203762,8,1.0,1.0,0.0,8,0,2,6,6,2,1,1.0,0,0,0,0,0.0454586641051957,0.0679867440281745,0.0399567596144815,V7,0,2025-05,sin_switch
2025-05-31,Matutino,0.0,0.0844002059214856,0.060019255413964,0.0,0.0184535123214271,0.0071489069001975,0.0,0.0205702591701848,0.0248060170068228,8,1.0,0.6666666666666666,0.0,6,0,3,5,2,3,1,0.6666666666666666,0,0,0,0,0.0224219776330226,0.047098943833004,0.0747395996536545,V9,0,2025-05,switch_neutro
2025-05-31,Vespertino,0.0,0.4909169532169191,0.199403818392091,0.0,0.0184535123214271,0.0075916978184783,0.0,0.0241666666666666,0.0339663578933569,8,1.0,0.5,0.0,9,0,4,8,5,4,1,0.2222222222222222,0,0,0,0,0.0,0.0214331241372789,0.0259310644399939,V7,0,2025-05,sin_switch
2025-05-31,Nocturno,0.0,0.1252316618263496,0.0598994420232252,0.0,0.0184535123214271,0.0091705839240409,0.0,0.0645169314594872,0.0408233120809871,8,1.0,0.4,0.0,18,0,5,17,2,4,1,0.0555555555555555,0,0,0,1,0.0,0.0,0.0482062846871157,V9,1,2025-05,switch_ganador
2025-06-02,Primera,0.0,0.0,0.0980449395696601,0.0,0.0130929753571457,0.0064142217679682,0.0,0.0626185950714291,0.0306767212669917,3,0.0,0.5,0.0,3,1,1,3,3,1,1,0.0,0,0,0,0,0.0,0.0172747108116156,0.0172747108116156,V7,0,2025-06,sin_switch
2025-06-02,Matutino,0.0162186043243259,0.1608739459257862,0.0759045595527663,0.0,0.0114378125419288,0.005623411941646,0.0,0.0553333333333333,0.0408268159197733,2,0.0,0.6666666666666666,1.0,6,1,2,6,4,2,1,0.0,0,0,0,0,0.0,0.0237726614601684,0.0469587543843401,V9,0,2025-06,switch_neutro
2025-06-02,Vespertino,0.0,0.0088776252494442,0.0049488552445251,0.0,0.0114378125419288,0.0045751250167715,0.0,0.0574999999999999,0.0402136408231138,9,0.0,0.75,0.0,6,1,3,6,5,3,2,0.0,0,0,0,0,0.0,0.0241894960125875,0.0468451632897592,V9,0,2025-06,switch_neutro
2025-06-02,Nocturno,0.0,0.1196789468138836,0.0599606543542057,0.0,0.0031044792085955,0.0020610819577226,0.0,0.0635,0.0320632280398365,10,0.0,0.8,0.0,8,2,3,8,4,4,2,0.0,0,0,0,0,0.0,0.0220774197470299,0.0461064015079009,V9,0,2025-06,switch_neutro
2025-06-03,Previa,0.0061660271930907,0.0286424973102681,0.0113540619484262,0.0070156997794982,0.0153135114221747,0.0051999201956706,0.0014031399558996,0.0030627022844349,0.0010399840391341,6,1.0,1.0,0.0,6,0,1,0,6,1,1,1.0,0,0,0,0,0.0447456630722614,0.0,0.0,V7,0,2025-06,sin_switch
2025-06-03,Primera,0.0,0.0696465583332086,0.0318364048876491,0.0,0.0,0.0021396132451326,0.0,0.0899999999999999,0.0359999999999999,6,1.0,1.0,0.1666666666666666,6,0,2,4,4,2,1,1.0,0,0,0,0,0.0248771241922378,0.0468449419093564,0.0232550320571038,V7,0,2025-06,sin_switch
2025-06-03,Matutino,0.0,0.0,0.192246339419178,0.0,0.0263153708157426,0.0123177658767838,0.0,0.0401183687976198,0.0276313839814398,7,0.8571428571428571,1.0,0.1428571428571428,7,0,3,5,1,3,1,0.8571428571428571,0,0,0,0,0.0486341759552168,0.0722486158629591,0.0744634260437064,V7,0,2025-06,sin_switch
2025-06-03,Vespertino,0.0,0.0,0.0056373942852263,0.0,0.0053490331128315,0.0049047918021976,0.0,0.1167875625083858,0.0660990707352142,6,1.0,0.5,0.1666666666666666,10,0,4,8,3,4,1,0.6,0,0,0,0,0.0221850620837148,0.024094886604541,0.0225096723272185,V7,0,2025-06,sin_switch
2025-06-03,Nocturno,0.0,0.067979778915963,0.0335153479416376,0.0,0.0071428571428571,0.0218252327840226,0.0,0.096812367133116,0.0418380243887194,7,0.8571428571428571,0.8,0.1428571428571428,11,0,5,9,1,5,1,0.5454545454545454,0,0,1,0,0.0,0.0243402781392204,0.0243402781392204,V7,0,2025-06,sin_switch
2025-06-04,Previa,0.0,0.0224764701171773,0.0089905880468709,0.0070156997794982,0.0153135114221747,0.006542385308614,0.0014031399558996,0.0030627022844349,0.0106209683893311,6,1.0,1.0,0.0,6,0,1,0,6,1,1,1.0,0,1,0,0,0.0430306087770151,0.0,0.0,V7,1,2025-06,sin_switch
2025-06-04,Primera,0.0,0.0,8.881784197001252e-16,1.1102230246251563e-16,1.1102230246251563e-16,0.0012417916834382,0.0549999999999999,0.0835721073928563,0.0360255416274912,2,1.0,1.0,1.0,10,0,2,8,8,2,1,1.0,0,0,0,0,0.0777365519408764,0.0,0.0225786131660736,V7,0,2025-06,sin_switch
2025-06-04,Matutino,0.0,0.437123950181558,0.2165890890678848,1.1102230246251563e-16,1.1102230246251563e-16,0.0012417916834382,0.0,0.0189999999999999,0.0192176231689575,2,1.0,0.6666666666666666,1.0,5,0,3,4,1,3,1,0.8,0,0,0,0,0.0238649298352231,0.0500615485096887,0.0282569590207471,V7,0,2025-06,sin_switch
2025-06-04,Vespertino,0.0,0.0641199727965631,0.1029755703300016,0.0,0.0812499999999999,0.0314741957800354,0.01,0.165,0.0852382315774382,8,0.875,1.0,0.0,12,0,4,10,4,4,2,0.6666666666666666,0,0,0,0,0.0221140228188805,0.0263010019982018,0.0509825916653227,V7,0,2025-06,sin_switch
2025-06-04,Nocturno,0.0,0.0,0.0,0.0,0.0658128125419289,0.0287840274643173,0.0,0.0219285714285715,0.0471164753021483,16,0.875,0.8,0.0625,12,0,5,7,4,5,1,0.5833333333333334,0,0,0,1,0.0229519001020765,0.0,0.0311927957107757,V7,0,2025-06,sin_switch
2025-06-05,Previa,0.0,0.2116406777378046,0.0846562710951218,0.0,0.0,0.0,0.0,0.0,0.0,2,1.0,1.0,0.0,2,0,1,0,2,1,1,1.0,0,0,0,0,0.0,0.0278474096504927,0.0278474096504927,V7,0,2025-06,sin_switch
2025-06-05,Primera,0.0,0.2111464433624519,0.1104997477856043,0.0114378125419289,0.0184535123214272,0.0056998603832806,0.1250938424201849,0.165093842420185,0.0505565354403286,2,1.0,1.0,1.0,6,0,2,4,4,2,1,1.0,0,0,0,0,0.1291929050568946,0.0214506744341866,0.0214506744341866,V7,0,2025-06,sin_switch
2025-06-05,Matutino,0.0134588894648484,0.0134588894648484,0.0069450002787187,0.0114378125419289,0.0184535123214272,0.0056998603832806,0.0,0.0436595623285352,0.0190030127963766,2,1.0,0.6666666666666666,1.0,5,0,3,3,2,3,1,0.6,0,0,0,0,0.0332810538053009,0.0340840830280839,0.0553524828976281,V7,0,2025-06,sin_switch
2025-06-05,Vespertino,0.0,0.0031134989288466,0.0015252967380752,0.0114378125419288,0.0184535123214271,0.0102846197732964,0.0,0.039404083083334,0.0607181374381842,2,1.0,0.5,1.0,7,0,4,6,5,4,1,0.1428571428571428,0,0,0,0,0.02203066960046,0.0210841637666612,0.0751277008958246,V9,0,2025-06,switch_neutro
2025-06-05,Nocturno,0.0,0.0,0.0929185576992664,0.0114378125419288,0.0184535123214271,0.0123213566628802,0.0011428571428572,0.0011428571428572,0.0103811667190629,2,1.0,0.4,1.0,14,1,4,14,6,5,1,0.1428571428571428,0,0,0,0,0.0253607377825127,0.0242509725691224,0.0722347950134554,V9,0,2025-06,switch_neutro
2025-06-06,Previa,0.0,0.0072928622717576,0.0035727582660401,0.0,0.0082978116426765,0.0040650809012565,0.0,0.0016595623285352,0.0008130161802512,5,1.0,1.0,0.0,5,0,1,0,5,1,1,1.0,0,0,0,0,0.0285806253669674,0.0,0.0,V7,0,2025-06,sin_switch
2025-06-06,Primera,0.0,0.011507282898072,0.0289890892625052,0.0178605369642813,0.030953512321427,0.0099888614203023,0.0610721073928562,0.0653502647928206,0.0416545834263371,8,1.0,1.0,0.25,8,0,2,4,4,2,1,1.0,0,0,0,0,0.1592180931078362,0.0447101706231878,0.0225475163944342,V7,0,2025-06,sin_switch
2025-06-06,Matutino,0.1067633473343185,0.170168590969757,0.0554670848204682,0.0178605369642813,0.030953512321427,0.0106260658802627,0.0,0.0507614522142862,0.0295400444482779,8,1.0,0.6666666666666666,0.25,7,0,3,6,6,3,2,0.1428571428571428,0,0,0,0,0.0235731091394589,0.0253055464548406,0.0,V7,0,2025-06,sin_switch
2025-06-06,Vespertino,0.0223846315174167,0.0338919144154887,0.0137102469325506,0.0062499999999999,0.0267513239641036,0.0120856862722629,0.0,0.0593092975357146,0.0288257561797485,8,1.0,0.5,0.25,5,0,4,4,3,4,2,0.4,0,0,0,0,0.0,0.0518048024118637,0.0,V8,0,2025-06,switch_neutro
2025-06-06,Nocturno,0.0,0.1224960106288408,0.0499577914265864,0.0287499999999999,0.0402403579761875,0.0139250786859027,0.0,0.1130454545454545,0.0659192123785142,10,0.8,0.8,0.2,11,0,5,7,6,4,2,0.4545454545454545,0,0,0,0,0.0,0.0251492087728804,0.0251492087728804,V7,0,2025-06,sin_switch
2025-06-07,Previa,0.0,0.0277258872223979,0.0113626078084052,0.0,0.0101557006787506,0.0073869986255844,0.0,0.03453114013575,0.0220256502206202,4,1.0,1.0,0.0,4,0,1,0,4,1,1,1.0,0,0,0,0,0.0,0.0,0.0,V7,0,2025-06,sin_switch
2025-06-07,Primera,0.0,0.0,0.0110840514196665,0.0166666666666667,0.0194801780888415,0.0069420676492737,0.0046753246753246,0.0965478453214283,0.0590852610057948,6,1.0,1.0,0.3333333333333333,14,0,2,12,12,2,1,0.8571428571428571,0,0,0,0,0.0694151089165764,0.0227028685657243,0.0,V7,0,2025-06,sin_switch
2025-06-07,Matutino,0.0,0.0105581640399172,0.0078846173688,0.0166666666666667,0.0236823664461649,0.0070177716796524,0.0219999999999999,0.0319999999999999,0.0122258378490437,6,1.0,0.6666666666666666,0.3333333333333333,10,1,2,10,4,3,1,0.6,0,0,0,0,0.1024593772060537,0.0560050483418982,0.0237356077306827,V7,0,2025-06,sin_switch
2025-06-07,Vespertino,0.0,0.0984254289114661,0.0675771737653185,0.0364378125419287,0.043453512321427,0.0137357226215303,0.0339292502499993,0.0808333333333335,0.0350847462761618,8,0.75,1.0,0.25,8,0,4,6,2,4,2,0.75,0,0,0,0,0.0464784863371353,0.0237875793363188,0.0237875793363188,V7,0,2025-06,sin_switch
2025-06-07,Nocturno,0.0,0.0162186043243259,0.0851665585891453,0.0064378125419288,0.0134535123214271,0.0058543279115884,0.0,0.1007875625083858,0.0482827064980721,8,0.75,0.8,0.25,10,0,5,9,3,5,1,0.1,0,0,0,0,0.0250731222297342,0.0462190912162234,0.0,V7,0,2025-06,sin_switch
2025-06-09,Primera,0.0,0.0,8.881784197001252e-16,0.0,0.0130929753571457,0.0064142217679682,0.0,0.0626185950714291,0.0306767212669917,3,0.0,0.5,0.0,3,1,1,3,3,1,1,0.0,0,0,0,0,0.0,0.0159739812238796,0.0159739812238796,V7,0,2025-06,sin_switch
2025-06-09,Matutino,0.0,0.2450383577779407,0.1348251110502,0.0,0.0055555555555555,0.0022879178091082,0.0,0.0553333333333332,0.0271076864868004,9,0.0,0.6666666666666666,0.1111111111111111,8,1,2,8,7,2,1,0.0,0,0,0,0,0.0,0.0680317016605399,0.0231567547652256,V8,0,2025-06,switch_neutro
2025-06-09,Vespertino,0.0,0.366305633513079,0.171198405271733,0.0,0.0011538461538461,0.0013441547398352,0.0,0.0611907024642854,0.0255151407188079,10,0.0,0.75,0.1,13,1,3,13,5,3,1,0.0,0,0,0,0,0.0479561511904153,0.1001643079104978,0.0467237439413177,V8,0,2025-06,switch_neutro
2025-06-09,Nocturno,0.0,0.0930884228334143,0.0367148390651937,0.0,0.0011538461538461,0.0010165244937082,0.0,0.0525721073928564,0.0347148125101539,10,0.0,0.8,0.1,10,1,4,10,4,4,2,0.0,0,0,0,0,0.0,0.0417274905636729,0.0454847982144866,V9,0,2025-06,switch_neutro
2025-06-10,Previa,0.0082094723596277,0.0082094723596277,0.0057715136959322,0.0,0.0153135114221747,0.0098826161939941,0.0,0.0030627022844349,0.0144898776186817,6,1.0,1.0,0.0,6,0,1,0,6,1,1,1.0,0,0,0,0,0.0228373272587417,0.0,0.0,V7,0,2025-06,sin_switch
2025-06-10,Primera,0.2026763862381839,0.2026763862381839,0.0641399907402258,0.0031044792085956,0.0114378125419289,0.0043672218798059,0.0,0.0272875625083859,0.0274945107407062,2,1.0,1.0,1.0,8,0,2,6,6,2,1,0.75,0,0,0,0,0.0220707980047471,0.0478278746718912,0.0433750937296432,V7,0,2025-06,sin_switch
2025-06-10,Matutino,0.0,0.0477086136484521,0.0247572703851987,0.0031044792085956,0.0114378125419289,0.0043672218798059,0.0,0.0683333333333333,0.0318580742905598,2,1.0,0.6666666666666666,1.0,9,0,3,7,1,3,1,0.6666666666666666,0,0,0,0,0.0296387607100382,0.0217291638879397,0.042852459855829,V7,0,2025-06,sin_switch
2025-06-10,Vespertino,0.0,0.0114882377498704,0.0101842009533694,0.0031044792085955,0.0114378125419288,0.0043672218798059,0.0,0.1475,0.0628274292627718,2,1.0,0.5,1.0,9,0,4,7,4,4,2,0.3333333333333333,0,1,0,0,0.0233640171204255,0.0,0.0480495664636373,V7,1,2025-06,sin_switch
2025-06-10,Nocturno,0.0,0.0050460603474213,0.0020184241389685,0.0,0.0263153708157426,0.0219135480960795,0.0,0.049,0.0215468168443161,7,0.8571428571428571,0.8,0.1428571428571428,7,0,5,5,1,4,2,0.8571428571428571,0,0,0,1,0.0258821938887219,0.0516297668882632,0.0248630351589953,V7,0,2025-06,sin_switch
2025-06-11,Previa,0.0,0.0,8.881784197001252e-16,0.0,0.0,0.0,0.0,0.0,0.0,4,1.0,1.0,0.0,4,0,1,0,4,1,1,1.0,0,0,0,0,0.0166349445959084,0.0202799905058976,0.0202799905058976,V7,0,2025-06,sin_switch
2025-06-11,Primera,0.0,0.0061660271930907,0.1077135109496511,0.0156044792085955,0.020953512321427,0.0100503518213768,0.03,0.0572875625083858,0.0308399166542548,8,1.0,1.0,0.25,8,1,1,8,8,2,2,1.0,0,0,0,0,0.1366243760630183,0.0738897226646108,0.0250212065082228,V7,0,2025-06,sin_switch
2025-06-11,Matutino,0.0,0.0525554716266638,0.2468705779815597,0.0031044792085955,0.0084535123214271,0.007652820253062,0.0,0.0249031399558996,0.0228961338961955,10,0.8,1.0,0.2,6,0,3,5,5,3,2,0.1666666666666666,0,0,0,0,0.0726957391117113,0.0488769093683306,0.0497412611240014,V7,0,2025-06,sin_switch
2025-06-11,Vespertino,0.0897902334229652,0.0897902334229652,0.0435761917731625,0.0,0.0553490331128314,0.0231393469264545,0.0,0.0125,0.0073429744495289,6,0.8333333333333334,1.0,0.0,6,1,3,6,2,4,2,0.6666666666666666,0,0,0,0,0.0274418816279699,0.0434401370743115,0.0431204953928315,V7,0,2025-06,sin_switch
2025-06-11,Nocturno,0.0,0.0942076148467725,0.037683045938709,0.0,0.0516644039285741,0.0267010600660199,0.0,0.0068571428571427,0.0199563503268344,7,0.8571428571428571,0.8,0.1428571428571428,10,1,4,10,5,5,2,0.2,0,0,0,0,0.0233655620649122,0.0219540076719289,0.0252690258113504,V7,0,2025-06,sin_switch
2025-06-12,Previa,0.0,0.0,8.881784197001252e-16,0.0,0.0,0.0,0.0,0.0,0.0,1,1.0,1.0,0.0,1,0,1,0,1,1,1,1.0,0,0,0,0,0.0,0.0281257392751804,0.0281257392751804,V7,0,2025-06,sin_switch
2025-06-12,Primera,0.0,0.0317744811735476,0.0155662531433724,0.0,0.0065464876785729,0.0028264811816503,0.0,0.0020311401357501,0.0072083120621695,1,1.0,1.0,1.0,4,0,2,3,3,2,1,0.5,0,0,0,0,0.0455200525018282,0.0468477801918986,0.048730963510045,V7,0,2025-06,sin_switch
2025-06-12,Matutino,0.0,0.4033380321514359,0.1938354076453134,0.0,0.0065464876785729,0.0028264811816503,0.0,0.0380627022844348,0.0259002710124514,1,1.0,0.6666666666666666,1.0,6,0,3,5,2,3,1,0.3333333333333333,0,0,0,0,0.0235909109929451,0.0465240340805684,0.028809258069805,V7,0,2025-06,sin_switch
2025-06-12,Vespertino,0.0,0.3258146744837313,0.2976459020090547,0.0,0.0065464876785727,0.0028264811816502,0.0,0.1089043093571434,0.0638095858170322,1,1.0,0.5,1.0,7,0,4,6,4,4,2,0.2857142857142857,0,0,0,0,0.0236328530331942,0.026929746527447,0.0444786291099295,V7,0,2025-06,sin_switch
2025-06-12,Nocturno,0.0,0.0331169678826697,0.0375000143576364,0.0,0.0065464876785727,0.0028264811816502,0.0,0.0492424242424243,0.0407394843347883,1,1.0,0.4,1.0,11,0,5,10,5,5,1,0.0909090909090909,0,0,0,0,0.0210792509916486,0.0223645010321832,0.072839129349203,V9,0,2025-06,switch_neutro
2025-06-13,Previa,0.0,0.0,0.0109661850595786,0.0,0.0,0.007502057830922,0.0,0.0,0.0015004115661844,6,1.0,1.0,0.0,6,0,1,0,6,1,1,1.0,0,0,0,0,0.0575951153092697,0.0,0.0,V7,0,2025-06,sin_switch
2025-06-13,Primera,0.0,0.0277258872223979,0.0481347659185157,0.0025974025974025,0.0071428571428571,0.0025688364214094,0.0,0.0436363636363635,0.025160973075692,14,1.0,1.0,0.1428571428571428,14,0,2,10,10,2,1,1.0,0,0,0,0,0.0,0.0499551359297618,0.0,V8,0,2025-06,switch_neutro
2025-06-13,Matutino,0.0,0.2818400114772821,0.1649662126966309,0.0,0.0454545454545455,0.0193424762657842,0.0,0.1040909090909092,0.0580672272842404,11,0.9090909090909092,1.0,0.0,11,0,3,5,1,3,1,0.9090909090909092,0,0,0,0,0.0234892153615039,0.0460761050720223,0.0460761050720223,V7,0,2025-06,sin_switch
2025-06-13,Vespertino,0.0,0.3392309306300625,0.1363275217283347,0.0,0.0204545454545453,0.0095060588219404,0.0,0.1253564640357151,0.0676395908518262,11,0.9090909090909092,0.75,0.0,7,0,4,6,2,4,1,0.4285714285714285,0,0,0,0,0.0299086378593067,0.0,0.0,V7,0,2025-06,sin_switch
2025-06-13,Nocturno,0.0,0.0748844893329927,0.0291458286569949,0.0,0.0683333333333333,0.0344063683922183,0.0,0.1397149645357135,0.0714021811069036,12,0.9166666666666666,0.8,0.0833333333333333,12,0,5,6,1,4,2,0.9166666666666666,0,0,1,1,0.0231908502299177,0.0257211208122241,0.0499858713351318,V7,0,2025-06,sin_switch
2025-06-14,Previa,0.0,0.0,0.0059256189187648,0.0,0.0,0.0056033609002663,0.0,0.0,0.0011206721800532,8,1.0,1.0,0.0,8,0,1,0,8,1,1,1.0,0,0,0,0,0.0382322339238563,0.0,0.0,V7,0,2025-06,sin_switch
2025-06-14,Primera,0.0,0.0185505663606786,0.1180960389487754,0.0,0.0055555555555555,0.0022222222222222,0.0,0.016,0.029696020238378,9,1.0,1.0,0.1111111111111111,11,0,2,9,9,2,1,1.0,0,0,0,0,0.0448561996240041,0.0545704393763607,0.0226825757985196,V7,0,2025-06,sin_switch
2025-06-14,Matutino,0.0848944688640624,0.3592029542905663,0.147646837484112,0.0,0.011111111111111,0.0218435428637471,0.0855714285714286,0.1235714285714285,0.0431028478016581,11,0.9090909090909092,1.0,0.0,14,0,3,8,4,3,1,0.5714285714285714,0,0,0,0,0.052282966470578,0.0297134706673023,0.0297134706673023,V7,0,2025-06,sin_switch
2025-06-14,Vespertino,0.0,0.4559240953513868,0.2025856505989804,0.0,0.0124999999999999,0.0098845574159211,0.0,0.0571428571428571,0.0315060576345722,11,0.9090909090909092,0.75,0.0,14,0,4,11,4,4,1,0.6428571428571429,0,0,0,0,0.0231197025089509,0.0,0.0245494415132423,V7,0,2025-06,sin_switch
2025-06-14,Nocturno,0.0,0.0,0.0625552204771094,0.0,0.0099999999999998,0.0071324008563251,0.0,0.037,0.0195910224210917,11,0.9090909090909092,0.6,0.0,14,1,4,14,4,3,1,0.0,0,0,0,0,0.0,0.0470794767324235,0.0251927178537265,V8,0,2025-06,switch_neutro
2025-06-16,Primera,0.0,0.0,8.881784197001252e-16,0.0,0.0,0.0,0.0,0.0,5.551115123125783e-17,2,0.0,0.5,0.0,2,1,1,2,2,1,1,0.0,0,0,0,0,0.0,0.0130689037433995,0.0130689037433995,V7,0,2025-06,sin_switch
2025-06-16,Matutino,0.0134588894648484,0.0422051079653256,0.0488958294135212,0.0,0.0053490331128315,0.0058915937775611,0.0,0.0289031399558996,0.0133827378698647,6,0.0,0.6666666666666666,0.1666666666666666,6,2,1,6,6,2,2,0.0,0,0,0,0,0.0,0.0,0.0,V7,0,2025-06,sin_switch
2025-06-16,Vespertino,0.0,0.5295485125334114,0.2634372995705215,0.0,0.0031044792085955,0.0017035993955066,0.03,0.0324999999999999,0.0183097875397586,8,0.0,0.75,0.0,8,2,2,8,6,3,1,0.0,0,0,0,0,0.0245417201443051,0.0,0.0,V7,0,2025-06,sin_switch
2025-06-16,Nocturno,0.0047113214262557,0.3951227954823171,0.1921419016503345,0.0,0.0102358325000028,0.0129045765849578,0.0,0.0112781573999644,0.0153651617258293,7,0.0,0.8,0.1428571428571428,7,2,3,7,3,3,1,0.0,0,0,0,0,0.0,0.0248564469025443,0.0248564469025443,V7,0,2025-06,sin_switch
2025-06-17,Previa,0.0,0.0,8.881784197001252e-16,0.0,0.0,0.0,0.0,0.0,0.0,2,1.0,1.0,0.0,2,0,1,0,2,1,1,1.0,0,0,0,0,0.0,0.0285689383382658,0.0285689383382658,V7,0,2025-06,sin_switch
2025-06-17,Primera,0.0,0.104032357388311,0.1029769663555422,0.0,0.0114378125419289,0.0059099703381427,0.0359999999999999,0.1007149645357134,0.0393027395790207,2,1.0,1.0,1.0,12,0,2,10,10,2,1,1.0,0,0,0,0,0.0475659470441372,0.0,0.0,V7,0,2025-06,sin_switch
2025-06-17,Matutino,0.0,0.1697354084379831,0.0697721737262437,0.0,0.0114378125419289,0.0070203726079014,0.02,0.032,0.0232258476702142,2,1.0,0.6666666666666666,1.0,18,0,3,16,6,3,1,0.6666666666666666,0,0,0,0,0.0507514830478836,0.0234996280896647,0.0463874919389563,V7,0,2025-06,sin_switch
2025-06-17,Vespertino,0.0,0.3216002538574178,0.3135210254494229,0.0,0.0329843002205016,0.0150489801602239,0.0,0.0260000000000001,0.0141433456563309,5,0.8,1.0,0.0,9,0,4,7,3,4,2,0.6666666666666666,0,0,0,0,0.0251775865650427,0.0219589115883825,0.0219589115883825,V7,0,2025-06,sin_switch
2025-06-17,Nocturno,0.0,0.011507282898072,0.0058787102850209,0.0,0.0114378125419288,0.010496087666063,0.015,0.02,0.017656813450464,2,1.0,0.4,1.0,24,0,5,22,6,5,2,0.5,0,0,0,0,0.0477132635392497,0.0234195513908736,0.093547379164798,V9,0,2025-06,switch_neutro
2025-06-18,Previa,0.0,0.2116406777378046,0.0846562710951218,0.0,0.0130929753571457,0.0052371901428582,0.0,0.0351185950714292,0.0140474380285716,3,1.0,1.0,0.0,3,0,1,0,3,1,1,1.0,0,0,0,0,0.0,0.0,0.0,V7,0,2025-06,sin_switch
2025-06-18,Primera,0.0235114665960844,0.0324372086486528,0.0256825448628759,0.0099999999999998,0.0153605369642814,0.0074389253938008,0.0835721073928563,0.0847875625083858,0.0395730841793549,10,1.0,1.0,0.2,10,0,2,8,8,2,1,1.0,0,0,0,0,0.1036951599252693,0.0560968049460459,0.0336979797606547,V7,0,2025-06,sin_switch
2025-06-18,Matutino,0.0,0.0339188498946931,0.0267585552392172,0.0197711458752621,0.022027203630948,0.0095763521687688,0.0,0.1225,0.0602052273141226,12,0.8333333333333334,1.0,0.1666666666666666,10,0,3,8,5,3,1,0.5,0,0,0,0,0.0,0.0,0.0,V7,0,2025-06,sin_switch
2025-06-18,Vespertino,0.0,0.0,0.007945460986939,0.0,0.0269070246428542,0.0119999667135628,0.0,0.0283333333333333,0.0232628830986288,5,0.8,1.0,0.0,9,0,4,8,5,4,1,0.1111111111111111,0,0,0,0,0.0216118747941245,0.0651028088598542,0.092008476913827,V9,0,2025-06,switch_neutro
2025-06-18,Nocturno,0.0,0.0,0.007945460986939,0.0,0.0060772755776474,0.005151547223669,0.0,0.2061907024642854,0.101734939396359,7,1.0,0.4,0.0,10,0,5,9,4,4,2,0.6,0,0,0,0,0.0451625200108614,0.0,0.0,V7,0,2025-06,sin_switch
2025-06-19,Previa,0.0,0.0072928622717576,0.0072605287067094,0.0,0.0082978116426765,0.0082610225436217,0.0,0.0016595623285352,0.0174692591163196,5,1.0,1.0,0.0,5,0,1,0,5,1,1,1.0,0,0,0,0,0.0204165541273849,0.0,0.0,V7,0,2025-06,sin_switch
2025-06-19,Primera,0.0,0.1649225398769358,0.0928153908586214,0.0,0.0,0.0032071108839841,0.0,0.063062702284435,0.0281653890974303,1,1.0,1.0,1.0,6,0,2,3,3,2,1,0.5,0,0,0,0,0.0,0.0201883577715101,0.0293869248173638,V7,0,2025-06,sin_switch
2025-06-19,Matutino,0.328781631749063,0.328781631749063,0.0986344895247189,0.0,0.0065464876785729,0.0073044813073282,0.0,0.0221538461538461,0.0159708610402465,1,1.0,0.6666666666666666,1.0,13,0,3,8,8,3,2,0.3846153846153846,0,0,1,0,0.0232716474153606,0.0256833427694742,0.0503111618332986,V7,0,2025-06,sin_switch
2025-06-19,Vespertino,0.0828965000088208,0.0828965000088208,0.1965462502716594,0.0,0.0184535123214271,0.0073814049285708,0.0074999999999999,0.0159210526315789,0.0260447853806175,1,1.0,0.5,1.0,16,0,4,14,6,4,1,0.125,0,0,0,0,0.0244608148232808,0.0,0.0710184925369086,V9,0,2025-06,switch_neutro
2025-06-19,Nocturno,0.0,0.4830921328618185,0.1956107008876298,0.0,0.0184535123214271,0.0073814049285708,0.0,0.1059292502499991,0.0665721296690112,1,1.0,0.4,1.0,20,0,5,15,1,5,1,0.25,0,0,0,0,0.0275131068783072,0.0231578645263322,0.0248893508030054,V7,0,2025-06,sin_switch
2025-06-21,Primera,0.0,0.1829981804275364,0.091691896619326,0.0,0.0070156997794982,0.0074805955934137,0.0,0.0289031399558996,0.0332814938297606,6,0.0,0.5,0.0,6,1,1,6,6,1,1,0.0,0,0,0,0,0.0,0.018728063399942,0.018728063399942,V7,0,2025-06,sin_switch
2025-06-21,Matutino,0.0,0.2340087019766885,0.1611692714939888,0.0011904761904761,0.0065510131547575,0.0030053369218017,0.0,0.0,0.0085716322178568,12,0.0,0.6666666666666666,0.1666666666666666,24,1,2,24,18,2,1,0.0,0,0,0,0,0.1124577349482717,0.1525896701981435,0.0690898331436445,V8,0,2025-06,switch_neutro
2025-06-21,Vespertino,0.0,0.0969555639494634,0.0831855975387281,0.0,0.0075,0.00749585731331,0.0,0.0935721073928563,0.0528979444324047,8,0.0,0.75,0.25,10,1,3,10,4,3,1,0.0,0,0,0,0,0.0,0.0455187217674033,0.0448537528430411,V8,0,2025-06,switch_neutro
2025-06-21,Nocturno,0.0,0.3863212474854327,0.2035827848203811,0.0,0.0052288541247377,0.0234785183119088,0.0,0.024,0.0396960046914142,6,0.0,0.8,0.3333333333333333,23,2,3,23,21,4,2,0.0,0,0,0,0,0.1001414281533475,0.1604447186224612,0.0578334446961152,V8,0,2025-06,switch_neutro
2025-06-23,Primera,0.0,0.0204330249506403,0.0081732099802561,0.0,0.0184535123214271,0.0074829534219522,0.0,0.0911907024642853,0.0386476906231688,5,0.0,0.5,0.0,5,1,1,5,5,1,1,0.0,0,0,0,0,0.0186088633078536,0.0171573606515401,0.0171573606515401,V7,0,2025-06,sin_switch
2025-06-23,Matutino,0.3534863812988877,0.3534863812988877,0.1060459143896663,0.0052288541247377,0.0194801780888414,0.0076561325053957,0.0019542291750525,0.1153502647928208,0.0461624105474135,6,0.0,0.6666666666666666,0.3333333333333333,12,2,1,12,12,2,2,0.0,0,0,0,0,0.0230446642616428,0.0240103370817352,0.0480235993244844,V7,0,2025-06,sin_switch
2025-06-23,Vespertino,0.0,0.1999166713787064,0.1039304106521454,0.0,0.0,0.0038778250956654,0.0,0.0010968600441003,0.0143442981022481,5,0.0,0.75,0.2,5,2,2,5,4,3,1,0.0,0,0,0,0,0.0,0.0275446577076239,0.0275446577076239,V7,0,2025-06,sin_switch
2025-06-23,Nocturno,0.0,0.0884215054813344,0.0353686021925337,0.0,0.0093287909325354,0.0047203497846616,0.0,0.024,0.0286416549254024,9,0.0,0.8,0.2222222222222222,10,2,3,10,4,4,1,0.0,0,0,0,0,0.0264747874153135,0.0491496391393668,0.0265512687169266,V7,0,2025-06,sin_switch
2025-06-24,Previa,0.0,0.0,8.881784197001252e-16,0.0,0.0101557006787506,0.0049752569286751,0.0,0.03453114013575,0.0169167347138256,4,1.0,1.0,0.0,4,0,1,0,4,1,1,1.0,0,0,0,0,0.0,0.0,0.0,V7,0,2025-06,sin_switch
2025-06-24,Primera,0.0,0.0134588894648484,0.0082051260864194,0.0,0.0028135114221747,0.0027383776085888,0.0,0.0630627022844348,0.0567597960506477,6,1.0,1.0,0.0,6,0,2,4,4,2,1,1.0,0,0,0,0,0.0216645392699711,0.0437801188968008,0.0235458503222276,V7,0,2025-06,sin_switch
2025-06-24,Matutino,0.0,0.0439444915467248,0.0464718027437358,0.0028135114221747,0.0070156997794982,0.0053709783770689,0.0,0.0443076923076923,0.0466334201020734,6,1.0,0.6666666666666666,0.0,10,0,3,8,4,3,1,0.6,0,0,0,0,0.0,0.0437580560209397,0.0450564550676798,V9,0,2025-06,switch_neutro
2025-06-24,Vespertino,0.293095959048343,0.309314563372669,0.1569527415531176,0.0028135114221747,0.0070156997794982,0.0053709783770689,0.0,0.1865997933733764,0.0783100475028011,6,1.0,0.5,0.0,11,0,4,10,6,4,1,0.0909090909090909,0,0,0,0,0.0512894476287524,0.0,0.0246782526286559,V7,0,2025-06,sin_switch
2025-06-24,Nocturno,0.0235114665960844,0.0324372086486528,0.1742980724164009,0.0028135114221747,0.013562187458071,0.0091909354205276,0.0,0.0882142857142856,0.0444415847020724,6,1.0,0.4,0.0,7,0,5,6,5,4,2,0.2857142857142857,0,0,0,0,0.0,0.0,0.022042695332028,V7,0,2025-06,sin_switch
2025-06-25,Previa,0.0,0.0,8.881784197001252e-16,0.0,0.0,0.0,0.0,0.0,0.0,2,1.0,1.0,0.0,2,0,1,0,2,1,1,1.0,0,0,0,0,0.0,0.0285689383382658,0.0285689383382658,V7,0,2025-06,sin_switch
2025-06-25,Primera,0.0,0.010052577131236,0.0049247369142999,0.0,0.0176878125419288,0.0084574591862114,0.0,0.1747875625083857,0.0683993560813051,8,1.0,1.0,0.125,8,0,2,7,7,2,1,1.0,0,0,0,0,0.0283722179961124,0.0224572599199754,0.0224572599199754,V7,0,2025-06,sin_switch
2025-06-25,Matutino,0.0324372086486528,0.1093070271577412,0.043521095725289,0.0,0.0176878125419288,0.0084574591862114,0.0,0.0247875625083857,0.0142773290950309,8,1.0,0.6666666666666666,0.125,8,0,3,6,6,2,1,0.25,0,0,0,0,0.0263272118962838,0.049559002063653,0.0743147297414477,V9,0,2025-06,switch_neutro
2025-06-25,Vespertino,0.0,0.0204330249506403,0.0425393446313797,0.0,0.0176878125419288,0.0084574591862114,0.0,0.0193333333333333,0.0200327358893126,8,1.0,0.5,0.125,9,1,3,9,5,4,2,0.4444444444444444,0,0,0,0,0.0313376728136758,0.0621171051488227,0.0514699570086956,V8,0,2025-06,switch_neutro
2025-06-25,Nocturno,0.0,0.0061469820448891,0.0679811605480397,0.0,0.0176878125419288,0.0084574591862114,0.0,0.0306666666666667,0.017150496524242,8,1.0,0.4,0.125,9,0,5,8,5,4,1,0.2222222222222222,0,0,0,0,0.0,0.0219140969582993,0.0780995103537805,V9,0,2025-06,switch_neutro
2025-06-26,Previa,0.0,0.0,0.1009292572388951,0.0,0.0101557006787506,0.0073869986255844,0.0,0.03453114013575,0.0220256502206202,4,1.0,1.0,0.0,4,0,1,0,4,1,1,1.0,0,0,0,0,0.0,0.0,0.0,V7,0,2025-06,sin_switch
2025-06-26,Primera,0.0,0.1764298227750078,0.1011563946574326,0.0,0.0,0.0032071108839841,0.0,0.0671907024642854,0.0391963643134728,1,1.0,1.0,1.0,5,1,1,5,5,2,2,0.8,0,0,0,0,0.0224692916489147,0.0,0.0244809380460397,V7,0,2025-06,sin_switch
2025-06-26,Matutino,0.0,0.0,0.0132567695899913,0.0,0.0065464876785729,0.00674105246794,0.0220311401357501,0.0220311401357501,0.0218899155786337,1,1.0,0.6666666666666666,1.0,4,0,3,2,2,3,2,0.5,0,0,0,0,0.0232203547620701,0.0241544202757484,0.0573622247595156,V9,0,2025-06,switch_neutro
2025-06-26,Vespertino,0.0027787600076791,0.0027787600076791,0.024524004563331,0.0,0.0065464876785727,0.00674105246794,0.0,0.1653502647928206,0.086440194682354,1,1.0,0.5,1.0,8,0,4,7,5,4,1,0.125,0,0,0,0,0.0456313022778601,0.0,0.0466908449051884,V7,0,2025-06,sin_switch
2025-06-26,Nocturno,0.0,0.1225468142497954,0.0543082413556237,0.0,0.0065464876785727,0.0073044813073282,0.0,0.1016907024642854,0.0577920823715852,1,1.0,0.4,1.0,10,0,5,9,9,3,2,0.1,0,0,0,0,0.0757675099893712,0.0,0.0672536067903379,V7,0,2025-06,sin_switch
2025-06-27,Previa,0.0,0.2053828119449532,0.1044594250354252,0.0,0.0101557006787506,0.0073869986255844,0.0,0.03453114013575,0.0220256502206202,4,1.0,1.0,0.0,4,0,1,0,4,1,1,1.0,0,0,0,0,0.0,0.0,0.0,V7,0,2025-06,sin_switch
2025-06-27,Primera,0.0,0.1446553416014602,0.0680006732968074,0.0,0.0084535123214271,0.0059806664744464,0.0,0.009090909090909,0.02997354596274,11,1.0,1.0,0.0,11,0,2,8,8,2,1,0.9090909090909092,0,0,0,0,0.0476797621589923,0.055111317828291,0.0235566948349512,V7,0,2025-06,sin_switch
2025-06-27,Matutino,0.0,0.417593404824939,0.2091327500937652,0.0,0.0083333333333333,0.0064470293784733,0.0,0.0378578216785706,0.0316474621785975,12,0.8333333333333334,1.0,0.0,12,0,3,9,1,3,1,0.8333333333333334,0,0,0,0,0.0269883854881635,0.023939120357178,0.0,V7,0,2025-06,sin_switch
2025-06-27,Vespertino,0.0,0.0089257420525683,0.007345695917974,0.0,0.0321428571428571,0.0184486317176278,0.0,0.109286393107142,0.0527273242173729,14,0.7857142857142857,1.0,0.0,14,0,4,10,1,4,2,0.7857142857142857,0,0,0,0,0.028676265311506,0.0292813005535069,0.0292813005535069,V7,0,2025-06,sin_switch
2025-06-27,Nocturno,0.0,0.0517636501573912,0.072128424812132,0.0,0.0021428571428571,0.009200999904488,0.0,0.017308844988096,0.0244932295285142,14,0.7857142857142857,0.8,0.0,7,0,5,6,1,4,2,0.7142857142857143,0,0,0,0,0.0223346985629235,0.0546960840392371,0.0,V8,0,2025-06,switch_neutro
2025-06-28,Previa,0.0,0.0089257420525683,0.0078077525535329,0.0,0.0101557006787506,0.0073869986255844,0.0,0.03453114013575,0.0220256502206202,4,1.0,1.0,0.0,4,0,1,0,4,1,1,1.0,0,0,0,0,0.0,0.0,0.0,V7,0,2025-06,sin_switch
2025-06-28,Primera,0.0,0.0,0.0064775945327763,0.0,0.0142513239641036,0.0062543573694612,0.004,0.0466666666666667,0.0478668132020858,9,1.0,1.0,0.0,12,0,2,10,10,2,1,0.8333333333333334,0,0,0,0,0.0,0.0247300426889514,0.0,V7,0,2025-06,sin_switch
2025-06-28,Matutino,0.0,0.0045580823999067,0.0140574817854024,0.0,0.0592513239641037,0.0253293600747827,0.0,0.0580006788214276,0.0377135571743951,10,0.9,1.0,0.0,10,0,3,7,1,3,1,0.9,0,0,0,0,0.0224711510276494,0.0214110740233845,0.0519209355493563,V7,0,2025-06,sin_switch
2025-06-28,Vespertino,0.0,0.0162186043243259,0.007945460986939,0.0,0.0342513239641035,0.0140195343207766,0.0,0.0141907024642855,0.0140442348872614,10,0.9,0.75,0.0,8,0,4,6,1,4,2,0.5,0,0,0,0,0.0256132178554852,0.0348167770283848,0.0,V7,0,2025-06,sin_switch
2025-06-28,Nocturno,0.0,0.0531638577117306,0.0251191599491314,0.0,0.0164378125419288,0.0137323063849321,0.0496666666666667,0.0565000000000001,0.027441846843932,10,0.9,0.6,0.0,10,0,5,8,2,4,2,0.6,0,0,0,0,0.0234537883204826,0.0506019987484678,0.0,V7,0,2025-06,sin_switch
2025-06-30,Primera,0.0,0.0,8.881784197001252e-16,0.0,0.0,0.0050778503393753,0.0,0.0,0.031015570067875,4,0.0,0.5,0.0,4,1,1,4,4,1,1,0.0,0,0,0,0,0.0,0.0151010559011389,0.0151010559011389,V7,0,2025-06,sin_switch
2025-06-30,Matutino,0.2005547355129913,0.2220423816731616,0.0840300229813231,0.003446533946162,0.0052288541247377,0.0016112632117504,0.0553333333333332,0.0553333333333332,0.0314700934311233,6,0.0,0.6666666666666666,0.3333333333333333,8,1,2,8,6,2,1,0.0,0,0,0,0,0.0,0.023129186371075,0.023129186371075,V7,0,2025-06,sin_switch
2025-06-30,Vespertino,0.010052577131236,0.1941788672788389,0.2085783286048562,0.0,0.0125,0.0077766936661992,0.0,0.0572875625083858,0.0317561372377747,8,0.0,0.75,0.25,9,1,3,9,8,3,2,0.0,0,0,0,0,0.0,0.0,0.0282966858839385,V7,0,2025-06,sin_switch
2025-06-30,Nocturno,0.0,0.3166886147948684,0.1373605224077844,0.0,0.0017823201785757,0.0007129280714303,0.0,0.01,0.0125150376871225,7,0.0,0.8,0.1428571428571428,12,1,4,12,5,3,1,0.0,0,0,0,0,0.0237849469919812,0.0814254081026921,0.0249370192083539,V8,0,2025-06,switch_neutro
2025-07-01,Previa,0.0,0.0,8.881784197001252e-16,0.0,0.0101557006787506,0.0073869986255844,0.0,0.03453114013575,0.0220256502206202,4,1.0,1.0,0.0,4,0,1,0,4,1,1,1.0,0,0,0,0,0.0,0.0,0.0,V7,0,2025-07,sin_switch
2025-07-01,Primera,0.0,0.0131999682418868,0.04961853600483,0.01,0.0131044792085955,0.0077962985106879,0.0,0.0882875625083858,0.0480084946003215,10,1.0,1.0,0.2,10,0,2,9,9,2,1,0.8,0,0,0,0,0.067006490443677,0.0461161038304585,0.0221686995294997,V7,0,2025-07,sin_switch
2025-07-01,Matutino,0.0,0.0089257420525683,0.0126261887672897,0.025,0.0281044792085956,0.0117988962534478,0.0,0.0538636363636364,0.0367565531163006,12,0.8333333333333334,1.0,0.3333333333333333,11,0,3,10,5,3,1,0.3636363636363636,0,0,0,0,0.0712259849447966,0.0477934951662118,0.023924902447464,V7,0,2025-07,sin_switch
2025-07-01,Vespertino,0.0,0.1006722308358023,0.0678681359156007,0.0,0.0031044792085955,0.0067039973839705,0.0,0.0008333333333333,0.0201697560346169,9,1.0,0.5,0.0,8,0,4,6,6,3,2,0.25,0,0,0,0,0.0515545026519012,0.0531148885195241,0.0490949870938266,V7,0,2025-07,sin_switch
2025-07-01,Nocturno,0.0,0.0,0.0056373942852263,0.0,0.0114378125419288,0.0065100966044352,0.0,0.1023333333333332,0.0458920105169593,9,1.0,0.4,0.0,8,0,5,7,4,5,2,0.125,0,0,0,0,0.0,0.022447256396726,0.0229560391277505,V7,0,2025-07,sin_switch
2025-07-02,Previa,0.0,0.2116406777378046,0.1036823338548864,0.0,0.0,0.0,0.0,0.0,0.0,2,1.0,1.0,0.0,2,0,1,0,2,1,1,1.0,0,0,0,0,0.0,0.0277069951252776,0.0277069951252776,V7,0,2025-07,sin_switch
2025-07-02,Primera,0.0,0.0072928622717576,0.0061680901985742,0.0,0.0142513239641037,0.0068055808022989,0.0,0.0233328807857149,0.0282167608436774,2,1.0,1.0,1.0,7,0,2,6,6,2,1,0.7142857142857143,0,0,0,0,0.0429422680597179,0.0224935052817368,0.0455809249786544,V7,0,2025-07,sin_switch
2025-07-02,Matutino,0.0,0.0378676368668129,0.0378146652427041,0.0,0.0142513239641037,0.0084055502675407,0.0,0.0561911550119039,0.0288725004173576,2,1.0,0.6666666666666666,1.0,9,0,3,8,3,3,1,0.4444444444444444,0,0,0,0,0.030116280052761,0.0215564513230964,0.035160665349005,V7,0,2025-07,sin_switch
2025-07-02,Vespertino,0.0,0.0417436702497937,0.0163318834026662,0.0,0.0202403579761875,0.0096522996853742,0.0,0.0676666666666666,0.0285464434542865,2,1.0,0.5,1.0,9,0,4,8,4,4,1,0.2222222222222222,0,0,0,0,0.0254330706727477,0.0,0.0770037415276605,V9,0,2025-07,switch_neutro
2025-07-02,Nocturno,0.0,0.0162186043243259,0.0350013759469998,0.0142513239641036,0.0202403579761875,0.0083268314593126,0.0,0.0962875625083857,0.0420965447345242,2,1.0,0.4,1.0,10,0,5,9,3,5,2,0.5,0,0,0,0,0.0,0.0,0.0636605037608043,V9,0,2025-07,switch_neutro
2025-07-03,Previa,0.0,0.2168900948430252,0.1131199691461618,0.0,0.0,0.0,0.0,0.0,0.0,2,1.0,1.0,0.0,2,0,1,0,2,1,1,1.0,0,0,0,0,0.0,0.0275335146306818,0.0275335146306818,V7,0,2025-07,sin_switch
2025-07-03,Primera,0.0,0.1999166713787064,0.1127398962515734,0.0053605369642814,0.0084535123214271,0.0068231818548834,0.0,0.0598814049285707,0.024178035148512,8,1.0,1.0,0.0,5,0,2,4,4,2,1,1.0,0,0,0,0,0.0768161675942075,0.0505380222345716,0.0224821532397936,V7,0,2025-07,sin_switch
2025-07-03,Matutino,0.2030886804817431,0.219282666813684,0.0778267643077938,0.0053605369642814,0.0084535123214271,0.0068231818548834,0.0,0.0487852617380958,0.0194507481221092,8,1.0,0.6666666666666666,0.0,3,0,3,2,1,3,1,0.6666666666666666,0,0,1,0,0.0494598973006712,0.0487693877935804,0.0483801163332532,V7,0,2025-07,sin_switch
2025-07-03,Vespertino,0.0,0.2966931169439206,0.1622948882987427,0.0,0.024703512321427,0.0100838644991552,0.0,0.0350956906428565,0.0289579267256346,8,0.875,0.75,0.0,5,0,4,4,2,4,2,0.6,0,0,0,0,0.0235708767890884,0.0284507250505365,0.0,V7,0,2025-07,sin_switch
2025-07-03,Nocturno,0.0,0.54903185647255,0.2153968417383304,0.0,0.0,0.0025361557298696,0.0,0.1268330170538403,0.0648397462784299,5,1.0,0.4,0.0,11,0,5,9,4,4,1,0.4545454545454545,0,0,0,0,0.034884216215814,0.0227232575547944,0.0,V7,0,2025-07,sin_switch
2025-07-04,Previa,0.0,0.0,8.881784197001252e-16,0.0,0.0,0.0,0.0,0.0,0.0,2,1.0,1.0,0.0,2,0,1,0,2,1,1,1.0,0,0,0,0,0.0,0.0285689383382658,0.0285689383382658,V7,0,2025-07,sin_switch
2025-07-04,Primera,0.0,0.0,0.0074322981982761,0.0,0.0,1.1102230246251563e-16,0.0,0.04,0.016,1,1.0,1.0,1.0,3,0,2,2,2,2,1,1.0,0,0,0,0,0.0,0.0218737159738928,0.0497115069719724,V9,0,2025-07,switch_neutro
2025-07-04,Matutino,0.0,0.5532269388111155,0.2246516162729471,0.0,0.0,0.0026185950714291,0.0,0.0124999999999998,0.0244686810966097,1,1.0,0.6666666666666666,1.0,6,0,3,5,4,3,1,0.1666666666666666,0,0,0,0,0.0228290039341005,0.049878197496419,0.0247282106342533,V7,0,2025-07,sin_switch
2025-07-04,Vespertino,0.0,0.011507282898072,0.0088433181104041,0.0,0.0,0.0071887219715714,0.0,0.0998573691309521,0.0427466913078398,1,1.0,0.5,1.0,9,0,4,8,6,4,1,0.2222222222222222,0,0,0,0,0.0,0.0,0.0738527605961527,V9,0,2025-07,switch_neutro
2025-07-04,Nocturno,0.0,0.0092604809737357,0.0154122149146644,0.0,0.0,0.0071887219715714,0.0,0.0812875625083857,0.032163441061183,1,1.0,0.4,1.0,12,0,5,11,5,4,1,0.0833333333333333,0,0,0,0,0.0223134130805823,0.0,0.0756879369260182,V9,0,2025-07,switch_neutro
2025-07-05,Previa,0.0,0.0,8.881784197001252e-16,0.0,0.0254692121009253,0.0101876848403701,0.0,0.037593842420185,0.015037536968074,6,1.0,1.0,0.0,6,0,1,0,6,1,1,1.0,0,0,0,0,0.0183640072483145,0.0,0.0,V7,0,2025-07,sin_switch
2025-07-05,Primera,0.3534734320283759,0.3945307222256708,0.11642143184198,0.0031044792085956,0.0114378125419289,0.0061388161473932,0.0,0.0,0.026615879458681,2,1.0,1.0,1.0,6,0,2,4,4,2,1,1.0,0,0,0,0,0.0201895817349846,0.0465313553427625,0.0201895817349846,V7,0,2025-07,sin_switch
2025-07-05,Matutino,0.0,0.0525645730953669,0.0246035945081957,0.0031044792085956,0.0114378125419289,0.0068307572383624,0.0,0.006929740829815,0.0172686946406626,2,1.0,0.6666666666666666,1.0,7,0,3,5,2,3,1,0.7142857142857143,0,0,0,0,0.0373753047598576,0.0303624103592636,0.0551318856724803,V7,0,2025-07,sin_switch
2025-07-05,Vespertino,0.0,0.003298159757179,0.004803358767642,0.0017891083928529,0.00893196553571,0.0072149337336963,0.0,0.0109090909090909,0.0298439658169639,2,1.0,0.5,1.0,11,0,4,10,5,4,1,0.3636363636363636,0,0,0,0,0.0282702659589414,0.0216011100827625,0.0940649855261289,V9,0,2025-07,switch_neutro
2025-07-05,Nocturno,0.0,0.0,0.0374921147398399,0.0,0.0168955207914044,0.0140016924864974,0.0,0.0470454545454545,0.0202508963769713,6,0.8333333333333334,0.8,0.0,11,0,5,9,2,5,1,0.4545454545454545,0,0,0,0,0.0,0.0,0.024228429446293,V7,0,2025-07,sin_switch
2025-07-07,Primera,0.0,0.0,8.881784197001252e-16,0.0,0.0101557006787506,0.0073869986255844,0.0,0.0620311401357501,0.0394179699492512,4,0.0,0.5,0.0,4,1,1,4,4,1,1,0.0,0,0,0,0,0.0,0.0136286263815285,0.0136286263815285,V7,0,2025-07,sin_switch
2025-07-07,Matutino,0.0338919144154887,0.2140136249778397,0.1059424823190845,0.0,0.0017513239641036,0.0029885995356507,0.0,0.0285721073928563,0.0244488440739605,10,0.0,0.6666666666666666,0.0,10,2,1,10,10,2,2,0.0,0,0,0,0,0.0646376822324931,0.0621090949305376,0.0211216233518744,V7,0,2025-07,sin_switch
2025-07-07,Vespertino,0.0,0.0703544441336037,0.0424447917080923,0.0,0.0,0.0018607959727073,0.0,0.0552875625083857,0.0273547288037,14,0.0,0.75,0.0,14,2,2,14,6,3,1,0.0,0,0,0,0,0.0845830429874625,0.094786259553975,0.044123224504839,V7,0,2025-07,sin_switch
2025-07-07,Nocturno,0.0,0.0162186043243259,0.007945460986939,0.0,0.0330013239641036,0.0224276717778672,0.0535721073928564,0.0985,0.0485014930985683,8,0.0,0.8,0.125,10,1,4,10,8,3,2,0.0,0,0,0,0,0.0495978419009513,0.0237622327142211,0.0237622327142211,V7,0,2025-07,sin_switch
2025-07-08,Previa,0.0,0.0,8.881784197001252e-16,0.0,0.0,0.0,0.0,0.0,0.0,2,1.0,1.0,0.0,2,0,1,0,2,1,1,1.0,0,0,0,0,0.0,0.0285689383382658,0.0285689383382658,V7,0,2025-07,sin_switch
2025-07-08,Primera,0.0,0.0072330567087535,0.1542414592078953,0.0,0.0059890340120838,0.0034610980940397,0.0,0.0596497352071792,0.0298745248699116,4,1.0,1.0,0.25,4,0,2,3,3,2,1,1.0,0,0,0,0,0.0257887940032768,0.0231454798956239,0.0,V7,0,2025-07,sin_switch
2025-07-08,Matutino,0.0,0.0366516292749663,0.0302631120200279,0.0,0.0059890340120838,0.0034610980940397,0.0,0.1391907024642855,0.0605693775854988,4,1.0,0.6666666666666666,0.25,8,0,3,7,4,3,1,0.5,0,0,0,0,0.0,0.02189372201447,0.0,V7,0,2025-07,sin_switch
2025-07-08,Vespertino,0.0,0.0,0.0480683393300149,0.0,0.0059890340120838,0.0034610980940396,0.0,0.1784521546785715,0.077592591991586,4,1.0,0.5,0.25,7,0,4,6,6,3,2,0.1428571428571428,0,0,0,0,0.0262212059088425,0.0,0.0,V7,0,2025-07,sin_switch
2025-07-08,Nocturno,0.0,0.0204330249506403,0.0081732099802561,0.0,0.0059890340120838,0.0034610980940396,0.0,0.0873092975357145,0.0395084215847185,4,1.0,0.4,0.25,5,0,5,3,1,5,2,0.6,0,0,0,0,0.0235471707206926,0.0246246602988642,0.0247401717458754,V7,0,2025-07,sin_switch
2025-07-10,Primera,0.0,0.0,8.881784197001252e-16,0.0,0.0,0.0,0.0,0.0,5.551115123125783e-17,2,0.0,0.5,0.0,2,1,1,2,2,1,1,0.0,0,0,0,0,0.0,0.0130689037433995,0.0130689037433995,V7,0,2025-07,sin_switch
2025-07-10,Matutino,0.0,0.0072330567087535,0.0702024819341486,0.0,0.0,0.0028944037725497,0.0,0.0267612259404769,0.0110301321335484,8,0.0,0.6666666666666666,0.0,7,1,2,7,6,2,1,0.0,0,0,0,0,0.0,0.0500435026270324,0.028252966693905,V8,0,2025-07,switch_neutro
2025-07-10,Vespertino,0.0,0.1216534110189861,0.0526609616466438,0.0,0.0125,0.0109389162995939,0.0,0.0419999999999999,0.0167999999999999,4,0.0,0.75,0.25,12,2,2,12,10,2,1,0.0,0,0,0,0,0.0533495030154962,0.0766346385073824,0.0219842980603674,V7,0,2025-07,sin_switch
2025-07-10,Nocturno,0.0162186043243259,0.0322189456689585,0.0139515009956185,0.0,0.0114378125419288,0.006901292038177,0.0,0.0589999999999999,0.0281616446942124,2,0.0,0.8,1.0,13,2,3,13,9,3,1,0.0,0,0,0,0,0.0257258882969575,0.0545895024049899,0.0,V7,0,2025-07,sin_switch
2025-07-11,Previa,0.0,0.0204330249506403,0.0101848440643395,0.0,0.0,0.0092994704143585,0.0,0.0,0.0278598940828717,4,1.0,1.0,0.0,4,0,1,0,4,1,1,1.0,0,0,0,0,0.0,0.0,0.0,V7,0,2025-07,sin_switch
2025-07-11,Primera,0.0,0.0162186043243259,0.0360330084152529,1.1102230246251563e-16,0.0114378125419289,0.006901292038177,0.0922875625083857,0.1069999999999998,0.0425454381712853,2,1.0,1.0,1.0,8,0,2,4,4,2,1,1.0,0,0,0,0,0.1104915089278086,0.0,0.0205612976235508,V7,0,2025-07,sin_switch
2025-07-11,Matutino,0.0,0.1999166713787064,0.092398961055771,1.1102230246251563e-16,0.0114378125419289,0.006901292038177,0.0,0.0230627022844348,0.0317805589365485,2,1.0,0.6666666666666666,1.0,6,0,3,4,2,3,1,0.6666666666666666,0,0,0,0,0.0264024144962182,0.0273585587396929,0.0361049856017494,V7,0,2025-07,sin_switch
2025-07-11,Vespertino,0.0,0.0286107738838099,0.0627427746688115,0.0,0.048646844755508,0.0213401074212461,0.0,0.0518181818181817,0.0233688697745009,6,0.8333333333333334,1.0,0.0,11,1,3,11,9,4,2,0.1818181818181818,0,0,0,0,0.0691430299865078,0.0229588962963273,0.0682847034102105,V7,0,2025-07,sin_switch
2025-07-11,Nocturno,0.0,0.0039983855902585,0.0083206405578981,0.0,0.0253490331128315,0.0121347561275372,0.0,0.0565384615384615,0.0302202570659445,6,0.8333333333333334,0.8,0.0,12,1,4,12,7,5,1,0.0833333333333333,0,0,0,0,0.023573865447534,0.0,0.0237170297101466,V7,0,2025-07,sin_switch
2025-07-12,Previa,0.0,0.0,8.881784197001252e-16,0.0,0.0,0.0046539267095689,0.0,0.0,0.0158241563505202,4,1.0,1.0,0.0,4,0,1,0,4,1,1,1.0,0,1,0,0,0.0169109219107391,0.0,0.0,V7,1,2025-07,sin_switch
2025-07-12,Primera,0.0089257420525683,0.1196648462341807,0.0513208353533357,0.0184535123214272,0.0184535123214272,0.0068480725161501,0.0,0.0230627022844349,0.0530786376984425,2,1.0,1.0,1.0,6,0,2,4,4,2,1,0.6666666666666666,0,0,0,0,0.0664199295218315,0.0452398801542674,0.0432311818263482,V7,0,2025-07,sin_switch
2025-07-12,Matutino,0.0,0.2858383970675406,0.1164355651264946,0.0184535123214272,0.0184535123214272,0.0068480725161501,0.0,0.0218181818181817,0.0158814333905383,2,1.0,0.6666666666666666,1.0,11,0,3,10,6,3,1,0.2727272727272727,0,0,0,0,0.0756562051349286,0.0693613517838878,0.0676577998785202,V7,0,2025-07,sin_switch
2025-07-12,Vespertino,0.0,0.0078248203551005,0.0065298873123866,0.0,0.0065464876785727,0.0032071108839841,0.0,0.0387692307692308,0.024098352012161,1,1.0,0.5,1.0,10,0,4,9,2,4,1,0.4,0,0,0,0,0.0292975938378667,0.0220243585026139,0.0805963735300013,V9,0,2025-07,switch_neutro
2025-07-12,Nocturno,0.0,0.0162186043243259,0.0071118733983943,0.0,0.0065464876785727,0.0032071108839841,0.0020000000000001,0.0083333333333334,0.0162047670394915,1,1.0,0.4,1.0,8,0,5,6,2,5,1,0.25,0,0,0,0,0.0257898297574743,0.0233423135637059,0.1012381580982782,V9,0,2025-07,switch_neutro
2025-07-14,Primera,0.0,0.0271877915434322,0.0217662419937603,0.0,0.0184535123214271,0.0121347516257046,0.0,0.0861907024642856,0.0528321753798016,12,0.0,0.5,0.0,12,1,1,12,12,1,1,0.0,0,0,0,0,0.1071993601079072,0.0708794011775837,0.0234843558501462,V7,0,2025-07,sin_switch
2025-07-14,Matutino,0.0,0.0278854565628412,0.0968219145122508,0.0039682539682539,0.0055555555555555,0.0031389882001599,0.0,0.0,0.0,18,0.0,0.6666666666666666,0.2222222222222222,32,1,2,32,29,2,1,0.0,0,0,0,0,0.1017556277027189,0.161543002640318,0.0568467992092319,V8,0,2025-07,switch_neutro
2025-07-14,Vespertino,0.0601630958710508,0.318621074788628,0.1363317457727599,0.0,0.00625,0.0094534788626155,0.0,0.0286907024642854,0.0326672648649005,8,0.0,0.75,0.125,13,1,3,13,2,3,1,0.0,0,0,0,0,0.0,0.0540407114410032,0.0255016569046349,V8,0,2025-07,switch_neutro
2025-07-14,Nocturno,0.0,0.0277258872223979,0.0158194418012094,0.0,0.01,0.0052690012955209,0.0,0.025,0.0390429387015174,10,0.0,0.8,0.2,13,1,4,13,1,4,2,0.0,0,0,0,0,0.0,0.0469921041214216,0.0459512395114585,V8,0,2025-07,switch_neutro
2025-07-15,Previa,0.0,0.0,0.0056373942852263,0.0,0.0101557006787506,0.0040622802715002,0.0,0.03453114013575,0.0138124560543,4,1.0,1.0,0.0,4,0,1,0,4,1,1,1.0,0,0,0,0,0.0,0.0,0.0,V7,0,2025-07,sin_switch
2025-07-15,Primera,0.0,0.0,0.0489689910566241,0.0,0.0124999999999998,0.0049999999999999,0.0,0.0436363636363635,0.0207273046251747,8,1.0,1.0,0.25,16,0,2,14,14,2,1,1.0,0,0,0,0,0.0439843310683348,0.0961352937536371,0.0218119710533635,V8,0,2025-07,switch_neutro
2025-07-15,Matutino,0.0324372086486528,0.1033513495919047,0.0465385043439019,0.0,0.0124999999999999,0.0067344249512065,0.0,0.0878846153846154,0.047588632010037,8,1.0,0.6666666666666666,0.25,13,0,3,12,5,3,1,0.4615384615384615,0,0,0,0,0.0228204188241214,0.0228204188241214,0.0,V7,0,2025-07,sin_switch
2025-07-15,Vespertino,0.0,0.0162186043243259,0.0113492174794625,0.0,0.0062499999999999,0.0055901699437494,0.0,0.138,0.0971198882542823,8,1.0,0.5,0.25,12,0,4,11,4,4,1,0.3333333333333333,0,0,0,0,0.0462096943394039,0.0,0.0,V7,0,2025-07,sin_switch
2025-07-15,Nocturno,0.0,0.0863200337490894,0.0394538210308688,0.0,0.0124999999999999,0.0067344249512065,0.0,0.0438942556734323,0.0298387449886281,8,1.0,0.4,0.25,6,0,5,4,2,4,2,0.6666666666666666,0,0,0,0,0.021015715431027,0.0677747487487544,0.0425629678468329,V8,0,2025-07,switch_neutro
2025-07-16,Previa,0.0,0.0,8.881784197001252e-16,0.0,0.0,0.0,0.0,0.0,0.0,2,1.0,1.0,0.0,2,0,1,0,2,1,1,1.0,0,0,0,0,0.0,0.0285689383382658,0.0285689383382658,V7,0,2025-07,sin_switch
2025-07-16,Primera,0.0,0.0162186043243259,0.0865419869072358,0.0,0.0,1.1102230246251563e-16,0.0,0.0489031399558997,0.0287153940341012,5,1.0,1.0,0.0,6,0,2,5,5,2,1,0.6666666666666666,0,0,0,0,0.0240952718870648,0.0272461992194666,0.0,V7,0,2025-07,sin_switch
2025-07-16,Matutino,0.0,0.3810718327608224,0.1925977726963507,0.0,0.0,0.0,0.0,0.0526440265441008,0.0344092716947444,5,1.0,0.6666666666666666,0.0,7,0,3,5,4,3,1,0.4285714285714285,0,0,0,0,0.02391393955704,0.0231982680989868,0.0,V7,0,2025-07,sin_switch
2025-07-16,Vespertino,0.0,0.1121917619151009,0.0450199918242444,0.0,0.0653490331128314,0.0257708363627347,0.0,0.05,0.0354794962303568,6,0.8333333333333334,1.0,0.0,8,0,4,6,5,4,1,0.25,0,0,0,0,0.0211740873476648,0.0210253336874577,0.055506594911513,V9,0,2025-07,switch_neutro
2025-07-16,Nocturno,0.0,0.0089257420525683,0.008151511021139,0.0,0.0353490331128315,0.0138450275142312,0.0,0.0019988305987562,0.0040006053430377,6,0.8333333333333334,0.8,0.0,6,0,5,4,4,3,2,0.3333333333333333,0,0,0,0,0.0433135443992683,0.0309204787903594,0.0433306540337284,V7,0,2025-07,sin_switch
2025-07-17,Previa,0.0,0.0,0.0466265736296357,0.0,0.0,0.0,0.0,0.0,0.0,2,1.0,1.0,0.0,2,0,1,0,2,1,1,1.0,0,0,0,0,0.0,0.0419319034225745,0.0419319034225745,V8,0,2025-07,switch_neutro
2025-07-17,Primera,0.0,0.150234375732114,0.1492802793828355,0.0,0.0273786896428599,0.0120257793551048,0.008,0.1335721073928563,0.0875234739277955,7,1.0,1.0,0.2857142857142857,18,0,2,16,16,2,1,0.6666666666666666,0,0,0,0,0.0723595580500589,0.070748144207393,0.0227420941572923,V7,0,2025-07,sin_switch
2025-07-17,Matutino,0.0,0.2511699374192488,0.278076349431661,0.0,0.0339251773214328,0.0179077857261006,0.0,0.066,0.0489316439973316,7,1.0,0.6666666666666666,0.2857142857142857,10,0,3,8,7,3,1,0.3,0,0,0,0,0.0240212193198357,0.0240212193198357,0.0,V7,0,2025-07,sin_switch
2025-07-17,Vespertino,0.0,0.0162186043243259,0.0064874417297303,0.0,0.0339251773214327,0.0179077857261006,0.0,0.0522875625083858,0.0369111916394769,7,1.0,0.5,0.2857142857142857,8,0,4,6,4,4,1,0.25,0,0,0,0,0.0,0.0227377354688615,0.0247848294487999,V7,0,2025-07,sin_switch
2025-07-17,Nocturno,0.0,0.0162186043243259,0.0089876537645178,0.0,0.0339251773214327,0.0206491117450593,0.0176666666666666,0.0337875625083857,0.0234873282525115,7,1.0,0.4,0.2857142857142857,8,1,4,8,6,4,2,0.25,0,0,0,0,0.0237379788359605,0.0527311462594583,0.0228454562647568,V7,0,2025-07,sin_switch
2025-07-18,Previa,0.0082094723596277,0.0286424973102681,0.0108271226828261,0.0,0.0153135114221747,0.007502057830922,0.0,0.0030627022844349,0.0015004115661844,6,1.0,1.0,0.0,6,0,1,0,6,1,1,1.0,0,0,0,0,0.028217265749026,0.0,0.0,V7,0,2025-07,sin_switch
2025-07-18,Primera,0.0,0.369085922473638,0.1502313981430518,0.0031044792085954,0.0083333333333333,0.0061299675297636,0.0549999999999999,0.1099999999999999,0.0612780769453481,12,1.0,1.0,0.1666666666666666,12,0,2,8,8,2,1,1.0,0,0,0,0,0.0523151369246818,0.0582596868014472,0.0364489726217258,V7,0,2025-07,sin_switch
2025-07-18,Matutino,0.0,0.0,0.0200549816876076,0.0031044792085954,0.0083333333333333,0.0061299675297636,0.0,0.0356907024642854,0.0161271102999274,12,1.0,0.6666666666666666,0.1666666666666666,5,0,3,2,2,3,2,0.6,0,0,0,0,0.0230448110437826,0.0762475828391512,0.022540498732154,V8,0,2025-07,switch_neutro
2025-07-18,Vespertino,0.0,0.0501374542190191,0.036461427610033,0.0,0.0124999999999999,0.0062389367101837,0.0,0.0402,0.0362089028402954,8,0.75,1.0,0.0,8,0,4,4,2,4,2,0.75,0,0,0,0,0.0228047904550206,0.0750141657925266,0.0695314858723206,V8,0,2025-07,switch_neutro
2025-07-18,Nocturno,0.0,0.0092604809737357,0.0177507311057924,0.0,0.01,0.0078479491931138,0.0,0.0705000000000001,0.0321129991995924,10,0.8,0.8,0.0,10,0,5,6,2,4,2,0.8,0,0,0,0,0.0221893869578793,0.0474940787445115,0.0218722887620266,V7,0,2025-07,sin_switch
2025-07-19,Previa,0.0,0.0,0.0959001346223347,0.0,0.0101557006787506,0.0090328730515539,0.0,0.03453114013575,0.0269756102500502,4,1.0,1.0,0.0,4,0,1,0,4,1,1,1.0,0,0,1,1,0.0,0.0,0.0,V7,0,2025-07,sin_switch
2025-07-19,Primera,0.2340087019766894,0.2785271714757966,0.0951148298775553,1.1102230246251563e-16,0.0142513239641037,0.0084938700518168,0.0349999999999999,0.0636907024642854,0.0294888768268628,2,1.0,1.0,1.0,8,0,2,4,4,2,1,1.0,0,0,0,0,0.0241787133247597,0.0239661947559152,0.0217534083217379,V7,0,2025-07,sin_switch
2025-07-19,Matutino,0.4967683910585911,0.5040612533303488,0.1522124025483148,0.0100000000000001,0.0184535123214272,0.0059411124583308,0.0,0.0449999999999999,0.0293873123525784,2,1.0,0.6666666666666666,1.0,8,0,3,7,4,3,1,0.5,0,0,0,0,0.0,0.0534359150457857,0.0223735271493074,V8,0,2025-07,switch_neutro
2025-07-19,Vespertino,0.4320743872093961,0.4320743872093961,0.1484456387930737,0.0142513239641036,0.0184535123214271,0.0063013961383685,0.1275006788214279,0.1625000000000001,0.0682118861508735,2,1.0,0.5,1.0,12,0,4,8,2,4,1,0.6666666666666666,0,0,1,0,0.0739787907847357,0.0274618613069733,0.0,V7,0,2025-07,sin_switch
2025-07-19,Nocturno,0.0162186043243259,0.1055754361974239,0.0466584329471331,0.0184535123214271,0.0202403579761875,0.0074078740669576,0.0171907024642855,0.0199292502499992,0.0091066197105795,2,1.0,0.4,1.0,8,1,4,8,6,3,2,0.0,0,0,0,0,0.0474958802458029,0.0224104091536034,0.0489004576720171,V7,0,2025-07,sin_switch
2025-07-21,Primera,0.0061660271930907,0.0223846315174167,0.0172141431279021,0.0,0.0114378125419288,0.0076514298836336,0.0,0.0572875625083859,0.0358758313702328,8,0.0,0.5,0.0,8,1,1,8,8,1,1,0.0,0,0,0,0,0.0205293163331603,0.0203007838439809,0.0,V7,0,2025-07,sin_switch
2025-07-21,Matutino,0.0274910878524892,0.071435579399214,0.1944213953262997,0.0,0.00625,0.0024222110448401,0.0,0.0285721073928563,0.0274292124821329,8,0.0,0.6666666666666666,0.125,8,1,2,8,6,2,1,0.0,0,0,0,0,0.0,0.0682696927240101,0.0238877462862724,V8,0,2025-07,switch_neutro
2025-07-21,Vespertino,0.3457440648257179,0.5334200203335575,0.1888412542026027,0.0142513239641037,0.0309535123214271,0.0098962297746312,0.03,0.03,0.009,8,0.0,0.75,0.25,8,2,2,8,4,3,1,0.0,0,0,0,0,0.0,0.0,0.0,V7,0,2025-07,sin_switch
2025-07-21,Nocturno,0.0,0.0078248203551005,0.0392817197856094,0.0,0.0226557006787506,0.0182700248323252,0.0,0.0525721073928563,0.0328846861584035,4,0.0,0.8,0.25,8,3,2,8,4,3,1,0.0,0,0,0,0,0.0268738053535278,0.0232332057403265,0.0232332057403265,V7,0,2025-07,sin_switch
2025-07-22,Previa,0.0,0.0162186043243259,0.039936742805979,0.0,0.0,0.0,0.0,0.0,0.0,2,1.0,1.0,0.0,2,0,1,0,2,1,1,1.0,0,0,0,0,0.0,0.042239946281233,0.042239946281233,V8,0,2025-07,switch_neutro
2025-07-22,Primera,0.0,0.1811165262088776,0.0731399656552814,0.0,0.0114378125419289,0.0064997690727091,0.0,0.0847875625083858,0.0460867826920539,2,1.0,1.0,1.0,9,0,2,7,7,2,1,1.0,0,0,0,0,0.0,0.0,0.0219289202212828,V7,0,2025-07,sin_switch
2025-07-22,Matutino,0.0039983855902585,0.0202169899145845,0.0143185194167205,1.1102230246251563e-16,0.0114378125419289,0.0067065240416384,0.0,0.0148571428571429,0.0240409646565849,2,1.0,0.6666666666666666,1.0,15,1,2,15,8,3,1,0.2666666666666666,0,0,0,0,0.0494321267161264,0.0503449078401349,0.0,V7,0,2025-07,sin_switch
2025-07-22,Vespertino,0.0,0.003298159757179,0.0070055873337644,0.0,0.0114378125419288,0.0067065240416384,0.0,0.1378502647928207,0.0678892715166427,9,1.0,0.5,0.0,8,0,4,7,5,4,1,0.125,0,0,0,0,0.0,0.0222916487964044,0.0,V7,0,2025-07,sin_switch
2025-07-22,Nocturno,0.0,0.0085304226127123,0.0215979627926378,0.0,0.0114378125419288,0.0053012337891781,0.0,0.0383333333333333,0.0375820079030811,9,1.0,0.4,0.0,9,0,5,8,4,4,2,0.2222222222222222,0,0,0,0,0.0210555475998673,0.0507487614533557,0.0888655306706087,V9,0,2025-07,switch_neutro
2025-07-23,Previa,0.0,0.0,8.881784197001252e-16,0.0,0.0,0.0,0.0,0.0,0.0,4,1.0,1.0,0.0,4,0,1,0,4,1,1,1.0,0,0,0,0,0.0166349445959084,0.0202799905058976,0.0202799905058976,V7,0,2025-07,sin_switch
2025-07-23,Primera,0.0030186360824391,0.0234516610330794,0.0951072421903199,1.1102230246251563e-16,0.0084535123214272,0.0049392034788624,0.0,0.0252124374916141,0.0227182891173763,2,1.0,1.0,1.0,6,0,2,5,5,2,1,1.0,0,0,0,0,0.0214941301914395,0.0214941301914395,0.0455285781029802,V7,0,2025-07,sin_switch
2025-07-23,Matutino,0.0,0.0,0.025746817735329,0.0031044792085956,0.0084535123214272,0.0061541331245764,0.0,0.0274999999999998,0.0279162614014743,2,1.0,0.6666666666666666,1.0,8,0,3,7,2,3,1,0.75,0,0,0,0,0.0345183308083632,0.0249775262870119,0.0596069484146233,V7,0,2025-07,sin_switch
2025-07-23,Vespertino,0.0,0.2824724814748363,0.1288612731538928,0.0084535123214271,0.0184535123214271,0.0094014842094082,0.0,0.0527875625083857,0.0372240795508601,2,1.0,0.5,1.0,10,1,3,10,6,4,2,0.4,0,0,0,0,0.0231046161366888,0.0231046161366888,0.0230208952469632,V7,0,2025-07,sin_switch
2025-07-23,Nocturno,0.6309065373997678,0.7220096310570865,0.2144648296431994,0.0,0.0208299392261946,0.0176099439572333,0.0,0.078143535964285,0.0328694004043961,7,0.7142857142857143,1.0,0.0,9,0,5,7,1,5,2,0.6666666666666666,0,0,0,0,0.0252863434261202,0.027453856024788,0.0255848000691487,V7,0,2025-07,sin_switch
2025-07-24,Previa,0.0,0.0,0.0980449395696601,0.0,0.0,1.1102230246251563e-16,0.0,0.0,0.0,3,1.0,1.0,0.0,3,0,1,0,3,1,1,1.0,0,0,0,0,0.0,0.0289761443850209,0.0289761443850209,V7,0,2025-07,sin_switch
2025-07-24,Primera,0.0,0.0364611846074174,0.0176527096553334,0.0052288541247377,0.0083333333333334,0.0083805624808626,0.0,0.0190482978690468,0.0284774144163475,6,1.0,1.0,0.3333333333333333,9,0,2,7,7,2,1,0.7777777777777778,0,0,0,0,0.0510737419207475,0.0560908708770722,0.0300033452779338,V7,0,2025-07,sin_switch
2025-07-24,Matutino,0.0,0.0188001451698287,0.03683483113811,0.0052288541247377,0.0083333333333334,0.0112326266959599,0.0,0.0983333333333332,0.0482404500916741,6,1.0,0.6666666666666666,0.3333333333333333,9,0,3,8,3,3,1,0.4444444444444444,0,0,0,0,0.0221964026273416,0.0221964026273416,0.0,V7,0,2025-07,sin_switch
2025-07-24,Vespertino,0.0,0.0,0.0424194047261506,0.0,0.0215464876785728,0.0139526093217861,0.0,0.0805526268733758,0.042485591523274,5,0.8,1.0,0.0,11,0,4,10,7,4,1,0.0909090909090909,0,0,0,0,0.0246098324558168,0.0,0.0,V7,0,2025-07,sin_switch
2025-07-24,Nocturno,0.0,0.0,0.041250969491018,0.0052288541247378,0.0220179625175906,0.0113056813032193,0.0,0.0186363636363636,0.0323689234605877,6,1.0,0.4,0.3333333333333333,11,0,5,9,5,4,2,0.3636363636363636,0,0,0,0,0.0245663051005404,0.0471220106266706,0.0740409489785505,V9,0,2025-07,switch_neutro
2025-07-25,Previa,0.0,0.0,8.881784197001252e-16,0.0,0.0,0.0,0.0,0.0,0.0,2,1.0,1.0,0.0,2,0,1,0,2,1,1,1.0,0,0,0,0,0.0,0.0285689383382658,0.0285689383382658,V7,0,2025-07,sin_switch
2025-07-25,Primera,0.0,0.0162186043243259,0.2102719980127677,0.0,0.0042021883573234,0.0020586434557013,0.0,0.0599999999999999,0.0246338546723745,4,1.0,1.0,0.25,4,0,2,3,3,2,1,1.0,0,0,0,0,0.0262756887252117,0.0241846186572237,0.0,V7,0,2025-07,sin_switch
2025-07-25,Matutino,0.0,0.5694455431354415,0.228228634424921,0.0,0.0042021883573234,0.0034471942229764,0.0,0.03,0.0323033875633117,4,1.0,0.6666666666666666,0.25,8,0,3,7,4,3,1,0.5,0,0,0,0,0.0451556450292994,0.0,0.0,V7,0,2025-07,sin_switch
2025-07-25,Vespertino,0.0,0.0,0.1656188538831322,0.0,0.0042021883573234,0.0034471942229763,0.0,0.0111045749253239,0.0403418068463067,4,1.0,0.5,0.25,11,0,4,10,3,4,1,0.1818181818181818,0,0,0,0,0.0,0.0511079202958351,0.0719163628849915,V9,0,2025-07,switch_neutro
2025-07-25,Nocturno,0.0,0.1102654265455029,0.0518910395220739,0.0,0.0042021883573234,0.0065693888417092,0.0,0.0453636363636363,0.0282962073725705,4,1.0,0.4,0.25,10,0,5,9,3,5,1,0.2,0,0,0,0,0.0,0.049654218149649,0.0709827887071262,V9,0,2025-07,switch_neutro
2025-07-26,Previa,0.0,0.1894575598772387,0.08203752989635,0.0,0.0,0.0,0.0,0.0,0.0,6,1.0,1.0,0.0,6,0,1,0,6,1,1,1.0,0,0,0,0,0.0275097225236934,0.0,0.0,V7,0,2025-07,sin_switch
2025-07-26,Primera,0.0,0.0417720988508163,0.0368184357091431,0.0,0.0205013239641036,0.0106183807357376,0.0017142857142857,0.121,0.082547804865482,8,1.0,1.0,0.125,30,0,2,24,24,2,1,0.8,0,0,0,0,0.0489674327379244,0.1062952959229598,0.0457418901918119,V8,0,2025-07,switch_neutro
2025-07-26,Matutino,0.0,0.0162186043243259,0.0309142127293351,0.0,0.0330013239641036,0.0263383912588442,0.0,0.1528070175438596,0.1033004233183103,8,1.0,0.6666666666666666,0.125,19,0,3,13,5,3,1,0.5789473684210527,0,0,0,0,0.0227732346748713,0.023240541133877,0.023240541133877,V7,0,2025-07,sin_switch
2025-07-26,Vespertino,0.0061660271930907,0.0960171472374087,0.1344003166942339,0.0,0.05625,0.0309337067778429,0.0,0.0130263157894737,0.0342063814705193,8,1.0,0.5,0.125,19,1,3,19,3,4,2,0.4210526315789473,0,0,0,0,0.0241091818078419,0.0,0.0531525526813675,V7,0,2025-07,sin_switch
2025-07-26,Nocturno,0.0,0.0,0.0314114359674089,0.0,0.05625,0.0325691376732419,0.0489999999999999,0.0705263157894737,0.0264660680474702,8,1.0,0.4,0.125,8,0,5,2,2,3,2,0.75,0,0,0,0,0.0229118387795731,0.0451583190362797,0.0456418460101031,V7,0,2025-07,sin_switch
2025-07-28,Primera,0.0,0.011507282898072,0.0046029131592288,0.0,0.0184535123214271,0.0074829534219522,0.0,0.0911907024642853,0.0386476906231688,5,0.0,0.5,0.0,5,1,1,5,5,1,1,0.0,0,0,0,0,0.0186582167611721,0.0171894500427731,0.0171894500427731,V7,0,2025-07,sin_switch
2025-07-28,Matutino,0.0,0.0623845875143036,0.0262076210382898,0.0,0.0044676798214242,0.002578331925309,0.0,0.0,0.0318907620552767,8,0.0,0.6666666666666666,0.125,10,1,2,10,9,2,1,0.0,0,0,0,0,0.0701519761256849,0.1089642474150265,0.0434829457772885,V8,0,2025-07,switch_neutro
2025-07-28,Vespertino,0.2980586158016081,0.5130253211229965,0.1614139380512895,0.0083333333333333,0.0089285714285715,0.0037177372546731,0.0,0.0,0.0328231625532946,8,0.0,0.75,0.25,20,1,3,20,12,3,1,0.0,0,0,0,0,0.07803990602478,0.1117196729133585,0.0792345706297513,V8,0,2025-07,switch_neutro
2025-07-28,Nocturno,0.0,0.0575712877540066,0.0327841736658255,0.0,0.0052288541247377,0.0109375165828743,0.0,0.0087124374916142,0.0357047732290836,6,0.0,0.8,0.3333333333333333,6,1,4,6,3,3,2,0.0,0,0,0,0,0.0,0.0478210713489117,0.0476933532370674,V8,0,2025-07,switch_neutro
2025-07-29,Previa,0.0,0.0072928622717576,0.0090308867491522,0.0,0.0114378125419288,0.0097427724348584,0.0,0.0022875625083857,0.0019485544869717,8,1.0,1.0,0.0,8,0,1,0,8,1,1,1.0,0,0,0,0,0.0296740366256962,0.0,0.0,V7,0,2025-07,sin_switch
2025-07-29,Primera,0.0,0.0204330249506403,0.065510888799892,0.0021428571428571,0.0071428571428571,0.0037059285840098,0.0,0.1136907024642854,0.0520093902843945,14,1.0,1.0,0.1428571428571428,14,0,2,8,8,2,1,1.0,0,0,0,0,0.0237053227327929,0.0230485173336386,0.0,V7,0,2025-07,sin_switch
2025-07-29,Matutino,0.0439444915467248,0.3060934893577505,0.197213236708735,0.0,0.0313345629383075,0.0209813756926974,0.0,0.0626470588235292,0.0475459899611831,11,0.9090909090909092,1.0,0.0909090909090909,17,0,3,9,6,3,1,0.6470588235294118,0,0,0,0,0.0236152124911575,0.0,0.0,V7,0,2025-07,sin_switch
2025-07-29,Vespertino,0.0,0.4005080315229694,0.1636359798382274,0.0,0.0480859969818805,0.0237420701255873,0.0,0.033030303030303,0.0356267585859549,6,0.8333333333333334,1.0,0.1666666666666666,11,0,4,7,3,4,1,0.6363636363636364,0,0,0,0,0.0246534817713353,0.0224010708441104,0.0477005013749446,V7,0,2025-07,sin_switch
2025-07-29,Nocturno,0.0,0.0148085722582775,0.0139612436366044,0.0,0.0180859969818806,0.0142940668611535,0.0,0.025,0.0152264481157695,6,0.8333333333333334,0.8,0.1666666666666666,8,1,4,8,5,5,2,0.125,0,0,0,0,0.049520564746334,0.0550291727849621,0.0464041121732288,V7,0,2025-07,sin_switch
2025-07-30,Previa,0.0,0.0,0.0025716786709657,0.0,0.0,0.0092994704143585,0.0,0.0,0.0278598940828717,4,1.0,1.0,0.0,4,0,1,0,4,1,1,1.0,0,0,0,0,0.0,0.0,0.0,V7,0,2025-07,sin_switch
2025-07-30,Primera,0.0,0.1064648779922938,0.0521569253217572,0.0,0.0012499999999999,0.0024410211762175,0.0,0.0549999999999999,0.0269443871706149,8,1.0,1.0,0.125,13,0,2,11,11,2,1,1.0,0,0,0,0,0.0218175280775182,0.0772484567429825,0.0218175280775182,V8,0,2025-07,switch_neutro
2025-07-30,Matutino,0.0,0.0,0.1294584273678221,0.0,0.0012499999999999,0.0024410211762175,0.0,0.1558333333333333,0.0832623030615363,8,1.0,0.6666666666666666,0.125,10,0,3,9,3,3,1,0.5,0,0,0,0,0.0249635432819697,0.0,0.0,V7,0,2025-07,sin_switch
2025-07-30,Vespertino,0.0,0.0204330249506403,0.0265980852145067,0.0,0.0283764099801545,0.0323776988675241,0.0,0.0445244883452373,0.0392950848945925,9,0.8888888888888888,1.0,0.1111111111111111,9,0,4,7,1,4,2,0.8888888888888888,0,0,0,0,0.0280202665581443,0.0501468280954418,0.049856066093892,V7,0,2025-07,sin_switch
2025-07-30,Nocturno,0.0,0.161350841422009,0.0743454286852604,0.0,0.0592155903197065,0.0284273500282034,0.0,0.0052747252747252,0.0238819746834662,9,0.8888888888888888,0.8,0.1111111111111111,13,0,5,9,5,4,2,0.6153846153846154,0,0,0,0,0.0251198729469982,0.0208466836127919,0.0480391039293258,V7,0,2025-07,sin_switch
2025-07-31,Previa,0.0,0.011507282898072,0.0046029131592288,0.0070156997794982,0.0153135114221747,0.0088157314630313,0.0014031399558996,0.0030627022844349,0.0174610200450817,6,1.0,1.0,0.0,6,0,1,0,6,1,1,1.0,0,0,0,0,0.043267989910245,0.0,0.0,V7,0,2025-07,sin_switch
2025-07-31,Primera,0.0,0.011507282898072,0.0046029131592288,0.0,0.0114378125419289,0.0067515672819485,0.0,0.0880627022844349,0.0455685747584531,2,1.0,1.0,1.0,6,0,2,3,3,2,1,1.0,0,0,0,0,0.0203577789322744,0.0,0.0253727563606547,V7,0,2025-07,sin_switch
2025-07-31,Matutino,0.0,0.1119146220789115,0.0639804376657956,0.0,0.0114378125419289,0.0067515672819485,0.0,0.055,0.0307303736567525,2,1.0,0.6666666666666666,1.0,8,1,2,8,5,3,1,0.125,0,0,0,0,0.0498526867766824,0.025320531750422,0.0278412330504314,V7,0,2025-07,sin_switch
2025-07-31,Vespertino,0.0134588894648484,0.5583861926964779,0.279705629389662,0.0,0.0329843002205016,0.0146177104382239,0.0,0.0322875625083857,0.0384130773954044,5,0.8,1.0,0.0,8,1,3,8,7,4,2,0.125,0,0,0,0,0.0228199290791859,0.0,0.0227942308334901,V7,0,2025-07,sin_switch
2025-07-31,Nocturno,0.0134588894648484,0.672007264893705,0.3278626287021899,0.0084535123214271,0.0114378125419288,0.0054311170290344,0.0,0.0149999999999999,0.01529102680619,2,1.0,0.4,1.0,8,1,4,8,7,4,2,0.125,0,0,0,0,0.0245826897724628,0.0576832501084347,0.022285444466718,V8,0,2025-07,switch_neutro
2025-08-01,Previa,0.0,0.0,8.881784197001252e-16,0.0,0.0,0.0113894786966434,0.0,0.0,0.03412126239551,4,1.0,1.0,0.0,4,0,1,0,4,1,1,1.0,0,0,0,0,0.0,0.0,0.0,V7,0,2025-08,sin_switch
2025-08-01,Primera,0.0,0.0162186043243259,0.095036137341828,0.0,0.0184535123214272,0.0074065038902165,0.0,0.03,0.0155684781992865,2,1.0,1.0,1.0,4,0,2,3,3,2,1,0.75,0,0,0,0,0.0447106045451654,0.0456012025417625,0.0490999556207529,V7,0,2025-08,sin_switch
2025-08-01,Matutino,0.0,0.0162186043243259,0.2089922289381777,0.0184535123214272,0.0184535123214272,0.007051561273109,0.0,0.0288181818181817,0.0361081349749036,2,1.0,0.6666666666666666,1.0,11,0,3,10,8,3,1,0.1818181818181818,0,0,0,0,0.0251060929270979,0.0221635537216583,0.04585183789482,V7,0,2025-08,sin_switch
2025-08-01,Vespertino,0.0,0.0074871848987827,0.0054623138252088,0.0142513239641036,0.0184535123214271,0.008943688915114,0.0,0.1387272727272727,0.0651852409494384,2,1.0,0.5,1.0,11,0,4,10,5,4,1,0.2727272727272727,0,0,0,0,0.0,0.0,0.0330144535165365,V9,0,2025-08,switch_neutro
2025-08-01,Nocturno,0.0,0.0639495886821412,0.0447845518819979,0.0184535123214271,0.0249999999999999,0.012512271838036,0.0,0.1203559734558992,0.0488557837227908,2,1.0,0.4,1.0,6,0,5,5,4,4,2,0.3333333333333333,0,0,0,0,0.0,0.0,0.0581085404672249,V9,0,2025-08,switch_neutro
2025-08-02,Previa,0.0,0.0171352144121961,0.0124063527344683,0.0,0.0,0.007502057830922,0.0,0.0,0.0015004115661844,6,1.0,1.0,0.0,6,0,1,0,6,1,1,1.0,0,0,0,0,0.0555549838551841,0.0,0.0,V7,0,2025-08,sin_switch
2025-08-02,Primera,0.0,0.0047113214262557,0.0031826466548575,0.0,0.0062499999999999,0.0027209316161962,0.0,0.0274999999999999,0.0206959107026516,8,1.0,1.0,0.125,16,0,2,10,10,2,1,1.0,0,0,0,0,0.0221557979280539,0.0775240228796396,0.0221557979280539,V8,0,2025-08,switch_neutro
2025-08-02,Matutino,0.0162186043243259,0.0178510263116749,0.0423683418820704,0.0,0.0062499999999999,0.0027209316161962,0.0,0.0395311401357501,0.0196590176218199,8,1.0,0.6666666666666666,0.125,4,0,3,3,1,3,1,0.75,0,0,0,0,0.0437652490769596,0.0533948357960192,0.0738444922924592,V9,0,2025-08,switch_neutro
2025-08-02,Vespertino,0.0,0.0162186043243259,0.0064874417297303,0.0,0.0749999999999999,0.0306744236440107,0.0,0.0503578216785707,0.0284866238400492,8,0.875,1.0,0.0,8,0,4,7,3,4,2,0.625,0,0,1,0,0.0219244662202023,0.0208304848015683,0.0485652469452863,V7,0,2025-08,sin_switch
2025-08-02,Nocturno,0.0,0.0,0.0041120975471511,0.0,0.0460211458752621,0.0197815398264216,0.0,0.024,0.0099604984596402,8,0.875,0.8,0.0,8,1,4,8,5,4,2,0.0,0,0,0,0,0.0449126069631638,0.0472964534696251,0.0,V7,0,2025-08,sin_switch
2025-08-04,Primera,0.0,0.0,0.0980449395696601,0.0053605369642814,0.0184535123214271,0.0140497267235547,0.0285721073928564,0.0861907024642856,0.0666906939980291,8,0.0,0.5,0.0,8,1,1,8,8,1,1,0.0,0,1,0,0,0.038953578354605,0.0,0.0,V7,1,2025-08,sin_switch
2025-08-04,Matutino,0.0,0.2340087019766894,0.10318794890402,0.0,0.005,0.0023427114730186,0.0,0.0,0.0318860034142511,10,0.0,0.6666666666666666,0.1,20,1,2,20,18,2,1,0.0,0,0,0,0,0.0929437681317256,0.1586874956872324,0.0729578095362083,V8,0,2025-08,switch_neutro
2025-08-04,Vespertino,0.0,0.1992395312916839,0.1553708381396168,0.0,0.0184535123214271,0.0089289503649621,0.0,0.03,0.0286915279055704,8,0.0,0.75,0.0,8,2,2,8,6,3,1,0.0,0,0,0,0,0.024891103130837,0.0228245246318283,0.0228245246318283,V7,0,2025-08,sin_switch
2025-08-04,Nocturno,0.0,0.5793384586982535,0.232163705521764,0.0,0.0125,0.0075643610388853,0.0,0.0568092975357145,0.0367273018503672,4,0.0,0.8,0.25,5,1,4,5,4,3,2,0.0,0,0,0,0,0.0,0.0,0.025253198230621,V7,0,2025-08,sin_switch
2025-08-05,Previa,0.0,0.0,0.0062995923257578,0.0,0.0153135114221747,0.0098826161939941,0.0,0.0030627022844349,0.0144898776186817,6,1.0,1.0,0.0,6,0,1,0,6,1,1,1.0,0,1,0,0,0.022811787494256,0.0,0.0,V7,1,2025-08,sin_switch
2025-08-05,Primera,0.0232618877869335,0.0998179367619975,0.0393559386939943,0.0074999999999999,0.0079545454545454,0.0101557407072578,0.0378571428571428,0.0653571428571428,0.0387974704386708,8,1.0,1.0,0.25,14,0,2,12,12,2,1,0.8571428571428571,0,0,0,0,0.0697981777177199,0.0962954599522841,0.0480942501541388,V7,0,2025-08,sin_switch
2025-08-05,Matutino,0.0,0.1275438239843955,0.0641782844389895,0.0074999999999999,0.0079545454545454,0.0101557407072578,0.0924999999999999,0.1275006788214278,0.0633917920803158,8,1.0,0.6666666666666666,0.25,18,0,3,16,4,3,1,0.6666666666666666,0,0,0,0,0.0456926014745062,0.0276628104128224,0.0276628104128224,V7,0,2025-08,sin_switch
2025-08-05,Vespertino,0.0,0.011507282898072,0.0858144488237202,0.0074999999999999,0.0079545454545454,0.0101557407072578,0.0,0.1252136068928578,0.0626794358984074,8,1.0,0.5,0.25,7,0,4,6,5,4,2,0.2857142857142857,0,0,0,1,0.0,0.0,0.0,V7,0,2025-08,sin_switch
2025-08-05,Nocturno,0.0,0.0162186043243259,0.1091799492812334,0.0074999999999999,0.0079545454545454,0.0089774922560655,0.0,0.0616666666666666,0.0400863334966786,8,1.0,0.4,0.25,9,0,5,7,1,5,2,0.5555555555555556,0,0,0,1,0.0,0.0665942281919073,0.023839423796158,V8,0,2025-08,switch_neutro
2025-08-06,Previa,0.0,0.0,8.881784197001252e-16,0.0,0.0101557006787506,0.0073869986255844,0.0,0.03453114013575,0.0220256502206202,4,1.0,1.0,0.0,4,0,1,0,4,1,1,1.0,0,0,0,0,0.0,0.0,0.0,V7,0,2025-08,sin_switch
2025-08-06,Primera,0.0162186043243259,0.088462961045832,0.1039455614500426,0.0,0.0059890340120838,0.0023224334166208,0.0,0.0599999999999999,0.0300663934961719,4,1.0,1.0,0.25,4,0,2,3,3,2,1,1.0,0,0,0,0,0.0258681421317166,0.0219249270127424,0.0,V7,0,2025-08,sin_switch
2025-08-06,Matutino,0.0,0.0115072828980711,0.0046468973116801,0.0,0.0059890340120838,0.0023224334166208,0.0,0.0125,0.0083937718618068,4,1.0,0.6666666666666666,0.25,6,1,2,6,4,3,1,0.3333333333333333,0,0,0,0,0.0220352783435197,0.0215941361374113,0.0450976504237439,V7,0,2025-08,sin_switch
2025-08-06,Vespertino,0.0,0.0204330249506403,0.0083173242720919,0.0,0.0059890340120838,0.0023224334166208,0.0,0.0972875625083858,0.0394054497333844,4,1.0,0.5,0.25,8,0,4,6,6,3,2,0.25,0,0,0,0,0.0217309024595076,0.0,0.0468870601712698,V7,0,2025-08,sin_switch
2025-08-06,Nocturno,0.0162186043243259,0.1331378362787321,0.063356881023512,0.0,0.0059890340120838,0.0034123434663167,0.0,0.0746208958417191,0.0428396788221743,4,1.0,0.4,0.25,9,1,4,9,4,5,2,0.1111111111111111,0,0,0,0,0.0,0.0530775174195778,0.0583690231326743,V9,0,2025-08,switch_neutro
2025-08-07,Previa,0.0,0.011507282898072,0.005107166029571,0.0153135114221747,0.0254692121009253,0.0080334974994188,0.0030627022844349,0.037593842420185,0.0163111722917175,6,1.0,1.0,0.0,6,0,1,0,6,1,1,1.0,0,0,0,0,0.0751780052971086,0.0,0.0,V7,0,2025-08,sin_switch
2025-08-07,Primera,0.0,0.3971960734757038,0.169720717358299,0.0083333333333333,0.0083333333333333,0.0083643181583928,0.0228571428571427,0.0378571428571428,0.0269886801611623,12,1.0,1.0,0.1666666666666666,14,0,2,12,12,2,1,0.8571428571428571,0,0,0,0,0.0466771356696126,0.0995408307575141,0.0488570394900217,V8,0,2025-08,switch_neutro
2025-08-07,Matutino,0.0,0.064313236956992,0.054685453912184,0.0083333333333333,0.0083333333333333,0.0083643181583928,0.0218181818181817,0.0618831168831168,0.0721461887781736,12,1.0,0.6666666666666666,0.1666666666666666,22,0,3,20,8,3,1,0.5454545454545454,0,0,0,0,0.0224446056938494,0.0227709759887788,0.0,V7,0,2025-08,sin_switch
2025-08-07,Vespertino,0.0,0.0735716290986392,0.0334677837674817,0.0,0.0184535123214271,0.0172257061149728,0.0,0.1736907024642854,0.0717884055067272,10,0.8,1.0,0.0,10,0,4,7,2,4,2,0.8,0,0,0,0,0.0233590026095362,0.0327124428662329,0.0327124428662329,V7,0,2025-08,sin_switch
2025-08-07,Nocturno,0.0,0.0527734629054901,0.0279889754756199,0.0,0.0084535123214271,0.0073961168388668,0.0,0.0267875625083857,0.0157612265179043,10,0.8,0.8,0.0,10,0,5,7,0,4,0,0.8,1,0,0,0,0.0243913327928842,0.0488885071538371,0.0733556115174122,V9,0,2025-08,switch_neutro
2025-08-08,Previa,0.0,0.0171352144121961,0.011898894644982,0.0,0.0070156997794982,0.00670925593647,0.0,0.0014031399558996,0.001341851187294,6,1.0,1.0,0.0,6,0,1,0,6,1,1,1.0,0,0,0,0,0.0413362150287623,0.0,0.0,V7,0,2025-08,sin_switch
2025-08-08,Primera,0.0,0.0204330249506403,0.0081732099802561,0.0,0.0031044792085956,0.0042419850371295,0.0,0.0012154551155294,0.0283827271724245,2,1.0,1.0,1.0,7,0,2,4,4,2,1,1.0,0,0,0,0,0.0405142952718008,0.0403036748095088,0.044109902123099,V7,0,2025-08,sin_switch
2025-08-08,Matutino,0.0,0.0089257420525683,0.0078077525535329,0.0,0.023210891607147,0.011748023342241,0.0,0.0171353002571071,0.0252788544341712,7,0.8571428571428571,1.0,0.1428571428571428,7,0,3,3,1,3,1,0.8571428571428571,0,0,0,0,0.0437883561119712,0.0533583266394509,0.0889860278552212,V9,0,2025-08,switch_neutro
2025-08-08,Vespertino,0.0,0.0089257420525683,0.0200611074117584,0.0,0.0153490331128315,0.0141240381011354,0.0450006788214278,0.0522875625083858,0.0267493221868095,6,0.8333333333333334,1.0,0.0,8,0,4,6,2,4,2,0.75,0,0,0,0,0.0253881460739797,0.0753220391545607,0.0712931063546343,V8,0,2025-08,switch_neutro
2025-08-08,Nocturno,0.0129204445671478,0.1361330741076649,0.0668272865869815,0.0,0.0419933680974844,0.0204738628698216,0.0,0.0644040830833341,0.0286793552849239,9,0.8888888888888888,0.8,0.0,7,0,5,6,4,4,1,0.1428571428571428,0,0,0,0,0.0224979755356235,0.0,0.0453933921074377,V7,0,2025-08,sin_switch
2025-08-09,Previa,0.0,0.0,8.881784197001252e-16,0.0,0.0082978116426765,0.0082610225436217,0.0,0.0016595623285352,0.0174692591163196,5,1.0,1.0,0.0,5,0,1,0,5,1,1,1.0,0,0,0,0,0.0207540535786754,0.0,0.0,V7,0,2025-08,sin_switch
2025-08-09,Primera,0.0162186043243259,0.3010917310010654,0.201103799735831,0.0,0.0093544792085955,0.0070175316570141,0.0,0.0897875625083857,0.0543447916867211,8,1.0,1.0,0.125,8,0,2,5,5,2,1,1.0,0,0,0,0,0.0522877300480215,0.0227806882840979,0.0,V7,0,2025-08,sin_switch
2025-08-09,Matutino,0.0,0.0162186043243259,0.0064874417297303,0.0,0.0093544792085955,0.0070175316570141,0.0,0.0440480715952374,0.0172632229891649,8,1.0,0.6666666666666666,0.125,8,1,2,8,5,3,1,0.125,0,0,0,0,0.0220146401116123,0.0625335365228501,0.0204152258801073,V8,0,2025-08,switch_neutro
2025-08-09,Vespertino,0.0047113214262557,0.0235114665960844,0.0681899990073257,0.0,0.0176878125419288,0.0070268506520421,0.0,0.1058333333333333,0.0646514181053057,8,1.0,0.5,0.125,8,0,4,7,6,4,2,0.25,0,0,0,0,0.0,0.0,0.0210795426642974,V7,0,2025-08,sin_switch
2025-08-09,Nocturno,0.0,0.0952701994119191,0.0690838505995354,0.0,0.0176878125419288,0.0070268506520421,0.0147326203208556,0.0259090909090908,0.0309295115922824,8,1.0,0.4,0.125,22,0,5,20,20,3,2,0.0909090909090909,0,0,0,0,0.1233071916834421,0.1029447142374679,0.047031231019751,V7,0,2025-08,sin_switch
2025-08-11,Primera,0.0061660271930907,0.0061660271930907,0.0102042276703919,0.0053605369642814,0.0114378125419288,0.0066151129955128,0.0285721073928564,0.0572875625083859,0.0300319655796289,8,0.0,0.5,0.0,8,1,1,8,8,1,1,0.0,0,0,0,0,0.0,0.0213284315225196,0.0,V7,0,2025-08,sin_switch
2025-08-11,Matutino,0.0,0.2104972353806049,0.1825481388074089,0.0,0.0071428571428571,0.0029785311535531,0.0,0.0,0.0,14,0.0,0.6666666666666666,0.1428571428571428,14,1,2,14,10,2,1,0.0,0,0,0,0,0.1464217594136438,0.1258503403822874,0.0671597746108983,V7,0,2025-08,sin_switch
2025-08-11,Vespertino,0.0,0.0113811177708944,0.0703452299656828,0.0083333333333333,0.0125,0.0061570348540952,0.0,0.0285721073928563,0.0136412214514014,8,0.0,0.75,0.25,10,2,2,10,6,3,1,0.0,0,0,0,0,0.0503269764575064,0.0713883991801434,0.0243504140091711,V7,0,2025-08,sin_switch
2025-08-11,Nocturno,0.0,0.1853345903037455,0.1334125939289081,0.0,0.005,0.0048679533581513,0.0,0.0610721073928564,0.046827934549918,10,0.0,0.8,0.1,10,1,4,10,2,4,2,0.0,0,0,0,0,0.0,0.0203703571751266,0.0509094002275369,V9,0,2025-08,switch_neutro
2025-08-12,Previa,0.0,0.0,0.1036823338548865,0.0,0.0,0.0,0.0,0.0,0.0,2,1.0,1.0,0.0,2,0,1,0,2,1,1,1.0,0,0,0,0,0.0,0.0311576729333868,0.0311576729333868,V8,0,2025-08,switch_neutro
2025-08-12,Primera,0.2016093567225212,0.2559472453591622,0.0784841609613628,0.0,0.0042021883573234,0.0041847860195378,0.0,0.0616595623285352,0.025086503570554,4,1.0,1.0,0.25,5,0,2,3,3,2,1,1.0,0,0,0,0,0.0266165204962021,0.0238320672995106,0.0,V7,0,2025-08,sin_switch
2025-08-12,Matutino,0.1779004573915079,0.1941190617158339,0.1328420568233585,0.0,0.0042021883573234,0.0041847860195378,0.0,0.0824301933774336,0.0498428305674815,4,1.0,0.6666666666666666,0.25,5,0,3,4,3,3,1,0.4,0,0,0,0,0.0,0.0244464083231083,0.0,V7,0,2025-08,sin_switch
2025-08-12,Vespertino,0.0,0.0050460603474213,0.0052496832989314,0.0,0.0167021883573234,0.0077233177886863,0.0,0.0249031399558996,0.0289108836236854,4,0.75,1.0,0.25,6,0,4,5,1,4,1,0.3333333333333333,0,0,0,0,0.0,0.0504141621856624,0.0636174796532442,V9,0,2025-08,switch_neutro
2025-08-12,Nocturno,0.0,0.0089257420525683,0.0527112644005562,0.0,0.0042021883573234,0.0041847860195377,0.0,0.0595627022844349,0.0295971818920692,4,1.0,0.4,0.25,6,0,5,5,1,5,2,0.3333333333333333,0,0,0,0,0.0,0.0448863518568457,0.0494796260147096,V9,0,2025-08,switch_neutro
2025-08-13,Previa,0.0,0.0,0.0,0.0,0.0114378125419288,0.0067065240416384,0.0,0.0022875625083857,0.0013413048083277,8,1.0,1.0,0.0,8,0,1,0,8,1,1,1.0,0,0,0,0,0.0312910583576058,0.0,0.0,V7,0,2025-08,sin_switch
2025-08-13,Primera,0.0,0.1119146220789115,0.0648351561040577,1.1102230246251563e-16,0.0031044792085956,0.0055432241139196,0.0,0.0,0.0228095684463643,2,1.0,1.0,1.0,6,0,2,3,3,2,1,1.0,0,0,0,0,0.0423891384350358,0.0431713739864575,0.0459241829095698,V7,0,2025-08,sin_switch
2025-08-13,Matutino,0.0,0.2520298739114404,0.1308482095149755,1.1102230246251563e-16,0.0031044792085956,0.0055432241139196,0.0,0.0708583122583865,0.0313806002373635,2,1.0,0.6666666666666666,1.0,7,1,2,7,6,3,1,0.1428571428571428,0,0,0,0,0.0246474149992849,0.04746960005051,0.0271741396690142,V7,0,2025-08,sin_switch
2025-08-13,Vespertino,0.281588676150271,0.281588676150271,0.1369040551877048,0.0,0.0031044792085955,0.0055432241139195,0.0,0.0833583122583865,0.0376725793583187,8,1.0,0.5,0.0,7,1,3,7,6,4,2,0.1428571428571428,0,0,0,0,0.0234299138685053,0.0474808143487731,0.05003645412983,V7,0,2025-08,sin_switch
2025-08-13,Nocturno,0.7220096310570865,0.7575154984721211,0.2261656738026463,0.0,0.0083333333333333,0.0060818502577939,0.0,0.0822875625083857,0.0610506852643521,6,1.0,0.4,0.1666666666666666,12,0,5,6,4,4,2,0.6666666666666666,0,0,0,0,0.0419272107690263,0.030626819625915,0.0248770667878916,V7,0,2025-08,sin_switch
2025-08-14,Previa,0.0,0.0062578657928513,0.0075298157156263,0.0,0.0101557006787506,0.0040622802715002,0.0,0.03453114013575,0.0138124560543,4,1.0,1.0,0.0,4,0,1,0,4,1,1,1.0,0,0,0,0,0.0,0.0,0.0,V7,0,2025-08,sin_switch
2025-08-14,Primera,0.0,0.0162186043243268,0.0373803374198802,0.0,0.0081044792085955,0.0074994293551664,0.0,0.0408333333333332,0.048319009430034,10,1.0,1.0,0.1,8,0,2,7,7,2,1,1.0,0,0,0,0,0.0424323652205329,0.0462474111633693,0.0197567985139324,V7,0,2025-08,sin_switch
2025-08-14,Matutino,0.0,0.1816360934419263,0.0722258489924715,0.0,0.0002288541247377,0.003429261393504,0.0,0.0274999999999999,0.0170623356453759,6,0.8333333333333334,1.0,0.1666666666666666,6,0,3,3,1,3,1,0.8333333333333334,0,1,0,0,0.0265668400908377,0.0483243268990066,0.0557158926353337,V7,1,2025-08,sin_switch
2025-08-14,Vespertino,0.0,0.0,0.0394460348715259,0.0,0.0081044792085955,0.0074994293551664,0.0,0.0044999999999999,0.0022045407685048,10,1.0,0.5,0.1,8,0,4,7,0,2,0,1.0,1,0,0,0,0.0244510044128747,0.0244588121656808,0.0734170849487324,V9,0,2025-08,switch_neutro
2025-08-14,Nocturno,0.0,0.0313306252067508,0.0245161191070252,0.0,0.0196394630357185,0.0102147927393684,0.0,0.1007875625083858,0.0459779554892061,7,0.7142857142857143,1.0,0.1428571428571428,10,0,5,7,1,4,2,0.8,0,0,0,0,0.0252760832155214,0.0803066218302971,0.0584034085144756,V8,0,2025-08,switch_neutro
2025-08-15,Previa,0.0,0.0,8.881784197001252e-16,0.0,0.0232486760358963,0.0106538817742,0.0,0.0696497352071793,0.031917518372053,4,1.0,1.0,0.0,4,0,1,0,4,1,1,1.0,0,0,0,0,0.0,0.0,0.0,V7,0,2025-08,sin_switch
2025-08-15,Primera,0.1340157714077881,0.1340157714077881,0.0447646772147819,0.0,0.0,0.0069523750221357,0.0,0.0549999999999999,0.0710493301434222,14,1.0,1.0,0.0,14,0,2,10,10,2,1,1.0,0,0,0,0,0.0260090178595156,0.0222816180554166,0.0,V7,0,2025-08,sin_switch
2025-08-15,Matutino,0.0,0.1661587516047928,0.1774650878224677,0.0,0.0174603174603176,0.0207963174925903,0.0,0.1160721073928563,0.07278401394534,9,0.8888888888888888,1.0,0.0,14,0,3,10,2,3,1,0.8571428571428571,0,0,0,0,0.0237818374893196,0.0240414439985606,0.0240414439985606,V7,0,2025-08,sin_switch
2025-08-15,Vespertino,0.0,0.796298602750011,0.312254964848413,0.0,0.0399999999999999,0.0208046493074588,0.0,0.0523333333333333,0.02960515642493,10,0.8,1.0,0.0,9,0,4,7,5,4,2,0.4444444444444444,0,0,0,0,0.0247180745898877,0.0,0.0,V7,0,2025-08,sin_switch
2025-08-15,Nocturno,0.0,0.0204330249506403,0.0097899485198241,0.0,0.0133333333333333,0.0113857478825088,0.0793333333333332,0.0943333333333333,0.0294238612542798,10,0.8,0.8,0.0,18,0,5,14,4,4,2,0.7777777777777778,0,0,0,0,0.0475141231960053,0.0245443938753421,0.0478532205473207,V7,0,2025-08,sin_switch
2025-08-16,Previa,0.0,0.0,8.881784197001252e-16,0.0,0.0,0.0046539267095689,0.0,0.0,0.0158241563505202,4,1.0,1.0,0.0,4,0,1,0,4,1,1,1.0,0,0,0,0,0.0169109219107391,0.0,0.0,V7,0,2025-08,sin_switch
2025-08-16,Primera,0.0,0.2614069865266417,0.1106565019489325,0.0,0.0205013239641036,0.0087730303426571,0.0,0.1253502647928206,0.0498833534395523,8,1.0,1.0,0.125,8,0,2,4,4,2,1,1.0,0,0,0,0,0.0519766420598197,0.0231816438277692,0.0231816438277692,V7,0,2025-08,sin_switch
2025-08-16,Matutino,0.0,0.0,0.0100100970061252,0.0,0.0205013239641036,0.0087730303426571,0.0,0.1223333333333333,0.055578219264589,8,1.0,0.6666666666666666,0.125,10,0,3,9,8,3,1,0.2,0,0,0,0,0.0,0.0,0.0,V7,0,2025-08,sin_switch
2025-08-16,Vespertino,0.0,0.169789973526977,0.0695690193941203,0.0,0.0205013239641036,0.0087730303426571,0.0,0.0307142857142856,0.012229155052655,8,1.0,0.5,0.125,7,0,4,6,3,4,1,0.1428571428571428,0,0,0,0,0.0,0.0231099454286949,0.0546610192780969,V9,0,2025-08,switch_neutro
2025-08-16,Nocturno,0.0,0.0083937839692254,0.0520023319981906,0.0,0.0205013239641036,0.0101667644064713,0.0,0.021,0.0259310003733697,8,1.0,0.4,0.125,8,0,5,6,6,3,2,0.25,0,0,0,0,0.0467652180090371,0.0519101345903178,0.0489790125351769,V7,0,2025-08,sin_switch
2025-08-18,Primera,0.0,0.0,0.0959001346223347,0.0,0.0101557006787506,0.0073869986255844,0.0,0.0620311401357501,0.0394179699492512,4,0.0,0.5,0.0,4,1,1,4,4,1,1,0.0,0,0,0,0,0.0,0.0164023130917291,0.0164023130917291,V7,0,2025-08,sin_switch
2025-08-18,Matutino,0.0,0.0,0.0073543138583351,0.0,0.00625,0.002900085141364,0.0,0.0,0.0221333333333332,8,0.0,0.6666666666666666,0.125,12,1,2,12,11,2,1,0.0,0,0,0,0,0.0835138107973275,0.1234583753758192,0.044657218901901,V8,0,2025-08,switch_neutro
2025-08-18,Vespertino,0.0,0.5403028111682886,0.269488281651022,0.0,0.0,0.0034369769296654,0.0,0.0324999999999999,0.0431306320499623,6,0.0,0.75,0.0,6,1,3,6,4,3,1,0.0,0,0,0,0,0.0,0.0,0.0231197359033501,V7,0,2025-08,sin_switch
2025-08-18,Nocturno,0.0,0.305381649533091,0.2760243338274471,0.0,0.0129843002205017,0.0064913366476759,0.0,0.0127875625083858,0.0233734067057522,5,0.0,0.8,0.4,10,3,2,10,7,3,1,0.0,0,0,0,0,0.0460125141669809,0.0228212390334725,0.0228212390334725,V7,0,2025-08,sin_switch
2025-08-19,Previa,0.0,0.0052494171052206,0.0147770561238949,0.0,0.0114378125419288,0.0102585151117727,0.0,0.0022875625083857,0.0020517030223545,8,1.0,1.0,0.0,8,0,1,0,8,1,1,1.0,0,0,0,0,0.0292834937691037,0.0,0.0,V7,0,2025-08,sin_switch
2025-08-19,Primera,0.3605561129226107,0.3705840720614608,0.111486285870128,0.0052288541247377,0.0052288541247378,0.0051573760545464,0.0,0.0179999999999999,0.0071246052522227,6,1.0,1.0,0.3333333333333333,10,0,2,6,6,2,1,0.9,0,0,0,0,0.0448969868971858,0.067187863811963,0.0228651074072653,V7,0,2025-08,sin_switch
2025-08-19,Matutino,0.4699646872151435,0.4861832915394695,0.1449149947048521,0.0,0.0374999999999999,0.0166509721602218,0.0175,0.0324999999999999,0.0580507794282823,8,0.875,1.0,0.125,8,0,3,4,2,3,1,0.75,0,0,0,0,0.0494687454118642,0.0253672277851522,0.024501050924261,V7,0,2025-08,sin_switch
2025-08-19,Vespertino,0.0,0.011507282898072,0.0170685919216753,0.0,0.0124999999999999,0.0077206284019737,0.2398502647928208,0.2590000000000001,0.0781893401001823,8,0.875,0.75,0.125,10,0,4,8,2,4,2,0.6,0,0,0,0,0.0894872146797589,0.0238603164394902,0.0238603164394902,V7,0,2025-08,sin_switch
2025-08-19,Nocturno,0.0,0.0134588894648484,0.0131016724621056,0.0,0.0015464876785729,0.0056841817931928,0.0,0.0305454545454545,0.0430906073078952,5,0.8,0.8,0.2,10,0,5,8,5,4,2,0.5,0,0,0,0,0.0528469064725426,0.0235015768449629,0.0529467869932705,V7,0,2025-08,sin_switch
2025-08-20,Previa,0.0,0.2053828119449532,0.0834516375797603,0.0,0.0,0.0052371901428582,0.0,0.0,0.0140474380285716,3,1.0,1.0,0.0,3,0,1,0,3,1,1,1.0,0,0,0,0,0.0,0.0230982248426952,0.0230982248426952,V7,0,2025-08,sin_switch
2025-08-20,Primera,0.0,0.0969277913523631,0.0528707995390253,0.0053605369642814,0.0084535123214271,0.0043666953992904,0.0479999999999999,0.0835721073928563,0.036760959920166,12,1.0,1.0,0.0,12,0,2,10,10,2,1,1.0,0,0,0,0,0.0503720051433338,0.0616579065746005,0.0364280969558188,V7,0,2025-08,sin_switch
2025-08-20,Matutino,0.0,0.3063312275811851,0.1494025738850274,0.0053605369642814,0.0084535123214271,0.0050297642771246,0.0,0.0820454545454546,0.0439322997361239,12,1.0,0.6666666666666666,0.0,12,0,3,10,4,3,1,0.4166666666666667,0,0,0,0,0.0227609870855332,0.0227609870855332,0.0,V7,0,2025-08,sin_switch
2025-08-20,Vespertino,0.0,0.0083937839692254,0.0066551736009101,1.1102230246251563e-16,0.0053605369642814,0.0044814483474562,0.0,0.0157692307692307,0.0402332489570153,12,1.0,0.5,0.0,13,0,4,11,10,4,2,0.2307692307692307,0,0,0,0,0.0513765172344345,0.0256176371821237,0.0492434340383085,V7,0,2025-08,sin_switch
2025-08-20,Nocturno,0.0,0.1785803547920039,0.0913382880668879,0.0053605369642814,0.0084535123214271,0.0050297642771246,0.0,0.0607352941176471,0.0311515597933021,12,1.0,0.4,0.0,17,0,5,16,4,5,1,0.2352941176470588,0,0,0,0,0.0,0.0227673852282607,0.0484823009867864,V9,0,2025-08,switch_neutro
2025-08-21,Previa,0.0,0.0,0.1036823338548865,0.0,0.0,0.0113894786966434,0.0,0.0,0.03412126239551,4,1.0,1.0,0.0,4,0,1,0,4,1,1,1.0,0,0,0,0,0.0,0.0,0.0,V7,0,2025-08,sin_switch
2025-08-21,Primera,0.0,0.2088424134312747,0.0940039637459202,0.0,0.0267513239641036,0.012942463342154,0.0,0.0923814049285708,0.0427167995418361,8,1.0,1.0,0.25,8,1,1,8,8,2,2,1.0,0,0,0,0,0.103551099468644,0.0931432983381074,0.0460236641725914,V7,0,2025-08,sin_switch
2025-08-21,Matutino,0.0,0.0,0.1956558626347025,0.0,0.0584535123214271,0.0270456497498237,0.0,0.0808333333333332,0.0416020571131476,9,0.8888888888888888,1.0,0.2222222222222222,9,1,2,9,1,3,1,0.8888888888888888,0,0,0,0,0.046217667904117,0.0473201952128474,0.0504702197528868,V7,0,2025-08,sin_switch
2025-08-21,Vespertino,0.3501510471108204,0.5129869953829171,0.1659848387349376,0.0,0.0417868456547603,0.0182738968695422,0.0691666666666667,0.0899999999999999,0.0482185148441439,5,0.8,1.0,0.0,12,0,4,8,8,3,2,0.3333333333333333,0,0,0,0,0.051323578788149,0.0499645200387783,0.0543269447758159,V7,0,2025-08,sin_switch
2025-08-21,Nocturno,0.0,0.0089257420525683,0.0078077525535329,0.0064378125419288,0.0084535123214271,0.009625548786093,0.0,0.0955000000000001,0.0409120129558211,2,1.0,0.4,1.0,6,0,5,5,3,4,2,0.3333333333333333,0,0,0,0,0.0,0.0,0.086976860663549,V9,0,2025-08,switch_neutro
2025-08-22,Previa,0.0047113214262557,0.010052577131236,0.0082179431910666,0.0053605369642814,0.0114378125419288,0.0063211692505162,0.0010721073928563,0.0022875625083857,0.0012642338501032,8,1.0,1.0,0.0,8,0,1,0,8,1,1,1.0,0,0,0,0,0.0480693451985925,0.0,0.0,V7,0,2025-08,sin_switch
2025-08-22,Primera,0.0,0.1064648779922938,0.1039168567629365,0.0074999999999999,0.0124999999999999,0.0039449334595148,0.0,0.0218181818181817,0.0116543717190283,8,1.0,1.0,0.25,16,0,2,8,8,2,1,1.0,0,0,0,0,0.0491658956348376,0.0551001446318192,0.026511280734593,V7,0,2025-08,sin_switch
2025-08-22,Matutino,0.0,0.0,0.0538824292327564,0.026388888888889,0.0388888888888889,0.0115833333333333,0.0378461538461538,0.0915,0.0374187659255687,18,0.8888888888888888,1.0,0.0,20,0,3,16,4,3,1,0.7,0,1,1,0,0.0229990912971172,0.0,0.0,V7,1,2025-08,sin_switch
2025-08-22,Vespertino,0.0,0.0732241548695382,0.0434781650746676,0.0013888888888888,0.0138888888888888,0.0051646501441153,0.0,0.0183333333333334,0.0135564310736396,18,0.8888888888888888,0.75,0.0,9,1,3,9,4,3,1,0.0,0,0,0,0,0.0,0.0479865623893182,0.0239160446964839,V8,0,2025-08,switch_neutro
2025-08-22,Nocturno,0.0089257420525683,0.1196684298289438,0.1203501145752877,0.0074999999999999,0.0124999999999999,0.0039449334595148,0.0,0.0349090909090908,0.0169967674977875,8,1.0,0.4,0.25,11,1,4,11,4,5,2,0.0909090909090909,0,0,0,0,0.0287798534694276,0.0568644743688086,0.07861288490758,V9,0,2025-08,switch_neutro
2025-08-23,Previa,0.0,0.0,8.881784197001252e-16,0.0070156997794982,0.0153135114221747,0.0082548035179426,0.0014031399558996,0.0030627022844349,0.0162698431656152,6,1.0,1.0,0.0,6,0,1,0,6,1,1,1.0,0,0,0,0,0.0430754624066209,0.0,0.0,V7,0,2025-08,sin_switch
2025-08-23,Primera,0.1653476168761951,0.1992395312916839,0.0910430574359186,0.0,0.0084535123214271,0.0082584555677809,0.0,0.0313092975357144,0.034657349578486,10,1.0,1.0,0.0,5,0,2,4,4,2,1,1.0,0,0,0,0,0.0765464995229262,0.0497516942523231,0.0225836019165347,V7,0,2025-08,sin_switch
2025-08-23,Matutino,0.0588827388839012,0.1992395312916839,0.1860368929363879,0.0,0.0084535123214271,0.0076849120736218,0.0,0.0009937327673157,0.006618828660215,10,1.0,0.6666666666666666,0.0,11,1,2,11,4,3,1,0.3636363636363636,0,0,0,0,0.0722266260690446,0.0236068915581954,0.0245094763019121,V7,0,2025-08,sin_switch
2025-08-23,Vespertino,0.0,0.2800410009774214,0.1290035974692438,0.0,0.0184535123214271,0.0084263516955167,0.0,0.0436421783214293,0.0377446930754734,10,1.0,0.5,0.0,7,0,4,6,2,3,1,0.7142857142857143,0,0,0,0,0.0237104297518461,0.0235276895880127,0.0246913358056579,V7,0,2025-08,sin_switch
2025-08-23,Nocturno,0.6646062500455132,0.68699088156293,0.2100052168783033,0.0,0.0253490331128315,0.0138117784140532,0.0,0.0352614522142862,0.0303429132103826,6,0.8333333333333334,0.8,0.0,7,0,5,6,6,3,2,0.1428571428571428,0,0,0,0,0.0226001522756235,0.0288712635380913,0.0257585905463489,V7,0,2025-08,sin_switch
2025-08-25,Primera,0.0,0.2116406777378046,0.0846562710951218,0.0,0.0,0.0,0.0,0.0,5.551115123125783e-17,2,0.0,0.5,0.0,2,1,1,2,2,1,1,0.0,0,0,0,0,0.0,0.0191217347413724,0.0191217347413724,V7,0,2025-08,sin_switch
2025-08-25,Matutino,0.0,0.0287805084319279,0.0430863045556483,0.003446533946162,0.0052288541247377,0.0017833161515219,0.0,0.0285721073928563,0.0251909312424893,6,0.0,0.6666666666666666,0.3333333333333333,8,1,2,8,7,2,1,0.0,0,0,0,0,0.0,0.0734359199690161,0.0250367078219104,V8,0,2025-08,switch_neutro
2025-08-25,Vespertino,0.0,0.0528456156069072,0.0594836282435073,0.0,0.01737868964286,0.0089402481732669,0.0,0.0,0.0246322734961118,7,0.0,0.75,0.2857142857142857,5,1,3,5,4,3,2,0.0,0,0,0,0,0.0,0.0477528420963375,0.0260899731573579,V8,0,2025-08,switch_neutro
2025-08-25,Nocturno,0.0,0.0,0.2747059834207637,0.0,0.0213907869998222,0.0135241061169,0.0,0.0190721073928563,0.0129204517634407,7,0.0,0.8,0.0,14,3,2,14,13,2,1,0.0,0,0,0,0,0.0775499540274599,0.1022907895295359,0.054467472600071,V7,0,2025-08,sin_switch
2025-08-26,Previa,0.0,0.011507282898072,0.0056373942852263,0.0053605369642814,0.0184535123214271,0.0140497267235546,0.0010721073928563,0.0036907024642854,0.0183811971864592,8,1.0,1.0,0.0,8,0,1,0,8,1,1,1.0,0,0,0,0,0.0454160261324927,0.0,0.0,V7,0,2025-08,sin_switch
2025-08-26,Primera,0.0,0.0196800406874455,0.013272838332772,0.0071428571428571,0.018580669684786,0.0085258530427074,0.0683333333333332,0.1110721073928563,0.0511949093294322,14,1.0,1.0,0.1428571428571428,14,0,2,12,12,2,1,1.0,0,0,0,0,0.0497308370482951,0.0591321406830387,0.037881345685431,V7,0,2025-08,sin_switch
2025-08-26,Matutino,0.0,0.0188001451698287,0.0545129216817435,0.0071428571428571,0.0125033941071385,0.007503471151351,0.0,0.0913578216785706,0.0466498756920647,14,1.0,0.6666666666666666,0.1428571428571428,10,0,3,7,1,3,1,0.8,0,0,0,0,0.0,0.0477734153756754,0.0473703045143084,V8,0,2025-08,switch_neutro
2025-08-26,Vespertino,0.0,0.0627570534214312,0.026545174075186,0.0071428571428571,0.018580669684786,0.0085258530427074,0.0047875625083857,0.0073814049285708,0.0065174838437367,14,1.0,0.5,0.1428571428571428,14,0,4,12,0,2,0,1.0,1,1,0,0,0.0,0.0,0.0488241117611992,V9,0,2025-08,switch_perdedor
2025-08-26,Nocturno,0.0,0.0378676368668129,0.05427221185188,0.0071428571428571,0.018580669684786,0.0085258530427074,0.0,0.0982124374916141,0.0425459829339637,14,1.0,0.4,0.1428571428571428,6,0,5,5,5,3,2,0.1666666666666666,0,0,0,0,0.0,0.0468441307287965,0.0,V8,0,2025-08,switch_neutro
2025-08-27,Previa,0.0,0.2001333948397325,0.0792362291601948,0.0153135114221747,0.0153135114221747,0.0079020146032802,0.0030627022844349,0.0030627022844349,0.017593180014482,6,1.0,1.0,0.0,6,0,1,0,6,1,1,1.0,0,0,0,0,0.0313223435924168,0.0,0.0,V7,0,2025-08,sin_switch
2025-08-27,Primera,0.1574674324408675,0.2621489978110256,0.0885988564642372,0.0017513239641036,0.0114378125419288,0.0056655531534823,0.0,0.0617539255746746,0.0485190711543995,8,1.0,1.0,0.0,11,0,2,9,9,2,1,0.8181818181818182,0,0,0,0,0.0731325156969243,0.0468736123478658,0.0220302231234755,V7,0,2025-08,sin_switch
2025-08-27,Matutino,0.0,0.0510025544485737,0.1304011371133124,0.0017513239641036,0.0114378125419288,0.0079011762153814,0.0,0.0158333333333332,0.0082668178749611,8,1.0,0.6666666666666666,0.0,9,0,3,8,3,3,1,0.4444444444444444,0,0,0,0,0.0,0.0,0.0512624891517331,V9,0,2025-08,switch_neutro
2025-08-27,Vespertino,0.0134588894648484,0.2960409122265144,0.2289096963141088,0.0017513239641036,0.0114378125419288,0.0079011762153814,0.0,0.0501907024642854,0.0386707065404931,8,1.0,0.5,0.0,10,0,4,7,2,4,1,0.4,0,0,0,0,0.0216288740218103,0.0461981078102767,0.0220782312773926,V7,0,2025-08,sin_switch
2025-08-27,Nocturno,0.2960409122265144,0.3815875858079831,0.1500989880664945,0.0,0.05125,0.0258563294211402,0.0,0.0570769230769231,0.0374232563723091,8,0.875,0.8,0.0,13,0,5,11,1,5,2,0.6923076923076923,0,0,0,0,0.0337102987506304,0.0254975737058019,0.0738043995994111,V9,0,2025-08,switch_neutro
2025-08-28,Previa,0.0,0.011507282898072,0.0505597411226838,0.0,0.0,0.0052371901428582,0.0,0.0,0.0140474380285716,3,1.0,1.0,0.0,3,0,1,0,3,1,1,1.0,0,0,0,0,0.0,0.0211290365218214,0.0211290365218214,V7,0,2025-08,sin_switch
2025-08-28,Primera,0.0,0.211724049184574,0.107244170583641,0.0107176798214242,0.030953512321427,0.0110046384871507,0.0560721073928563,0.1357149645357134,0.0637038435341196,8,1.0,1.0,0.25,8,0,2,6,6,2,1,1.0,0,0,0,0,0.0584187851210735,0.0228125119595583,0.0228125119595583,V7,0,2025-08,sin_switch
2025-08-28,Matutino,0.0134588894648484,0.239810590132202,0.1141108525504656,0.0107176798214242,0.0156044792085955,0.0105184245128164,0.0,0.015,0.0139056454781749,8,1.0,0.6666666666666666,0.25,6,0,3,4,2,3,1,0.6666666666666666,0,1,0,0,0.0493227473363496,0.0252086073516372,0.0485736939095592,V7,1,2025-08,sin_switch
2025-08-28,Vespertino,0.0,0.0083937839692254,0.0061003747980771,0.0107176798214242,0.030953512321427,0.0112791572660392,0.0,0.066,0.0355750082374505,8,1.0,0.5,0.25,10,0,4,8,4,4,1,0.4,0,0,0,0,0.0222162732722595,0.0222162732722595,0.0461439419685267,V7,0,2025-08,sin_switch
2025-08-28,Nocturno,0.0,0.0420304043583525,0.0325620472516005,0.030953512321427,0.0327403579761874,0.012027776836313,0.0073846153846154,0.0443076923076923,0.0368306706090681,8,1.0,0.4,0.25,10,0,5,8,4,4,2,0.6,0,0,0,0,0.0,0.0,0.02386835650431,V7,0,2025-08,sin_switch
2025-08-29,Previa,0.0,0.0,0.0867560379372101,0.0,0.0153135114221747,0.0093357845290976,0.0,0.0030627022844349,0.017452739409838,6,1.0,1.0,0.0,6,0,1,0,6,1,1,1.0,0,0,0,0,0.0225422250952443,0.0,0.0,V7,0,2025-08,sin_switch
2025-08-29,Primera,0.2026763862381839,0.2088424134312747,0.1863085469182047,0.0114378125419289,0.0114378125419289,0.0045501588376702,0.0,0.0675,0.0330096572786005,2,1.0,1.0,1.0,6,0,2,5,5,2,1,0.6666666666666666,0,0,0,0,0.0215300257231294,0.0474114703523202,0.0436710347036481,V7,0,2025-08,sin_switch
2025-08-29,Matutino,0.0,0.6195829973544607,0.248159121076668,0.0114378125419289,0.0114378125419289,0.0045501588376702,0.0,0.0483326545119056,0.0343728442207483,2,1.0,0.6666666666666666,1.0,7,0,3,6,1,3,1,0.5714285714285714,0,0,0,0,0.022992130375533,0.0511768632542236,0.0229560162651594,V7,0,2025-08,sin_switch
2025-08-29,Vespertino,0.0,0.6139547704219366,0.2578036749873415,0.0124999999999999,0.0239378125419288,0.0086917474812673,0.02,0.0703502647928207,0.035394882736287,8,0.75,1.0,0.0,8,1,3,8,2,4,2,0.75,0,0,0,0,0.0468985347292039,0.0236031052754517,0.0,V7,0,2025-08,sin_switch
2025-08-29,Nocturno,0.0,0.0693824620360565,0.0926420045415751,0.0114378125419288,0.0142513239641036,0.0053451183138179,0.0,0.0679292502499993,0.0329102218457788,2,1.0,0.4,1.0,8,0,5,6,4,4,2,0.5,0,0,0,0,0.0,0.0,0.1072478380939785,V9,0,2025-08,switch_neutro
2025-08-30,Previa,0.0,0.0,0.1036823338548865,0.0,0.0232486760358963,0.0092994704143585,0.0,0.0696497352071793,0.0278598940828717,4,1.0,1.0,0.0,4,0,1,0,4,1,1,1.0,0,0,0,0,0.0,0.0,0.0,V7,0,2025-08,sin_switch
2025-08-30,Primera,0.1792247252051044,0.1926836146699528,0.057559104083753,0.0052288541247378,0.0052288541247378,0.0075709891599008,0.0,0.0572875625083858,0.0390166185945167,6,1.0,1.0,0.3333333333333333,8,0,2,6,6,2,1,1.0,0,0,0,0,0.0754396105009249,0.0486324890464212,0.0238382467496807,V7,0,2025-08,sin_switch
2025-08-30,Matutino,0.2966931169439206,0.3745095091150716,0.1416067688832409,0.0052288541247378,0.0052288541247378,0.0075709891599008,0.0,0.0119281188809529,0.0107674049769895,6,1.0,0.6666666666666666,0.3333333333333333,7,1,2,7,5,3,1,0.1428571428571428,0,0,0,0,0.048831057394987,0.0696599215344449,0.0,V7,0,2025-08,sin_switch
2025-08-30,Vespertino,0.0,0.0,0.0453236675496372,0.0,0.0949999999999999,0.0415226484436721,0.0,0.0927875625083857,0.0564066681496633,10,0.9,1.0,0.0,10,0,4,6,1,4,2,0.9,0,0,0,0,0.02063918096138,0.0213115739123426,0.0473293964143069,V7,0,2025-08,sin_switch
2025-08-30,Nocturno,0.0,0.4236252071688406,0.1694500828675362,0.0,0.065,0.0297618738801085,0.0,0.0447124374916141,0.0222264864161734,10,0.9,0.8,0.0,6,0,5,4,1,4,1,0.5,0,0,0,0,0.0232636693873524,0.0,0.0257594802179068,V7,0,2025-08,sin_switch
2025-09-01,Primera,0.0,0.0204330249506403,0.0081732099802561,0.0,0.0232486760358963,0.0092994704143585,0.0,0.1246497352071792,0.0498598940828717,4,0.0,0.5,0.0,4,1,1,4,4,1,1,0.0,0,0,0,0,0.0251949647380995,0.0183029467472988,0.0183029467472988,V7,0,2025-09,sin_switch
2025-09-01,Matutino,0.0,0.0,0.0021589987059084,0.0,0.00625,0.0025895629640619,0.0,0.0,0.0130933844892171,8,0.0,0.6666666666666666,0.125,9,1,2,9,7,2,1,0.0,0,0,0,0,0.0458273568962624,0.0833003623678209,0.0274148118752212,V8,0,2025-09,switch_neutro
2025-09-01,Vespertino,0.0,0.0819233400985757,0.0367362068379117,0.0,0.0055555555555555,0.0025486382790834,0.0,0.0247875625083857,0.0138970521878548,9,0.0,0.75,0.1111111111111111,9,1,3,9,2,3,1,0.0,0,0,0,0,0.0,0.0872492072029584,0.0489816969481749,V8,0,2025-09,switch_neutro
2025-09-01,Nocturno,0.0,0.0,0.0482240878210887,0.0,0.0267513239641036,0.0130356177193813,0.0,0.1009999999999999,0.0418069277889875,8,0.0,0.8,0.0,8,1,4,8,2,4,1,0.0,0,0,0,0,0.0,0.0264479664967503,0.0483044866500479,V9,0,2025-09,switch_neutro
2025-09-02,Previa,0.0,0.0,0.0847256962667472,0.0,0.0,0.0131054187311883,0.0,0.0,0.0026210837462376,8,1.0,1.0,0.0,8,0,1,0,8,1,1,1.0,0,0,0,0,0.0296736757584367,0.0,0.0,V7,0,2025-09,sin_switch
2025-09-02,Primera,0.0070580629018488,0.0394952715505017,0.0389662441100088,0.0124999999999999,0.0156044792085955,0.0050537980323046,0.0378571428571428,0.0835721073928563,0.0325705445623275,8,1.0,1.0,0.25,14,0,2,12,12,2,1,0.8571428571428571,0,1,0,0,0.0712055003389218,0.0968899291326438,0.0482727880416153,V7,1,2025-09,sin_switch
2025-09-02,Matutino,0.0510025544485737,0.4320743872093961,0.167849281295536,0.0,0.0419933680974845,0.0170998344271415,0.0,0.1320169314594873,0.059881342066034,9,0.8888888888888888,1.0,0.0,9,0,3,7,1,3,1,0.8888888888888888,0,0,0,0,0.0466428459940521,0.0247054554536898,0.0247054554536898,V7,0,2025-09,sin_switch
2025-09-02,Vespertino,0.0,0.426001150520217,0.1812538805346674,0.0,0.0343955207914044,0.0191190319280269,0.0,0.0980627022844349,0.0472451640959034,6,0.8333333333333334,1.0,0.0,6,0,4,3,1,4,2,0.8333333333333334,0,0,0,0,0.0279080766462221,0.0306913548656881,0.0306913548656881,V7,0,2025-09,sin_switch
2025-09-02,Nocturno,0.0,0.0235823822111163,0.0641031430170881,0.0,0.0180066319025156,0.0085311462914541,0.0,0.0411595623285351,0.023707319651629,6,0.8333333333333334,0.8,0.0,5,0,5,4,2,4,2,0.6,0,0,0,0,0.0,0.0315586787014364,0.0205477173624877,V8,0,2025-09,switch_neutro
2025-09-03,Previa,0.0,0.0052494171052206,0.0067827837689806,0.0,0.0,0.0,0.0,0.0,0.0,4,1.0,1.0,0.0,4,0,1,0,4,1,1,1.0,0,1,0,0,0.0,0.0200570970904889,0.0200570970904889,V7,1,2025-09,sin_switch
2025-09-03,Primera,0.0,0.0089257420525683,0.1025412171278983,0.0,0.0042021883573234,0.0041847860195378,0.0,0.0303502647928206,0.0130721334720118,4,1.0,1.0,0.25,8,1,1,8,8,2,2,0.5,0,0,0,0,0.062312427337215,0.0475127758595477,0.0237162977220296,V7,0,2025-09,sin_switch
2025-09-03,Matutino,0.0,0.2960700510168026,0.1491071261134625,0.0,0.0107486760358963,0.0044399549517602,0.0,0.0581433096904756,0.0362028775842256,4,1.0,0.6666666666666666,0.25,5,0,3,3,1,3,1,0.8,0,0,0,0,0.0462503816477621,0.0439623776715952,0.021577817999659,V7,0,2025-09,sin_switch
2025-09-03,Vespertino,0.0,0.4217218476260473,0.2050027600172003,0.0,0.0,0.0008579700172724,0.0,0.1222875625083859,0.0491425652889893,2,1.0,0.5,0.5,8,0,4,7,6,4,2,0.25,0,0,0,0,0.0248982136125699,0.0234056837336973,0.0,V7,0,2025-09,sin_switch
2025-09-03,Nocturno,0.0,0.0891649479377303,0.0436817250778533,0.0,0.0017513239641037,0.0094479963975432,0.0,0.0518939393939392,0.0306383275212531,2,1.0,0.4,0.5,11,0,5,10,5,4,1,0.2727272727272727,0,0,0,0,0.0,0.0238346980072389,0.0709065525133538,V9,0,2025-09,switch_neutro
2025-09-04,Previa,0.0,0.2278592820621305,0.0897419552088348,0.0,0.0,0.0,0.0,0.0,0.0,2,1.0,1.0,0.0,2,0,1,0,2,1,1,1.0,0,0,0,0,0.0,0.0275555251432275,0.0275555251432275,V7,0,2025-09,sin_switch
2025-09-04,Primera,0.0,0.0680299360951917,0.0263860878968896,0.0,0.0192513239641036,0.0107734321708442,0.0,0.0923814049285708,0.0435691751522372,10,1.0,1.0,0.1,10,1,1,10,10,2,2,1.0,0,0,0,0,0.0574511748974477,0.0235381248156519,0.0,V7,0,2025-09,sin_switch
2025-09-04,Matutino,0.0,0.0439444915467248,0.1859638752788255,0.0,0.03,0.0119535976043166,0.0,0.0540480715952373,0.0311429905418571,10,1.0,0.6666666666666666,0.1,8,1,2,8,2,3,1,0.75,0,0,0,0,0.0322797272117117,0.0322797272117117,0.0,V7,0,2025-09,sin_switch
2025-09-04,Vespertino,0.0053189154537864,0.556931486929642,0.262881087780664,0.0,0.0414378125419289,0.0161173794374424,0.0,0.0127124374916143,0.0322256763892421,10,1.0,0.5,0.1,6,0,4,5,3,4,2,0.5,0,1,0,0,0.0236359471629359,0.023666624783434,0.0,V7,1,2025-09,sin_switch
2025-09-04,Nocturno,0.556931486929642,0.7105023481590145,0.2386102608144611,0.0,0.0419070246428542,0.0186427507712036,0.0,0.0559999999999999,0.0331899397692851,10,1.0,0.4,0.1,8,0,5,7,4,4,1,0.25,0,0,0,0,0.0226884116988845,0.0327260755671642,0.0228191746040921,V7,0,2025-09,sin_switch
2025-09-05,Previa,0.0,0.0,8.881784197001252e-16,0.0,0.0,0.0113894786966434,0.0,0.0,0.03412126239551,4,1.0,1.0,0.0,4,0,1,0,4,1,1,1.0,0,0,0,0,0.0,0.0,0.0,V7,0,2025-09,sin_switch
2025-09-05,Primera,0.0,0.1764298227750078,0.0716777345868373,0.0,0.011146844755508,0.0054200434851327,0.0,0.1136907024642854,0.0463115575112538,6,1.0,1.0,0.1666666666666666,10,0,2,9,9,2,1,0.6,0,0,0,0,0.0682120557080348,0.0456977087807288,0.0220595446830264,V7,0,2025-09,sin_switch
2025-09-05,Matutino,0.0,0.0220654469379892,0.0143478869217476,0.0,0.011146844755508,0.0058569116740995,0.0,0.0359999999999999,0.0587407805061069,6,1.0,0.6666666666666666,0.1666666666666666,10,0,3,9,5,3,1,0.3,0,0,0,0,0.0,0.0,0.0218808398031176,V7,0,2025-09,sin_switch
2025-09-05,Vespertino,0.0,0.097205072373093,0.0393323080259309,0.0,0.011146844755508,0.006019874415812,0.0,0.0955959169166659,0.0474682370674981,6,1.0,0.5,0.1666666666666666,9,0,4,8,3,4,1,0.2222222222222222,0,0,0,0,0.0,0.0261733636012804,0.0,V7,0,2025-09,sin_switch
2025-09-05,Nocturno,0.0,0.0,0.0,0.0,0.011146844755508,0.0068947751870898,0.0,0.0074999999999999,0.0262161762440723,6,1.0,0.4,0.1666666666666666,7,0,5,6,3,5,1,0.1428571428571428,0,0,0,0,0.0,0.0476481422026479,0.0721730548507936,V9,0,2025-09,switch_neutro
2025-09-06,Previa,0.0,0.0,0.1257446176472794,0.0,0.0254692121009253,0.0101876848403701,0.0,0.037593842420185,0.015037536968074,6,1.0,1.0,0.0,6,0,1,0,6,1,1,1.0,0,0,0,0,0.0227684963721212,0.0,0.0,V7,0,2025-09,sin_switch
2025-09-06,Primera,0.0,0.0204330249506403,0.0529542765252399,0.0,0.0057978116426765,0.0039201702766369,0.0,0.0355702591701847,0.0270605246291455,5,1.0,1.0,0.2,6,0,2,3,3,2,1,1.0,0,0,0,0,0.0234246636285656,0.0228763605915374,0.0,V7,0,2025-09,sin_switch
2025-09-06,Matutino,0.0,0.0544440509592538,0.024252182825998,0.0,0.0194801780888413,0.0090733252790943,0.0,0.0534031399558997,0.0263438146048018,6,0.8333333333333334,1.0,0.1666666666666666,6,0,3,5,4,3,1,0.3333333333333333,0,0,0,0,0.046958390059101,0.0525896482530597,0.0853004958247975,V9,0,2025-09,switch_neutro
2025-09-06,Vespertino,0.0,0.4522913771239807,0.2358820977995561,0.0,0.0070156997794982,0.0034246729792866,0.015,0.019090909090909,0.0110098537429758,6,1.0,0.5,0.0,8,1,3,8,4,4,1,0.25,0,0,0,0,0.0293358551176989,0.024062848360083,0.0225594982740297,V7,0,2025-09,sin_switch
2025-09-06,Nocturno,0.0009162608691353,0.0009162608691353,0.0429841392553029,0.0,0.0070156997794982,0.0047172792459902,0.0,0.1134530597738088,0.0497306101323075,6,1.0,0.4,0.0,9,0,5,7,4,5,2,0.2222222222222222,0,0,0,0,0.0,0.0211056720169481,0.0239201179171147,V7,0,2025-09,sin_switch
2025-09-08,Primera,0.0,0.0,8.881784197001252e-16,0.0,0.0130929753571457,0.0064142217679682,0.0,0.0626185950714291,0.0306767212669917,3,0.0,0.5,0.0,3,1,1,3,3,1,1,0.0,0,0,0,0,0.0,0.0159739812238796,0.0159739812238796,V7,0,2025-09,sin_switch
2025-09-08,Matutino,0.0,0.0072928622717576,0.0446425035741277,0.0,0.011146844755508,0.0058447305318164,0.0,0.1129519284047624,0.0437469028520723,6,0.0,0.6666666666666666,0.1666666666666666,7,1,2,7,6,2,1,0.0,0,0,0,0,0.0210149736087755,0.0218594005162265,0.0218594005162265,V7,0,2025-09,sin_switch
2025-09-08,Vespertino,0.0848944688640624,0.1011130731883884,0.0547635074190924,0.0,0.0021859337896781,0.0027485827233734,0.0,0.0285721073928564,0.0287321618299319,9,0.0,0.75,0.2222222222222222,9,1,3,9,5,3,1,0.0,0,0,0,0,0.019349769223372,0.0738566231832241,0.029505119540469,V8,0,2025-09,switch_neutro
2025-09-08,Nocturno,0.0,0.3930948687060551,0.2131057881895851,0.0,0.0020833333333333,0.001657125866495,0.0,0.0914999999999999,0.04104526472903,8,0.0,0.8,0.125,8,1,4,8,3,4,1,0.0,0,0,0,0,0.0220094781482222,0.0228010394099668,0.0501525961932281,V7,0,2025-09,sin_switch
2025-09-09,Previa,0.0,0.0,8.881784197001252e-16,0.0,0.0,0.0,0.0,0.0,0.0,2,1.0,1.0,0.0,2,0,1,0,2,1,1,1.0,0,0,0,0,0.0,0.0285689383382658,0.0285689383382658,V7,0,2025-09,sin_switch
2025-09-09,Primera,0.0786031918386296,0.2636511157789778,0.0914448260874437,0.0,0.0029843002205017,0.0042328913732545,0.0,0.0854031399558995,0.0374990415423993,5,1.0,1.0,0.2,6,0,2,4,4,2,1,1.0,0,0,0,0,0.0526388662338228,0.0449810084579741,0.0211884533221759,V7,0,2025-09,sin_switch
2025-09-09,Matutino,0.0,0.0382840512623152,0.0148475637682252,0.0,0.0029843002205017,0.0042328913732545,0.1136435359642848,0.1496907024642854,0.0583507235456918,5,1.0,0.6666666666666666,0.2,10,0,3,8,8,3,2,0.2,0,0,0,0,0.0696223012729074,0.026038615708842,0.026038615708842,V7,0,2025-09,sin_switch
2025-09-09,Vespertino,0.0,0.4909169532169191,0.1969958656185539,0.0,0.0060772755776473,0.0051712284407566,0.0,0.1293328807857147,0.0525143766966728,7,0.7142857142857143,1.0,0.1428571428571428,7,0,4,5,2,4,2,0.7142857142857143,0,0,0,0,0.0288567978492843,0.023847927948176,0.023847927948176,V7,0,2025-09,sin_switch
2025-09-09,Nocturno,0.0,0.0162186043243259,0.0724087122293189,0.0,0.0070156997794982,0.0033727912829866,0.1441428571428571,0.1541428571428571,0.04786945470629,6,1.0,0.4,0.0,14,0,5,12,4,5,2,0.1428571428571428,0,0,0,0,0.0223762015246594,0.0237914298593415,0.045898371478638,V7,0,2025-09,sin_switch
2025-09-10,Previa,0.0,0.0089257420525683,0.0035702968210273,0.0,0.0101557006787506,0.0040622802715002,0.0,0.03453114013575,0.0138124560543,4,1.0,1.0,0.0,4,0,1,0,4,1,1,1.0,0,0,0,0,0.0,0.0,0.0,V7,0,2025-09,sin_switch
2025-09-10,Primera,0.0,0.2694709988730723,0.1081789734453056,0.0,0.0103605369642814,0.0070949003526853,0.0,0.0461538461538461,0.0198286225893596,10,1.0,1.0,0.1,10,0,2,9,9,2,1,1.0,0,0,0,0,0.0520501845861336,0.0579060067077696,0.0259974327569639,V7,0,2025-09,sin_switch
2025-09-10,Matutino,0.0,0.0,0.077054769888686,0.0,0.0103605369642814,0.0070949003526853,0.0,0.0822875625083857,0.0543901725012898,10,1.0,0.6666666666666666,0.1,12,0,3,9,2,3,1,0.5,0,0,0,0,0.0,0.0432432353071149,0.0434653114913876,V9,0,2025-09,switch_neutro
2025-09-10,Vespertino,0.0,0.0083937839692254,0.0060395653004517,0.0,0.0090464876785728,0.0093316245245822,0.0,0.1041907024642855,0.053757054933986,5,0.8,1.0,0.0,8,0,4,6,2,4,2,0.75,0,0,0,0,0.0,0.079115398691017,0.0571126988567479,V8,0,2025-09,switch_neutro
2025-09-10,Nocturno,0.0,0.4993107371861445,0.2002479922858398,0.0,0.0103605369642814,0.0073211345366208,0.0,0.0517875625083857,0.0556300509008298,10,1.0,0.4,0.1,10,0,5,9,8,3,1,0.1,0,0,0,0,0.0229909882285773,0.0,0.0,V7,0,2025-09,sin_switch
2025-09-11,Previa,0.0,0.0235114665960844,0.0216287456469959,0.0,0.0267513239641036,0.0168512808580936,0.0,0.0053502647928207,0.0287718707729162,8,1.0,1.0,0.0,8,0,1,0,8,1,1,1.0,0,0,0,0,0.0228217350409083,0.0,0.0,V7,0,2025-09,sin_switch
2025-09-11,Primera,0.0,0.0786031918386296,0.0827846479732194,0.0,0.011111111111111,0.0080571066456994,0.0,0.0365384615384615,0.0367553097510096,9,1.0,1.0,0.2222222222222222,13,0,2,9,9,2,1,0.8461538461538461,0,0,0,0,0.0454719200290852,0.0515476005173794,0.0240853702978028,V7,0,2025-09,sin_switch
2025-09-11,Matutino,0.0,0.0,0.0223795926883613,0.0,0.011111111111111,0.0080571066456994,0.0,0.0109519284047625,0.0185858986850014,9,1.0,0.6666666666666666,0.2222222222222222,3,0,3,2,2,3,2,0.3333333333333333,0,0,0,0,0.0230773702734909,0.057372849404969,0.023037402569612,V8,0,2025-09,switch_neutro
2025-09-11,Vespertino,0.0,0.0993806151536826,0.051218860240258,0.0,0.011111111111111,0.0117567745874783,0.0,0.1156208958417192,0.0521585195187706,9,1.0,0.5,0.2222222222222222,9,0,4,7,3,4,2,0.4444444444444444,0,0,0,0,0.0,0.0,0.0211703767801672,V7,0,2025-09,sin_switch
2025-09-11,Nocturno,0.0,0.0061660271930907,0.0024664108772363,0.0,0.011111111111111,0.0128351519310947,0.0,0.0035384615384616,0.0059890169614855,9,1.0,0.4,0.2222222222222222,13,0,5,9,0,2,0,0.8461538461538461,1,0,0,0,0.048800915777166,0.0243934320967579,0.0490502685186156,V7,0,2025-09,sin_switch
2025-09-12,Previa,0.0,0.0134588894648484,0.0131600017800631,0.0,0.0,0.0076567557110873,0.0,0.0,0.0015313511422174,6,1.0,1.0,0.0,6,0,1,0,6,1,1,1.0,0,0,0,0,0.0545268355578691,0.0,0.0,V7,0,2025-09,sin_switch
2025-09-12,Primera,0.0,0.1019218505106804,0.0922831905961657,0.0,0.0198068795196592,0.0081491318306839,0.0254031399558996,0.0494031399558996,0.0185811883069755,9,1.0,1.0,0.1111111111111111,6,0,2,4,4,2,1,1.0,0,0,0,0,0.0804925578232478,0.0578962961889106,0.0251822544171698,V7,0,2025-09,sin_switch
2025-09-12,Matutino,0.010052577131236,0.0610551315798097,0.1408815323701503,0.0,0.0198068795196592,0.0081491318306839,0.0,0.0359090909090908,0.0373517120910683,9,1.0,0.6666666666666666,0.1111111111111111,11,0,3,10,10,2,1,0.0909090909090909,0,0,0,0,0.0462328922745615,0.0226731901588287,0.0688034781520047,V7,0,2025-09,sin_switch
2025-09-12,Vespertino,0.1191772640771384,0.1281030061297068,0.0524077482696851,0.0,0.0198068795196592,0.0078264517583259,0.0,0.0275757575757575,0.0170611026078284,9,1.0,0.5,0.1111111111111111,11,0,4,10,8,4,1,0.0909090909090909,0,0,0,0,0.0,0.0,0.0329629049110108,V9,0,2025-09,switch_neutro
2025-09-12,Nocturno,0.0,0.0162186043243259,0.2977107805939045,0.0,0.0169933680974844,0.0092988731891946,0.0,0.0511666666666666,0.0262676879807379,9,1.0,0.4,0.1111111111111111,9,0,5,8,3,4,1,0.2222222222222222,0,0,0,0,0.0,0.048905758402042,0.0695642844653395,V9,0,2025-09,switch_neutro
2025-09-13,Previa,0.0134588894648484,0.0171352144121961,0.0093461940636137,0.0,0.0,0.0,0.0,0.0,0.0,6,1.0,1.0,0.0,6,0,1,0,6,1,1,1.0,0,0,0,0,0.0322425821539459,0.0,0.0,V7,0,2025-09,sin_switch
2025-09-13,Primera,0.0,0.0324372086486528,0.0912614433030103,0.0,0.0044676798214242,0.0039763343842151,0.055,0.1160721073928563,0.0402508026715026,8,1.0,1.0,0.125,8,0,2,6,6,2,1,1.0,0,0,0,0,0.0774025879057503,0.0507998538550446,0.0257136115929856,V7,0,2025-09,sin_switch
2025-09-13,Matutino,0.0,0.0325633737758304,0.0497772036196348,0.0,0.0044676798214242,0.0039763343842151,0.0,0.1256202170202912,0.0511921322272452,8,1.0,0.6666666666666666,0.125,7,0,3,5,2,3,1,0.5714285714285714,0,0,0,0,0.0228018109757534,0.0511735032442801,0.0241561647062742,V7,0,2025-09,sin_switch
2025-09-13,Vespertino,0.0,0.010052577131236,0.0508851508278767,0.0105893910890192,0.0166666666666667,0.0094306122838357,0.0,0.0841666666666667,0.0533287363231334,6,1.0,0.5,0.3333333333333333,12,0,4,8,4,3,1,0.6666666666666666,0,0,0,0,0.0451201814626142,0.022631650709968,0.0239862431489821,V7,0,2025-09,sin_switch
2025-09-13,Nocturno,0.0,0.0162186043243259,0.2432198062264607,0.0003605369642813,0.003453512321427,0.002402722353976,0.0,0.0739999999999999,0.062556374575258,8,0.75,0.8,0.25,12,0,5,10,5,5,2,0.3333333333333333,0,0,0,0,0.0743223249359013,0.0,0.0515518414878921,V7,0,2025-09,sin_switch
2025-09-15,Primera,0.0,0.011507282898072,0.0046029131592288,0.0,0.0101557006787506,0.0073869986255844,0.0,0.0620311401357501,0.0394179699492512,4,0.0,0.5,0.0,4,1,1,4,4,1,1,0.0,0,0,0,0,0.0,0.0135929468255634,0.0135929468255634,V7,0,2025-09,sin_switch
2025-09-15,Matutino,0.0,0.280348347492418,0.113377696130219,0.0,0.0052288541247377,0.002034023975004,0.0,0.0285721073928563,0.0214350979509014,6,0.0,0.6666666666666666,0.3333333333333333,9,1,2,9,8,2,1,0.0,0,0,0,0,0.0232279128101411,0.0788080457901733,0.0228517750456116,V8,0,2025-09,switch_neutro
2025-09-15,Vespertino,0.0,0.0452332517604805,0.0264759589489186,0.0,0.00625,0.0037515933324814,0.0,0.002,0.0193871225432513,8,0.0,0.75,0.25,8,1,3,8,2,3,1,0.0,0,0,0,0,0.0,0.0897045677266947,0.0520214522291019,V8,0,2025-09,switch_neutro
2025-09-15,Nocturno,0.0,0.2446480766856336,0.1265323483413687,0.0,0.0055555555555555,0.0049690399499995,0.0,0.0285721073928564,0.0173029820037612,9,0.0,0.8,0.2222222222222222,10,1,4,10,4,3,1,0.0,0,0,0,0,0.0,0.0742686571341134,0.0281932588006375,V8,0,2025-09,switch_neutro
2025-09-16,Previa,0.0,0.0204330249506403,0.0083173242720919,0.0153135114221747,0.0153135114221747,0.0079020146032802,0.0030627022844349,0.0030627022844349,0.017593180014482,6,1.0,1.0,0.0,6,0,1,0,6,1,1,1.0,0,0,0,0,0.0535577564472713,0.0,0.0,V7,0,2025-09,sin_switch
2025-09-16,Primera,0.2630996718704566,0.2687143279154176,0.081344947988566,0.0053605369642814,0.0084535123214271,0.006206131209021,0.0560721073928563,0.1186907024642854,0.0638379681455935,8,1.0,1.0,0.0,8,0,2,6,6,2,1,1.0,0,0,0,0,0.0916610923479694,0.0449426810625597,0.02359417918245,V7,0,2025-09,sin_switch
2025-09-16,Matutino,0.0,0.0614903151479353,0.0315569525803299,0.0053605369642814,0.0184535123214271,0.007623208957994,0.0,0.0504755116547626,0.0343536449989118,8,1.0,0.6666666666666666,0.0,7,0,3,5,2,3,1,0.7142857142857143,0,0,0,0,0.0230880069121026,0.0511835749483434,0.0738973262347092,V9,0,2025-09,switch_neutro
2025-09-16,Vespertino,0.0,0.0729975980460073,0.0617187800378705,0.0053605369642814,0.0184535123214271,0.0098551095850628,0.0,0.0344988305987563,0.014550541854987,8,1.0,0.5,0.0,6,1,3,6,4,4,2,0.3333333333333333,0,0,0,0,0.0413812324477236,0.059236761914617,0.0258363199886635,V7,0,2025-09,sin_switch
2025-09-16,Nocturno,0.0,0.1429290355794812,0.0591704921310273,0.0053605369642814,0.0184535123214271,0.0101324232522873,0.0,0.0285721073928564,0.0136191802009403,8,1.0,0.4,0.0,11,1,4,11,6,3,1,0.0,0,0,0,0,0.0220652185888775,0.0673888202323467,0.0283214461200409,V8,0,2025-09,switch_neutro
2025-09-17,Previa,0.0082094723596277,0.0171352144121961,0.0092205443759188,0.0,0.0153135114221747,0.007502057830922,0.0,0.0030627022844349,0.0015004115661844,6,1.0,1.0,0.0,6,0,1,0,6,1,1,1.0,0,0,0,0,0.0282548292563452,0.0,0.0,V7,0,2025-09,sin_switch
2025-09-17,Primera,0.0,0.0860318530416535,0.1125432247908886,0.0044676798214242,0.0062499999999999,0.0026863969044038,0.0,0.0549999999999999,0.0569448712138281,16,1.0,1.0,0.125,16,0,2,10,10,2,1,1.0,0,0,0,0,0.0,0.0445655418570601,0.0,V8,0,2025-09,switch_neutro
2025-09-17,Matutino,0.0,0.0235114665960844,0.0193587627172217,0.0044676798214242,0.0062499999999999,0.0026863969044038,0.0102706310488983,0.0197694616476546,0.0092234637287852,16,1.0,0.6666666666666666,0.125,4,0,3,2,2,3,2,0.5,0,0,0,1,0.0256067250693282,0.0770569318866514,0.0230756052061445,V8,0,2025-09,switch_neutro
2025-09-17,Vespertino,0.0,0.1931433763399974,0.0860598409252794,0.0044676798214242,0.0062499999999999,0.0026863969044038,0.0041416877416133,0.0074999999999998,0.0105295846770867,16,1.0,0.5,0.125,6,0,4,4,2,4,1,0.3333333333333333,0,0,0,0,0.0,0.0497770893837811,0.0485737003753831,V8,0,2025-09,switch_neutro
2025-09-17,Nocturno,0.0,0.010052577131236,0.0113066076638156,0.0044676798214242,0.0062499999999999,0.0026863969044038,0.0,0.0537850354642863,0.0250675391773173,16,1.0,0.4,0.125,7,0,5,5,1,3,1,0.8571428571428571,0,0,0,0,0.0270934058264512,0.0296711555068532,0.031749501774704,V7,0,2025-09,sin_switch
2025-09-18,Previa,0.0,0.0,8.881784197001252e-16,0.0,0.0232486760358963,0.0092994704143585,0.0,0.0696497352071793,0.0278598940828717,4,1.0,1.0,0.0,4,0,1,0,4,1,1,1.0,0,0,0,0,0.0,0.0,0.0,V7,0,2025-09,sin_switch
2025-09-18,Primera,0.0,0.1559967978243674,0.2025969746502545,0.0084535123214272,0.0142513239641037,0.0057864719578256,0.0614031399558996,0.0614031399558996,0.0525550909256319,2,1.0,1.0,1.0,6,0,2,4,4,2,1,1.0,0,0,0,0,0.0895399171658951,0.0,0.0223243902408722,V7,0,2025-09,sin_switch
2025-09-18,Matutino,0.0,0.1999166713787064,0.1632932282110573,0.0084535123214272,0.0142513239641037,0.0057864719578256,0.0,0.0580968600441004,0.0284922019646886,2,1.0,0.6666666666666666,1.0,5,0,3,3,2,3,1,0.6,0,0,0,0,0.0254537766782493,0.027863270348691,0.0328157339200967,V7,0,2025-09,sin_switch
2025-09-18,Vespertino,0.0,0.1311862297119557,0.053778441127009,0.0084535123214271,0.0142513239641036,0.0057864719578256,0.0,0.09,0.0427413277242029,2,1.0,0.5,1.0,8,0,4,6,4,3,1,0.25,0,0,0,0,0.0219717873850009,0.0199961199361731,0.075998102178965,V9,0,2025-09,switch_neutro
2025-09-18,Nocturno,0.0,0.0134588894648484,0.0087403503793192,0.0114378125419288,0.0267513239641036,0.0117636388382654,0.0,0.031070259170185,0.0192259520777477,2,1.0,0.4,1.0,6,0,5,4,3,5,2,0.3333333333333333,0,0,0,0,0.022703573284667,0.0,0.0879702824748902,V9,0,2025-09,switch_neutro
2025-09-19,Previa,0.0,0.0151836078454197,0.0059624738679292,0.0,0.0153135114221747,0.0061944877877005,0.0,0.0030627022844349,0.0012388975575401,6,1.0,1.0,0.0,6,0,1,0,6,1,1,1.0,0,0,0,0,0.0281042694576948,0.0,0.0,V7,0,2025-09,sin_switch
2025-09-19,Primera,0.1434700812873846,0.1523958233399529,0.0477237236322315,0.0178605369642813,0.0239378125419288,0.0073759953350996,0.0,0.062618595071429,0.0444479457880406,8,1.0,1.0,0.25,7,0,2,4,4,2,1,1.0,0,0,0,0,0.1214068763704063,0.0469904701985709,0.0469904701985709,V7,0,2025-09,sin_switch
2025-09-19,Matutino,0.0,0.0047113214262557,0.0049933362657574,0.0156044792085955,0.030953512321427,0.0102431140103756,0.0,0.0151666666666665,0.0371094763231073,8,1.0,0.6666666666666666,0.25,9,0,3,7,4,3,1,0.5555555555555556,0,0,0,0,0.0479672004933966,0.0479672004933966,0.0244088136282203,V7,0,2025-09,sin_switch
2025-09-19,Vespertino,0.0,0.010052577131236,0.0517185974731723,0.0625033941071385,0.068453512321427,0.0213625718412863,0.0,0.0115909090909089,0.0232215814634787,10,0.8,1.0,0.2,11,0,4,9,2,4,1,0.4545454545454545,0,0,0,0,0.0,0.0,0.0224406642724373,V7,0,2025-09,sin_switch
2025-09-19,Nocturno,0.0,0.1057148977448445,0.0550594670688615,0.0384535123214271,0.0384535123214271,0.0150828508651444,0.0,0.0,0.0178234315086574,10,0.8,0.8,0.2,11,2,3,11,9,4,2,0.0,0,0,0,0,0.0491750048121268,0.023463165204306,0.0,V7,0,2025-09,sin_switch
2025-09-20,Previa,0.0,0.0,0.0056373942852263,0.0,0.0082978116426765,0.0082610225436217,0.0,0.0016595623285352,0.0174692591163196,5,1.0,1.0,0.0,5,0,1,0,5,1,1,1.0,0,0,0,0,0.0205620940142639,0.0,0.0,V7,0,2025-09,sin_switch
2025-09-20,Primera,0.0,0.2335626138417454,0.0997977508502578,0.0,0.0055555555555555,0.002333340491567,0.0,0.0299999999999999,0.0292460907330808,9,1.0,1.0,0.1111111111111111,9,0,2,6,6,2,1,1.0,0,0,1,1,0.0541665011261558,0.0566036818327215,0.0227090685692342,V7,0,2025-09,sin_switch
2025-09-20,Matutino,0.0,0.3592609764962189,0.1455442878827248,0.0,0.0055555555555555,0.0044481103447968,0.0046153846153845,0.1793333333333333,0.0881027864578022,9,1.0,0.6666666666666666,0.1111111111111111,12,0,3,10,4,3,1,0.5,0,0,0,0,0.0520568720735338,0.0,0.0,V7,0,2025-09,sin_switch
2025-09-20,Vespertino,0.0,0.0676950127628028,0.0388022292278923,0.0,0.0055555555555555,0.0044481103447968,0.0224031399558997,0.0274999999999998,0.0153486234150861,9,1.0,0.5,0.1111111111111111,6,0,4,4,2,4,2,0.6666666666666666,0,0,0,0,0.022247624678211,0.0738796921838021,0.0216156026259018,V8,0,2025-09,switch_neutro
2025-09-20,Nocturno,0.0,0.0072928622717576,0.0051443454788359,0.0,0.0376553360515915,0.0161604226526392,0.0,0.1494682112889602,0.0628210038388303,7,0.8571428571428571,0.8,0.1428571428571428,11,0,5,8,2,4,2,0.8181818181818182,0,0,0,0,0.0236444921539262,0.0380092802630222,0.0380092802630222,V7,0,2025-09,sin_switch
2025-09-22,Primera,0.0,0.0,0.0080596518514479,0.0,0.0,2.775557561562892e-17,0.0,0.0,0.0,4,0.0,0.5,0.0,4,1,1,4,4,1,1,0.0,0,0,0,0,0.0,0.0174295020182101,0.0174295020182101,V7,0,2025-09,sin_switch
2025-09-22,Matutino,0.0,0.0162186043243259,0.1079852277939657,0.0,0.0070156997794982,0.0028882599445488,0.0,0.0677293689511016,0.0349312690626493,6,0.0,0.6666666666666666,0.0,6,2,1,6,6,2,2,0.0,0,0,0,0,0.0,0.0,0.0,V7,0,2025-09,sin_switch
2025-09-22,Vespertino,0.0819233400985757,0.1021403300131602,0.0416315362371173,0.0,0.0142513239641036,0.0092050781975131,0.0,0.0,0.0151834465440996,8,0.0,0.75,0.0,10,2,2,10,6,2,1,0.0,0,0,1,0,0.0524025486525923,0.071356630998589,0.0241862966670154,V7,0,2025-09,sin_switch
2025-09-22,Nocturno,0.0039983855902585,0.0039983855902585,0.0075397542377567,0.0,0.0084535123214271,0.0038570834103925,0.0,0.0649999999999999,0.0325226758564525,10,0.0,0.8,0.0,6,1,4,6,4,3,2,0.0,0,0,0,0,0.0,0.0250009983977885,0.0485889007861573,V9,0,2025-09,switch_neutro
2025-09-23,Previa,0.0,0.0089257420525683,0.0113227915748325,0.0,0.0,0.0046539267095689,0.0,0.0,0.0158241563505202,4,1.0,1.0,0.0,4,0,1,0,4,1,1,1.0,0,0,0,0,0.0168286928634464,0.0,0.0,V7,0,2025-09,sin_switch
2025-09-23,Primera,0.0162186043243259,0.0860318530416535,0.0648091190496858,0.0,0.0083333333333333,0.0041807902454164,0.0,0.0642875625083858,0.0256176866236526,6,1.0,1.0,0.1666666666666666,10,0,2,8,8,2,1,0.6,0,0,0,0,0.0473950172751988,0.0548964013058374,0.0252513507587599,V7,0,2025-09,sin_switch
2025-09-23,Matutino,0.0,0.0162186043243259,0.0093204779577101,0.0,0.0214285714285713,0.0106306832829046,0.0449999999999999,0.0539292502499991,0.0297745476447654,7,0.8571428571428571,1.0,0.0,12,0,3,10,6,3,1,0.3333333333333333,0,0,0,0,0.0250510953759536,0.023862591669276,0.0,V7,0,2025-09,sin_switch
2025-09-23,Vespertino,0.0,0.011507282898072,0.0099409111373219,0.0,0.0058274863271144,0.0040198067104389,0.0,0.1125,0.0628120960518819,6,1.0,0.5,0.1666666666666666,8,0,4,7,2,4,1,0.375,0,0,0,0,0.0232944809188746,0.0273252808269374,0.0219690360883997,V7,0,2025-09,sin_switch
2025-09-23,Nocturno,0.0,0.2483409846358153,0.1015091869611268,0.0,0.0083333333333333,0.0056447457306012,0.0,0.0556595623285351,0.0419437662132717,6,1.0,0.4,0.1666666666666666,5,0,5,4,4,3,2,0.2,0,0,0,0,0.0213189350447918,0.0219722566262457,0.0213189350447918,V7,0,2025-09,sin_switch
2025-09-24,Previa,0.0,0.0,0.080053357935893,0.0,0.0,0.0052371901428582,0.0,0.0,0.0140474380285716,3,1.0,1.0,0.0,3,0,1,0,3,1,1,1.0,0,0,0,0,0.0,0.0228124411796062,0.0228124411796062,V7,0,2025-09,sin_switch
2025-09-24,Primera,0.0162186043243259,0.280348347492418,0.1282002699211909,0.0053605369642814,0.0142513239641036,0.0054899541797082,0.0285721073928564,0.0457149645357135,0.0162939486622367,8,1.0,1.0,0.0,8,0,2,6,6,2,1,1.0,0,0,0,0,0.0843286358138239,0.0617279991794198,0.0268829196613577,V7,0,2025-09,sin_switch
2025-09-24,Matutino,0.0,0.4032867915306486,0.1727713267689067,0.0053605369642814,0.0184535123214271,0.006957844194799,0.0,0.027,0.0344955282316897,8,1.0,0.6666666666666666,0.0,10,0,3,7,3,3,1,0.6,0,0,0,0,0.0686148481814168,0.044409136140553,0.0221196783027018,V7,0,2025-09,sin_switch
2025-09-24,Vespertino,0.0,0.0,0.0733176257369996,0.0,0.0653490331128314,0.0294003042417449,0.039025974025974,0.0669047619047619,0.0251447617245494,6,0.8333333333333334,1.0,0.0,14,0,4,12,6,4,2,0.5714285714285714,0,0,0,0,0.0231652203914763,0.0229958754008392,0.052902308115379,V7,0,2025-09,sin_switch
2025-09-24,Nocturno,0.0,0.0246123882935513,0.0228524843007194,0.0,0.0353490331128315,0.0153947901051135,0.0,0.0450968600441002,0.0304528919287817,6,0.8333333333333334,0.8,0.0,5,0,5,4,3,5,2,0.2,0,0,0,0,0.0227920043055915,0.0545267867751356,0.023126124191507,V8,0,2025-09,switch_neutro
2025-09-25,Previa,0.0,0.0089257420525683,0.0064923579731534,0.0,0.0101557006787506,0.0073869986255844,0.0,0.03453114013575,0.0220256502206202,4,1.0,1.0,0.0,4,0,1,0,4,1,1,1.0,0,0,0,0,0.0,0.0,0.0,V7,0,2025-09,sin_switch
2025-09-25,Primera,0.0,0.0704160572005037,0.0472699644293511,0.0167021883573235,0.0184890340120839,0.0064041692435139,0.0,0.0229688598642499,0.031559444107817,4,1.0,1.0,0.5,3,0,2,2,2,2,1,1.0,0,0,0,0,0.0716141531048376,0.0243110635022132,0.0243110635022132,V7,0,2025-09,sin_switch
2025-09-25,Matutino,0.0,0.0656431227073497,0.0344454639899021,0.0167021883573235,0.0232486760358964,0.0071388514463925,0.0,0.0856595623285352,0.0418586057328251,4,1.0,0.6666666666666666,0.5,5,0,3,4,4,3,2,0.2,0,0,0,1,0.0,0.0,0.0226205814577233,V7,0,2025-09,sin_switch
2025-09-25,Vespertino,0.0,0.0,0.2272307260775242,0.0232486760358963,0.0232486760358963,0.0133295952151036,0.0346435359642849,0.06,0.0248390076594165,4,1.0,0.5,0.5,8,0,4,6,6,3,2,0.25,0,0,0,0,0.0246892741263448,0.0,0.0481150671115739,V7,0,2025-09,sin_switch
2025-09-25,Nocturno,0.0,0.0,0.0,0.0232486760358963,0.0482486760358964,0.0197046166003007,0.0,0.0684031399558997,0.0379387278912947,4,1.0,0.4,0.5,6,0,5,5,1,5,2,0.5,0,0,0,0,0.0,0.0237783767276994,0.0749771794989434,V9,0,2025-09,switch_neutro
2025-09-26,Previa,0.0,0.0,0.0081732099802561,0.0,0.0,0.0,0.0,0.0,0.0,4,1.0,1.0,0.0,4,0,1,0,4,1,1,1.0,0,0,0,0,0.0,0.0200959967609132,0.0200959967609132,V7,0,2025-09,sin_switch
2025-09-26,Primera,0.0,0.0,1.2308996192977872e-05,1.1102230246251563e-16,1.1102230246251563e-16,0.0052253309260623,0.0,0.1007149645357134,0.0498293714999099,2,1.0,1.0,1.0,14,0,2,10,10,2,1,1.0,0,1,1,1,0.0219737278500364,0.0,0.0,V7,1,2025-09,sin_switch
2025-09-26,Matutino,0.0,0.0305747745950553,0.0170499383051326,1.1102230246251563e-16,1.1102230246251563e-16,0.0052253309260623,0.0,0.0496595623285353,0.0295761168110113,2,1.0,0.6666666666666666,1.0,5,0,3,3,3,3,2,0.4,0,0,1,0,0.0207807304282755,0.0211313989078017,0.0561400608672618,V9,0,2025-09,switch_neutro
2025-09-26,Vespertino,0.0,0.0790933256582935,0.0548348910239903,0.0,0.0,0.0052253309260622,0.0,0.1276907024642852,0.0501116450498226,14,1.0,0.5,0.0,5,0,4,4,4,3,2,0.2,0,0,0,0,0.0,0.0237936340803075,0.0,V7,0,2025-09,sin_switch
2025-09-26,Nocturno,0.0,0.0162186043243259,0.0064874417297303,0.0,0.0,0.0052253309260622,0.0,0.0522625835833325,0.0814793571197878,14,1.0,0.4,0.0,9,0,5,8,8,3,2,0.1111111111111111,0,0,0,0,0.0466755612003959,0.0235794449997965,0.0228409472621656,V7,0,2025-09,sin_switch
2025-09-27,Previa,0.0,0.0089257420525683,0.0091525010708646,0.0,0.0,0.0030467102036251,0.0,0.0,0.010359342040725,4,1.0,1.0,0.0,4,0,1,0,4,1,1,1.0,0,1,1,1,0.0190598778790302,0.0,0.0,V7,1,2025-09,sin_switch
2025-09-27,Primera,0.0,0.088462961045832,0.0435226225107343,0.0,0.011146844755508,0.0076192407764897,0.0,0.0206208958417191,0.0088580867913525,6,1.0,1.0,0.1666666666666666,9,1,1,9,9,2,2,0.4444444444444444,0,0,0,0,0.0916040952978814,0.0475697508535994,0.0242556652570425,V7,0,2025-09,sin_switch
2025-09-27,Matutino,0.0089257420525683,0.2153608639887663,0.1201296410324991,0.0,0.011146844755508,0.0076192407764897,0.0,0.0535457708249476,0.0267837260461428,6,1.0,0.6666666666666666,0.1666666666666666,6,0,3,5,4,3,1,0.3333333333333333,0,0,0,0,0.0219997689214103,0.0223571606220364,0.0,V7,0,2025-09,sin_switch
2025-09-27,Vespertino,0.0338919144154887,0.4861832915394695,0.188714568289578,0.0,0.0457978116426764,0.0252106623309011,0.0,0.0025,0.005245982334835,5,0.8,1.0,0.2,8,0,4,4,2,4,2,0.75,0,0,0,0,0.0269848421145579,0.0432160896718526,0.0215172325136054,V7,0,2025-09,sin_switch
2025-09-27,Nocturno,0.0,0.0123732825203628,0.0065402572309412,0.0,0.0157978116426765,0.0124621768331517,0.0,0.043,0.0372132163494957,5,0.8,0.8,0.2,10,1,4,10,4,5,2,0.2,0,0,0,0,0.0469460829884707,0.0512779843266804,0.051936334772311,V7,0,2025-09,sin_switch
2025-09-29,Primera,0.0,0.2116406777378046,0.1036823338548864,0.0,0.0,0.0,0.0,0.0,5.551115123125783e-17,2,0.0,0.5,0.0,2,1,1,2,2,1,1,0.0,0,1,0,0,0.0,0.0193848517656273,0.0193848517656273,V7,1,2025-09,sin_switch
2025-09-29,Matutino,0.0,0.3695645498627504,0.1761638058573622,0.0,0.0099999999999999,0.0039323773003882,0.0,0.0519928956618686,0.0301303260346157,5,0.0,0.6666666666666666,0.2,5,1,2,5,3,2,1,0.0,0,0,0,0,0.0,0.023557996812592,0.023557996812592,V7,0,2025-09,sin_switch
2025-09-29,Vespertino,0.2743084854265039,0.2804745126195946,0.1096757420351844,0.0,0.0,0.0008753720206544,0.0,0.0574999999999999,0.023647473376159,5,0.0,0.75,0.0,5,1,3,5,4,3,2,0.0,0,0,0,0,0.0,0.0236026942753407,0.0482567531941641,V9,0,2025-09,switch_neutro
2025-09-29,Nocturno,0.0052272451907491,0.0214458495150751,0.0185632559069363,0.0,0.0,0.0012640539461151,0.0,0.024,0.011922248110151,8,0.0,0.8,0.0,8,1,4,8,5,4,1,0.0,0,0,0,0,0.0,0.0708956644619455,0.0327692770183404,V8,0,2025-09,switch_neutro
2025-09-30,Previa,0.0,0.011507282898072,0.0046029131592288,0.0,0.0,1.1102230246251563e-16,0.0,0.0,0.0,3,1.0,1.0,0.0,3,0,1,0,3,1,1,1.0,0,0,0,0,0.0,0.0270383099068277,0.0270383099068277,V7,0,2025-09,sin_switch
2025-09-30,Primera,0.0,0.0223846315174167,0.0287980974341893,0.0,0.0088025454342586,0.0058740485939422,0.0,0.098120895841719,0.056166915573152,6,1.0,1.0,0.0,9,0,2,8,8,2,1,0.7777777777777778,0,0,0,0,0.0233080811494197,0.022449863902971,0.0,V7,0,2025-09,sin_switch
2025-09-30,Matutino,0.0,0.0162186043243259,0.0064874417297303,0.0,0.0088025454342586,0.0058740485939422,0.0,0.0478571428571429,0.0237617792950003,6,1.0,0.6666666666666666,0.0,7,0,3,6,3,3,1,0.4285714285714285,0,0,0,0,0.0,0.0502881990520466,0.0723561679655633,V9,0,2025-09,switch_neutro
2025-09-30,Vespertino,0.0,0.0663560585433451,0.0501313525597571,0.0,0.0113083924404774,0.0066385774000735,0.0,0.0313643151850641,0.0195713000041332,7,0.8571428571428571,0.75,0.0,11,0,4,10,2,4,2,0.6363636363636364,0,0,0,0,0.0226253425488276,0.0479921569025716,0.0693595834898475,V9,0,2025-09,switch_neutro
2025-09-30,Nocturno,0.0,0.011507282898072,0.0611297370563267,0.0088025454342586,0.012494152993781,0.0040979296445391,0.0814999999999999,0.0952875625083857,0.0330150968909542,6,1.0,0.4,0.0,10,0,5,8,4,4,1,0.2,0,0,0,0,0.0236132550857809,0.0471082155176485,0.0231949422638576,V7,0,2025-09,sin_switch
2025-10-01,Previa,0.0,0.0089257420525683,0.0065785646443579,0.0,0.0,0.0030467102036251,0.0,0.0,0.010359342040725,4,1.0,1.0,0.0,4,0,1,0,4,1,1,1.0,0,0,0,0,0.0190887798581221,0.0,0.0,V7,0,2025-10,sin_switch
2025-10-01,Primera,0.0,0.0204330249506403,0.0081732099802561,0.0,0.0,0.0016808753429293,0.0,0.0433502647928207,0.0177358078141285,4,1.0,1.0,0.25,10,1,1,10,10,2,2,0.4,0,0,1,0,0.0580027807911879,0.0233766661391694,0.0467334826239319,V7,0,2025-10,sin_switch
2025-10-01,Matutino,0.0,0.0162186043243259,0.0064874417297303,0.0,0.0042021883573234,0.0039365701968206,0.0,0.0856595623285352,0.0355143584724872,4,1.0,0.6666666666666666,0.25,5,0,3,4,4,3,2,0.2,0,0,0,0,0.0,0.0432331896102063,0.0228054738981901,V8,0,2025-10,switch_neutro
2025-10-01,Vespertino,0.0,0.0204330249506403,0.0081732099802561,0.0,0.0107486760358962,0.0047567947662389,0.0,0.035,0.0196413036355443,4,1.0,0.5,0.25,6,1,3,6,4,4,2,0.3333333333333333,0,0,0,0,0.03001283404098,0.0522687105706456,0.0520995835142667,V7,0,2025-10,sin_switch
2025-10-01,Nocturno,0.0,0.011507282898072,0.0046029131592288,0.0,0.0107486760358962,0.0123981763154445,0.0,0.035,0.0282922051034344,4,1.0,0.4,0.25,8,1,4,8,4,4,1,0.25,0,0,0,0,0.0,0.0502863075822918,0.0450370682800972,V8,0,2025-10,switch_neutro
2025-10-02,Previa,0.0,0.0,8.881784197001252e-16,0.0,0.0,0.0,0.0,0.0,0.0,2,1.0,1.0,0.0,2,0,1,0,2,1,1,1.0,0,0,0,0,0.0,0.0285689383382658,0.0285689383382658,V7,0,2025-10,sin_switch
2025-10-02,Primera,0.0,0.0695361616828886,0.0518195547160179,0.0,0.0107486760358963,0.0044399549517602,0.0,0.0613092975357144,0.0394423612101189,4,1.0,1.0,0.25,5,0,2,4,4,2,1,1.0,0,0,0,0,0.0246076668832847,0.0438342360909779,0.0220674500553071,V7,0,2025-10,sin_switch
2025-10-02,Matutino,0.0,0.225671997648571,0.1202047582139448,0.0,0.0107486760358963,0.0044399549517602,0.0,0.0057385477857136,0.0238985402905175,4,1.0,0.6666666666666666,0.25,5,0,3,4,3,3,1,0.4,0,0,0,0,0.0457093132081404,0.0234896311292708,0.048348753918638,V7,0,2025-10,sin_switch
2025-10-02,Vespertino,0.0,0.0204330249506403,0.0529757117756402,0.0,0.0107486760358962,0.0076728269205669,0.0,0.0899999999999999,0.046228973123063,4,1.0,0.5,0.25,8,0,4,7,1,4,1,0.125,0,0,0,0,0.0236348125513155,0.0502622913831099,0.0,V7,0,2025-10,sin_switch
2025-10-02,Nocturno,0.0,0.0162186043243259,0.0757718630681919,0.0,0.0181044792085955,0.0093720995891624,0.0,0.0401954840162329,0.0288308584504066,2,1.0,0.4,0.5,11,0,5,10,3,5,1,0.0909090909090909,0,0,0,0,0.0,0.0253090671665838,0.0747419380927288,V9,0,2025-10,switch_neutro
2025-10-03,Previa,0.0,0.0,8.881784197001252e-16,0.0,0.0101557006787506,0.0073869986255844,0.0,0.03453114013575,0.0220256502206202,4,1.0,1.0,0.0,4,0,1,0,4,1,1,1.0,0,0,0,0,0.0,0.0,0.0,V7,0,2025-10,sin_switch
2025-10-03,Primera,0.2891473528660579,0.2891473528660579,0.086801588129848,0.020953512321427,0.0374999999999999,0.0119563635558501,0.0303502647928207,0.0861907024642855,0.03186536042024,8,1.0,1.0,0.25,8,1,1,8,8,2,2,1.0,0,0,0,0,0.1493252734839381,0.0478135184445329,0.0470820524393965,V7,0,2025-10,sin_switch
2025-10-03,Matutino,0.0,0.010052577131236,0.1797761201853831,0.020953512321427,0.0374999999999999,0.0119563635558501,0.0,0.1720169314594873,0.068835226865052,8,1.0,0.6666666666666666,0.25,9,0,3,7,7,3,2,0.2222222222222222,0,0,0,0,0.0231947942851481,0.0235478973828178,0.0235478973828178,V7,0,2025-10,sin_switch
2025-10-03,Vespertino,0.0,0.0513257078651951,0.023528020794223,0.020953512321427,0.0374999999999998,0.0119563635558501,0.0,0.0468181818181817,0.0412693665029676,8,1.0,0.5,0.25,11,0,4,9,9,3,2,0.1818181818181818,0,0,0,0,0.0501147159298205,0.0,0.0247743740739211,V7,0,2025-10,sin_switch
2025-10-03,Nocturno,0.0,0.1535708612293724,0.0749009758291685,0.020953512321427,0.0374999999999998,0.0119563635558501,0.0,0.0171435359642849,0.0191382922583405,8,1.0,0.4,0.25,9,1,4,9,6,4,2,0.3333333333333333,0,0,0,0,0.0510059334069638,0.0483551470227525,0.0463765639892436,V7,0,2025-10,sin_switch
2025-10-04,Previa,0.0,0.0162186043243259,0.0074322981982761,0.0,0.0153135114221747,0.007502057830922,0.0,0.0030627022844349,0.0015004115661844,6,1.0,1.0,0.0,6,0,1,0,6,1,1,1.0,0,0,0,0,0.0282624532356311,0.0,0.0,V7,0,2025-10,sin_switch
2025-10-04,Primera,0.1064648779922938,0.1403567924077826,0.0829328624860266,0.0,0.0053605369642814,0.0056878388942933,0.0,0.0732149645357135,0.0316302176850617,12,1.0,1.0,0.0,9,0,2,7,7,2,1,1.0,0,0,0,0,0.0514126760794042,0.0309414595092564,0.0,V7,0,2025-10,sin_switch
2025-10-04,Matutino,0.0,0.0175073645380825,0.011569103293952,0.0,0.0135621874580711,0.0066374003345317,0.0,0.0322875625083857,0.0173210213782174,6,0.8333333333333334,1.0,0.3333333333333333,9,0,3,7,2,3,1,0.6666666666666666,0,0,0,0,0.0240421345489082,0.0738916924839956,0.0835414341996854,V9,0,2025-10,switch_neutro
2025-10-04,Vespertino,0.0,0.6249139162036288,0.2976387861172249,0.0,0.0053605369642814,0.0060656688196009,0.0,0.1225006788214277,0.0723686032811821,12,1.0,0.5,0.0,8,0,4,7,3,4,2,0.5,0,0,0,0,0.0267109571382348,0.0,0.0,V7,0,2025-10,sin_switch
2025-10-04,Nocturno,0.0,0.1994166031056137,0.0887210690625902,0.0,0.0703605369642814,0.0296828992184709,0.0,0.0138333333333332,0.0239225701602176,10,0.9,0.8,0.0,9,0,5,8,2,5,2,0.4444444444444444,0,0,0,0,0.023899475088126,0.0200642159941835,0.0467319866021069,V7,0,2025-10,sin_switch
2025-10-06,Primera,0.0,0.0089257420525683,0.0075326691721207,0.0,0.0153135114221747,0.007502057830922,0.0,0.0580627022844348,0.0284447987367993,6,0.0,0.5,0.0,6,1,1,6,6,1,1,0.0,0,0,0,0,0.0,0.0181711534046369,0.0181711534046369,V7,0,2025-10,sin_switch
2025-10-06,Matutino,0.0725729635768051,0.0860318530416535,0.0301021405944005,0.0107176798214242,0.0125,0.003698595185438,0.0324999999999999,0.0553333333333332,0.0180848914147599,8,0.0,0.6666666666666666,0.25,8,1,2,8,6,2,1,0.0,0,0,0,0,0.0,0.0486306748717795,0.0255208928124102,V8,0,2025-10,switch_neutro
2025-10-06,Vespertino,0.0,0.2746069547685286,0.1373116405855446,0.0,0.0,0.0005076574134027,0.0,0.065,0.0261067041198233,8,0.0,0.75,0.125,13,1,3,13,4,3,1,0.0,0,0,0,0,0.021482582319632,0.0758552321674564,0.0237702303197263,V8,0,2025-10,switch_neutro
2025-10-06,Nocturno,0.0,0.5633654937675567,0.29267865549887,0.0,0.0055555555555555,0.0035211999537969,0.0,0.0324999999999999,0.0197681677033696,9,0.0,0.8,0.1111111111111111,11,1,4,11,2,4,1,0.0,0,0,0,0,0.0222878339048154,0.0229205725759,0.0222070596961572,V7,0,2025-10,sin_switch
2025-10-07,Previa,0.0,0.0314022121697457,0.0134959857519712,0.0,0.0060772755776474,0.0087795503806178,0.0,0.0012154551155294,0.0017559100761235,7,1.0,1.0,0.0,7,0,1,0,7,1,1,1.0,0,0,0,0,0.0365395221639934,0.0,0.0,V7,0,2025-10,sin_switch
2025-10-07,Primera,0.0,0.0089257420525683,0.1020712896407697,0.0,0.0017823201785757,0.0012637225473281,0.0036907024642854,0.0036907024642854,0.0291415597717355,7,1.0,1.0,0.1428571428571428,8,0,2,4,4,2,1,1.0,0,0,0,0,0.0246307659481265,0.0289554309489784,0.0,V7,0,2025-10,sin_switch
2025-10-07,Matutino,0.3859827069677255,0.4137085941901235,0.1327060611009959,0.0,0.0017823201785757,0.0012637225473281,0.0166666666666666,0.0670169314594872,0.0335403792939341,7,1.0,0.6666666666666666,0.1428571428571428,8,1,2,8,6,3,1,0.25,0,0,0,0,0.0232908862812995,0.0279724633605075,0.0222129884516789,V7,0,2025-10,sin_switch
2025-10-07,Vespertino,0.0,0.1256271786168588,0.0490320780262443,0.0,0.0451132006128286,0.0183320833511682,0.0,0.046929740829815,0.0393903299491385,6,0.8333333333333334,1.0,0.0,7,0,4,6,2,4,2,0.7142857142857143,0,0,0,0,0.0323139006980817,0.0557257664863038,0.0327168942910783,V7,0,2025-10,sin_switch
2025-10-07,Nocturno,0.0,0.1242372289454927,0.0484816748109633,0.0,0.0151132006128287,0.0066955444213572,0.0,0.1080116678324168,0.0558728735607849,6,0.8333333333333334,0.8,0.0,13,0,5,10,6,5,1,0.3846153846153846,0,0,0,0,0.0486341147188666,0.0,0.0,V7,0,2025-10,sin_switch
2025-10-08,Previa,0.0,0.0,8.881784197001252e-16,0.0,0.0,0.0,0.0,0.0,0.0,2,1.0,1.0,0.0,2,0,1,0,2,1,1,1.0,0,0,0,0,0.0,0.0285689383382658,0.0285689383382658,V7,0,2025-10,sin_switch
2025-10-08,Primera,0.0,0.0162186043243259,0.007945460986939,0.0,0.0029843002205017,0.0011937200882007,0.0,0.0070588235294117,0.0295655934584812,5,1.0,1.0,0.2,17,0,2,15,15,2,1,0.5882352941176471,0,0,0,0,0.0,0.1020732589427317,0.0,V8,0,2025-10,switch_neutro
2025-10-08,Matutino,0.3501510471108204,0.3590767891633888,0.1921061367672219,0.0,0.0275058470062188,0.010766130704707,0.0,0.0499999999999999,0.0325688546143952,7,0.8571428571428571,1.0,0.0,9,0,3,8,6,3,1,0.3333333333333333,0,0,0,0,0.0697694201134619,0.0461855183597063,0.0493493837652876,V7,0,2025-10,sin_switch
2025-10-08,Vespertino,0.0,0.0305747745950553,0.0381803368944657,0.0,0.0029843002205017,0.0013532903391696,0.0,0.0011145510835914,0.0028795831900147,5,1.0,0.5,0.2,17,0,4,15,0,2,0,0.5882352941176471,1,0,0,0,0.0244753131463963,0.0,0.0490776984434126,V7,0,2025-10,sin_switch
2025-10-08,Nocturno,0.0,0.067979778915963,0.0368726386746316,0.0,0.0029843002205017,0.0015726564616345,0.0,0.1076907024642853,0.0417485977411241,5,1.0,0.4,0.2,5,0,5,4,4,3,2,0.2,0,0,0,0,0.0226499546926572,0.0234202338381837,0.0221889452202105,V7,0,2025-10,sin_switch
2025-10-09,Previa,0.0,0.0,8.881784197001252e-16,0.0,0.0,0.0,0.0,0.0,0.0,2,1.0,1.0,0.0,2,0,1,0,2,1,1,1.0,0,0,0,0,0.0,0.0285689383382658,0.0285689383382658,V7,0,2025-10,sin_switch
2025-10-09,Primera,0.0,0.0162186043243259,0.0850182990484916,0.0,0.0042021883573234,0.0034471942229764,0.0,0.1141666666666666,0.0585389287486027,4,1.0,1.0,0.25,8,0,2,7,7,2,1,0.75,0,0,0,0,0.0239296591043343,0.0219978857584046,0.0,V7,0,2025-10,sin_switch
2025-10-09,Matutino,0.150234375732114,0.3313509019409917,0.1706413065921483,0.0,0.0065464876785729,0.0035511554799641,0.0,0.1235638716856786,0.0550968657862107,1,1.0,0.6666666666666666,1.0,7,0,3,5,5,3,2,0.2857142857142857,0,0,0,0,0.0,0.0,0.0458933213743288,V9,0,2025-10,switch_neutro
2025-10-09,Vespertino,0.5129869953829171,0.5244942782809892,0.1603315640756072,0.0,0.0065464876785727,0.0038328161204798,0.0,0.0244372977155651,0.0345256821718458,1,1.0,0.5,1.0,4,0,4,3,2,4,2,0.5,0,0,0,0,0.0,0.0786781121291531,0.046796295981019,V8,0,2025-10,switch_neutro
2025-10-09,Nocturno,0.6576321145597213,0.6576321145597213,0.2074092057837588,0.0,0.0440498817857114,0.0203328597622379,0.0,0.0272875625083857,0.0218430879029839,5,0.8,0.8,0.2,9,0,5,8,1,4,2,0.6666666666666666,0,0,0,0,0.025510789436063,0.0272050847373917,0.0248565207434854,V7,0,2025-10,sin_switch
2025-10-10,Previa,0.0,0.0,8.881784197001252e-16,0.0,0.0,0.0,0.0,0.0,0.0,4,1.0,1.0,0.0,4,0,1,0,4,1,1,1.0,0,0,0,0,0.0166349445959084,0.0202799905058976,0.0202799905058976,V7,0,2025-10,sin_switch
2025-10-10,Primera,0.0,0.0,0.0032608565999613,0.0,0.0055555555555555,0.0023671706559782,0.004,0.0625000000000001,0.034754280311927,9,1.0,1.0,0.1111111111111111,12,0,2,10,10,2,1,0.8333333333333334,0,0,0,0,0.0,0.0265399429195054,0.0,V7,0,2025-10,sin_switch
2025-10-10,Matutino,0.0,0.0204330249506403,0.0123722694047355,0.0,0.0055555555555555,0.0023671706559782,0.0,0.0051185950714291,0.0200813068337869,9,1.0,0.6666666666666666,0.1111111111111111,3,0,3,2,1,3,1,0.6666666666666666,0,0,0,0,0.0,0.0490067657677442,0.0742522483741722,V9,0,2025-10,switch_neutro
2025-10-10,Vespertino,0.0,0.0204330249506403,0.076370787917779,0.0344444444444443,0.0399999999999999,0.0136246158043405,0.0,0.2016907024642853,0.0913057523985687,10,0.8,1.0,0.0,16,0,4,12,7,4,2,0.5625,0,0,0,0,0.0233313086193744,0.0242270313184379,0.0242270313184379,V7,0,2025-10,sin_switch
2025-10-10,Nocturno,0.0,0.0162186043243259,0.0106854242196498,0.0044444444444444,0.01,0.0065207862297253,0.0,0.06,0.0536212766096272,10,0.8,0.8,0.0,12,0,5,10,6,4,2,0.5,0,0,0,0,0.049855191357894,0.0,0.0472237604860956,V7,0,2025-10,sin_switch
2025-10-11,Previa,0.0,0.0,8.881784197001252e-16,0.0,0.0254692121009253,0.0101876848403701,0.0,0.037593842420185,0.015037536968074,6,1.0,1.0,0.0,6,0,1,0,6,1,1,1.0,0,0,0,0,0.0183640072483145,0.0,0.0,V7,0,2025-10,sin_switch
2025-10-11,Primera,0.0162186043243259,0.1608739459257862,0.0824858616157543,1.1102230246251563e-16,0.0142513239641037,0.006801943051111,0.0,0.0030627022844349,0.0261894185925825,2,1.0,1.0,1.0,6,0,2,3,3,2,1,1.0,0,0,0,0,0.0440035782348354,0.0456271761772257,0.0464502587131815,V7,0,2025-10,sin_switch
2025-10-11,Matutino,0.3627526196508031,0.3798166797746347,0.1143562872010905,1.1102230246251563e-16,0.0142513239641037,0.006801943051111,0.0,0.0522875625083858,0.0202741856117146,2,1.0,0.6666666666666666,1.0,8,0,3,7,7,3,2,0.125,0,0,0,0,0.0,0.0488929059001078,0.0269571774165643,V8,0,2025-10,switch_neutro
2025-10-11,Vespertino,0.0,0.0162186043243259,0.0312763996798151,0.0,0.0803193584283935,0.0317448106538122,0.0,0.0417850354642864,0.0225505183904899,7,0.8571428571428571,1.0,0.0,7,0,4,4,1,4,2,0.8571428571428571,0,0,0,0,0.0214861886723112,0.0203369472549823,0.0451087207469468,V7,0,2025-10,sin_switch
2025-10-11,Nocturno,0.2433610946523376,0.3039145377504644,0.0929093683459736,0.0,0.034521546785717,0.017133013168594,0.0,0.0431666666666665,0.0366808092313665,7,0.8571428571428571,0.8,0.0,10,0,5,9,6,5,2,0.2,0,0,0,0,0.078135384221996,0.047429910720792,0.0781215522347938,V7,0,2025-10,sin_switch
2025-10-13,Primera,0.0,0.0,0.0078145837242836,0.0114378125419288,0.0184535123214271,0.0075725540873339,0.0572875625083859,0.0861907024642856,0.0321289454180861,8,0.0,0.5,0.0,8,1,1,8,8,1,1,0.0,0,0,0,0,0.0216095237002613,0.0,0.0,V7,0,2025-10,sin_switch
2025-10-13,Matutino,0.010052577131236,0.0439444915467248,0.1054725095479218,0.0052288541247377,0.0052288541247377,0.0042587495494967,0.0285721073928563,0.0649999999999999,0.0393857893427311,6,0.0,0.6666666666666666,0.3333333333333333,12,1,2,12,10,2,1,0.0,0,0,0,0,0.0703479644564068,0.081666810562034,0.0224163504918079,V7,0,2025-10,sin_switch
2025-10-13,Vespertino,0.0204330249506403,0.4727244020746211,0.2075640624041735,0.0,0.0,0.0034490329880873,0.0,0.0649999999999999,0.0454278487102001,9,0.0,0.75,0.0,9,1,3,9,3,3,1,0.0,0,0,0,0,0.0,0.0460887975794661,0.0465273113761106,V9,0,2025-10,switch_neutro
2025-10-13,Nocturno,0.0,0.1242015772412239,0.0497439775243215,0.0,0.0038461538461538,0.0015253603284359,0.0,0.0325,0.0205413846803165,13,0.0,0.8,0.0769230769230769,13,1,4,13,4,4,1,0.0,0,0,0,0,0.0450577901384951,0.0757521131645033,0.0249916902527374,V8,0,2025-10,switch_neutro
2025-10-14,Previa,0.0,0.0,8.881784197001252e-16,0.0,0.0101557006787506,0.0073869986255844,0.0,0.03453114013575,0.0220256502206202,4,1.0,1.0,0.0,4,0,1,0,4,1,1,1.0,0,0,0,0,0.0,0.0,0.0,V7,0,2025-10,sin_switch
2025-10-14,Primera,0.0,0.0,0.0155662531433724,0.0070156997794982,0.0070156997794982,0.0021047099338494,0.0254031399558996,0.0974031399558996,0.0456509583768284,6,1.0,1.0,0.0,6,0,2,4,4,2,1,1.0,0,0,0,0,0.0472907808445025,0.0481898144377029,0.0249172707044222,V7,0,2025-10,sin_switch
2025-10-14,Matutino,0.0,0.1661587516047928,0.1317550527364162,0.0070156997794982,0.0070156997794982,0.0021047099338494,0.0,0.0109090909090908,0.0293644499117414,6,1.0,0.6666666666666666,0.0,11,0,3,10,8,3,1,0.1818181818181818,0,0,0,0,0.0232235592149935,0.0,0.0463976489160676,V7,0,2025-10,sin_switch
2025-10-14,Vespertino,0.0,0.1258449740069744,0.0526056585143647,0.0070156997794982,0.0070156997794982,0.0021047099338494,0.0,0.0811907024642853,0.0386102690073565,6,1.0,0.5,0.0,15,0,4,14,4,4,1,0.0666666666666666,0,0,0,0,0.0,0.0223468325611882,0.0228434613972538,V7,0,2025-10,sin_switch
2025-10-14,Nocturno,0.1196789468138836,0.1258449740069744,0.0411240395191514,0.0,0.0117868456547604,0.0060686619385775,0.0237362637362638,0.0809285714285713,0.0382069725605851,5,0.8,0.8,0.0,14,0,5,12,8,3,1,0.4285714285714285,0,0,0,0,0.0496022069364679,0.0,0.0469538519061968,V7,0,2025-10,sin_switch
2025-10-15,Previa,0.0,0.1912076527871642,0.0781003944664128,0.0153135114221747,0.0153135114221747,0.0079020146032802,0.0030627022844349,0.0030627022844349,0.017593180014482,6,1.0,1.0,0.0,6,0,1,0,6,1,1,1.0,0,0,0,0,0.0315359173102414,0.0,0.0,V7,0,2025-10,sin_switch
2025-10-15,Primera,0.0,0.0134588894648484,0.0072400131995263,0.0,0.0062499999999999,0.006497822220681,0.0,0.0849999999999998,0.0454791680453746,8,1.0,1.0,0.125,12,0,2,10,10,2,1,1.0,0,0,0,0,0.021797460226125,0.0243259477781667,0.0,V7,0,2025-10,sin_switch
2025-10-15,Matutino,0.0,0.1067633473343185,0.0827520142519327,0.0,0.0444444444444445,0.0230878286831051,0.0018571428571427,0.0258571428571426,0.0321201272188664,9,0.8888888888888888,1.0,0.1111111111111111,14,0,3,12,2,3,1,0.8571428571428571,0,0,0,0,0.0236788970025142,0.0209637912201775,0.0505951433768391,V7,0,2025-10,sin_switch
2025-10-15,Vespertino,0.0,0.1196789468138836,0.0507189685233499,0.0,0.0308822569863732,0.0138286925078355,0.0054545454545453,0.0649999999999999,0.0669361383081123,9,0.8888888888888888,0.75,0.1111111111111111,22,0,4,20,8,4,1,0.5454545454545454,0,0,0,0,0.0241330718898193,0.0,0.0,V7,0,2025-10,sin_switch
2025-10-15,Nocturno,0.0,0.0204330249506403,0.0487288281793074,0.0,0.0158822569863732,0.00987603515166,0.0,0.0658564640357151,0.0276601190286547,9,0.8888888888888888,0.6,0.1111111111111111,7,1,4,7,2,5,2,0.4285714285714285,0,0,0,0,0.0243190377508614,0.0588098060471988,0.028180851020456,V8,0,2025-10,switch_neutro
2025-10-16,Previa,0.0,0.0,8.881784197001252e-16,0.0,0.0,0.0,0.0,0.0,0.0,2,1.0,1.0,0.0,2,0,1,0,2,1,1,1.0,0,0,0,0,0.0,0.0285689383382658,0.0285689383382658,V7,0,2025-10,sin_switch
2025-10-16,Primera,0.0204330249506403,0.3632912097897032,0.176956985744016,0.0142513239641036,0.0142513239641036,0.007904480798517,0.0972875625083857,0.1426907024642854,0.0491880426618781,8,1.0,1.0,0.0,8,0,2,6,6,2,1,1.0,0,0,0,0,0.1196415641260778,0.0309119585279349,0.0309119585279349,V7,0,2025-10,sin_switch
2025-10-16,Matutino,0.0,0.0162186043243259,0.0115481694439893,0.0142513239641036,0.0184535123214271,0.0078122543375612,0.0722875625083858,0.1049999999999999,0.0380893192114101,8,1.0,0.6666666666666666,0.0,8,0,3,6,4,3,1,0.25,0,0,0,0,0.026927088900167,0.0,0.0,V7,0,2025-10,sin_switch
2025-10-16,Vespertino,0.0,0.0162186043243259,0.0107173128406605,0.0142513239641036,0.0249999999999999,0.0083376725713361,0.0,0.0822625835833326,0.0821651892637966,8,1.0,0.5,0.0,9,0,4,8,6,4,1,0.1111111111111111,0,0,0,0,0.0,0.0,0.0,V7,0,2025-10,sin_switch
2025-10-16,Nocturno,0.0,0.1314217526814092,0.0704465815891593,0.0142513239641036,0.0249999999999999,0.0083376725713361,0.1049999999999999,0.1180000000000001,0.0390957227773802,8,1.0,0.4,0.0,10,0,5,8,2,5,2,0.2,0,0,0,0,0.0,0.0,0.0,V7,0,2025-10,sin_switch
2025-10-17,Previa,0.0,0.0,8.881784197001252e-16,0.0,0.0184535123214271,0.0115881491507731,0.0,0.0361907024642853,0.0266254228878754,5,1.0,1.0,0.0,5,0,1,0,5,1,1,1.0,0,0,0,0,0.0,0.0,0.0,V7,0,2025-10,sin_switch
2025-10-17,Primera,0.0223846315174167,0.0970582219025191,0.1101598334824378,0.0044444444444444,0.01,0.0039849286302723,0.0199999999999999,0.0274999999999999,0.018784794705046,10,1.0,1.0,0.2,12,0,2,10,10,2,1,1.0,0,0,0,0,0.0707181011570905,0.078096888340614,0.0247701904627309,V7,0,2025-10,sin_switch
2025-10-17,Matutino,0.0248400072357428,0.0248400072357428,0.0389987234685044,0.0044444444444444,0.01,0.0047812223047196,0.0,0.063143535964285,0.0397844677500204,10,1.0,0.6666666666666666,0.2,10,0,3,8,2,3,1,0.8,0,0,0,0,0.0,0.0486318949507395,0.0497649940235534,V9,0,2025-10,switch_neutro
2025-10-17,Vespertino,0.0,0.1370329143801392,0.0746107130833022,0.0044444444444444,0.0054545454545456,0.0040590588816061,0.0,0.0672727272727271,0.0389816013871166,10,1.0,0.5,0.2,11,0,4,9,1,4,1,0.7272727272727273,0,0,0,0,0.0236235018800604,0.0291754955130444,0.0294684312555804,V7,0,2025-10,sin_switch
2025-10-17,Nocturno,0.0,0.0083937839692254,0.0219946201367126,0.0044444444444444,0.01,0.0075412671333988,0.0,0.0040714285714285,0.0183841889023751,10,1.0,0.4,0.2,14,0,5,12,3,5,1,0.5714285714285714,0,0,0,0,0.0,0.044536769941496,0.0805095166496626,V9,0,2025-10,switch_neutro
2025-10-18,Previa,0.0,0.011507282898072,0.0046029131592288,0.0153135114221747,0.0254692121009253,0.0080334974994188,0.0030627022844349,0.037593842420185,0.0163111722917175,6,1.0,1.0,0.0,6,0,1,0,6,1,1,1.0,0,0,0,0,0.0747592024556564,0.0,0.0,V7,0,2025-10,sin_switch
2025-10-18,Primera,0.0134588894648484,0.0501105187398147,0.0919810947106563,0.0,0.0114378125419288,0.0080646907255993,0.0,0.0674999999999999,0.0496769390696984,12,1.0,1.0,0.0,12,0,2,10,10,2,1,1.0,0,0,0,0,0.021931155665735,0.0250872787412493,0.0,V7,0,2025-10,sin_switch
2025-10-18,Matutino,0.0,0.254188573501688,0.1626980256432231,0.0,0.0114378125419288,0.0080646907255993,0.0,0.1302124374916143,0.059919063577915,12,1.0,0.6666666666666666,0.0,6,0,3,5,4,3,1,0.3333333333333333,0,0,0,0,0.0219358962329578,0.0,0.0,V7,0,2025-10,sin_switch
2025-10-18,Vespertino,0.0,0.2583883504442026,0.1085036911349368,0.0,0.0114378125419288,0.0080646907255993,0.0,0.0227124374916142,0.0157704381893138,12,1.0,0.5,0.0,6,1,3,6,5,3,2,0.0,0,0,0,0,0.0336309731422357,0.056873699345747,0.0229537973214923,V7,0,2025-10,sin_switch
2025-10-18,Nocturno,0.0,0.0439444915467248,0.0473994296384585,0.0,0.0084535123214271,0.0067339131407842,0.0,0.0414999999999999,0.0236081144371174,12,1.0,0.4,0.0,5,0,5,3,1,4,2,0.8,0,0,0,0,0.0231212787015788,0.0751617483465151,0.0238202470963068,V8,0,2025-10,switch_neutro
2025-10-20,Primera,0.0,0.0,0.1036823338548865,0.0,0.0,0.0,0.0,0.0,5.551115123125783e-17,2,0.0,0.5,0.0,2,1,1,2,2,1,1,0.0,0,0,0,0,0.0,0.0183237361067581,0.0183237361067581,V7,0,2025-10,sin_switch
2025-10-20,Matutino,0.1926238091069478,0.1973351305332036,0.1142256253229965,0.0,0.0093544792085956,0.0050619354899619,0.0,0.0572875625083857,0.0254315802450578,8,0.0,0.6666666666666666,0.125,8,1,2,8,7,2,1,0.0,0,0,0,0,0.0,0.0460563603906216,0.0235286712319683,V8,0,2025-10,switch_neutro
2025-10-20,Vespertino,0.2161352757030323,0.2250610177556007,0.0845789138009953,0.0,0.0055555555555555,0.003925431836929,0.0,0.0634278926071436,0.0266991831331636,9,0.0,0.75,0.1111111111111111,7,1,3,7,6,3,2,0.0,0,0,0,0,0.0,0.0229026540368518,0.0471565122078842,V9,0,2025-10,switch_neutro
2025-10-20,Nocturno,0.568438769827714,0.7015766061064461,0.2092242639000758,0.0,0.0166666666666666,0.0103747041197424,0.0,0.0332875625083858,0.036801983565794,6,0.0,0.8,0.3333333333333333,8,1,4,8,6,3,2,0.0,0,0,0,0,0.0,0.0261694454426076,0.0263244288183714,V7,0,2025-10,sin_switch
2025-10-21,Previa,0.0,0.0,0.097399610353662,0.0,0.0114378125419288,0.0085026217156843,0.0,0.0022875625083857,0.0017005243431368,12,1.0,1.0,0.0,12,0,1,0,12,1,1,1.0,0,0,0,0,0.0212799379514851,0.0204724038469886,0.0,V7,0,2025-10,sin_switch
2025-10-21,Primera,0.0,0.3195815176128871,0.1468455094852223,0.005,0.005,0.0015,0.0549999999999999,0.0825,0.0497368072960056,20,1.0,1.0,0.1,20,0,2,8,8,2,1,1.0,0,0,0,0,0.0465568657274045,0.0556087142957629,0.0329639783757816,V7,0,2025-10,sin_switch
2025-10-21,Matutino,0.0338919144154887,0.3605314949302247,0.1719369770015874,0.005,0.005,0.0015,0.0,0.0174999999999999,0.0209191727221704,20,1.0,0.6666666666666666,0.1,3,0,3,2,2,3,2,0.3333333333333333,0,0,0,0,0.0480175949993906,0.0494622587519066,0.0,V7,0,2025-10,sin_switch
2025-10-21,Vespertino,0.0338919144154887,0.3815875858079831,0.1785355042686685,0.0,0.0376470588235293,0.0167685236593735,0.0,0.0398333333333333,0.023768369508481,17,0.9411764705882352,0.75,0.0,9,0,4,8,6,4,1,0.1111111111111111,0,0,0,0,0.0234463930686494,0.0,0.0272359646739822,V7,0,2025-10,sin_switch
2025-10-21,Nocturno,0.0,0.5071355575412451,0.2013303758008193,0.0,0.0226470588235294,0.0111329926348578,0.0,0.004,0.0263161735770141,17,0.9411764705882352,0.6,0.0,10,0,5,9,3,4,1,0.2,0,0,0,0,0.0,0.0,0.0279263244921189,V7,0,2025-10,sin_switch
2025-10-22,Previa,0.0,0.0,8.881784197001252e-16,0.0,0.0,0.0,0.0,0.0,0.0,2,1.0,1.0,0.0,2,0,1,0,2,1,1,1.0,0,0,1,1,0.0,0.0285689383382658,0.0285689383382658,V7,0,2025-10,sin_switch
2025-10-22,Primera,0.3840429615263092,0.4473065922155186,0.1618154139204557,0.0084535123214272,0.0114378125419289,0.0062059296586485,0.0,0.0289031399558996,0.0120590997234521,2,1.0,1.0,1.0,6,1,1,6,6,2,2,1.0,0,0,0,0,0.0441236191705715,0.0467975698330855,0.0219490263736656,V7,0,2025-10,sin_switch
2025-10-22,Matutino,0.0,0.0162186043243259,0.0358815262228206,0.0084535123214272,0.0114378125419289,0.0062059296586485,0.0,0.0636426308690478,0.0288774093432735,2,1.0,0.6666666666666666,1.0,5,0,3,4,4,3,2,0.2,0,0,0,0,0.0219294586881535,0.021852950034348,0.0532686888832554,V9,0,2025-10,switch_neutro
2025-10-22,Vespertino,0.0,0.0,0.2491479964714745,0.0084535123214271,0.0114378125419288,0.0062059296586484,0.0,0.0805627022844348,0.043433237717722,2,1.0,0.5,1.0,6,0,4,5,5,3,2,0.1666666666666666,0,0,0,0,0.0,0.0,0.0482118524525407,V9,0,2025-10,switch_neutro
2025-10-22,Nocturno,0.0,0.0,0.2636449033590096,0.0084535123214271,0.0114378125419288,0.0062059296586484,0.0,0.1074292502499991,0.0447698585676263,2,1.0,0.4,1.0,10,0,5,9,4,4,1,0.1,0,0,0,0,0.0,0.0257892613511351,0.0514243257487728,V9,0,2025-10,switch_neutro
2025-10-23,Previa,0.0,0.0,8.881784197001252e-16,0.0,0.0,0.0,0.0,0.0,0.0,2,1.0,1.0,0.0,2,0,1,0,2,1,1,1.0,0,0,0,0,0.0,0.0285689383382658,0.0285689383382658,V7,0,2025-10,sin_switch
2025-10-23,Primera,0.0,0.0113414562229072,0.0077340052011292,0.0242513239641036,0.0284535123214271,0.0097151491022557,0.02,0.0903502647928207,0.0447611585441399,10,1.0,1.0,0.2,10,1,1,10,10,2,2,1.0,0,0,0,0,0.1510842939489819,0.0481814763047399,0.0235032678603123,V7,0,2025-10,sin_switch
2025-10-23,Matutino,0.0,0.0,0.1259734280581787,0.0242513239641036,0.0284535123214271,0.0097151491022557,0.0,0.0486426308690478,0.0245161782991401,10,1.0,0.6666666666666666,0.2,5,0,3,4,4,3,2,0.2,0,0,0,0,0.0252362281558541,0.0254412529007363,0.0,V7,0,2025-10,sin_switch
2025-10-23,Vespertino,0.0,0.0605534430981267,0.055711721506293,0.0242513239641036,0.0284535123214271,0.0098770577237111,0.0,0.0690968600441003,0.0293274101306237,10,1.0,0.5,0.2,5,0,4,4,3,4,2,0.4,0,0,0,0,0.0227215034516266,0.0246329363562916,0.0,V7,0,2025-10,sin_switch
2025-10-23,Nocturno,0.0,0.0767720474224527,0.030708818968981,0.0242513239641036,0.0284535123214271,0.0098770577237111,0.0,0.0085,0.021294852347271,10,1.0,0.4,0.2,5,0,5,4,3,4,2,0.2,0,0,0,0,0.02569086378788,0.0501338204949997,0.0,V7,0,2025-10,sin_switch
2025-10-24,Previa,0.0,0.2053828119449532,0.0839141530954102,0.0070156997794982,0.0153135114221747,0.0051999201956706,0.0014031399558996,0.0030627022844349,0.0010399840391341,6,1.0,1.0,0.0,6,0,1,0,6,1,1,1.0,0,0,0,0,0.0474857266790504,0.0,0.0,V7,0,2025-10,sin_switch
2025-10-24,Primera,0.0,0.0204330249506403,0.0254983375152917,0.0072711458752621,0.0124999999999999,0.0085514831043575,0.0378571428571428,0.0678571428571427,0.0329885417682907,8,1.0,1.0,0.25,14,0,2,12,12,2,1,0.8571428571428571,0,0,0,0,0.0476949687792881,0.0964552283041309,0.0473968438332414,V8,0,2025-10,switch_neutro
2025-10-24,Matutino,0.0061660271930907,0.0134588894648484,0.0728633591757373,0.0072711458752621,0.0224999999999999,0.0082923839322516,0.0356435359642849,0.0549999999999999,0.0238354274266606,8,1.0,0.6666666666666666,0.25,10,0,3,8,2,3,1,0.8,0,0,0,0,0.0521108347598863,0.0490898599979374,0.0472698470151187,V7,0,2025-10,sin_switch
2025-10-24,Vespertino,0.0916840350607506,0.1079026393850766,0.0663957038518819,0.0072711458752621,0.0239378125419288,0.0095978888164999,0.0,0.0193092975357145,0.0280304159290231,8,1.0,0.5,0.25,5,0,4,4,3,4,2,0.4,0,0,0,0,0.0222808494153238,0.0536322389468157,0.0,V8,0,2025-10,switch_neutro
2025-10-24,Nocturno,0.0,0.0223846315174167,0.0389065527684303,0.0072711458752621,0.0267513239641036,0.010289447338009,0.0,0.0119755244755245,0.0149190900469183,8,1.0,0.4,0.25,13,1,4,13,3,4,2,0.4615384615384615,0,0,0,0,0.0487270494526286,0.0535157374445943,0.077618053945107,V7,0,2025-10,sin_switch
2025-10-25,Previa,0.0,0.2116406777378046,0.1036823338548864,0.0,0.0,0.0,0.0,0.0,0.0,2,1.0,1.0,0.0,2,0,1,0,2,1,1,1.0,0,0,0,0,0.0,0.0277069951252776,0.0277069951252776,V7,0,2025-10,sin_switch
2025-10-25,Primera,0.0,0.1853907523981952,0.0881439249849956,0.0,0.0142513239641036,0.0081999364251501,0.0,0.0303502647928207,0.0121401059171283,8,1.0,1.0,0.0,8,1,1,8,8,2,2,1.0,0,0,0,0,0.1073380436029332,0.04844074661857,0.0234411128741954,V7,0,2025-10,sin_switch
2025-10-25,Matutino,0.0,0.0188001451698287,0.0737609480516487,0.0,0.0142513239641036,0.0081999364251501,0.0,0.0902124374916141,0.0443952266379391,8,1.0,0.6666666666666666,0.0,6,0,3,5,5,3,2,0.1666666666666666,0,0,0,0,0.0,0.0227537025824558,0.0212289232681964,V7,0,2025-10,sin_switch
2025-10-25,Vespertino,0.0,0.0,0.0246685612942212,0.0,0.0142513239641036,0.00819993642515,0.0,0.0490968600441003,0.034302276171715,8,1.0,0.5,0.0,5,0,4,4,3,4,2,0.4,0,0,0,0,0.0,0.0735753063132111,0.0,V8,0,2025-10,switch_neutro
2025-10-25,Nocturno,0.0,0.0089257420525683,0.0516021098063642,0.0,0.0157978116426765,0.0103949213774299,0.0,0.0359242424242424,0.0397206585576503,5,0.8,0.8,0.2,9,0,5,8,5,4,2,0.1111111111111111,0,0,0,0,0.0576225136413746,0.0264035739793154,0.0557349315833411,V7,0,2025-10,sin_switch
2025-10-27,Primera,0.0,0.0089257420525683,0.0078077525535329,0.0,0.0101557006787506,0.0073869986255844,0.0,0.0620311401357501,0.0394179699492512,4,0.0,0.5,0.0,4,1,1,4,4,1,1,0.0,0,0,0,0,0.0,0.0135346552605414,0.0135346552605414,V7,0,2025-10,sin_switch
2025-10-27,Matutino,0.0,0.0830132169592143,0.0386485225973797,0.0,0.0017823201785757,0.0056092780516026,0.0,0.0019542291750525,0.0138582185934745,7,0.0,0.6666666666666666,0.1428571428571428,10,2,1,10,10,2,2,0.0,0,0,0,0,0.0432866722074641,0.0425295519149478,0.0,V7,0,2025-10,sin_switch
2025-10-27,Vespertino,0.0,0.0830132169592143,0.040668004691406,0.0,0.00125,0.0027237066216797,0.002,0.0247875625083857,0.012988773082092,8,0.0,0.75,0.125,8,1,3,8,2,3,1,0.0,0,0,0,0,0.0,0.0552401048419195,0.0552401048419195,V8,0,2025-10,switch_neutro
2025-10-27,Nocturno,0.0,0.0525554716266638,0.2469774770371707,0.0,0.025,0.0164741215651035,0.0285721073928564,0.1186907024642854,0.0613149515902731,4,0.0,0.8,0.5,10,1,4,10,8,3,2,0.0,0,0,0,0,0.04851521582344,0.0234477017035862,0.099096142294089,V9,0,2025-10,switch_neutro
2025-10-28,Previa,0.0,0.0,8.881784197001252e-16,0.0153135114221747,0.0254692121009253,0.0080334974994188,0.0030627022844349,0.037593842420185,0.0163111722917175,6,1.0,1.0,0.0,6,0,1,0,6,1,1,1.0,0,0,0,0,0.0722537899929932,0.0,0.0,V7,0,2025-10,sin_switch
2025-10-28,Primera,0.0,0.010052577131236,0.0148826990813687,0.0166666666666667,0.0236823664461649,0.0077782462315071,0.0872875625083858,0.0997875625083859,0.0365764067780488,6,1.0,1.0,0.3333333333333333,8,0,2,6,6,2,1,0.75,0,0,0,0,0.1202815302991825,0.0237148614818534,0.0237148614818534,V7,0,2025-10,sin_switch
2025-10-28,Matutino,0.0,0.2897653437465939,0.1312510429736573,0.0166666666666667,0.0236823664461649,0.0077782462315071,0.0,0.1323502647928206,0.0614235565142309,6,1.0,0.6666666666666666,0.3333333333333333,10,0,3,9,6,3,1,0.1,0,0,0,0,0.0479569031278562,0.0249384796522656,0.0,V7,0,2025-10,sin_switch
2025-10-28,Vespertino,0.0,0.0,0.0,0.0166666666666667,0.0194801780888415,0.0069420676492737,0.0,0.0574999999999999,0.0271590126185986,6,1.0,0.5,0.3333333333333333,8,0,4,7,7,3,2,0.125,0,0,0,0,0.0473450618488544,0.0447779360985098,0.0471147481506364,V7,0,2025-10,sin_switch
2025-10-28,Nocturno,0.0,0.0085304226127123,0.0077112788863507,0.0166666666666667,0.0236823664461649,0.0077782462315071,0.0,0.0614768692976183,0.0272586047656245,6,1.0,0.4,0.3333333333333333,9,0,5,8,7,3,1,0.1111111111111111,0,0,0,0,0.0,0.0,0.0729110936081664,V9,0,2025-10,switch_neutro
2025-10-29,Previa,0.0,0.0,8.881784197001252e-16,0.0,0.0101557006787506,0.0049752569286751,0.0,0.03453114013575,0.0169167347138256,4,1.0,1.0,0.0,4,0,1,0,4,1,1,1.0,0,0,0,0,0.0,0.0,0.0,V7,0,2025-10,sin_switch
2025-10-29,Primera,0.0860318530416535,0.0949575950942218,0.1085262984696516,0.0,0.0,1.1102230246251563e-16,0.0,0.0549999999999999,0.0329660931398744,14,1.0,1.0,0.0,14,0,2,12,12,2,1,1.0,0,0,0,0,0.0,0.0759084917224941,0.0221551578477487,V8,0,2025-10,switch_neutro
2025-10-29,Matutino,0.0,0.0,0.0074322981982761,0.0,0.01375,0.0193003390234408,0.0,0.0235,0.0359630182083995,10,0.9,1.0,0.0,10,0,3,7,2,3,1,0.8,0,0,0,0,0.0,0.0258954617679825,0.04960176246032,V9,0,2025-10,switch_neutro
2025-10-29,Vespertino,0.0162186043243259,0.0540862411911389,0.0338729145374191,0.0,0.0593220027182581,0.0261616659896934,0.0,0.0645454545454545,0.0328657122442571,7,0.8571428571428571,1.0,0.1428571428571428,11,0,4,10,6,4,2,0.4545454545454545,0,0,0,0,0.0251179187901799,0.0250204401683549,0.0530954983253605,V7,0,2025-10,sin_switch
2025-10-29,Nocturno,0.0,0.011507282898072,0.0703118717466286,0.0,0.05,0.025298221281347,0.0,0.0183181818181819,0.0083053429020023,11,0.8181818181818182,1.0,0.0,10,0,5,9,2,5,2,0.7,0,0,0,0,0.027427487816193,0.0425433395672594,0.0455885665162455,V7,0,2025-10,sin_switch
2025-10-30,Previa,0.0,0.0,0.0056373942852263,0.0,0.0,0.0052371901428582,0.0,0.0,0.0140474380285716,3,1.0,1.0,0.0,3,0,1,0,3,1,1,1.0,0,0,0,0,0.0,0.0,0.0,V7,0,2025-10,sin_switch
2025-10-30,Primera,0.0830132169592143,0.3606388078101821,0.1273335505728499,0.0184535123214272,0.0184535123214272,0.0086335687456325,0.0,0.0445968600441003,0.0297776677282846,2,1.0,1.0,1.0,5,0,2,3,3,2,1,0.8,0,0,0,0,0.045914422791752,0.0510643776748841,0.0446106128022423,V7,0,2025-10,sin_switch
2025-10-30,Matutino,0.0039983855902585,0.0202169899145845,0.043594535915773,0.0184535123214272,0.0184535123214272,0.0086335687456325,0.0,0.073062702284435,0.0321202281016371,2,1.0,0.6666666666666666,1.0,6,0,3,5,3,3,1,0.3333333333333333,0,0,0,0,0.0288302091976061,0.0259847482539198,0.0537606384950249,V7,0,2025-10,sin_switch
2025-10-30,Vespertino,0.0,0.5666667831277623,0.2436933517818609,0.0184535123214271,0.0184535123214271,0.0086335687456325,0.0,0.0815,0.0501743268022226,2,1.0,0.5,1.0,10,0,4,8,8,3,2,0.2,0,0,0,0,0.0,0.0268166619623184,0.0,V7,0,2025-10,sin_switch
2025-10-30,Nocturno,0.0,0.0720607259961987,0.0467300040390554,0.0,0.0065464876785727,0.0133203448802179,0.0,0.1006818181818182,0.0456227892248005,1,1.0,0.4,1.0,10,0,5,8,8,3,2,0.2,0,0,0,1,0.0701933138630907,0.0,0.0699289480351745,V7,0,2025-10,sin_switch
2025-10-31,Previa,0.0,0.0,8.881784197001252e-16,0.0,0.0101557006787506,0.0073869986255844,0.0,0.03453114013575,0.0220256502206202,4,1.0,1.0,0.0,4,0,1,0,4,1,1,1.0,0,0,0,0,0.0,0.0,0.0,V7,0,2025-10,sin_switch
2025-10-31,Primera,0.0,0.0061660271930907,0.0051032011694824,0.0,0.0142513239641036,0.0071723334799628,0.0,0.0464285714285713,0.0485804707356391,8,1.0,1.0,0.0,14,0,2,11,11,2,1,0.9285714285714286,0,0,0,1,0.0,0.0471262816729141,0.0,V8,0,2025-10,switch_neutro
2025-10-31,Matutino,0.0,0.0,0.0080596518514479,0.0,0.0433333333333334,0.0187071749286309,0.0,0.0711907024642853,0.0412060947625373,15,0.8666666666666667,1.0,0.1333333333333333,15,0,3,12,1,3,1,0.8666666666666667,0,0,0,0,0.0230872736246102,0.0,0.0247344528169886,V7,0,2025-10,sin_switch
2025-10-31,Vespertino,0.0,0.1178953583789219,0.0596457077541001,0.0,0.0197711458752621,0.0112089248590952,0.0,0.0480011694012437,0.0385015558631651,15,0.8666666666666667,0.75,0.1333333333333333,7,0,4,6,4,4,1,0.2857142857142857,0,0,0,0,0.0,0.0471236092175145,0.0,V8,0,2025-10,switch_neutro
2025-10-31,Nocturno,0.0,0.0089257420525683,0.0075326691721207,0.0,0.0114378125419288,0.0077801995751425,0.0,0.0654292502499992,0.0259990006027587,8,1.0,0.4,0.0,8,0,5,7,1,5,1,0.25,0,0,0,0,0.0241602109649902,0.0525349286009883,0.0470144320722392,V7,0,2025-10,sin_switch
2025-11-01,Previa,0.0,0.2116406777378046,0.1036823338548864,0.0,0.0,0.0,0.0,0.0,0.0,2,1.0,1.0,0.0,2,0,1,0,2,1,1,1.0,0,1,0,0,0.0,0.0277069951252776,0.0277069951252776,V7,1,2025-11,sin_switch
2025-11-01,Primera,0.0,0.0916587495165188,0.0684433591113616,0.0,0.0042021883573234,0.0040339827185571,0.0,0.0599999999999999,0.0243421606052983,4,1.0,1.0,0.25,4,0,2,3,3,2,1,1.0,0,0,0,0,0.0242998696494744,0.0212135700988428,0.0,V7,0,2025-11,sin_switch
2025-11-01,Matutino,0.0,0.4550566677370167,0.2278177328950545,0.0,0.0059890340120838,0.00409296563422,0.0,0.0359999999999999,0.0201525338136667,4,1.0,0.6666666666666666,0.25,5,0,3,4,4,3,2,0.2,0,0,0,0,0.0,0.0,0.0,V7,0,2025-11,sin_switch
2025-11-01,Vespertino,0.0,0.0,0.0249019289086102,0.0,0.0107486760358962,0.0042446823888548,0.0,0.0475000000000001,0.0646255005182591,4,1.0,0.5,0.25,8,0,4,6,3,4,1,0.5,0,0,0,0,0.0230001888861486,0.0254903443329534,0.0263315441267666,V7,0,2025-11,sin_switch
2025-11-01,Nocturno,0.0,0.1331378362787321,0.0957577595562457,0.0,0.0107486760358962,0.0042446823888548,0.0,0.0751197264404753,0.0531237242264976,4,1.0,0.4,0.25,9,0,5,7,1,5,1,0.4444444444444444,0,0,0,0,0.0494246976303606,0.052826213031715,0.0245264844043035,V7,0,2025-11,sin_switch
2025-11-03,Primera,0.0,0.0,0.1036823338548865,0.0,0.0,0.0064142217679682,0.0,0.0,0.0306767212669917,3,0.0,0.5,0.0,3,1,1,3,3,1,1,0.0,0,0,0,0,0.0,0.0175043589741245,0.0175043589741245,V7,0,2025-11,sin_switch
2025-11-03,Matutino,0.0,0.2703327285792101,0.1377069575641879,0.0,0.00625,0.0113409582415371,0.0,0.0553333333333332,0.0635564092145314,8,0.0,0.6666666666666666,0.125,8,1,2,8,5,2,1,0.0,0,0,0,0,0.0233093324800956,0.0224278189798156,0.0,V7,0,2025-11,sin_switch
2025-11-03,Vespertino,0.0,0.1064648779922938,0.1714077054113834,0.0069444444444444,0.0125,0.0078868470679376,0.0,0.0097124374916142,0.025060316317513,8,0.0,0.75,0.25,6,1,3,6,4,3,1,0.0,0,0,0,0,0.0,0.0291713848895976,0.0291713848895976,V7,0,2025-11,sin_switch
2025-11-03,Nocturno,0.0,0.1169192319544061,0.0472118055418624,0.0,0.0132201327205046,0.0080733629894879,0.0,0.0159278926071435,0.0063711570428574,7,0.0,0.8,0.1428571428571428,7,1,4,7,1,4,1,0.0,0,0,0,0,0.0,0.0394892713577946,0.0394892713577946,V8,0,2025-11,switch_neutro
2025-11-04,Previa,0.0,0.0089257420525683,0.0081352897378621,0.0,0.0114378125419288,0.0104432856260432,0.0,0.0022875625083857,0.0020886571252086,14,1.0,1.0,0.0,14,0,1,0,14,1,1,1.0,0,0,0,0,0.0204375256242776,0.0195428888542047,0.0,V7,0,2025-11,sin_switch
2025-11-04,Primera,0.1941788672788389,0.1941788672788389,0.1694835518875573,0.0052288541247377,0.0105893910890192,0.0091518728528964,0.015,0.0499999999999999,0.0351198746167037,6,1.0,1.0,0.3333333333333333,18,0,2,4,4,2,1,1.0,0,0,0,0,0.0974189671744171,0.0491900140491081,0.0240134413363063,V7,0,2025-11,sin_switch
2025-11-04,Matutino,0.3940955386575453,0.4030212807101136,0.1582743669367537,0.0052288541247377,0.0105893910890192,0.0091518728528964,0.0,0.0589999999999999,0.023630728808832,6,1.0,0.6666666666666666,0.3333333333333333,10,1,2,10,2,3,1,0.7,0,0,0,0,0.0464340480122067,0.0728152177072436,0.0,V7,0,2025-11,sin_switch
2025-11-04,Vespertino,0.0,0.0046145507324517,0.0018458202929807,0.0052288541247378,0.0105893910890192,0.0091518728528964,0.0,0.0324999999999999,0.0181803587742239,6,1.0,0.5,0.3333333333333333,6,1,3,6,4,4,2,0.3333333333333333,0,0,0,0,0.0336088916920212,0.0575678758672338,0.0271932471951682,V7,0,2025-11,sin_switch
2025-11-04,Nocturno,0.0,0.0,0.0525057238083673,0.0052288541247378,0.0105893910890192,0.0091518728528964,0.0,0.0045959169166659,0.0111843457397287,6,1.0,0.4,0.3333333333333333,9,1,4,9,1,5,1,0.5555555555555556,0,0,0,1,0.0228198414483046,0.0747463900374538,0.0720114053697957,V8,0,2025-11,switch_neutro
2025-11-05,Previa,0.0,0.1964570698923848,0.1176928569856192,0.0114378125419288,0.0184535123214271,0.0079985635318431,0.0022875625083857,0.0036907024642854,0.0015997127063686,8,1.0,1.0,0.0,8,0,1,0,8,1,1,1.0,0,0,0,0,0.0695646383773396,0.0215957168622082,0.0215957168622082,V7,0,2025-11,sin_switch
2025-11-05,Primera,0.0,0.09277465329939,0.0948369044684149,0.0,0.0132201327205045,0.0058042440926589,0.0,0.0474999999999998,0.0350209919887168,7,1.0,1.0,0.1428571428571428,6,0,2,5,5,2,1,1.0,0,0,0,0,0.0545060898179327,0.0695986886860842,0.0408635094568262,V7,0,2025-11,sin_switch
2025-11-05,Matutino,0.0,0.0,0.2413457572120538,0.0,0.0132201327205045,0.0065904383662898,0.0,0.0438328807857147,0.0284625891357533,7,1.0,0.6666666666666666,0.1428571428571428,7,0,3,5,2,3,1,0.7142857142857143,0,0,0,0,0.0240928376241124,0.0460237875597652,0.0,V7,0,2025-11,sin_switch
2025-11-05,Vespertino,0.0,0.010052577131236,0.007770327755629,0.0,0.0714285714285712,0.0359384384558858,0.0250000000000001,0.0307149645357136,0.0250698620948173,7,0.8571428571428571,1.0,0.1428571428571428,12,0,4,6,2,4,2,0.8333333333333334,0,0,0,0,0.02202265603611,0.0208605987663625,0.0496393399916787,V7,0,2025-11,sin_switch
2025-11-05,Nocturno,0.0,0.0204330249506403,0.0534292133866808,0.0,0.02143196553571,0.0237094272000645,0.0,0.0172142857142857,0.0282133612081727,8,0.875,0.8,0.125,7,0,5,5,1,5,2,0.5714285714285714,0,0,0,0,0.0252484415363403,0.0532566965053525,0.022804434238736,V7,0,2025-11,sin_switch
2025-11-06,Previa,0.0,0.0,0.0081093021621629,0.0,0.0101557006787506,0.0073869986255844,0.0,0.03453114013575,0.0220256502206202,4,1.0,1.0,0.0,4,0,1,0,4,1,1,1.0,0,0,0,0,0.0,0.0,0.0,V7,0,2025-11,sin_switch
2025-11-06,Primera,0.0,0.4071195137564238,0.218835429179821,0.0184535123214272,0.0184535123214272,0.0055360536964281,0.0020311401357501,0.0583404376714647,0.0268132732573501,2,1.0,1.0,1.0,4,0,2,2,2,2,1,1.0,0,0,0,0,0.0230759320377149,0.0474970782778286,0.0455473596625644,V7,0,2025-11,sin_switch
2025-11-06,Matutino,0.0,0.2756616440585482,0.1284409618422517,0.0184535123214272,0.0184535123214272,0.0056209176885382,0.0,0.1168092975357144,0.0691935530672651,2,1.0,0.6666666666666666,1.0,5,0,3,4,3,3,1,0.4,0,0,0,0,0.0,0.0,0.0463143773333119,V9,0,2025-11,switch_neutro
2025-11-06,Vespertino,0.3837014904094502,0.401288822675407,0.1199150991921373,0.0184535123214271,0.0184535123214271,0.0056209176885382,0.0,0.0796907024642855,0.0421951841884041,2,1.0,0.5,1.0,8,1,3,8,4,4,2,0.25,0,0,0,0,0.0,0.0262148442118938,0.0251955110800835,V7,0,2025-11,sin_switch
2025-11-06,Nocturno,0.0,0.011507282898072,0.040753802208052,0.0184535123214271,0.0184535123214271,0.0056209176885382,0.0,0.1976666666666666,0.0823580392143795,2,1.0,0.4,1.0,9,0,5,8,4,5,2,0.2222222222222222,0,0,0,0,0.0234967328179053,0.0,0.0493145446979023,V7,0,2025-11,sin_switch
2025-11-07,Previa,0.0,0.1964570698923848,0.0789846479735363,0.0070156997794982,0.0070156997794982,0.0068263576004671,0.0014031399558996,0.0014031399558996,0.0107291311231054,6,1.0,1.0,0.0,6,0,1,0,6,1,1,1.0,0,0,0,0,0.0254873871445455,0.0,0.0,V7,0,2025-11,sin_switch
2025-11-07,Primera,0.0,0.0830132169592143,0.0394443391497898,0.0,0.0062967785095581,0.0038753710458711,0.0,0.0835721073928563,0.0580003795673126,11,1.0,1.0,0.0909090909090909,11,0,2,8,8,2,1,1.0,0,0,0,0,0.0445146784176424,0.0233873261680382,0.0,V7,0,2025-11,sin_switch
2025-11-07,Matutino,0.0,0.0,0.0802026052001078,0.0,0.0062967785095581,0.0038753710458711,0.0,0.1461907024642854,0.0764022907531138,11,1.0,0.6666666666666666,0.0909090909090909,10,0,3,9,6,3,1,0.4,0,0,0,0,0.0,0.0,0.0,V7,0,2025-11,sin_switch
2025-11-07,Vespertino,0.0,0.104281936197462,0.0486331935519086,0.0,0.0062967785095581,0.0038753710458711,0.0,0.0328092975357146,0.0327902006782784,11,1.0,0.5,0.0909090909090909,5,0,4,4,3,4,2,0.4,0,0,0,0,0.0215716169255418,0.0778385885713243,0.0,V8,0,2025-11,switch_neutro
2025-11-07,Nocturno,0.0672211587728996,0.338769929339926,0.2033599130105428,0.0,0.0062967785095581,0.0038753710458711,0.0,0.0969090909090909,0.0493121915088445,11,1.0,0.4,0.0909090909090909,11,1,4,11,10,4,2,0.0909090909090909,0,0,1,0,0.0236428815585487,0.0475114006886354,0.0251821442466072,V7,0,2025-11,sin_switch
2025-11-08,Previa,0.0,0.0134588894648484,0.0102199077783959,0.0,0.0153135114221747,0.0075660890296032,0.0,0.0030627022844349,0.010741203001487,6,1.0,1.0,0.0,6,0,1,0,6,1,1,1.0,0,0,0,0,0.0247318918619198,0.0,0.0,V7,0,2025-11,sin_switch
2025-11-08,Primera,0.0,0.0134588894648484,0.0082823630727788,0.0,0.0,0.0032071108839841,0.0,0.0,0.0008124560543,1,1.0,1.0,1.0,4,0,2,2,2,2,1,1.0,0,1,0,0,0.0,0.023804975658799,0.0482805042520192,V9,0,2025-11,switch_perdedor
2025-11-08,Matutino,0.0,0.0204330249506403,0.0146694440160958,0.0,0.0,0.0032071108839841,0.0,0.0292875625083857,0.0215409332530744,1,1.0,0.6666666666666666,1.0,10,1,2,10,6,3,1,0.1,0,0,0,0,0.0487853440642424,0.0231378523830716,0.0267411784481914,V7,0,2025-11,sin_switch
2025-11-08,Vespertino,0.0,0.0204330249506403,0.0185482716072208,0.0,0.0042021883573234,0.0034471942229763,0.0422727272727272,0.0483333333333333,0.023560031523978,4,0.75,1.0,0.0,8,0,4,6,4,3,1,0.25,0,0,0,0,0.0,0.0497758655093186,0.0539051175010282,V9,0,2025-11,switch_neutro
2025-11-08,Nocturno,0.0,0.0884215054813344,0.0758092872601233,0.0,0.0,0.0032071108839841,0.0,0.035,0.0374092025871228,1,1.0,0.4,1.0,16,1,4,16,5,5,1,0.1875,0,0,0,0,0.0219198266552429,0.0250847653982823,0.0235915060349565,V7,0,2025-11,sin_switch
2025-11-10,Primera,0.0,0.0,0.0936722368487612,0.0,0.0,2.775557561562892e-17,0.0,0.0,0.0,4,0.0,0.5,0.0,4,1,1,4,4,1,1,0.0,0,0,0,0,0.0,0.0194552252883281,0.0194552252883281,V7,0,2025-11,sin_switch
2025-11-10,Matutino,0.0,0.0162186043243259,0.0147239258222185,0.0089285714285714,0.0125,0.0037838607322173,0.0,0.0285721073928563,0.0247484691894455,8,0.0,0.6666666666666666,0.25,9,1,2,9,7,2,1,0.0,0,0,0,0,0.0433031195120487,0.0777621938038904,0.0255014864728499,V8,0,2025-11,switch_neutro
2025-11-10,Vespertino,0.0,0.2284294723613076,0.0918592974501298,0.0,0.00125,0.0011275708287273,0.0,0.065,0.0266334352967049,8,0.0,0.75,0.125,10,1,3,10,4,3,1,0.0,0,0,0,0,0.0,0.0692929803839292,0.0268432078780553,V8,0,2025-11,switch_neutro
2025-11-10,Nocturno,0.0,0.1121917619151009,0.0641796314254738,0.0,0.0033696217658773,0.0029850512154452,0.0,0.025,0.0126853731233102,7,0.0,0.8,0.2857142857142857,10,2,3,10,4,4,2,0.0,0,0,0,0,0.0,0.0229720708219479,0.0229720708219479,V7,0,2025-11,sin_switch
2025-11-11,Previa,0.0,0.0224764701171764,0.0111379644131919,0.0,0.0053605369642814,0.0138964628160096,0.0,0.0010721073928563,0.0115819441384983,18,1.0,1.0,0.0,18,0,1,0,18,1,1,1.0,0,0,0,0,0.0205249766501125,0.0435949194731968,0.0,V7,0,2025-11,sin_switch
2025-11-11,Primera,0.0,0.0601630958710508,0.0563218886039423,0.0008928571428571,0.0071428571428571,0.0034253775744207,0.0,0.0549999999999999,0.0446651346055333,14,1.0,1.0,0.1428571428571428,18,0,2,11,11,2,1,1.0,0,0,0,0,0.0,0.0491166452033556,0.0,V8,0,2025-11,switch_neutro
2025-11-11,Matutino,0.0,0.0061660271930907,0.0332571012552184,0.0,0.0217891083928529,0.0185665243240877,0.0,0.1977625835833324,0.0955635834747413,20,0.9,1.0,0.0,20,0,3,13,2,3,1,0.9,0,0,0,0,0.0220996960016468,0.0,0.0,V7,0,2025-11,sin_switch
2025-11-11,Vespertino,0.0,0.0863861879300511,0.0405126321892159,0.0,0.0199999999999999,0.0086037880854723,0.0,0.0883333333333334,0.049315684956909,20,0.9,0.75,0.0,9,1,3,9,7,4,2,0.1111111111111111,0,0,0,0,0.0,0.026363219505046,0.0243871403787906,V7,0,2025-11,sin_switch
2025-11-11,Nocturno,0.0,0.0,0.0733387943499282,0.0012499999999999,0.0062499999999999,0.0034965349261773,0.0,0.0520000000000001,0.0227378539004894,16,1.0,0.4,0.125,8,1,4,8,4,4,1,0.0,0,0,0,0,0.0232228856441659,0.0784517480509153,0.0227195537744725,V8,0,2025-11,switch_neutro
2025-11-12,Previa,0.0,0.0052494171052206,0.0020997668420882,0.0,0.0,0.0159203312298939,0.0,0.0,0.0155561627869659,10,1.0,1.0,0.0,10,0,1,0,10,1,1,1.0,0,0,0,0,0.0255797120421738,0.0,0.0,V7,0,2025-11,sin_switch
2025-11-12,Primera,0.0,0.0162186043243259,0.1396317188017057,0.0,0.0033333333333332,0.0079511442228737,0.0825,0.0825,0.0820525782508009,15,1.0,1.0,0.0666666666666666,18,0,2,8,8,2,1,1.0,0,0,0,0,0.0493666668131419,0.0342947950883559,0.0342947950883559,V7,0,2025-11,sin_switch
2025-11-12,Matutino,0.0,0.1099226276609535,0.0491331961611796,0.018095238095238,0.0214285714285713,0.0112568232884451,0.0126447053655286,0.0620478453214282,0.0460338683701757,14,0.8571428571428571,1.0,0.0,14,0,3,4,2,3,1,0.8571428571428571,0,0,0,0,0.04737218098624,0.024756338166532,0.024756338166532,V7,0,2025-11,sin_switch
2025-11-12,Vespertino,0.0,0.0204330249506403,0.036136307330689,0.0,0.0900560224089637,0.039796666433014,0.0124675324675325,0.0847994652406417,0.0364843464085428,17,0.8823529411764706,1.0,0.0,22,0,4,12,4,4,2,0.8181818181818182,0,0,0,0,0.0226141143665488,0.0212972350546917,0.0504100088843216,V7,0,2025-11,sin_switch
2025-11-12,Nocturno,0.0,0.0584031986856841,0.027596882492261,0.0,0.0695454416111625,0.0292879757356498,0.0,0.0707272727272727,0.0332279155507682,17,0.8823529411764706,0.8,0.0,11,1,4,11,9,4,2,0.0909090909090909,0,0,0,0,0.023609899724755,0.0,0.0265438637369134,V7,0,2025-11,sin_switch
2025-11-13,Previa,0.0,0.0,0.0980449395696601,0.0,0.0254692121009253,0.0101876848403701,0.0,0.037593842420185,0.015037536968074,6,1.0,1.0,0.0,6,0,1,0,6,1,1,1.0,0,0,0,0,0.0223278317583085,0.0,0.0,V7,0,2025-11,sin_switch
2025-11-13,Primera,0.0,0.0,0.0,0.0,0.0130929753571457,0.0050844833191031,0.0,0.1242781573999642,0.0519818894289817,7,1.0,1.0,0.0,7,0,2,4,4,2,1,1.0,0,0,0,0,0.0453135134979684,0.0273729945948823,0.0273729945948823,V7,0,2025-11,sin_switch
2025-11-13,Matutino,0.0119107404489016,0.0135889466756982,0.0046997322940239,0.0,0.0497035123214271,0.0195291198518687,0.0,0.0733333333333332,0.0508437052622614,8,0.875,1.0,0.0,8,0,3,5,1,3,1,0.875,0,0,0,0,0.0219655187884988,0.0477437739187667,0.0689506972129526,V9,0,2025-11,switch_neutro
2025-11-13,Vespertino,0.0,0.0089257420525683,0.0075326691721207,0.0,0.0420291017418814,0.0218652309742971,0.0,0.121183598126154,0.0530379356305111,9,0.7777777777777778,1.0,0.0,9,0,4,6,1,4,1,0.7777777777777778,0,0,0,0,0.0228013292800196,0.0510290922236097,0.0736043290700474,V9,0,2025-11,switch_neutro
2025-11-13,Nocturno,0.0,0.0,8.881784197001252e-16,0.0,0.0120291017418814,0.0078721280542868,0.0,0.0799999999999998,0.0417129968132681,9,0.7777777777777778,0.8,0.0,6,0,5,5,4,4,2,0.1666666666666666,0,0,0,0,0.0212738326694109,0.0275123448583346,0.0212738326694109,V7,0,2025-11,sin_switch
2025-11-14,Previa,0.0,0.0,8.881784197001252e-16,0.0,0.0153135114221747,0.0075660890296032,0.0,0.0030627022844349,0.010741203001487,6,1.0,1.0,0.0,6,0,1,0,6,1,1,1.0,0,0,0,0,0.0248992148049396,0.0,0.0,V7,0,2025-11,sin_switch
2025-11-14,Primera,0.0,0.0162186043243259,0.0475015779481088,0.0,0.0099059915097359,0.0050893150613048,0.0,0.0285721073928564,0.0502791361588166,11,1.0,1.0,0.0909090909090909,11,0,2,6,6,2,1,1.0,0,0,1,1,0.0231957824369513,0.0265540020633721,0.0,V7,0,2025-11,sin_switch
2025-11-14,Matutino,0.0,0.0969277913523631,0.0514100229838438,0.0,0.0099059915097359,0.0050893150613048,0.0,0.0576185950714291,0.0295557644255467,11,1.0,0.6666666666666666,0.0909090909090909,3,0,3,2,2,3,2,0.3333333333333333,0,0,0,0,0.0,0.074062196986704,0.0,V8,0,2025-11,switch_neutro
2025-11-14,Vespertino,0.0,0.5244942782809892,0.209041840181547,0.0,0.0099059915097359,0.0050893150613048,0.02,0.078,0.0582570346507692,11,1.0,0.5,0.0909090909090909,12,0,4,10,6,4,2,0.5,0,0,0,0,0.0243588075523244,0.0,0.0,V7,0,2025-11,sin_switch
2025-11-14,Nocturno,0.0,0.0,0.007945460986939,0.0,0.0392307692307691,0.0187524473783509,0.0,0.0391666666666666,0.0196553395655869,13,0.8461538461538461,0.8,0.0769230769230769,10,0,5,8,3,4,2,0.7,0,0,0,0,0.0294817728657574,0.0491070563305818,0.0223519208088926,V7,0,2025-11,sin_switch
2025-11-15,Previa,0.0,0.011507282898072,0.0046029131592288,0.0,0.0,0.0065678723238137,0.0,0.0,0.0013135744647627,20,1.0,1.0,0.0,20,0,1,0,20,1,1,1.0,0,0,0,0,0.0421209898583574,0.0466504310974742,0.0,V7,0,2025-11,sin_switch
2025-11-15,Primera,0.0,1.0166844284903125,0.4659033351439773,0.0,0.0084535123214271,0.0052307936672227,0.0,0.0011907024642855,0.0119138715551343,14,1.0,1.0,0.0,14,0,2,2,2,2,1,1.0,0,0,0,0,0.0463031013447751,0.0,0.0,V7,0,2025-11,sin_switch
2025-11-15,Matutino,0.0,0.797011872247988,0.3693465938080275,0.0,0.0084535123214271,0.0052307936672227,0.0,0.0306907024642854,0.024720065681604,14,1.0,0.6666666666666666,0.0,14,1,2,14,12,2,1,0.0,0,0,0,0,0.0831851546839638,0.0772576785372041,0.0545424275838729,V7,0,2025-11,sin_switch
2025-11-15,Vespertino,0.0,1.0510837740898342,0.4756292463332146,0.0,0.0084535123214271,0.0052307936672227,0.0,0.0236363636363636,0.0185751259142868,14,1.0,0.5,0.0,11,1,3,11,7,4,2,0.3636363636363636,0,0,0,0,0.0255985894419637,0.0236099031675232,0.0,V7,0,2025-11,sin_switch
2025-11-15,Nocturno,0.2257586924558783,0.2419772967802043,0.1540274547533126,0.0,0.0084535123214271,0.0052307936672227,0.0,0.0434292502499992,0.0310712460018653,14,1.0,0.4,0.0,15,1,4,15,4,5,1,0.2666666666666666,0,0,0,0,0.0,0.0486204869590534,0.0245764570570766,V8,0,2025-11,switch_neutro
2025-11-17,Primera,0.0,0.0271877915434322,0.0177787531713105,0.0,0.0,0.0160100740683853,0.0,0.0,0.0768970920335413,16,0.0,0.5,0.0,16,1,1,16,16,1,1,0.0,0,0,0,0,0.1103501623759028,0.1063974224698251,0.0538779290415802,V7,0,2025-11,sin_switch
2025-11-17,Matutino,0.0,0.0162186043243259,0.0507637053205687,0.0,0.0038461538461538,0.0019266232883876,0.0,0.0285721073928563,0.020611588053949,13,0.0,0.6666666666666666,0.0769230769230769,13,1,2,13,5,2,1,0.0,0,0,0,0,0.0798592470214265,0.1047360219024827,0.0472556908736352,V7,0,2025-11,sin_switch
2025-11-17,Vespertino,0.0,0.108993257623716,0.0631721936248791,0.0,0.0053605369642814,0.0059591690054867,0.0,0.0161497352071792,0.0121399299284727,10,0.0,0.75,0.0,4,1,3,4,3,3,2,0.0,0,0,0,0,0.0224028961532032,0.0279270878627127,0.0279270878627127,V7,0,2025-11,sin_switch
2025-11-17,Nocturno,0.0,0.0235114665960844,0.2438200311353004,0.0,0.0231765012855365,0.0190246850521655,0.0,0.0469278926071436,0.0350015799906169,7,0.0,0.8,0.2857142857142857,7,2,3,7,3,4,2,0.0,0,0,0,0,0.0,0.0,0.0270982518872065,V7,0,2025-11,sin_switch
2025-11-18,Previa,0.0,0.0204330249506403,0.0083173242720919,0.0,0.0,0.0030467102036251,0.0,0.0,0.010359342040725,4,1.0,1.0,0.0,4,0,1,0,4,1,1,1.0,0,0,0,0,0.0190614366396256,0.0,0.0,V7,0,2025-11,sin_switch
2025-11-18,Primera,0.010052577131236,0.0778493552327255,0.0386817631341521,0.0017513239641037,0.0053605369642815,0.0070140247622475,0.0766435359642848,0.0842875625083857,0.0378521520664507,2,1.0,1.0,1.0,10,0,2,8,8,2,1,0.6,0,0,0,0,0.0870565693611251,0.0,0.0,V7,0,2025-11,sin_switch
2025-11-18,Matutino,0.0,0.0277258872223979,0.0362921739074863,0.0017513239641037,0.0114378125419289,0.0075017235384926,0.0,0.0159999999999999,0.0370911901059149,2,1.0,0.6666666666666666,1.0,10,0,3,9,3,3,1,0.3,0,0,0,0,0.0317768602701272,0.0230097701991533,0.0506887553638344,V7,0,2025-11,sin_switch
2025-11-18,Vespertino,0.0,0.0162186043243259,0.0539848723794204,0.0017513239641036,0.0114378125419288,0.0075017235384926,0.0,0.0155011694012437,0.0339066752936947,2,1.0,0.5,1.0,7,0,4,5,4,3,1,0.2857142857142857,0,0,0,0,0.0259920465301854,0.0244924607709119,0.074825817168663,V9,0,2025-11,switch_neutro
2025-11-18,Nocturno,0.0,0.0324372086486528,0.0163054828188114,0.0017513239641036,0.0084535123214271,0.0067764401133593,0.0,0.0726907024642854,0.0327173913441571,2,1.0,0.4,1.0,8,0,5,7,3,4,1,0.125,0,0,0,0,0.0224089746645649,0.0206333105667881,0.0821870375767847,V9,0,2025-11,switch_neutro
2025-11-19,Previa,0.0,0.2116406777378046,0.1036823338548864,0.0,0.0130929753571457,0.0052371901428582,0.0,0.0351185950714292,0.0140474380285716,3,1.0,1.0,0.0,3,0,1,0,3,1,1,1.0,0,0,0,0,0.0,0.0,0.0,V7,0,2025-11,sin_switch
2025-11-19,Primera,0.010052577131236,0.0765412695358218,0.1397899426604732,0.0,0.011146844755508,0.0055641724284622,0.0,0.0096497352071792,0.0256173121732876,6,1.0,1.0,0.1666666666666666,4,0,2,3,3,2,1,1.0,0,0,0,0,0.0520785185039009,0.0475606002600197,0.0230496468233261,V7,0,2025-11,sin_switch
2025-11-19,Matutino,0.0,0.0366516292749663,0.0184568273916893,0.0,0.0374622155712507,0.0171401233052308,0.0472875625083858,0.0996969696969697,0.0355352401975792,7,0.8571428571428571,1.0,0.1428571428571428,8,0,3,6,6,3,2,0.25,0,0,0,1,0.0486514965393729,0.051760233461031,0.028148345090357,V7,0,2025-11,sin_switch
2025-11-19,Vespertino,0.0162186043243259,0.0162186043243259,0.0276552620179685,0.0,0.0124622155712507,0.007785286266577,0.0,0.0789210145428214,0.0420322107845299,7,0.8571428571428571,0.75,0.1428571428571428,7,0,4,6,6,3,2,0.1428571428571428,0,0,0,0,0.0249584318488869,0.0235004504585489,0.0249584318488869,V7,0,2025-11,sin_switch
2025-11-19,Nocturno,0.0,0.0162186043243259,0.014915481944182,0.0,0.0025377844287491,0.0040873947023713,0.0489999999999999,0.0562875625083858,0.0380184209861516,4,1.0,0.4,0.25,10,0,5,8,2,4,1,0.2,0,0,0,0,0.0237243469016154,0.0502994599153083,0.0267878801034018,V7,0,2025-11,sin_switch
2025-11-20,Previa,0.0,0.0,8.881784197001252e-16,0.0,0.0,0.0,0.0,0.0,0.0,2,1.0,1.0,0.0,2,0,1,0,2,1,1,1.0,0,0,0,0,0.0,0.0285689383382658,0.0285689383382658,V7,0,2025-11,sin_switch
2025-11-20,Primera,0.0,0.0,0.0081093021621629,0.0,0.0,1.1102230246251563e-16,0.0,0.0616595623285352,0.0303126646274521,5,1.0,1.0,0.0,5,0,2,3,3,2,1,1.0,0,0,0,0,0.0,0.0226492435200522,0.0226492435200522,V7,0,2025-11,sin_switch
2025-11-20,Matutino,0.0,0.5228179191235718,0.2255771688628774,0.0,0.0,0.0026185950714291,0.0,0.041142630869048,0.0247132373056444,5,1.0,0.6666666666666666,0.0,3,0,3,2,1,3,1,0.6666666666666666,0,0,0,0,0.0249243888525849,0.0221683147757817,0.0,V7,0,2025-11,sin_switch
2025-11-20,Vespertino,0.0,0.011507282898072,0.0046029131592288,0.0,0.0,0.0032071108839841,0.0,0.0653502647928206,0.033885837059886,5,1.0,0.5,0.0,8,1,3,8,4,4,1,0.125,0,0,0,0,0.0202919507196933,0.0901241617615967,0.0255463417854485,V8,0,2025-11,switch_neutro
2025-11-20,Nocturno,0.0,0.0,0.0482915460400627,0.0,0.0,0.0032071108839841,0.0,0.0132875625083858,0.0127387455532036,5,1.0,0.4,0.0,12,1,4,12,8,4,1,0.0,0,0,0,1,0.0,0.0458114215869913,0.0449161867060802,V8,0,2025-11,switch_neutro
2025-11-21,Previa,0.0,0.0,8.881784197001252e-16,0.0,0.0,0.0,0.0,0.0,0.0,2,1.0,1.0,0.0,2,0,1,0,2,1,1,1.0,0,0,0,0,0.0,0.0285689383382658,0.0285689383382658,V7,0,2025-11,sin_switch
2025-11-21,Primera,0.0,0.0317744811735476,0.1513032609588115,0.0,0.0084535123214271,0.004980145617988,0.0,0.1322875625083857,0.0573825042681443,10,1.0,1.0,0.0,10,0,2,8,8,2,1,1.0,0,0,0,0,0.0494366668360546,0.0236651496419753,0.0,V7,0,2025-11,sin_switch
2025-11-21,Matutino,0.0,0.0383109867415196,0.0296080372046795,0.0,0.0084535123214271,0.004980145617988,0.0,0.0520311401357501,0.0300706158185543,10,1.0,0.6666666666666666,0.0,4,0,3,3,3,3,2,0.25,0,0,0,1,0.0216260008495388,0.0744025442696071,0.0,V8,0,2025-11,switch_neutro
2025-11-21,Vespertino,0.0,0.1996348660853071,0.0836187142651505,0.0,0.0215464876785728,0.0120718311228499,0.0,0.0375968600441002,0.017388721151581,5,0.8,1.0,0.0,5,0,4,4,2,4,2,0.2,0,0,0,0,0.0230867075885706,0.0504018271652765,0.0434272765787989,V7,0,2025-11,sin_switch
2025-11-21,Nocturno,0.0,0.0455951473985463,0.0258946938963304,0.0,0.0084535123214271,0.004980145617988,0.0,0.0617614522142861,0.0279542047570003,10,1.0,0.4,0.0,7,0,5,6,3,5,1,0.1428571428571428,0,0,0,0,0.0227437691725307,0.0549271022340627,0.0247237328753946,V8,0,2025-11,switch_neutro
2025-11-22,Previa,0.0,0.0,0.0973103007857574,0.0,0.0070156997794982,0.0056695495195051,0.0,0.0014031399558996,0.001133909903901,6,1.0,1.0,0.0,6,0,1,0,6,1,1,1.0,0,1,1,1,0.0300951021342637,0.0,0.0,V7,1,2025-11,sin_switch
2025-11-22,Primera,0.1798520639582843,0.1841262901476028,0.055274301413969,1.1102230246251563e-16,0.0142513239641037,0.007559029377914,0.0,0.1011907024642855,0.0541075990125462,2,1.0,1.0,1.0,8,0,2,7,7,2,1,0.625,0,0,0,0,0.0211141400094013,0.0,0.0217965919600195,V7,0,2025-11,sin_switch
2025-11-22,Matutino,0.0,0.1255458551291539,0.0610134778174313,1.1102230246251563e-16,0.0142513239641037,0.007559029377914,0.0,0.0895169314594872,0.0374991937488533,2,1.0,0.6666666666666666,1.0,9,0,3,8,1,3,1,0.5555555555555556,0,0,0,0,0.0252768611562815,0.0,0.0553434147412644,V9,0,2025-11,switch_neutro
2025-11-22,Vespertino,0.4713556741329903,0.5449273032316295,0.1612064418142461,0.0,0.0142513239641036,0.0075590293779139,0.0,0.0894031399558996,0.0457704342903148,8,1.0,0.5,0.0,6,0,4,4,4,3,2,0.3333333333333333,0,1,0,0,0.042785763029452,0.0306438440469458,0.0245318429158244,V7,1,2025-11,sin_switch
2025-11-22,Nocturno,0.5611459075559555,0.6079392864753368,0.202184872080552,0.0,0.0142513239641036,0.0075590293779139,0.0,0.13,0.0645183400154336,8,1.0,0.4,0.0,8,0,5,7,4,5,2,0.125,0,0,0,0,0.0442218496610511,0.0299844268968408,0.02621200865459,V7,0,2025-11,sin_switch
2025-11-24,Primera,0.0,0.0,8.881784197001252e-16,0.0,0.0,0.0,0.0,0.0,5.551115123125783e-17,2,0.0,0.5,0.0,2,1,1,2,2,1,1,0.0,0,0,0,0,0.0,0.0130689037433995,0.0130689037433995,V7,0,2025-11,sin_switch
2025-11-24,Matutino,0.0,0.044518469499108,0.0173558657341006,0.0,0.0084535123214271,0.0046279877076263,0.0,0.0572875625083858,0.0387348052167855,9,0.0,0.6666666666666666,0.0,9,2,1,9,9,2,2,0.0,0,0,0,0,0.0239526835904641,0.0,0.0,V7,0,2025-11,sin_switch
2025-11-24,Vespertino,0.0,0.194338436619283,0.0876826089930499,0.0,0.0055555555555555,0.0025486382790834,0.0,0.025,0.0412846031780085,9,0.0,0.75,0.1111111111111111,8,1,3,8,6,3,2,0.0,0,0,0,0,0.0,0.021499779623953,0.0449670167094545,V9,0,2025-11,switch_neutro
2025-11-24,Nocturno,0.0,0.0,0.0195786618754386,0.0,0.0032176798214242,0.0022544201676202,0.0,0.001,0.0012540821559691,10,0.0,0.8,0.1,13,2,3,13,10,3,2,0.0,0,0,0,0,0.053500233637011,0.0501771212038458,0.0,V7,0,2025-11,sin_switch
2025-11-25,Previa,0.0,0.0089257420525683,0.0078077525535329,0.0,0.0101557006787506,0.0040622802715002,0.0,0.03453114013575,0.0138124560543,4,1.0,1.0,0.0,4,0,1,0,4,1,1,1.0,0,0,0,0,0.0,0.0,0.0,V7,0,2025-11,sin_switch
2025-11-25,Primera,0.0,0.0748052035187321,0.0423599138697971,0.0,0.0,0.0026185950714291,0.0,0.0020311401357501,0.0307187875849088,1,1.0,1.0,1.0,4,0,2,2,2,2,1,1.0,0,1,0,0,0.0,0.0215587115501076,0.0255509708540034,V7,1,2025-11,sin_switch
2025-11-25,Matutino,0.0,0.011507282898072,0.074939298706331,0.0,0.0065464876785729,0.0032071108839841,0.0,0.035,0.0222816255041858,1,1.0,0.6666666666666666,1.0,4,0,3,2,2,3,2,0.5,0,0,0,0,0.0218768508712781,0.0233399663804743,0.0580683909791286,V9,0,2025-11,switch_neutro
2025-11-25,Vespertino,0.0,0.0,0.0110828020922132,0.0,0.0065464876785727,0.0030704325459131,0.0,0.0235638716856785,0.0213849532735533,1,1.0,0.5,1.0,7,1,3,7,5,4,2,0.2857142857142857,0,0,0,0,0.0436629330811192,0.0220547674639505,0.0960482191927524,V9,0,2025-11,switch_neutro
2025-11-25,Nocturno,0.0,0.0546497052589565,0.029271343740929,0.0,0.0017513239641037,0.0044815154881035,0.0,0.1349292502499992,0.0539083061049639,2,1.0,0.4,0.5,8,0,5,7,4,5,1,0.25,0,0,0,0,0.023142542255685,0.047513345952596,0.0237255915305887,V7,0,2025-11,sin_switch
2025-11-26,Previa,0.0,0.0,8.881784197001252e-16,0.0,0.0254692121009253,0.0099799011939637,0.0,0.037593842420185,0.017693467750838,6,1.0,1.0,0.0,6,0,1,0,6,1,1,1.0,0,0,0,0,0.0186865999404251,0.0,0.0,V7,0,2025-11,sin_switch
2025-11-26,Primera,0.0,0.1446553416014602,0.0661212083929154,0.0,1.1102230246251563e-16,0.0026261160619634,0.0171428571428571,0.0835721073928563,0.0476247181201403,2,1.0,1.0,1.0,12,0,2,10,10,2,1,1.0,0,0,0,0,0.0220416844052404,0.0,0.0,V7,0,2025-11,sin_switch
2025-11-26,Matutino,0.0,0.0089257420525683,0.0081387143000438,0.0,1.1102230246251563e-16,0.0055661579830328,0.0,0.1149999999999999,0.0718641134031149,2,1.0,0.6666666666666666,1.0,16,0,3,12,2,3,1,0.75,0,0,0,0,0.0,0.0,0.0464893269617811,V9,0,2025-11,switch_neutro
2025-11-26,Vespertino,0.0,0.0942076148467725,0.0421815019638699,0.0714285714285712,0.0714285714285712,0.023370915183798,0.0763571428571427,0.0853578216785705,0.0453566826699197,14,0.8571428571428571,1.0,0.0,14,0,4,12,2,4,2,0.8571428571428571,0,0,0,0,0.0209698247794885,0.0,0.0,V7,0,2025-11,sin_switch
2025-11-26,Nocturno,0.0,0.0,0.0069742269697279,0.0414285714285713,0.0414285714285713,0.0137756149762253,0.0,0.0426511988720221,0.024996392345456,14,0.8571428571428571,0.8,0.0,11,0,5,9,1,5,1,0.6363636363636364,0,0,0,0,0.0,0.0,0.0,V7,0,2025-11,sin_switch
2025-11-27,Previa,0.0,0.0,0.194171374039459,0.0,0.0267513239641036,0.0189140531987977,0.0,0.0053502647928207,0.0290287254713489,12,1.0,1.0,0.0,12,0,1,0,12,1,1,1.0,0,0,0,0,0.0218577523024494,0.0440296249501354,0.0218577523024494,V7,0,2025-11,sin_switch
2025-11-27,Primera,0.0,0.011507282898072,0.0615154759146672,0.0065510131547575,0.0083333333333333,0.0082865465639591,0.0276907024642854,0.0549999999999999,0.0455494123523907,12,1.0,1.0,0.1666666666666666,14,0,2,4,4,2,1,1.0,0,0,0,0,0.0495528379406856,0.0483039857172053,0.0226009927598402,V7,0,2025-11,sin_switch
2025-11-27,Matutino,0.1941788672788389,0.1941788672788389,0.2616982848588208,0.0065510131547575,0.0083333333333333,0.0082865465639591,0.0,0.0203314851106619,0.0177100471784011,12,1.0,0.6666666666666666,0.1666666666666666,6,0,3,5,1,3,1,0.6666666666666666,0,0,1,1,0.0245529241854154,0.0,0.0,V7,0,2025-11,sin_switch
2025-11-27,Vespertino,0.3868026763857877,0.3940955386575453,0.1425646551483854,0.0065510131547575,0.0083333333333333,0.0082865465639591,0.0,0.0649999999999999,0.053410287802455,12,1.0,0.5,0.1666666666666666,6,0,4,4,4,3,2,0.3333333333333333,0,0,0,0,0.0225752121275982,0.0273853296617441,0.0246005614228082,V7,0,2025-11,sin_switch
2025-11-27,Nocturno,0.0,0.038516517042197,0.0238461863522825,0.0065510131547575,0.0083333333333333,0.0082865465639591,0.0,0.0179999999999999,0.0501182375127556,12,1.0,0.4,0.1666666666666666,7,0,5,5,1,4,1,0.2857142857142857,0,0,0,0,0.0251499525434571,0.027728095232807,0.030398234007947,V7,0,2025-11,sin_switch
2025-11-28,Previa,0.0,0.0204330249506403,0.0100100970061252,0.0,0.0,0.0,0.0,0.0,0.0,4,1.0,1.0,0.0,4,0,1,0,4,1,1,1.0,0,0,0,0,0.0,0.0200485891125701,0.0200485891125701,V7,0,2025-11,sin_switch
2025-11-28,Primera,0.2980586158016081,0.5201086424573971,0.1732684536317505,0.0184535123214272,0.0184535123214272,0.0055360536964281,0.0,0.055,0.0234887560756305,2,1.0,1.0,1.0,4,0,2,2,2,2,1,1.0,0,0,0,0,0.0215657515392644,0.0500241968777649,0.0215657515392644,V7,0,2025-11,sin_switch
2025-11-28,Matutino,0.0,0.011507282898072,0.0056373942852263,0.0184535123214272,0.0184535123214272,0.0070301923064179,0.0,0.0,0.0168667463638008,2,1.0,0.6666666666666666,1.0,6,0,3,2,2,3,2,0.6666666666666666,0,0,0,0,0.0295055756289608,0.0294730388497513,0.0540102584998861,V7,0,2025-11,sin_switch
2025-11-28,Vespertino,0.0,0.0139718023999897,0.0062391925597334,0.0184535123214271,0.0184535123214271,0.0077113730472223,0.0,0.025,0.0235324057017838,2,1.0,0.5,1.0,8,1,3,8,6,4,2,0.125,0,0,0,0,0.0459157502573074,0.0214251950219186,0.0697780769240451,V7,0,2025-11,sin_switch
2025-11-28,Nocturno,0.0,0.1373522569050465,0.0549409027620185,0.0184535123214271,0.0184535123214271,0.0091995274951039,0.0,0.0600000000000001,0.0342452596892686,2,1.0,0.4,1.0,10,0,5,6,2,5,1,0.4,0,0,0,0,0.0252905006688786,0.0215175387716845,0.0898311628232029,V9,0,2025-11,switch_neutro
2025-11-29,Previa,0.0,0.1912076527871642,0.0764830611148656,0.0153135114221747,0.0153135114221747,0.0045940534266524,0.0030627022844349,0.0030627022844349,0.0009188106853304,6,1.0,1.0,0.0,6,0,1,0,6,1,1,1.0,0,0,0,0,0.0517260246782313,0.0,0.0,V7,0,2025-11,sin_switch
2025-11-29,Primera,0.0119443781350074,0.2250610177556007,0.1290938311616088,0.0,0.0169933680974844,0.007321446679888,0.0,0.1172875625083857,0.0726722666261849,9,1.0,1.0,0.1111111111111111,9,0,2,6,6,2,1,1.0,0,0,0,0,0.0517749157136173,0.0,0.0,V7,0,2025-11,sin_switch
2025-11-29,Matutino,0.336692157645972,0.4205671043113241,0.1298239840118674,0.0,0.0028135114221747,0.001378333473964,0.0,0.1837676255412085,0.0847952355690117,6,1.0,0.6666666666666666,0.0,13,0,3,10,4,3,1,0.6923076923076923,0,0,0,0,0.0552237790952225,0.0,0.0247177378183498,V7,0,2025-11,sin_switch
2025-11-29,Vespertino,0.0083937839692254,0.0083937839692254,0.0065373215552653,0.0,0.044521546785717,0.0297016590929457,0.0,0.032,0.030753088827831,7,0.8571428571428571,1.0,0.0,15,0,4,12,2,4,1,0.6,0,0,0,0,0.0226028764024473,0.0212352250308863,0.0674031766802395,V9,0,2025-11,switch_neutro
2025-11-29,Nocturno,0.0,0.0223655863692151,0.0640997719485055,0.0,0.044521546785717,0.017662709980601,0.0,0.0535006788214278,0.029729436297863,7,0.8571428571428571,0.8,0.0,10,0,5,6,2,5,1,0.4,0,0,0,0,0.0225125030908206,0.0219575322991403,0.0680681157915253,V9,0,2025-11,switch_neutro
2025-12-01,Primera,0.0,0.0,0.090099478582721,0.0,0.0082978116426765,0.0082610225436217,0.0,0.0291595623285352,0.0413082372933945,5,0.0,0.5,0.0,5,1,1,5,5,1,1,0.0,0,0,0,0,0.0,0.0169583122472079,0.0169583122472079,V7,0,2025-12,sin_switch
2025-12-01,Matutino,0.0930059885274454,0.1949278390381259,0.0636970073200281,0.0,0.0,0.0045414095402897,0.0,0.0019542291750525,0.0205339339977158,9,0.0,0.6666666666666666,0.0,9,2,1,9,9,2,2,0.0,0,0,0,0,0.0428380622613642,0.0210994630122343,0.0,V7,0,2025-12,sin_switch
2025-12-01,Vespertino,0.0162186043243259,0.2672694673868756,0.1435196045432193,0.0125,0.0125,0.00375,0.0,0.067,0.0261012330315928,8,0.0,0.75,0.25,9,1,3,9,4,3,1,0.0,0,0,0,0,0.0,0.0478559480918178,0.0249607919234524,V8,0,2025-12,switch_neutro
2025-12-01,Nocturno,0.3929687035788776,0.4598930649357058,0.1367228723438403,0.0,0.0060772755776474,0.004146738329005,0.0,0.0287154551155294,0.0194638496791942,7,0.0,0.8,0.0,7,1,4,7,2,4,1,0.0,0,0,0,0,0.0,0.0486358152562899,0.0236516208580895,V8,0,2025-12,switch_neutro
2025-12-02,Previa,0.0,0.0,8.881784197001252e-16,0.0,0.0101557006787506,0.0073869986255844,0.0,0.03453114013575,0.0220256502206202,4,1.0,1.0,0.0,4,0,1,0,4,1,1,1.0,0,0,0,0,0.0,0.0,0.0,V7,0,2025-12,sin_switch
2025-12-02,Primera,0.0162186043243259,0.0162186043243259,0.1222705803649707,0.0,0.01,0.0045044651598001,0.0,0.0479999999999999,0.0407558101207837,5,1.0,1.0,0.2,5,0,2,4,4,2,1,1.0,0,0,0,0,0.026873269706569,0.0449522769722244,0.020852347152628,V7,0,2025-12,sin_switch
2025-12-02,Matutino,0.0,0.0162186043243259,0.0333805842279189,0.0,0.01,0.0045044651598001,0.0,0.1099214716950546,0.049488457568008,5,1.0,0.6666666666666666,0.2,13,0,3,12,10,3,1,0.0769230769230769,0,0,0,0,0.0528113696313904,0.0,0.0,V7,0,2025-12,sin_switch
2025-12-02,Vespertino,0.0,0.0382840512623152,0.0282797932831942,0.0,0.0192021883573234,0.0102647888903798,0.0,0.0397875625083857,0.0247035261224627,4,0.75,1.0,0.5,8,0,4,6,3,4,1,0.25,0,0,0,0,0.045428012557742,0.0471723268783072,0.0746576217237026,V7,0,2025-12,sin_switch
2025-12-02,Nocturno,0.0,0.0,0.0543304337143389,0.0,0.0107978116426764,0.0063873076972686,0.0,0.0836435359642848,0.037521533478203,5,1.0,0.4,0.2,10,0,5,8,2,5,1,0.2,0,0,0,0,0.0223648541091098,0.0516815021793032,0.0237364235259683,V7,0,2025-12,sin_switch
2025-12-03,Previa,0.0,0.0,0.0980449395696601,0.0,0.0101557006787506,0.0040622802715002,0.0,0.03453114013575,0.0138124560543,4,1.0,1.0,0.0,4,0,1,0,4,1,1,1.0,0,0,0,0,0.0,0.0,0.0,V7,0,2025-12,sin_switch
2025-12-03,Primera,0.2276685585606745,0.2276685585606745,0.0737761657411931,0.0,0.0176878125419288,0.0093399083435804,0.0,0.0622875625083857,0.0284572261820626,8,1.0,1.0,0.125,8,0,2,4,4,2,1,1.0,0,0,0,0,0.0770132688131097,0.071509435741051,0.0460616228582638,V7,0,2025-12,sin_switch
2025-12-03,Matutino,0.0,0.011507282898072,0.0768874162207786,0.0,0.0176878125419288,0.0093399083435804,0.0952875625083857,0.0955006788214277,0.0415761573545735,8,1.0,0.6666666666666666,0.125,10,0,3,8,4,3,1,0.4,0,0,0,0,0.0710376012843694,0.0254644141740683,0.0254644141740683,V7,0,2025-12,sin_switch
2025-12-03,Vespertino,0.0,0.0134398443166467,0.0089732040138995,0.0,0.1058822569863733,0.0435222528175245,0.0,0.0272875625083858,0.0132131592396112,9,0.8888888888888888,1.0,0.1111111111111111,8,1,3,8,4,4,2,0.5,0,0,0,0,0.0210283710060458,0.019989382173587,0.0485002432505174,V7,0,2025-12,sin_switch
2025-12-03,Nocturno,0.0,0.1266395328171938,0.0543853692620804,0.0,0.0758822569863733,0.0319666022390694,0.0,0.0499999999999999,0.0484838946002493,9,0.8888888888888888,0.8,0.1111111111111111,12,0,5,11,8,5,1,0.1666666666666666,0,0,0,0,0.0209418906411588,0.0,0.0349016573252834,V7,0,2025-12,sin_switch
2025-12-04,Previa,0.0,0.011507282898072,0.0056373942852263,0.0153135114221747,0.0254692121009253,0.0080334974994188,0.0030627022844349,0.037593842420185,0.0163111722917175,6,1.0,1.0,0.0,6,0,1,0,6,1,1,1.0,0,0,0,0,0.0756214421051505,0.0,0.0,V7,0,2025-12,sin_switch
2025-12-04,Primera,0.0,0.0186597094093663,0.0453450212284524,0.0031044792085956,0.0142513239641037,0.0071816831409245,0.0,0.0699999999999999,0.0326530080679049,2,1.0,1.0,1.0,6,0,2,3,3,2,1,1.0,0,0,0,0,0.0203387356776046,0.0,0.025787073607511,V7,0,2025-12,sin_switch
2025-12-04,Matutino,0.0,0.0134588894648484,0.0277189351499392,0.0031044792085956,0.0142513239641037,0.0071816831409245,0.0,0.0522875625083857,0.0310804972019912,2,1.0,0.6666666666666666,1.0,8,1,2,8,4,3,1,0.125,0,0,0,0,0.0518017814183563,0.0479379924302125,0.0280701768133291,V7,0,2025-12,sin_switch
2025-12-04,Vespertino,0.0162186043243259,0.1096263696826476,0.0474771776099147,0.0031044792085955,0.0142513239641036,0.0073430782695947,0.0,0.0982218426000357,0.0394882038188462,2,1.0,0.5,1.0,4,0,4,3,2,4,2,0.5,0,0,0,0,0.0,0.0,0.0629974673407513,V9,0,2025-12,switch_neutro
2025-12-04,Nocturno,0.0,0.0162186043243259,0.0110148983086193,0.0031044792085955,0.0142513239641036,0.0103330685593206,0.0,0.0204361283143212,0.018342675661808,2,1.0,0.4,1.0,4,0,5,3,3,3,2,0.25,0,1,0,0,0.0223877965654953,0.0226176388406596,0.0627334839478834,V9,0,2025-12,switch_perdedor
2025-12-05,Previa,0.0,0.0,8.881784197001252e-16,0.0,0.0,0.0113894786966434,0.0,0.0,0.03412126239551,4,1.0,1.0,0.0,4,0,1,0,4,1,1,1.0,0,0,0,0,0.0,0.0,0.0,V7,0,2025-12,sin_switch
2025-12-05,Primera,0.0,0.0,0.0746717536906664,0.0,0.0029843002205017,0.0037206458550305,0.0614031399558996,0.1199999999999998,0.0404858025000162,5,1.0,1.0,0.2,6,0,2,4,4,2,1,1.0,0,0,0,0,0.0767157552627414,0.0456670828644596,0.0222417053077858,V7,0,2025-12,sin_switch
2025-12-05,Matutino,0.1941788672788389,0.1941788672788389,0.1525320592689065,0.0,0.0029843002205017,0.0037206458550305,0.0,0.0209530597738087,0.0117292322174873,5,1.0,0.6666666666666666,0.2,9,1,2,9,5,3,1,0.2222222222222222,0,0,0,0,0.0501939464835934,0.0459816883271071,0.0,V7,0,2025-12,sin_switch
2025-12-05,Vespertino,0.0,0.4618223380528903,0.2059685567344865,0.0,0.0070156997794982,0.0037904784384151,0.0166666666666666,0.0207692307692307,0.0209015880407633,6,1.0,0.5,0.0,8,1,3,8,4,4,1,0.25,0,0,0,0,0.0480230887882899,0.0461855360469173,0.0219555221131172,V7,0,2025-12,sin_switch
2025-12-05,Nocturno,0.0,0.0134588894648484,0.0053835557859393,0.0,0.0029843002205017,0.0057312126709215,0.1192875625083857,0.1326666666666666,0.0434563722727893,5,0.8,0.8,0.0,10,0,5,8,4,5,1,0.2,0,0,0,0,0.024063553167767,0.0245030807638795,0.0245030807638795,V7,0,2025-12,sin_switch
2025-12-06,Previa,0.0,0.0,0.1006166182406258,0.0,0.0101557006787506,0.0040622802715002,0.0,0.03453114013575,0.0138124560543,4,1.0,1.0,0.0,4,0,1,0,4,1,1,1.0,0,0,0,0,0.0,0.0,0.0,V7,0,2025-12,sin_switch
2025-12-06,Primera,0.0,0.011507282898072,0.0884885801224609,0.0,0.0053605369642814,0.0038034812328861,0.0,0.0301185950714291,0.0257637847482567,10,1.0,1.0,0.0,7,0,2,5,5,2,1,1.0,0,0,0,0,0.0469369485527576,0.0568102172306242,0.019443417670739,V7,0,2025-12,sin_switch
2025-12-06,Matutino,0.0,0.3197076827400646,0.1533157682132986,0.0,0.0053605369642814,0.0038034812328861,0.0,0.0751197264404753,0.0635755443579539,10,1.0,0.6666666666666666,0.0,9,0,3,8,5,3,1,0.4444444444444444,0,0,0,0,0.0227815981563837,0.0,0.0,V7,0,2025-12,sin_switch
2025-12-06,Vespertino,0.0,0.0105581640399172,0.0078846173688,0.0,0.0660680344642898,0.0272183267181922,0.0,0.0417850354642864,0.0367626235829815,7,0.8571428571428571,1.0,0.0,7,0,4,5,1,4,2,0.8571428571428571,0,0,0,0,0.0244497225992416,0.0239709958643116,0.0475830946557797,V7,0,2025-12,sin_switch
2025-12-06,Nocturno,0.0,0.1943039738351561,0.1021558993146013,0.0,0.0414285714285713,0.016569598518146,0.0,0.0154999999999999,0.0213576522364259,7,0.8571428571428571,0.8,0.0,5,0,5,4,2,4,1,0.4,0,0,0,0,0.0,0.0243480661787467,0.0464391598922972,V9,0,2025-12,switch_neutro
2025-12-09,Primera,0.0,0.0204330249506403,0.0083173242720919,0.0,0.0101557006787506,0.0073869986255844,0.0,0.0620311401357501,0.0394179699492512,4,0.0,0.5,0.0,4,1,1,4,4,1,1,0.0,0,0,0,0,0.0,0.0135354730975093,0.0135354730975093,V7,0,2025-12,sin_switch
2025-12-09,Matutino,0.0,0.0134588894648484,0.0308064294557957,0.0,0.0017513239641036,0.0050779969508502,0.0,0.0019542291750525,0.0280656781350817,8,0.0,0.6666666666666666,0.0,8,2,1,8,8,2,2,0.0,0,0,0,0,0.0209223014437035,0.0188573556712032,0.0,V7,0,2025-12,sin_switch
2025-12-09,Vespertino,0.0049273564623097,0.0049273564623097,0.0063999636055847,0.0,0.0053490331128315,0.0059666210544715,0.0,0.0942781573999643,0.0378045191574323,6,0.0,0.75,0.1666666666666666,7,1,3,7,5,3,1,0.0,0,0,0,0,0.0,0.026999127502778,0.026999127502778,V7,0,2025-12,sin_switch
2025-12-09,Nocturno,0.0,0.011507282898072,0.0062807585579397,0.0028135114221747,0.0430066319025155,0.0201228757475563,0.0,0.0045721073928564,0.002332246665432,6,0.0,0.8,0.0,8,3,2,8,6,2,1,0.0,0,0,0,0,0.0273962454514611,0.0231864727721974,0.0231864727721974,V7,0,2025-12,sin_switch
2025-12-10,Previa,0.0061660271930907,0.0061660271930907,0.0088008969993618,0.0,0.0114378125419288,0.0076514298836335,0.0,0.0022875625083857,0.0015302859767267,8,1.0,1.0,0.0,8,0,1,0,8,1,1,1.0,0,0,0,0,0.0307555771215063,0.0,0.0,V7,0,2025-12,sin_switch
2025-12-10,Primera,0.0,0.177960262954512,0.1338705670449775,0.0,0.0055555555555554,0.0024947654616622,0.0474999999999998,0.0549999999999999,0.0245281407113495,9,1.0,1.0,0.1111111111111111,18,0,2,10,10,2,1,1.0,0,0,0,0,0.02437561259421,0.084203453997685,0.0316627814088819,V8,0,2025-12,switch_neutro
2025-12-10,Matutino,0.0,0.0,0.0870131231561394,0.0,0.0527777777777778,0.0228031701283228,0.0,0.0803578216785706,0.0440565422262985,12,0.9166666666666666,1.0,0.0833333333333333,12,0,3,7,1,3,1,0.9166666666666666,0,0,0,0,0.0231642515253309,0.0435566179784185,0.0692897850988363,V9,0,2025-12,switch_neutro
2025-12-10,Vespertino,0.0,0.1362576596503864,0.0887604040030238,0.0,0.011111111111111,0.0205796458689729,0.0029999999999998,0.0033846153846153,0.0231169271851863,10,0.9,1.0,0.1,20,0,4,12,2,4,2,0.9,0,0,0,0,0.027237434609012,0.0229186975403895,0.0229186975403895,V7,0,2025-12,sin_switch
2025-12-10,Nocturno,0.0,0.0204330249506403,0.0307656324252916,0.0,0.0111111111111111,0.0197906647323584,0.0,0.0836666666666666,0.0405686168459368,10,0.9,0.8,0.1,10,0,5,7,4,4,1,0.3,0,0,0,0,0.0,0.0,0.0,V7,0,2025-12,sin_switch
2025-12-11,Previa,0.0,0.0,8.881784197001252e-16,0.0,0.0,0.0,0.0,0.0,0.0,2,1.0,1.0,0.0,2,0,1,0,2,1,1,1.0,0,0,0,0,0.0,0.0285689383382658,0.0285689383382658,V7,0,2025-12,sin_switch
2025-12-11,Primera,0.0162186043243259,0.0162186043243259,0.0536877658679372,0.0142513239641037,0.0184535123214272,0.0070654640779129,0.0,0.070562702284435,0.0456988482438475,2,1.0,1.0,1.0,6,0,2,5,5,2,1,0.8333333333333334,0,0,0,0,0.0614847769568835,0.0393863379946951,0.0416360865747968,V7,0,2025-12,sin_switch
2025-12-11,Matutino,0.0,0.0204330249506403,0.0350643143133287,0.0142513239641037,0.0184535123214272,0.008097768386921,0.0,0.03,0.0198144167492033,2,1.0,0.6666666666666666,1.0,9,0,3,8,5,3,1,0.3333333333333333,0,1,0,0,0.0383326515343397,0.0260336412306164,0.0491395130665783,V7,1,2025-12,sin_switch
2025-12-11,Vespertino,0.0,0.2007035851389096,0.0891962770888717,0.0142513239641036,0.0184535123214271,0.0148293697905489,0.0,0.0475968600441002,0.0241429804837926,2,1.0,0.5,1.0,5,0,4,4,4,3,2,0.2,0,0,0,0,0.0237461758594343,0.023582378421482,0.0522730730069621,V7,0,2025-12,sin_switch
2025-12-11,Nocturno,0.0,0.0162376494725275,0.0089597303807598,0.0142513239641036,0.0184535123214271,0.0148293697905489,0.0112875625083856,0.0138814049285707,0.0289682271100516,2,1.0,0.4,1.0,8,1,4,8,2,3,1,0.5,0,0,0,0,0.054571439969452,0.0483802826286613,0.0763577475165556,V7,0,2025-12,sin_switch
2025-12-12,Previa,0.0,0.0,8.881784197001252e-16,0.0,0.0,0.0,0.0,0.0,0.0,2,1.0,1.0,0.0,2,0,1,0,2,1,1,1.0,0,0,0,0,0.0,0.0285689383382658,0.0285689383382658,V7,0,2025-12,sin_switch
2025-12-12,Primera,0.0,0.0892162023703333,0.0372203612842083,0.0136823664461649,0.0166666666666667,0.0069966008647188,0.0,0.0614031399558996,0.0405549633118517,6,1.0,1.0,0.3333333333333333,6,0,2,4,4,2,1,1.0,0,0,0,0,0.0722764790220356,0.0462428938249327,0.0462428938249327,V7,0,2025-12,sin_switch
2025-12-12,Matutino,0.3840429615263092,0.5363207457584886,0.1667041725101037,0.0136823664461649,0.0166666666666667,0.0069966008647188,0.0,0.0122875625083858,0.008970677066135,6,1.0,0.6666666666666666,0.3333333333333333,8,1,2,8,2,3,1,0.5,0,0,0,0,0.045657036788853,0.0738698986102522,0.0,V7,0,2025-12,sin_switch
2025-12-12,Vespertino,0.0,0.011507282898072,0.0101014567030281,0.0136823664461649,0.0166666666666667,0.0063951191762789,0.0,0.0422875625083858,0.0253764372113817,6,1.0,0.5,0.3333333333333333,8,0,4,6,4,3,1,0.25,0,0,0,0,0.0231908567795744,0.0224981151093065,0.0457948526742981,V7,0,2025-12,sin_switch
2025-12-12,Nocturno,0.0,0.0,0.0525687010725636,0.0136823664461649,0.0166666666666667,0.0091809521042142,0.0,0.0591889905097393,0.0512530393520523,6,1.0,0.4,0.3333333333333333,11,0,5,9,6,4,2,0.4545454545454545,0,0,0,0,0.0455617425774856,0.0,0.0462201500831214,V7,0,2025-12,sin_switch
2025-12-13,Previa,0.0,0.1912076527871642,0.0810862059662238,0.0,0.0,0.0113894786966434,0.0,0.0,0.03412126239551,4,1.0,1.0,0.0,4,0,1,0,4,1,1,1.0,0,0,0,0,0.0,0.0,0.0,V7,0,2025-12,sin_switch
2025-12-13,Primera,0.0,0.0162186043243259,0.012736085097244,1.1102230246251563e-16,0.0031044792085956,0.0064241032158877,0.0,0.0572875625083858,0.0331230533599272,2,1.0,1.0,1.0,8,1,1,8,8,2,2,1.0,0,0,0,0,0.0273196100888669,0.0,0.0224764625961347,V7,0,2025-12,sin_switch
2025-12-13,Matutino,0.0,0.090823410572697,0.0423857770543003,1.1102230246251563e-16,0.0031044792085956,0.0064241032158877,0.073286393107142,0.1337875625083857,0.0507158962669528,2,1.0,0.6666666666666666,1.0,10,0,3,8,8,3,2,0.2,0,0,0,0,0.0735873225791989,0.0,0.0,V7,0,2025-12,sin_switch
2025-12-13,Vespertino,0.0,0.0916676592416747,0.0430550951703371,0.0,0.0031044792085955,0.0064241032158877,0.0,0.05,0.0453625580658178,8,1.0,0.5,0.0,10,0,4,6,5,4,2,0.5,0,1,0,0,0.0214526047657188,0.045862255500255,0.0455789589017469,V7,1,2025-12,sin_switch
2025-12-13,Nocturno,0.0,0.0724044186702901,0.0430559895913308,0.0,0.0449622155712506,0.0221160951560677,0.0,0.0143333333333333,0.0316444834581532,7,0.8571428571428571,0.8,0.1428571428571428,9,0,5,7,5,4,2,0.4444444444444444,0,0,0,0,0.0251280731716134,0.0468534002417078,0.02228652454636,V7,0,2025-12,sin_switch
2025-12-15,Primera,0.0,0.0,8.881784197001252e-16,0.0,0.0,0.0,0.0,0.0,5.551115123125783e-17,2,0.0,0.5,0.0,2,1,1,2,2,1,1,0.0,0,0,0,0,0.0,0.0130689037433995,0.0130689037433995,V7,0,2025-12,sin_switch
2025-12-15,Matutino,0.0,0.0260476809956013,0.0349633951888143,0.0,0.0,4.965068306494546e-17,0.0,0.0291595623285353,0.0299400544295619,1,0.0,0.6666666666666666,1.0,5,2,1,5,5,2,2,0.0,0,0,0,0,0.0,0.0,0.0,V7,0,2025-12,sin_switch
2025-12-15,Vespertino,0.0338919144154887,0.4821849059492109,0.1806709012200106,0.0,0.0067021883573234,0.0044000281402807,0.0,0.0,0.0124436466313387,4,0.0,0.75,0.5,4,1,3,4,3,3,2,0.0,0,0,0,0,0.0,0.0221790136094138,0.0438168428873127,V9,0,2025-12,switch_neutro
2025-12-15,Nocturno,0.5583861926964779,0.6329054588382572,0.2012358571313093,0.0,0.0084535123214271,0.0047552358064552,0.0,0.0572875625083857,0.0333132525732913,8,0.0,0.8,0.0,8,2,3,8,5,4,2,0.0,0,0,0,0,0.0,0.024244234959641,0.0238887002060709,V7,0,2025-12,sin_switch
2025-12-16,Previa,0.0,0.011507282898072,0.0056373942852263,0.0153135114221747,0.0254692121009253,0.0080334974994188,0.0030627022844349,0.037593842420185,0.0163111722917175,6,1.0,1.0,0.0,6,0,1,0,6,1,1,1.0,0,0,0,0,0.0756214421051505,0.0,0.0,V7,0,2025-12,sin_switch
2025-12-16,Primera,0.0,0.0367114348379713,0.0921015407022264,0.0,0.0052288541247378,0.002427192294389,0.0,0.1122875625083857,0.0490503954522547,6,1.0,1.0,0.3333333333333333,12,0,2,8,8,2,1,1.0,0,0,0,0,0.0237764087243865,0.0242247392405049,0.0,V7,0,2025-12,sin_switch
2025-12-16,Matutino,0.0,0.0,0.066824689009652,0.0,0.0160680344642899,0.006356812338515,0.0,0.0275,0.0206266240772442,7,0.8571428571428571,1.0,0.0,8,0,3,6,2,3,1,0.75,0,0,0,0,0.0448462463043548,0.0753311133394961,0.0870904573572459,V9,0,2025-12,switch_neutro
2025-12-16,Vespertino,0.0162186043243259,0.0305747745950544,0.0404688334934606,0.0052288541247378,0.0052288541247378,0.0041344457328057,0.0,0.0212845448844706,0.0139296033595779,6,1.0,0.5,0.3333333333333333,6,1,3,6,4,4,2,0.1666666666666666,0,0,0,0,0.04118829330375,0.0546429150197041,0.0499237081315563,V7,0,2025-12,sin_switch
2025-12-16,Nocturno,0.0,0.1169192319544061,0.0626601013423163,0.0,0.0,0.0061205818160477,0.0259999999999998,0.0699999999999999,0.034290988139516,12,1.0,0.4,0.0,12,0,5,10,10,3,2,0.1666666666666666,0,0,0,0,0.0520341236530826,0.0248043008098984,0.0490433185475984,V7,0,2025-12,sin_switch
2025-12-17,Previa,0.0,0.0,0.0056373942852263,0.0,0.0101557006787506,0.0040622802715002,0.0,0.03453114013575,0.0138124560543,4,1.0,1.0,0.0,4,0,1,0,4,1,1,1.0,0,0,0,0,0.0,0.0,0.0,V7,0,2025-12,sin_switch
2025-12-17,Primera,0.0,0.0,0.0024664108772363,0.0052288541247377,0.0136823664461649,0.0053533223426601,0.0,0.0075000000000001,0.0115063702479294,6,1.0,1.0,0.3333333333333333,6,0,2,5,5,2,1,0.8333333333333334,0,0,0,0,0.0276982890956147,0.0510144218385569,0.0512350389833618,V7,0,2025-12,sin_switch
2025-12-17,Matutino,0.0162186043243259,0.0769142225832624,0.0298906476999268,0.0052288541247377,0.0136823664461649,0.0053533223426601,0.0,0.1543333333333334,0.076324099840857,6,1.0,0.6666666666666666,0.3333333333333333,10,0,3,9,4,3,1,0.3,0,0,0,0,0.0217580076912381,0.0,0.0,V7,0,2025-12,sin_switch
2025-12-17,Vespertino,0.0,0.0338919144154887,0.0423236463114514,0.0052288541247378,0.0136823664461649,0.0053533223426601,0.0449999999999999,0.0455627022844348,0.0466468141668192,6,1.0,0.5,0.3333333333333333,6,0,4,4,4,3,2,0.3333333333333333,0,0,0,0,0.0236928811026594,0.0241150252817158,0.0236928811026594,V7,0,2025-12,sin_switch
2025-12-17,Nocturno,0.6314507530714213,0.6429580359694933,0.1999867057363354,0.005,0.0084535123214271,0.0032501332271777,0.0550000000000001,0.1401907024642855,0.0530773113856052,2,1.0,0.4,1.0,8,0,5,6,2,4,2,0.75,0,0,0,0,0.0,0.0780838027920543,0.0243477435174573,V8,0,2025-12,switch_neutro
2025-12-18,Previa,0.0,0.0,0.0048655812972977,0.0,0.0,0.0,0.0,0.0,0.0,2,1.0,1.0,0.0,2,0,1,0,2,1,1,1.0,0,0,0,0,0.0,0.0308861961930558,0.0308861961930558,V8,0,2025-12,switch_neutro
2025-12-18,Primera,0.1801217105623509,0.2746069547685286,0.0847192408901509,0.0166666666666667,0.0302288541247378,0.0095001430978276,0.0,0.0330627022844348,0.014919143625516,6,1.0,1.0,0.3333333333333333,6,1,1,6,6,2,2,1.0,0,0,0,0,0.1283520113842236,0.0503414811970008,0.0266866841643239,V7,0,2025-12,sin_switch
2025-12-18,Matutino,0.0,0.111018410733795,0.0547581459193979,0.0166666666666667,0.0302288541247378,0.0095001430978276,0.0,0.045,0.0448711121274446,6,1.0,0.6666666666666666,0.3333333333333333,8,0,3,6,6,3,2,0.25,0,0,0,0,0.0235224185597882,0.0240695288962357,0.0235224185597882,V7,0,2025-12,sin_switch
2025-12-18,Vespertino,0.0,0.3216002538574178,0.2545888608646614,0.0072711458752621,0.0374999999999998,0.0156409978007214,0.0041666666666666,0.0172875625083858,0.0181957055711197,8,0.75,1.0,0.0,8,1,3,8,2,4,2,0.75,0,0,0,0,0.0264514700065,0.022147704289113,0.0,V7,0,2025-12,sin_switch
2025-12-18,Nocturno,0.0,0.1373522569050465,0.0814984376345154,0.0074999999999999,0.0074999999999999,0.0062215474437356,0.0214285714285714,0.0257619047619047,0.026956417331948,8,0.75,0.8,0.0,14,1,4,14,8,4,2,0.4285714285714285,0,0,0,0,0.0759966005823001,0.0488554901410956,0.0539389848981734,V7,0,2025-12,sin_switch
2025-12-19,Previa,0.0,0.011507282898072,0.0046029131592288,0.0153135114221747,0.0254692121009253,0.0080334974994188,0.0030627022844349,0.037593842420185,0.0163111722917175,6,1.0,1.0,0.0,6,0,1,0,6,1,1,1.0,0,0,0,0,0.0747592024556564,0.0,0.0,V7,0,2025-12,sin_switch
2025-12-19,Primera,0.0672211587728996,0.150234375732114,0.0616885356596126,0.0052288541247377,0.0236823664461649,0.0093924783440956,0.0951447053655286,0.2182074076499635,0.0712740068144324,6,1.0,1.0,0.3333333333333333,14,0,2,8,8,2,1,0.8571428571428571,0,0,0,0,0.0964268933456982,0.027947416027581,0.027947416027581,V7,0,2025-12,sin_switch
2025-12-19,Matutino,0.3501510471108204,0.3501510471108204,0.1218449519816237,0.0052288541247377,0.0236823664461649,0.0093924783440956,0.0,0.0585457708249477,0.0266533902801566,6,1.0,0.6666666666666666,0.3333333333333333,6,0,3,3,2,3,1,0.6666666666666666,0,0,0,1,0.0219082213729345,0.0513875607217271,0.0,V7,0,2025-12,sin_switch
2025-12-19,Vespertino,0.0,0.7479821623920202,0.3034600371690779,0.0249999999999999,0.043453512321427,0.0150750334709655,0.0947875625083858,0.0983333333333335,0.0340246762532545,8,0.75,1.0,0.25,8,0,4,6,2,4,2,0.75,0,0,0,0,0.0483951589841496,0.0,0.0,V7,0,2025-12,sin_switch
2025-12-19,Nocturno,0.0,0.1667403981291482,0.0661998874319402,0.0184535123214271,0.0184535123214271,0.0077113730472223,0.1170000000000001,0.1253076923076923,0.0484577437436231,2,1.0,0.4,1.0,10,0,5,8,2,5,1,0.6,0,0,0,0,0.0537670699588644,0.0,0.0250084469877007,V7,0,2025-12,sin_switch
2025-12-20,Previa,0.0,0.0,0.1036823338548865,0.0,0.0130929753571457,0.0052371901428582,0.0,0.0351185950714292,0.0140474380285716,3,1.0,1.0,0.0,3,0,1,0,3,1,1,1.0,0,0,0,0,0.0,0.0,0.0,V7,0,2025-12,sin_switch
2025-12-20,Primera,0.0061660271930907,0.2075779511806823,0.1426851044245911,0.0083333333333334,0.0194801780888415,0.0096247340099875,0.0,0.0627124374916141,0.0415677359339699,6,1.0,1.0,0.3333333333333333,6,0,2,4,4,2,1,1.0,0,0,0,0,0.0568950200599294,0.0478873499311015,0.0263100970210039,V7,0,2025-12,sin_switch
2025-12-20,Matutino,0.0,0.18957538844497,0.0755460882278003,0.0083333333333334,0.0194801780888415,0.0104774995379348,0.0,0.0046907024642856,0.0144762812385821,6,1.0,0.6666666666666666,0.3333333333333333,8,0,3,6,2,3,1,0.5,0,0,0,0,0.0724871839413023,0.0479803226339545,0.0759456695966315,V7,0,2025-12,sin_switch
2025-12-20,Vespertino,0.0375436649837253,0.499694051471149,0.2710509279403952,0.0083333333333334,0.0194801780888415,0.0108586405882444,0.0,0.0641907024642854,0.0347248406800114,6,1.0,0.5,0.3333333333333333,8,0,4,7,7,3,2,0.125,0,0,0,0,0.0,0.0241758096247992,0.0,V7,0,2025-12,sin_switch
2025-12-20,Nocturno,0.5917206821510108,0.6780651395103616,0.2046410994867946,0.0083333333333334,0.0302288541247377,0.011914490710886,0.0,0.0832857142857144,0.0538571288712798,6,1.0,0.4,0.3333333333333333,7,0,5,6,4,4,2,0.4285714285714285,0,0,0,0,0.0225825884765094,0.0522491720902248,0.0257096647536325,V7,0,2025-12,sin_switch
2025-12-22,Primera,0.0,0.0,8.881784197001252e-16,0.0,0.0,0.0,0.0,0.0,5.551115123125783e-17,2,0.0,0.5,0.0,2,1,1,2,2,1,1,0.0,0,0,0,0,0.0,0.0130689037433995,0.0130689037433995,V7,0,2025-12,sin_switch
2025-12-22,Matutino,0.0,0.0,0.048083489425329,0.0032967032967032,0.0071428571428571,0.0027655578028581,0.0,0.0553333333333332,0.0254912746885023,14,0.0,0.6666666666666666,0.1428571428571428,10,1,2,10,9,2,1,0.0,0,0,0,0,0.0798984943818156,0.0976901983436083,0.0459821807212148,V7,0,2025-12,sin_switch
2025-12-22,Vespertino,0.0,0.0769959836362659,0.0345201527774784,0.0,0.0069070246428543,0.0085953415960802,0.0,0.0377218426000355,0.0377944839938115,5,0.0,0.75,0.4,4,1,3,4,3,3,2,0.0,0,0,0,0,0.0,0.0255081625049636,0.0482169733320781,V9,0,2025-12,switch_neutro
2025-12-22,Nocturno,0.0,0.0162186043243259,0.007945460986939,0.0,0.0214378125419288,0.0086514971813705,0.0,0.0064278926071436,0.0264384033606033,10,0.0,0.8,0.2,7,1,4,7,4,3,1,0.0,0,0,0,0,0.0205348608513743,0.0557744445645226,0.0352107998962593,V8,0,2025-12,switch_neutro
2025-12-23,Previa,0.0061660271930907,0.0171352144121961,0.0107808251765237,0.0070156997794982,0.0153135114221747,0.0082548035179426,0.0014031399558996,0.0030627022844349,0.0162698431656152,6,1.0,1.0,0.0,6,0,1,0,6,1,1,1.0,0,0,0,0,0.0430055367197336,0.0,0.0,V7,0,2025-12,sin_switch
2025-12-23,Primera,0.0,0.0089257420525683,0.0078077525535329,0.0,0.0042021883573234,0.0039365701968206,0.0,0.0849999999999999,0.0339999999999999,4,1.0,1.0,0.25,4,0,2,3,3,2,1,1.0,0,0,0,0,0.0217901838613062,0.0242613272757078,0.0242613272757078,V7,0,2025-12,sin_switch
2025-12-23,Matutino,0.0,0.0089257420525683,0.0075326691721207,0.0,0.0042021883573234,0.0039365701968206,0.0,0.0186426308690479,0.032008280145471,4,1.0,0.6666666666666666,0.25,5,0,3,3,3,3,2,0.4,0,0,0,0,0.0,0.0255740452177919,0.0217867631456069,V7,0,2025-12,sin_switch
2025-12-23,Vespertino,0.0061660271930907,0.0338919144154887,0.2249168107852538,0.0,0.0107486760358962,0.0044399549517601,0.0,0.0750968600441003,0.0320024752226416,4,1.0,0.5,0.25,5,0,4,4,4,3,2,0.2,0,0,0,0,0.0228910037097691,0.0,0.0466736112261763,V7,0,2025-12,sin_switch
2025-12-23,Nocturno,0.0,0.0,0.0142023469660138,0.0,0.0107486760358962,0.0044399549517601,0.0,0.0315721073928564,0.0177831944404188,4,1.0,0.4,0.25,8,0,5,3,3,3,2,0.625,0,0,0,0,0.0209878632287168,0.0433549222455484,0.0707097516628815,V9,0,2025-12,switch_neutro
2025-12-24,Previa,0.0,0.0,0.0936722368487612,0.0,0.0,0.0,0.0,0.0,0.0,4,1.0,1.0,0.0,4,0,1,0,4,1,1,1.0,0,0,0,0,0.0,0.0250630051829378,0.0250630051829378,V7,0,2025-12,sin_switch
2025-12-24,Primera,0.0,0.0,0.0074322981982761,0.0,0.0,0.0040910016257109,0.0614031399558996,0.0734031399558996,0.0386069300614194,6,1.0,1.0,0.0,6,0,2,4,4,2,1,1.0,0,0,0,0,0.0707107135861378,0.0474985021775439,0.0226906564782901,V7,0,2025-12,sin_switch
2025-12-24,Nocturno,0.0,0.0640627545247358,0.1255182131075506,0.0,0.0088025454342586,0.0048503540850183,0.0,0.0077124374916142,0.0176575745085363,6,1.0,0.4,0.0,6,0,5,4,0,3,0,0.8333333333333334,1,0,0,0,0.0245311580123044,0.0245207931799769,0.0489815670135136,V7,0,2025-12,sin_switch
2025-12-26,Primera,0.0,0.0,0.0919147944140055,0.0114378125419288,0.0267513239641036,0.0097760494245158,0.0572875625083859,0.1153502647928208,0.0439835675950952,8,0.0,0.5,0.0,8,1,1,8,8,1,1,0.0,0,0,0,0,0.0255570301457396,0.0,0.0,V7,0,2025-12,sin_switch
2025-12-26,Matutino,0.0,0.2378955199305572,0.1846164738629587,0.0,0.0160336441426794,0.0089413947152649,0.0,0.0861907024642854,0.04319036407745,7,0.0,0.6666666666666666,0.1428571428571428,10,1,2,10,7,2,1,0.0,0,0,0,0,0.0,0.0238167381719708,0.0,V7,0,2025-12,sin_switch
2025-12-26,Vespertino,0.0,0.143352042179611,0.0653121142363896,0.0,0.0088025454342586,0.0068637292975299,0.0,0.0419999999999999,0.0205757138393786,6,0.0,0.75,0.0,8,2,2,8,7,2,1,0.0,0,0,0,0,0.0249618901369276,0.0453938753860387,0.0233774430772675,V7,0,2025-12,sin_switch
2025-12-26,Nocturno,0.0,0.1816360934419263,0.0932517115245228,0.0,0.0125,0.0060287845893992,0.0,0.0285721073928564,0.0172935852382974,8,0.0,0.8,0.25,8,1,4,8,7,3,2,0.0,0,0,0,1,0.0,0.0221346486088276,0.0440114491964625,V9,1,2025-12,switch_ganador
2025-12-27,Previa,0.0,0.0,0.1036823338548865,0.0,0.0,0.0,0.0,0.0,0.0,2,1.0,1.0,0.0,2,0,1,0,2,1,1,1.0,0,0,0,0,0.0,0.0311576729333868,0.0311576729333868,V8,0,2025-12,switch_neutro
2025-12-27,Primera,0.0,0.109025642303707,0.125921137310038,0.0184535123214272,0.0184535123214272,0.0074506033791702,0.0,0.0,0.029898302674148,2,1.0,1.0,1.0,4,0,2,3,3,2,1,1.0,0,0,0,0,0.0702496235540939,0.0504038561105404,0.0459451045741706,V7,0,2025-12,sin_switch
2025-12-27,Matutino,0.0,0.1844657874958999,0.1043344738684482,0.0,0.0065464876785729,0.0035511554799641,0.0,0.0314031399558996,0.023726273855746,1,1.0,0.6666666666666666,1.0,6,1,2,6,1,3,1,0.5,0,0,0,0,0.0500817761498807,0.049300627904124,0.032860652590958,V7,0,2025-12,sin_switch
2025-12-27,Vespertino,0.0,0.097402467872901,0.0402431432469859,0.0,0.0065464876785727,0.0035511554799641,0.0,0.0851595623285352,0.0405681797422643,1,1.0,0.5,1.0,5,0,4,3,1,3,1,0.8,0,0,0,0,0.0421972457871017,0.0220613604014609,0.0661499492792312,V7,0,2025-12,sin_switch
2025-12-27,Nocturno,0.0,0.0072928622717576,0.0035727582660401,0.0,0.0082978116426765,0.0032163267370057,0.0,0.1251907024642853,0.0536921395899754,1,1.0,0.4,1.0,5,0,5,4,4,3,2,0.2,0,0,0,0,0.0,0.0,0.0755899341102361,V9,0,2025-12,switch_neutro
2025-12-29,Primera,0.0,0.0162186043243259,0.0064874417297303,0.0,0.0184535123214271,0.0074829534219522,0.0,0.0911907024642853,0.0386476906231688,5,0.0,0.5,0.0,5,1,1,5,5,1,1,0.0,0,0,0,0,0.0186308432758291,0.017171194797222,0.017171194797222,V7,0,2025-12,sin_switch
2025-12-29,Matutino,0.0,0.0860586723843148,0.1356403529957435,0.0,0.0022560577556858,0.0034455861380586,0.0,0.0649999999999999,0.030908566650292,6,0.0,0.6666666666666666,0.1666666666666666,7,1,2,7,4,2,1,0.0,0,0,0,0,0.0,0.0251251033074266,0.0251251033074266,V7,0,2025-12,sin_switch
2025-12-29,Vespertino,0.0,0.1978300797738672,0.0961378124882761,0.0,0.0017823201785757,0.0015789132639526,0.0,0.0059278926071436,0.0124118371791368,7,0.0,0.75,0.1428571428571428,7,1,3,7,3,3,1,0.0,0,0,0,0,0.0,0.0359503235502887,0.0359503235502887,V8,0,2025-12,switch_neutro
2025-12-29,Nocturno,0.0,0.0060578746166566,0.0040291701583391,0.0,0.0,0.0078399781019982,0.0,0.0899999999999999,0.0415614857410994,10,0.0,0.8,0.0,9,2,3,9,7,4,2,0.0,0,0,0,0,0.0251574130396789,0.0,0.0226667191998964,V7,0,2025-12,sin_switch
2025-12-30,Previa,0.0,0.0,0.1062540125258522,0.0,0.0130929753571457,0.0064142217679682,0.0,0.0351185950714292,0.0172045276816843,3,1.0,1.0,0.0,3,0,1,0,3,1,1,1.0,0,0,0,0,0.0,0.0,0.0,V7,0,2025-12,sin_switch
2025-12-30,Primera,0.0,0.0072330567087535,0.0578624480132643,0.0,0.0093544792085955,0.005022629156603,0.0285721073928564,0.0628578216785706,0.0266877686960303,8,1.0,1.0,0.125,8,0,2,6,6,2,1,1.0,0,1,0,0,0.0668417425435517,0.0577746555986413,0.020599273386931,V7,1,2025-12,sin_switch
2025-12-30,Matutino,0.0,0.0525554716266638,0.0212360884352609,0.0,0.0093544792085955,0.005022629156603,0.0,0.0316666666666665,0.0129848712785749,8,1.0,0.6666666666666666,0.125,9,1,2,9,6,2,1,0.0,0,0,0,0,0.0215842309530317,0.042625936328132,0.0210417053751003,V7,0,2025-12,sin_switch
2025-12-30,Vespertino,0.0,0.0633772064349207,0.0350593340958062,0.0,0.0215464876785728,0.00948674314083,0.0,0.0625,0.0335230046832687,5,0.8,1.0,0.0,6,0,4,4,4,3,2,0.3333333333333333,0,0,0,0,0.0230195754771502,0.0750312222046662,0.0931405820581523,V9,0,2025-12,switch_neutro
2025-12-30,Nocturno,0.0,0.2879141964058318,0.1171040953650044,0.0,0.0116105369642813,0.0062454549395369,0.0049999999999997,0.048286393107142,0.0339862204390165,8,1.0,0.4,0.125,10,0,5,8,6,3,1,0.2,0,0,0,0,0.0,0.0,0.0489166544908231,V9,0,2025-12,switch_neutro
2025-12-31,Previa,0.0,0.0053412557049803,0.0145119590299498,0.0053605369642814,0.0053605369642814,0.0063608831313309,0.0010721073928563,0.0010721073928563,0.0012721766262662,8,1.0,1.0,0.0,8,0,1,0,8,1,1,1.0,0,0,0,0,0.0508179898884718,0.0,0.0,V7,0,2025-12,sin_switch
2025-12-31,Primera,0.0,0.0162186043243259,0.1095475630708741,0.0,0.0017823201785757,0.0027435034701663,0.0,0.0587845448844704,0.0354657727383081,7,1.0,1.0,0.1428571428571428,6,0,2,4,4,2,1,1.0,0,0,0,0,0.0279220110311623,0.0477312346410923,0.0206377735950429,V7,0,2025-12,sin_switch
2025-12-31,Nocturno,0.010052577131236,0.1779602629545129,0.1361298792302,0.0,0.0061111111111111,0.0051363916081729,0.0,0.0080725979726722,0.0110457442793083,10,0.9,0.6,0.0,7,0,5,4,0,3,0,0.8571428571428571,1,1,0,0,0.0244332199921386,0.0244577879155158,0.0488874481927539,V7,1,2025-12,sin_switch
