fecha,turno,v7_gap12,v7_gap15,v7_sd,v8_gap12,v8_gap15,v8_sd,v9_gap12,v9_gap15,v9_sd,v8_paths1,v8_c0,v8_sources,v8_horizontal,v9_paths1,v9_birth,v9_persist,v9_gains,v9_last_gain,v9_sources,v9_source_gain,v9_c0,v9_stale,V7_T5,V8_T5,V9_T5,conf_V7,conf_V8,conf_V9,elegido,V11_T5,mes,tipo_switch,V13,A_V7,A_V11,A_V13,margin,max_conf,conf_spread,challenger_is_v8,challenger_is_v9,switch,EV_V7,EV_V11,EV_V13,accion,V14
2025-01-02,Primera,0.0,0.0,0.0046029131592288,0.0153135114221747,0.0153135114221747,0.007217723117828,0.0580627022844348,0.0580627022844348,0.0364358037620823,6,0.0,0.5,0.0,6,1,1,6,6,1,1,0.0,0,0,0,0,0.0,0.0,0.0,V7,0,2025-01,sin_switch,0,0,0,0,0.0,0.0,0.0,0,0,,,,,,
2025-01-02,Matutino,0.2756370260661622,0.2856896031973983,0.0876348264456618,0.0,0.0044676798214242,0.0026569963235813,0.0,0.0,0.0241634639814698,8,0.0,0.6666666666666666,0.125,18,1,2,18,12,2,1,0.0,0,0,0,1,0.0840813296511479,0.1389568026683234,0.0576613661140248,V8,0,2025-01,switch_neutro,0,0,0,0,0.05487547301717549,0.1389568026683234,0.08129543655429858,1,0,,,,,,
2025-01-02,Vespertino,0.0,0.0277258872223979,0.0376510846436531,0.0,0.005,0.0022912878474779,0.0,0.0,0.0320929898887592,20,0.0,0.75,0.1,13,1,3,13,4,3,1,0.0,0,0,0,0,0.0773086408980399,0.0989696734984411,0.0481158193266864,V7,0,2025-01,sin_switch,0,0,0,0,0.021661032600401198,0.0989696734984411,0.050853854171754705,0,0,,,,,,
2025-01-02,Nocturno,0.0,0.1326310129147181,0.053878832832023,0.0,0.0031044792085955,0.0042419850371295,0.0,0.0285721073928563,0.0323269559088454,11,0.0,0.8,0.0,10,2,3,10,7,4,2,0.0,0,0,0,0,0.0250803302270946,0.0221427075819427,0.0,V7,0,2025-01,sin_switch,0,0,0,0,0.0,0.0250803302270946,0.0250803302270946,0,0,,,,,,
2025-01-03,Previa,0.0,0.0162186043243259,0.0110148983086193,0.0053605369642814,0.0114378125419288,0.0038604423341819,0.0010721073928563,0.0022875625083857,0.0007720884668363,8,1.0,1.0,0.0,8,0,1,0,8,1,1,1.0,0,0,0,0,0.0486515690985894,0.0,0.0,V7,0,2025-01,sin_switch,0,0,0,0,0.0,0.0486515690985894,0.0486515690985894,0,0,,,,,,
2025-01-03,Primera,0.0,0.010052577131236,0.0091784975382737,0.0,0.0044676798214242,0.0045141231488894,0.0,0.0313092975357144,0.021760002501565,8,1.0,1.0,0.125,5,0,2,4,4,2,1,1.0,0,0,0,0,0.0233856376841927,0.026068281284693,0.0,V7,0,2025-01,sin_switch,0,0,0,0,0.0026826436005003007,0.026068281284693,0.026068281284693,0,0,,,,,,
2025-01-03,Matutino,0.0,0.0379380336940773,0.0301341823035438,0.0,0.0044676798214242,0.0045141231488894,0.0,0.011365421481689,0.0274878752656808,8,1.0,0.6666666666666666,0.125,4,0,3,2,2,3,2,0.5,0,0,0,0,0.0214767528267414,0.0725186156070325,0.0225855705496787,V8,0,2025-01,switch_neutro,0,0,0,0,0.0510418627802911,0.0725186156070325,0.0510418627802911,1,0,,,,,,
2025-01-03,Vespertino,0.0047113214262557,0.010052577131236,0.0047654067652431,0.0,0.0044676798214242,0.0045141231488894,0.0,0.0559274020273276,0.0418375468338467,8,1.0,0.5,0.125,6,0,4,4,2,4,1,0.3333333333333333,0,1,0,0,0.0255429484279356,0.0428633533677914,0.0271519354265892,V7,1,2025-01,sin_switch,0,1,1,0,0.017320404939855802,0.0428633533677914,0.017320404939855802,0,0,,,,,,
2025-01-03,Nocturno,0.0,0.0882793303205247,0.0491732529100608,0.0,0.0598989898989898,0.0307150225763933,0.0,0.0280000000000001,0.0144580016035648,9,0.8888888888888888,0.8,0.1111111111111111,9,1,4,9,3,4,2,0.6666666666666666,0,0,0,0,0.0240105770648041,0.020907776720059,0.0470011279373327,V7,0,2025-01,sin_switch,0,0,0,0,0.0229905508725286,0.0470011279373327,0.0260933512172737,0,0,,,,,,
2025-01-04,Previa,0.0082094723596277,0.0134588894648484,0.0071926349752886,0.0,0.0053605369642814,0.0087747419543896,0.0,0.0010721073928563,0.0017549483908779,8,1.0,1.0,0.0,8,0,1,0,8,1,1,1.0,0,0,0,0,0.033759989780398,0.0,0.0,V7,0,2025-01,sin_switch,0,0,0,0,0.0,0.033759989780398,0.033759989780398,0,0,,,,,,
2025-01-04,Primera,0.0,0.0439444915467248,0.041674753312197,0.0,0.005,0.0069385662408025,0.0275,0.0572875625083858,0.0439652908349302,10,1.0,1.0,0.1,14,0,2,6,6,2,1,1.0,0,0,0,0,0.0649807786995905,0.0265376595318451,0.0,V7,0,2025-01,sin_switch,0,0,0,0,0.0,0.0649807786995905,0.0649807786995905,0,0,,,,,,
2025-01-04,Matutino,0.2743084854265039,0.2991484926622467,0.0909069936839503,0.0,0.005,0.0069385662408025,0.0,0.1158333333333334,0.0558241080796217,10,1.0,0.6666666666666666,0.1,7,0,3,6,3,3,1,0.5714285714285714,0,0,0,0,0.0293594887085986,0.0230181334340585,0.0,V7,0,2025-01,sin_switch,0,0,0,0,0.0,0.0293594887085986,0.0293594887085986,0,0,,,,,,
2025-01-04,Vespertino,0.0,0.1771177914679222,0.0818619230269641,0.0,0.005,0.0069385662408025,0.0,0.162,0.0748250278542442,10,1.0,0.5,0.1,8,0,4,7,1,4,1,0.5,0,0,0,0,0.0490338631107718,0.0233689609520406,0.0,V7,0,2025-01,sin_switch,0,0,0,0,0.0,0.0490338631107718,0.0490338631107718,0,0,,,,,,
2025-01-04,Nocturno,0.0,0.011507282898072,0.0528895018920154,0.0,0.005,0.0069385662408025,0.0,0.1487875625083858,0.0775083528098828,10,1.0,0.4,0.1,8,0,5,6,4,5,2,0.25,0,0,0,0,0.0,0.0,0.0,V7,0,2025-01,sin_switch,0,0,0,0,0.0,0.0,0.0,0,0,,,,,,
2025-01-06,Primera,0.0,0.0089257420525683,0.0075326691721207,0.0,0.0101557006787506,0.0049752569286751,0.0,0.0620311401357501,0.0303889282991331,4,0.0,0.5,0.0,4,1,1,4,4,1,1,0.0,0,0,0,0,0.0,0.0146295416779225,0.0146295416779225,V7,0,2025-01,sin_switch,0,0,0,0,0.0146295416779225,0.0146295416779225,0.0146295416779225,0,0,,,,,,
2025-01-06,Matutino,0.0,0.1216534110189861,0.0748512056221656,0.0035748226785671,0.0069444444444444,0.0042534019653052,0.0,0.0553333333333332,0.0222385592174658,8,0.0,0.6666666666666666,0.25,9,1,2,9,7,2,1,0.0,0,0,0,0,0.041658224044438,0.0729328971649563,0.0242971754461027,V8,0,2025-01,switch_neutro,0,0,0,0,0.03127467312051829,0.0729328971649563,0.048635721718853595,1,0,,,,,,
2025-01-06,Vespertino,0.0,0.0501374542190191,0.0245622359677497,0.0156044792085955,0.0178605369642814,0.028254384695131,0.0585721073928562,0.0585721073928562,0.027571598726943,8,0.0,0.75,0.25,8,2,2,8,4,3,1,0.0,0,0,0,0,0.0496227287309895,0.0471207252430703,0.0240136590820778,V7,0,2025-01,sin_switch,0,0,0,0,0.0,0.0496227287309895,0.025609069648911704,0,0,,,,,,
2025-01-06,Nocturno,0.0,0.0884215054813344,0.0392876585855501,0.0,0.0363531552444919,0.0146668049399643,0.0,0.034,0.0166565302509256,4,0.0,0.8,0.0,9,3,2,9,7,2,1,0.0,0,0,0,0,0.0270625133727417,0.021964733975654,0.021964733975654,V7,0,2025-01,sin_switch,0,0,0,0,0.0,0.0270625133727417,0.0050977793970877,0,0,,,,,,
2025-01-07,Previa,0.0,0.0089257420525683,0.0043727027208989,0.0,0.0101557006787506,0.0049752569286751,0.0,0.03453114013575,0.0169167347138256,4,1.0,1.0,0.0,4,0,1,0,4,1,1,1.0,0,0,0,0,0.0,0.0,0.0,V7,0,2025-01,sin_switch,0,0,0,0,0.0,0.0,0.0,0,0,,,,,,
2025-01-07,Primera,0.0,0.2104972353806049,0.0860503247316202,0.0,0.005,0.0043376611462323,0.0,0.0732149645357134,0.0551152689317956,10,1.0,1.0,0.1,10,0,2,9,9,2,1,1.0,0,0,0,0,0.0466916728686836,0.0249407333793109,0.0,V7,0,2025-01,sin_switch,0,0,0,0,0.0,0.0466916728686836,0.0466916728686836,0,0,,,,,,
2025-01-07,Matutino,0.0,0.0530298029397373,0.0384939844065843,0.0,0.005,0.0043376611462323,0.0,0.0545231307023817,0.0330909508417062,10,1.0,0.6666666666666666,0.1,7,1,2,7,4,3,1,0.4285714285714285,0,0,0,0,0.0242477063147992,0.0468518054478904,0.0,V7,0,2025-01,sin_switch,0,0,0,0,0.0226040991330912,0.0468518054478904,0.0468518054478904,0,0,,,,,,
2025-01-07,Vespertino,0.0,0.0162186043243259,0.2880955057708436,0.0,0.005,0.0043376611462323,0.0,0.0278092975357145,0.0191052842650774,10,1.0,0.5,0.1,5,1,3,5,4,4,2,0.2,0,0,0,0,0.0309670390637921,0.0525678664919768,0.0714920423604038,V9,0,2025-01,switch_neutro,0,0,0,0,0.0405250032966117,0.0714920423604038,0.0405250032966117,0,1,,,,,,
2025-01-07,Nocturno,0.0,0.6235479661316372,0.2534437604747919,0.0,0.005,0.0043376611462323,0.0,0.0137875625083858,0.0247777871389321,10,1.0,0.4,0.1,10,1,4,10,3,5,2,0.4,0,0,0,0,0.0226022079869097,0.0697720853207067,0.0232834969066368,V8,0,2025-01,switch_neutro,0,0,0,0,0.047169877333796996,0.0697720853207067,0.047169877333796996,1,0,,,,,,
2025-01-08,Previa,0.0,0.2116406777378046,0.1036823338548864,0.0,0.0,0.0,0.0,0.0,0.0,2,1.0,1.0,0.0,2,0,1,0,2,1,1,1.0,0,0,0,0,0.0,0.0277069951252776,0.0277069951252776,V7,0,2025-01,sin_switch,0,0,0,0,0.0277069951252776,0.0277069951252776,0.0277069951252776,0,0,,,,,,
2025-01-08,Primera,0.2026763862381839,0.2088424134312747,0.0838068785602308,0.0184535123214272,0.0184535123214272,0.0061873242057144,0.0,0.0323814049285707,0.015932598679595,2,1.0,1.0,1.0,8,1,1,8,8,2,2,0.5,0,0,0,0,0.0483857257292009,0.0492518092073495,0.0240497712705309,V7,0,2025-01,sin_switch,0,0,0,0,0.0008660834781486007,0.0492518092073495,0.0252020379368186,0,0,,,,,,
2025-01-08,Matutino,0.3840429615263092,0.3840429615263092,0.1176117171821029,0.0184535123214272,0.0184535123214272,0.006879112118163,0.0,0.0852124374916142,0.046968641076051,2,1.0,0.6666666666666666,1.0,6,0,3,5,4,3,1,0.3333333333333333,0,0,0,1,0.0,0.0297955480639081,0.0,V7,0,2025-01,sin_switch,0,0,0,0,0.0297955480639081,0.0297955480639081,0.0297955480639081,0,0,,,,,,
2025-01-08,Vespertino,0.0,0.6643888947126158,0.2713783056942512,0.0184535123214271,0.0184535123214271,0.0122406752868747,0.0,0.0833333333333333,0.0333837419905339,2,1.0,0.5,1.0,9,0,4,8,5,3,1,0.1111111111111111,0,0,0,0,0.0,0.0269348435697128,0.0223077868894042,V7,0,2025-01,sin_switch,0,0,0,0,0.0269348435697128,0.0269348435697128,0.0269348435697128,0,0,,,,,,
2025-01-08,Nocturno,0.0,0.2006132673964353,0.1147591450648816,0.0184535123214271,0.0184535123214271,0.0122406752868747,0.0,0.0629292502499991,0.0324390144766611,2,1.0,0.4,1.0,10,0,5,9,3,5,1,0.2,0,0,0,0,0.0238708395347457,0.0218760722565617,0.0605020446384939,V9,0,2025-01,switch_neutro,0,0,0,0,0.036631205103748204,0.0605020446384939,0.0386259723819322,0,1,,,,,,
2025-01-09,Previa,0.0,0.1912076527871642,0.0951856197416474,0.0,0.0,0.0046539267095689,0.0,0.0,0.0158241563505202,4,1.0,1.0,0.0,4,0,1,0,4,1,1,1.0,0,0,0,0,0.0,0.0,0.0,V7,0,2025-01,sin_switch,0,0,0,0,0.0,0.0,0.0,0,0,,,,,,
2025-01-09,Primera,0.0,0.0134588894648484,0.0205177159654382,0.0114378125419289,0.0142513239641037,0.0056300022988235,0.0,0.026937297715565,0.0248999315602435,2,1.0,1.0,1.0,4,0,2,3,3,2,1,1.0,0,0,0,0,0.0651026904239483,0.0445224466489196,0.0445749564734209,V7,0,2025-01,sin_switch,0,0,0,0,0.0,0.0651026904239483,0.0205802437750287,0,0,,,,,,
2025-01-09,Matutino,0.4360727727996547,0.4522913771239807,0.1347580780089458,0.0028135114221747,0.0028135114221747,0.0038770480249762,0.0,0.0400000000000001,0.0228929322638549,6,1.0,0.6666666666666666,0.0,6,0,3,5,3,3,1,0.5,0,0,0,0,0.0216352354756196,0.0532795803637615,0.0,V8,0,2025-01,switch_neutro,0,0,0,0,0.0316443448881419,0.0532795803637615,0.0532795803637615,1,0,,,,,,
2025-01-09,Vespertino,0.4522913771239807,0.5129869953829171,0.1659576080448213,0.0070156997794982,0.0088025454342586,0.006478798012364,0.0,0.0497875625083857,0.0446263748411241,6,1.0,0.5,0.0,8,0,4,6,4,4,2,0.5,0,1,0,0,0.0222436726234939,0.0308048732491974,0.0265948022255468,V7,1,2025-01,sin_switch,1,1,1,1,0.008561200625703497,0.0308048732491974,0.008561200625703497,0,0,,,,,,
2025-01-09,Nocturno,0.4606851610932061,0.5849223900386988,0.1843471745539615,0.0070156997794982,0.013562187458071,0.0105758367927804,0.0,0.0957875625083859,0.056084929405208,6,1.0,0.4,0.0,10,0,5,8,2,5,1,0.4,0,0,0,0,0.0237617050012095,0.0329927652027741,0.0239659391333931,V7,0,2025-01,sin_switch,0,0,0,0,0.009231060201564605,0.0329927652027741,0.009231060201564605,0,0,,,,,,
2025-01-10,Previa,0.0,0.0277258872223979,0.0185445467417102,0.0,0.0184535123214271,0.009994685055763,0.0,0.0036907024642854,0.0019989370111526,9,1.0,1.0,0.0,9,0,1,0,9,1,1,1.0,0,0,0,0,0.0455483328263552,0.0,0.0,V7,0,2025-01,sin_switch,0,0,0,0,0.0,0.0455483328263552,0.0455483328263552,0,0,,,,,,
2025-01-10,Primera,0.0,0.0510025544485737,0.0293288692972538,0.01,0.0214378125419288,0.0088115604016911,0.055,0.1786907024642854,0.0656632152846438,10,1.0,1.0,0.2,14,0,2,6,6,2,1,1.0,0,0,0,0,0.0538814770175615,0.0258121212509547,0.0258121212509547,V7,0,2025-01,sin_switch,0,0,0,0,0.0,0.0538814770175615,0.0280693557666068,0,0,,,,,,
2025-01-10,Matutino,0.0,0.3359758512865598,0.1719345265137243,0.01518196553571,0.0426878125419288,0.0176762647887549,0.0399999999999999,0.0399999999999999,0.021203672781925,16,0.875,1.0,0.0,16,0,3,8,2,3,1,0.875,0,0,0,0,0.0503513664048143,0.0,0.0,V7,0,2025-01,sin_switch,0,0,0,0,0.0,0.0503513664048143,0.0503513664048143,0,0,,,,,,
2025-01-10,Vespertino,0.0,0.0277258872223979,0.0415789797336064,0.0,0.0239378125419288,0.0136578193523483,0.0,0.0507614522142861,0.0240437831492365,8,0.75,1.0,0.0,7,1,3,7,6,4,2,0.1428571428571428,0,0,0,0,0.0698221320787731,0.0501708722109975,0.0229019777975853,V7,0,2025-01,sin_switch,0,0,0,0,0.0,0.0698221320787731,0.046920154281187794,0,0,,,,,,
2025-01-10,Nocturno,0.0,0.0,0.0280202715285665,0.0187499999999999,0.0274999999999999,0.0086899931497527,0.0,0.0985000000000001,0.0389066010342011,10,1.0,0.4,0.2,8,0,5,6,3,5,2,0.25,0,0,0,0,0.0,0.0,0.0,V7,0,2025-01,sin_switch,0,0,0,0,0.0,0.0,0.0,0,0,,,,,,
2025-01-11,Previa,0.0061660271930907,0.0082094723596277,0.0116432378506133,0.0070156997794982,0.0153135114221747,0.006542385308614,0.0014031399558996,0.0030627022844349,0.0106209683893311,6,1.0,1.0,0.0,6,0,1,0,6,1,1,1.0,0,0,0,0,0.0431232388490495,0.0,0.0,V7,0,2025-01,sin_switch,0,0,0,0,0.0,0.0431232388490495,0.0431232388490495,0,0,,,,,,
2025-01-11,Primera,0.0,0.0134588894648484,0.0088541851985711,0.0053605369642814,0.0114378125419288,0.0043387378174656,0.0,0.0422875625083858,0.0199731401763674,8,1.0,1.0,0.0,8,0,2,7,7,2,1,0.875,0,0,0,0,0.0455214801055965,0.055871016036604,0.0232123485574187,V7,0,2025-01,sin_switch,0,0,0,0,0.0103495359310075,0.055871016036604,0.032658667479185305,0,0,,,,,,
2025-01-11,Matutino,0.0,0.0204330249506403,0.0873636517915344,0.0,0.0397035123214271,0.0165430335660358,0.0858333333333334,0.1049999999999999,0.0473249875128694,8,0.875,1.0,0.0,12,0,3,10,4,3,1,0.5,0,0,0,0,0.0284811218155339,0.0245024248976684,0.0245024248976684,V7,0,2025-01,sin_switch,0,0,0,0,0.0,0.0284811218155339,0.003978696917865499,0,0,,,,,,
2025-01-11,Vespertino,0.0,0.0,0.0418219447732237,0.0,0.0176878125419288,0.0077636370186382,0.1603578216785706,0.194278836221392,0.0607033936995123,8,0.875,0.75,0.0,14,0,4,12,2,4,1,0.4285714285714285,0,0,0,0,0.0659872434012042,0.0247908268018936,0.0247908268018936,V7,0,2025-01,sin_switch,0,0,0,0,0.0,0.0659872434012042,0.0411964165993106,0,0,,,,,,
2025-01-11,Nocturno,0.0,0.0265801253624662,0.0126423752044744,0.0087499999999999,0.0114378125419288,0.0038547416741538,0.0,0.0780011694012436,0.0363464712554455,8,1.0,0.4,0.0,7,0,5,5,4,3,1,0.2857142857142857,0,0,0,0,0.0305031945047519,0.0291593932440517,0.0270358347783318,V7,0,2025-01,sin_switch,0,0,0,0,0.0,0.0305031945047519,0.003467359726420101,0,0,,,,,,
2025-01-13,Primera,0.0,0.0,8.881784197001252e-16,0.0,0.0,0.0,0.0,0.0,5.551115123125783e-17,2,0.0,0.5,0.0,2,1,1,2,2,1,1,0.0,0,0,0,0,0.0,0.0130689037433995,0.0130689037433995,V7,0,2025-01,sin_switch,0,0,0,0,0.0130689037433995,0.0130689037433995,0.0130689037433995,0,0,,,,,,
2025-01-13,Matutino,0.1926238091069478,0.2026763862381839,0.0779156460171905,0.0,0.0111111111111111,0.0046839908484052,0.0,0.0553333333333332,0.0272730837798931,9,0.0,0.6666666666666666,0.2222222222222222,10,1,2,10,8,2,1,0.0,0,0,1,1,0.0465242363878501,0.0735419307421402,0.0225700633544671,V7,0,2025-01,sin_switch,0,0,0,0,0.0270176943542901,0.0735419307421402,0.050971867387673106,0,0,,,,,,
2025-01-13,Vespertino,0.5480057448770737,0.568438769827714,0.1719229387938079,0.0,0.0035353535353535,0.0028019823150179,0.0,0.0285721073928564,0.0300280778620212,11,0.0,0.75,0.1818181818181818,10,1,3,10,5,3,1,0.0,0,0,0,0,0.0,0.04676153987098,0.0219251740807464,V8,0,2025-01,switch_neutro,0,0,0,0,0.04676153987098,0.04676153987098,0.04676153987098,1,0,,,,,,
2025-01-13,Nocturno,0.0053189154537864,0.4685099814483076,0.2153903565414044,0.0,0.0102358325000028,0.0096412714447767,0.0,0.1179278926071436,0.0513063876856208,7,0.0,0.8,0.1428571428571428,7,1,4,7,4,4,2,0.0,0,0,0,0,0.0220954480081107,0.0,0.0312709193016913,V7,0,2025-01,sin_switch,0,0,0,0,0.009175471293580598,0.0312709193016913,0.0312709193016913,0,0,,,,,,
2025-01-14,Previa,0.0,0.011507282898072,0.0046029131592288,0.0,0.0184535123214271,0.0074829534219521,0.0,0.0361907024642853,0.0173311902637089,5,1.0,1.0,0.0,5,0,1,0,5,1,1,1.0,0,0,0,0,0.0,0.0,0.0,V7,0,2025-01,sin_switch,0,0,0,0,0.0,0.0,0.0,0,0,,,,,,
2025-01-14,Primera,0.3532101466071582,0.4848050547711882,0.1494291765056452,0.0052288541247377,0.0052288541247378,0.0040053770192329,0.0103571428571428,0.0676447053655286,0.0356071751099275,6,1.0,1.0,0.3333333333333333,14,0,2,12,12,2,1,0.8571428571428571,0,0,0,0,0.0237953792008756,0.0422683940219711,0.0231442116166956,V7,0,2025-01,sin_switch,0,0,0,0,0.0184730148210955,0.0422683940219711,0.0191241824052755,0,0,,,,,,
2025-01-14,Matutino,0.0,0.184690023588196,0.0900786963858525,0.0052288541247377,0.0052288541247378,0.0057253244396977,0.0214999999999999,0.0264999999999999,0.0228894305905016,6,1.0,0.6666666666666666,0.3333333333333333,10,0,3,8,4,3,1,0.2,0,0,0,0,0.0227706530457491,0.0227706530457491,0.0476965175296813,V7,0,2025-01,sin_switch,0,0,0,0,0.0249258644839322,0.0476965175296813,0.0249258644839322,0,0,,,,,,
2025-01-14,Vespertino,0.0,0.4746983488925931,0.2021486190364668,0.0,0.0660680344642898,0.0271094805673491,0.0,0.0983333333333333,0.0536714884865083,7,0.8571428571428571,1.0,0.0,8,0,4,7,6,4,2,0.25,0,0,0,0,0.0249597937879491,0.0257333805763749,0.0488221714256349,V7,0,2025-01,sin_switch,0,0,0,0,0.0238623776376858,0.0488221714256349,0.0238623776376858,0,0,,,,,,
2025-01-14,Nocturno,0.0,0.1189566417838108,0.0494141460918839,0.0,0.0597711458752622,0.0299757486390703,0.0,0.1245006788214277,0.0662115121552693,10,0.9,0.8,0.0,15,0,5,13,6,4,2,0.6,0,0,0,0,0.0235294601974088,0.0258352702300513,0.0518637072464875,V7,0,2025-01,sin_switch,0,0,0,0,0.0283342470490787,0.0518637072464875,0.0283342470490787,0,0,,,,,,
2025-01-15,Previa,0.0,0.0,8.881784197001252e-16,0.0153135114221747,0.0254692121009253,0.0080334974994188,0.0030627022844349,0.037593842420185,0.0163111722917175,6,1.0,1.0,0.0,6,0,1,0,6,1,1,1.0,0,0,0,0,0.0722537899929932,0.0,0.0,V7,0,2025-01,sin_switch,0,0,0,0,0.0,0.0722537899929932,0.0722537899929932,0,0,,,,,,
2025-01-15,Primera,0.0,0.0,0.0799666685514825,0.0,0.0084535123214271,0.0057675139010407,0.0,0.0572875625083858,0.0369317639434622,9,1.0,1.0,0.0,9,0,2,6,6,2,1,1.0,0,0,0,0,0.0434795741655884,0.0712378964712067,0.0379995222400344,V7,0,2025-01,sin_switch,0,0,0,0,0.027758322305618296,0.0712378964712067,0.03323837423117229,0,0,,,,,,
2025-01-15,Matutino,0.0,0.2089685785584523,0.1507903356042487,0.0,0.0084535123214271,0.006653661321313,0.0274999999999999,0.0483333333333333,0.0262846138301223,9,1.0,0.6666666666666666,0.0,12,0,3,10,6,3,1,0.5,0,0,0,0,0.0,0.0244721546647134,0.0237032616565231,V7,0,2025-01,sin_switch,0,0,0,0,0.0244721546647134,0.0244721546647134,0.0244721546647134,0,0,,,,,,
2025-01-15,Vespertino,0.0,0.0224986420316488,0.0099455144271293,0.0,0.0499999999999999,0.0244635181420767,0.0,0.1023484848484849,0.048111550629226,11,0.8181818181818182,1.0,0.0,11,0,4,8,2,4,2,0.8181818181818182,0,0,0,0,0.0289326607891914,0.0315176539933172,0.0550799351157139,V7,0,2025-01,sin_switch,0,0,0,0,0.0261472743265225,0.0550799351157139,0.0261472743265225,0,0,,,,,,
2025-01-15,Nocturno,0.0,0.3213501051747842,0.1285400420699137,0.0,0.0284535123214271,0.0124957039384581,0.0,0.0455,0.0374031227908606,11,0.8181818181818182,0.8,0.0,8,0,5,7,2,5,1,0.375,0,0,0,0,0.023070360159516,0.0,0.0242245194552569,V7,0,2025-01,sin_switch,0,0,0,0,0.0011541592957409023,0.0242245194552569,0.0242245194552569,0,0,,,,,,
2025-01-16,Previa,0.0,0.0162186043243259,0.007945460986939,0.0,0.0,0.0,0.0,0.0,0.0,2,1.0,1.0,0.0,2,0,1,0,2,1,1,1.0,0,0,0,0,0.0,0.0321513617660112,0.0321513617660112,V8,0,2025-01,switch_neutro,0,0,0,0,0.0321513617660112,0.0321513617660112,0.0321513617660112,1,0,,,,,,
2025-01-16,Primera,0.0,0.0,0.0,0.0,0.0184535123214272,0.0091705839240409,0.0,0.04,0.0267191189098699,2,1.0,1.0,1.0,3,0,2,2,2,2,1,1.0,0,0,0,0,0.0,0.0216866467297098,0.025651111159072,V7,0,2025-01,sin_switch,0,0,0,0,0.025651111159072,0.025651111159072,0.025651111159072,0,0,,,,,,
2025-01-16,Matutino,0.0,0.0722029011570084,0.0326857871122139,0.0184535123214272,0.0184535123214272,0.0073104435477626,0.0,0.1396907024642855,0.0591036889181946,2,1.0,0.6666666666666666,1.0,12,0,3,11,9,3,1,0.0833333333333333,0,0,0,0,0.0263058179451963,0.0,0.0261235299838912,V7,0,2025-01,sin_switch,0,0,0,0,0.0,0.0263058179451963,0.0263058179451963,0,0,,,,,,
2025-01-16,Vespertino,0.0,0.0262902266037636,0.024343900512163,0.0249999999999999,0.0249999999999999,0.0101923381268403,0.0,0.0348802735595245,0.0313093200664487,2,1.0,0.5,1.0,7,0,4,5,2,4,1,0.2857142857142857,0,0,0,0,0.029587582945604,0.0262780029976976,0.0816084895454173,V9,0,2025-01,switch_neutro,0,0,0,0,0.0520209065998133,0.0816084895454173,0.0553304865477197,0,1,,,,,,
2025-01-16,Nocturno,0.0,0.0,0.0,0.0249999999999999,0.0249999999999999,0.0126105724137697,0.0,0.0645011694012437,0.033317387148311,2,1.0,0.4,1.0,7,0,5,5,2,5,2,0.2857142857142857,0,0,0,1,0.0227633343683255,0.0,0.0635589283241024,V9,1,2025-01,switch_ganador,0,0,1,0,0.04079559395577689,0.0635589283241024,0.0635589283241024,0,1,,,,,,
2025-01-17,Previa,0.0,0.0,8.881784197001252e-16,0.0,0.0,0.0049752569286751,0.0,0.0,0.0169167347138256,4,1.0,1.0,0.0,4,0,1,0,4,1,1,1.0,0,0,0,0,0.0168487793685081,0.0,0.0,V7,0,2025-01,sin_switch,0,0,0,0,0.0,0.0168487793685081,0.0168487793685081,0,0,,,,,,
2025-01-17,Primera,0.0,0.0061660271930907,0.0052199081679395,0.0,0.0060772755776474,0.0051712284407566,0.0494031399558996,0.0587845448844704,0.0207170626684551,7,1.0,1.0,0.0,6,0,2,4,4,2,1,1.0,0,0,0,0,0.0476483557187225,0.0282838727687069,0.0,V7,0,2025-01,sin_switch,0,0,0,0,0.0,0.0476483557187225,0.0476483557187225,0,0,,,,,,
2025-01-17,Matutino,0.0,0.0039983855902585,0.0015993542361034,0.0,0.0060772755776474,0.0051712284407566,0.0,0.0049528334999994,0.01146893406344,7,1.0,0.6666666666666666,0.0,5,0,3,4,4,3,2,0.2,0,0,0,1,0.0481118150503385,0.0525194846719392,0.0440542689955448,V7,0,2025-01,sin_switch,0,0,0,0,0.0044076696216006975,0.0525194846719392,0.008465215676394397,0,0,,,,,,
2025-01-17,Vespertino,0.0,0.0105910220289366,0.0075346482039114,0.0,0.0462312900992049,0.0198232340011818,0.0,0.0191666666666668,0.0203798771927584,9,0.7777777777777778,1.0,0.0,9,0,4,5,3,4,2,0.6666666666666666,0,0,0,0,0.0297724610747021,0.0472103759730371,0.0222544497391722,V7,0,2025-01,sin_switch,0,0,0,0,0.017437914898335002,0.0472103759730371,0.0249559262338649,0,0,,,,,,
2025-01-17,Nocturno,0.0,0.0204330249506403,0.034532309642309,0.0,0.0368955207914044,0.0168095765871042,0.0,0.0436363636363636,0.0235683960618726,6,0.8333333333333334,0.8,0.0,12,0,5,8,3,5,1,0.5,0,0,0,0,0.0219710737521815,0.0,0.0476900209875718,V7,0,2025-01,sin_switch,0,0,0,0,0.025718947235390303,0.0476900209875718,0.0476900209875718,0,0,,,,,,
2025-01-18,Previa,0.0,0.0,8.881784197001252e-16,0.0,0.0,0.0,0.0,0.0,0.0,2,1.0,1.0,0.0,2,0,1,0,2,1,1,1.0,0,0,0,0,0.0,0.0285689383382658,0.0285689383382658,V7,0,2025-01,sin_switch,0,0,0,0,0.0285689383382658,0.0285689383382658,0.0285689383382658,0,0,,,,,,
2025-01-18,Primera,0.0047113214262557,0.345173757046747,0.1619468181224526,0.0142513239641035,0.0178605369642813,0.0096033062922789,0.0285721073928564,0.0285721073928564,0.0778815987921719,8,1.0,1.0,0.25,8,0,2,6,6,2,1,1.0,0,0,0,0,0.0987409933774965,0.023369545747544,0.023369545747544,V7,0,2025-01,sin_switch,0,0,0,0,0.0,0.0987409933774965,0.0753714476299525,0,0,,,,,,
2025-01-18,Matutino,0.0,0.0,8.881784197001252e-16,0.0117513239641036,0.0153605369642814,0.0090725198091808,0.1443333333333334,0.1513502647928207,0.0490216789638359,10,0.8,1.0,0.4,10,0,3,8,2,3,1,0.8,0,0,0,0,0.0993320223248485,0.0250237079154779,0.0250237079154779,V7,0,2025-01,sin_switch,0,0,0,0,0.0,0.0993320223248485,0.07430831440937061,0,0,,,,,,
2025-01-18,Vespertino,0.0,0.2049180057652231,0.1090115569742105,0.0036092130001778,0.0036092130001778,0.0123724514070288,0.068,0.0681907024642854,0.0249074034083908,4,1.0,0.5,0.5,10,0,4,8,0,3,0,0.8,1,0,0,0,0.0733188135712144,0.0,0.0488724644391073,V7,0,2025-01,sin_switch,0,0,0,0,0.0,0.0733188135712144,0.0733188135712144,0,0,,,,,,
2025-01-18,Nocturno,0.0,0.0188001451698287,0.0100535319831208,0.0036092130001778,0.0036092130001778,0.0131777536057687,0.0,0.086,0.041485340671558,4,1.0,0.4,0.5,8,1,4,8,4,4,2,0.0,0,0,0,0,0.0,0.0510602185374875,0.0504376919060632,V8,0,2025-01,switch_neutro,0,0,0,0,0.0510602185374875,0.0510602185374875,0.0510602185374875,1,0,,,,,,
2025-01-20,Primera,0.0,0.0,8.881784197001252e-16,0.0,0.0101557006787506,0.0073869986255844,0.0,0.0620311401357501,0.0394179699492512,4,0.0,0.5,0.0,4,1,1,4,4,1,1,0.0,0,0,0,0,0.0,0.0136286263815285,0.0136286263815285,V7,0,2025-01,sin_switch,0,0,0,0,0.0136286263815285,0.0136286263815285,0.0136286263815285,0,0,,,,,,
2025-01-20,Matutino,0.0,0.0162186043243259,0.0074322981982761,0.0,0.0044676798214242,0.0022869367009111,0.0,0.0553333333333332,0.0221983897207111,8,0.0,0.6666666666666666,0.125,8,1,2,8,5,2,1,0.0,0,0,0,0,0.0,0.0505468036356256,0.0300186590534806,V8,0,2025-01,switch_neutro,0,0,0,0,0.0505468036356256,0.0505468036356256,0.0505468036356256,1,0,,,,,,
2025-01-20,Vespertino,0.0,0.0431882537208538,0.0235644567569872,0.0,0.0017823201785757,0.0014396023519153,0.0,0.0059278926071436,0.0274951606893407,7,0.0,0.75,0.1428571428571428,7,1,3,7,3,3,1,0.0,0,0,0,0,0.0,0.0430967911251628,0.0430967911251628,V8,0,2025-01,switch_neutro,0,0,0,0,0.0430967911251628,0.0430967911251628,0.0430967911251628,1,0,,,,,,
2025-01-20,Nocturno,0.0,0.0162186043243259,0.057734998462062,0.0,0.01,0.0109612159435483,0.0,0.0501907024642854,0.0200762809857141,5,0.0,0.8,0.2,5,1,4,5,1,4,2,0.0,0,0,0,0,0.0,0.0490800286349592,0.0509851892041084,V9,0,2025-01,switch_neutro,0,0,0,0,0.0509851892041084,0.0509851892041084,0.0509851892041084,0,1,,,,,,
2025-01-21,Previa,0.0,0.0,8.881784197001252e-16,0.0,0.0232486760358963,0.0092994704143585,0.0,0.0696497352071793,0.0278598940828717,4,1.0,1.0,0.0,4,0,1,0,4,1,1,1.0,0,0,0,0,0.0,0.0,0.0,V7,0,2025-01,sin_switch,0,0,0,0,0.0,0.0,0.0,0,0,,,,,,
2025-01-21,Primera,0.1691721480738683,0.1792247252051044,0.0763932746357163,0.0,0.0080013239641035,0.006728967200918,0.0,0.004,0.0156253065276055,8,1.0,1.0,0.125,12,0,2,10,10,2,1,0.8333333333333334,0,0,0,0,0.0477923699629515,0.0762617039430293,0.025580465203161,V7,0,2025-01,sin_switch,0,0,0,0,0.028469333980077796,0.0762617039430293,0.050681238739868295,0,0,,,,,,
2025-01-21,Matutino,0.0,0.0667946126348884,0.159463595476206,0.0,0.0178193584283935,0.0091479046168192,0.0,0.0277272727272726,0.0691428071321296,7,0.8571428571428571,1.0,0.0,11,0,3,9,4,3,1,0.2727272727272727,0,0,0,0,0.0,0.0,0.0,V7,0,2025-01,sin_switch,0,0,0,0,0.0,0.0,0.0,0,0,,,,,,
2025-01-21,Vespertino,0.150234375732114,0.2653700718259442,0.1984844129975713,0.0,0.0084535123214271,0.006302348218707,0.0,0.0206818181818182,0.0641370151517667,8,1.0,0.5,0.0,9,0,4,7,6,4,2,0.3333333333333333,0,0,0,0,0.025281835492371,0.0,0.0518219859156462,V7,0,2025-01,sin_switch,0,0,0,0,0.026540150423275198,0.0518219859156462,0.0518219859156462,0,0,,,,,,
2025-01-21,Nocturno,0.4347040448580239,0.5168317317273505,0.1603210099956679,0.0,0.0084535123214271,0.0077780236238149,0.0,0.0301057443265674,0.0215626335661157,8,1.0,0.4,0.0,11,0,5,9,4,3,1,0.1818181818181818,0,0,0,0,0.0,0.0389804939204978,0.0444011192241088,V9,0,2025-01,switch_neutro,0,0,0,0,0.0444011192241088,0.0444011192241088,0.0444011192241088,0,1,,,,,,
2025-01-22,Previa,0.0,0.1829981804275364,0.096160340563379,0.0153135114221747,0.0254692121009253,0.0080334974994188,0.0030627022844349,0.037593842420185,0.0163111722917175,6,1.0,1.0,0.0,6,0,1,0,6,1,1,1.0,0,0,0,0,0.0837397097996977,0.0224468298106749,0.0224468298106749,V7,0,2025-01,sin_switch,0,0,0,0,0.0,0.0837397097996977,0.0612928799890228,0,0,,,,,,
2025-01-22,Primera,0.0162186043243259,0.0680299360951917,0.0324855366588606,0.0031044792085956,0.0142513239641037,0.0071816831409245,0.0,0.0285968600441003,0.0271502070675669,2,1.0,1.0,1.0,5,0,2,3,3,2,1,1.0,0,0,0,0,0.0604936448583624,0.0421840295649257,0.0447012718990747,V7,0,2025-01,sin_switch,0,0,0,0,0.0,0.0604936448583624,0.0183096152934367,0,0,,,,,,
2025-01-22,Matutino,0.010052577131236,0.0324372086486528,0.0363479140780525,0.0,0.0171358787675919,0.0080554901122776,0.0,0.0572875625083858,0.031805468644989,6,1.0,0.6666666666666666,0.1666666666666666,8,0,3,6,3,3,1,0.625,0,0,0,0,0.0,0.0475812553007786,0.0703392575380621,V9,0,2025-01,switch_neutro,0,0,0,0,0.0703392575380621,0.0703392575380621,0.0703392575380621,0,1,,,,,,
2025-01-22,Vespertino,0.0,0.011507282898072,0.1581290241454153,0.0,0.0065464876785727,0.0028264811816502,0.0,0.0269999999999999,0.0176629391580492,1,1.0,0.5,1.0,10,1,3,10,4,4,2,0.6,0,0,0,0,0.0239487005519954,0.0232255555626618,0.0996522556620272,V9,0,2025-01,switch_neutro,0,0,0,0,0.07570355511003181,0.0996522556620272,0.0764267000993654,0,1,,,,,,
2025-01-22,Nocturno,0.0,0.1373522569050465,0.0690690755555552,0.0,0.0065464876785727,0.0028264811816502,0.0185,0.0364292502499993,0.0187922625071402,1,1.0,0.4,1.0,8,1,4,8,4,4,2,0.0,0,0,0,0,0.0,0.0449014844980593,0.0957674902389807,V9,0,2025-01,switch_neutro,0,0,0,0,0.0957674902389807,0.0957674902389807,0.0957674902389807,0,1,,,,,,
2025-01-23,Previa,0.0171352144121961,0.0171352144121961,0.0130298676815749,0.0,0.0254692121009253,0.0153774636018768,0.0,0.037593842420185,0.0273452127606867,6,1.0,1.0,0.0,6,0,1,0,6,1,1,1.0,0,0,0,0,0.0207303049513424,0.0,0.0,V7,0,2025-01,sin_switch,0,0,0,0,0.0,0.0207303049513424,0.0207303049513424,0,0,,,,,,
2025-01-23,Primera,0.0,0.2421368661206484,0.1247273855914272,0.0124999999999999,0.0239378125419288,0.0100795628816811,0.0,0.1172875625083857,0.0671975096432424,8,1.0,1.0,0.25,12,0,2,6,6,2,1,1.0,0,0,0,0,0.0713977672158863,0.0,0.0,V7,0,2025-01,sin_switch,0,0,0,0,0.0,0.0713977672158863,0.0713977672158863,0,0,,,,,,
2025-01-23,Matutino,0.1913593468563563,0.3085684976573919,0.1030913737050208,0.0,0.0160680344642899,0.013552923223808,0.0,0.0258583122583866,0.0346349928122584,7,0.8571428571428571,1.0,0.0,7,0,3,6,6,3,2,0.1428571428571428,0,0,0,1,0.053317372622753,0.0257418248800342,0.0544617939176792,V7,0,2025-01,sin_switch,1,0,0,1,0.0011444212949262011,0.0544617939176792,0.028719969037644996,0,0,,,,,,
2025-01-23,Vespertino,0.0,0.4502669383516942,0.1786744992180098,0.0124999999999999,0.0239378125419288,0.0120026290715177,0.0,0.0816435359642849,0.0323740277950155,8,1.0,0.5,0.25,10,0,4,7,3,4,1,0.6,0,1,0,0,0.0242619853954716,0.0242619853954716,0.0231042917447211,V7,1,2025-01,sin_switch,1,1,1,1,0.0,0.0242619853954716,0.0011576936507505,0,0,,,,,,
2025-01-23,Nocturno,0.0,0.1366293985049766,0.084271967256172,0.0124999999999999,0.0239378125419288,0.0120026290715177,0.0,0.1201907024642854,0.0533823197085577,8,1.0,0.4,0.25,8,0,5,7,1,5,1,0.375,0,0,1,0,0.0487547294162422,0.0459546748895066,0.0226561482138894,V7,0,2025-01,sin_switch,0,0,0,0,0.0,0.0487547294162422,0.026098581202352797,0,0,,,,,,
2025-01-24,Previa,0.0,0.0,0.0,0.0,0.0114378125419288,0.0106234919284248,0.0,0.0022875625083857,0.0021246983856849,12,1.0,1.0,0.0,12,0,1,0,12,1,1,1.0,0,0,0,0,0.0224445628307794,0.0199570967364198,0.0,V7,0,2025-01,sin_switch,0,0,0,0,0.0,0.0224445628307794,0.0224445628307794,0,0,,,,,,
2025-01-24,Primera,0.0510025544485737,0.4659663016248849,0.2087830307953164,0.0052288541247377,0.0052288541247378,0.006414611185104,0.0,0.0289031399558996,0.0410403925911755,6,1.0,1.0,0.3333333333333333,6,0,2,5,5,2,1,1.0,0,0,0,0,0.0536727756390152,0.046564119466686,0.0242591428681358,V7,0,2025-01,sin_switch,0,0,0,0,0.0,0.0536727756390152,0.0294136327708794,0,0,,,,,,
2025-01-24,Matutino,0.0,0.011507282898072,0.0628982214467459,0.0,0.0416242732280177,0.0210287244289522,0.0,0.0329031399558997,0.0256783583180518,13,0.9230769230769232,1.0,0.0,6,0,3,5,1,3,1,0.8333333333333334,0,0,0,0,0.0231554727943188,0.0435745223579202,0.0444011486560519,V7,0,2025-01,sin_switch,0,0,0,0,0.0212456758617331,0.0444011486560519,0.0212456758617331,0,0,,,,,,
2025-01-24,Vespertino,0.0,0.0162186043243259,0.0472784388653607,0.0073076923076922,0.0212499999999999,0.0185557159432249,0.0,0.0120454545454545,0.0286278851447671,10,0.8,1.0,0.0,8,0,4,7,2,4,2,0.75,0,0,0,0,0.029594166312547,0.0533087356945017,0.0229779111385978,V7,0,2025-01,sin_switch,0,0,0,0,0.023714569381954702,0.0533087356945017,0.030330824555903902,0,0,,,,,,
2025-01-24,Nocturno,0.0,0.0,0.0489818148627174,0.0,0.0289423076923077,0.0128275150160271,0.0,0.162,0.0646535832879584,13,0.9230769230769232,0.6,0.0,10,0,5,9,4,5,2,0.5,0,0,0,0,0.0,0.0237022179573596,0.0237022179573596,V7,0,2025-01,sin_switch,0,0,0,0,0.0237022179573596,0.0237022179573596,0.0237022179573596,0,0,,,,,,
2025-01-25,Previa,0.0,0.0,0.0959001346223347,0.0,0.0101557006787506,0.0073869986255844,0.0,0.03453114013575,0.0220256502206202,4,1.0,1.0,0.0,4,0,1,0,4,1,1,1.0,0,0,0,0,0.0,0.0,0.0,V7,0,2025-01,sin_switch,0,0,0,0,0.0,0.0,0.0,0,0,,,,,,
2025-01-25,Primera,0.158756512683845,0.1649225398769358,0.0756906036807047,0.0,1.1102230246251563e-16,0.0056033609002663,0.0,0.0297875625083857,0.0337226367575308,2,1.0,1.0,1.0,8,0,2,5,5,2,1,1.0,0,0,0,0,0.0,0.0224864172615792,0.0225176924158342,V7,0,2025-01,sin_switch,0,0,0,0,0.0225176924158342,0.0225176924158342,0.0225176924158342,0,0,,,,,,
2025-01-25,Matutino,0.0,0.0223846315174167,0.2551489440659713,0.0,0.0388888888888888,0.0174503201411429,0.0,0.0325968600441003,0.0151600335683726,9,0.8888888888888888,1.0,0.0,5,0,3,4,4,3,2,0.2,0,0,0,0,0.0246708503144714,0.0255984056687314,0.0,V7,0,2025-01,sin_switch,0,0,0,0,0.0009275553542599999,0.0255984056687314,0.0255984056687314,0,0,,,,,,
2025-01-25,Vespertino,0.0,0.0134588894648484,0.0065934823386797,0.0,0.0399999999999999,0.0186200668179852,0.0,0.0364999999999999,0.0236560732806642,10,0.8,1.0,0.0,9,0,4,7,3,4,1,0.3333333333333333,0,0,0,0,0.0226534949845206,0.0213772032296231,0.0456337928325561,V7,0,2025-01,sin_switch,0,0,0,0,0.0229802978480355,0.0456337928325561,0.024256589602933,0,0,,,,,,
2025-01-25,Nocturno,0.0,0.0,0.0657974384819247,0.0,0.01,0.0084497120749409,0.0,0.0885,0.0417521744078795,10,0.8,0.8,0.0,11,0,5,10,3,5,1,0.3636363636363636,0,0,0,0,0.0,0.0234305694190999,0.0,V7,0,2025-01,sin_switch,0,0,0,0,0.0234305694190999,0.0234305694190999,0.0234305694190999,0,0,,,,,,
2025-01-27,Primera,0.0,0.0,8.881784197001252e-16,0.0,0.0,0.0,0.0,0.0,5.551115123125783e-17,2,0.0,0.5,0.0,2,1,1,2,2,1,1,0.0,0,0,0,0,0.0,0.0130689037433995,0.0130689037433995,V7,0,2025-01,sin_switch,0,0,0,0,0.0130689037433995,0.0130689037433995,0.0130689037433995,0,0,,,,,,
2025-01-27,Matutino,0.0,0.0,8.881784197001252e-16,0.0,0.0114378125419288,0.0052302152580882,0.0,0.0,0.0281384536755877,2,0.0,0.6666666666666666,1.0,6,1,2,6,4,2,1,0.0,0,0,0,0,0.0,0.0488787126658048,0.02558141618996,V8,0,2025-01,switch_neutro,0,0,0,0,0.0488787126658048,0.0488787126658048,0.0488787126658048,1,0,,,,,,
2025-01-27,Vespertino,0.0,0.3020570013918666,0.1399773226313634,0.0035748226785671,0.0107176798214242,0.0045486066250098,0.025,0.0575000000000001,0.0405983391945175,8,0.0,0.75,0.25,8,1,3,8,6,3,2,0.0,0,0,1,0,0.0,0.0,0.0260421013315379,V7,0,2025-01,sin_switch,0,0,0,0,0.0260421013315379,0.0260421013315379,0.0260421013315379,0,0,,,,,,
2025-01-27,Nocturno,0.0,0.0083937839692254,0.0093133393060693,0.01,0.01,0.0031026290463528,0.0,0.031,0.0283582660986757,10,0.0,0.8,0.2,8,2,3,8,4,4,2,0.0,0,0,0,0,0.0,0.0233451105494463,0.0233451105494463,V7,0,2025-01,sin_switch,0,0,0,0,0.0233451105494463,0.0233451105494463,0.0233451105494463,0,0,,,,,,
2025-01-28,Previa,0.0,0.0,0.0026247085526103,0.0,0.0,0.0,0.0,0.0,0.0,4,1.0,1.0,0.0,4,0,1,0,4,1,1,1.0,0,0,0,0,0.0165018066316859,0.0202282687533759,0.0202282687533759,V7,0,2025-01,sin_switch,0,0,0,0,0.0037264621216900017,0.0202282687533759,0.0037264621216900017,0,0,,,,,,
2025-01-28,Primera,0.0047113214262557,0.042649355120333,0.077963945884462,0.0107176798214242,0.0178605369642813,0.0073824081078387,0.0,0.07,0.028575917793776,8,1.0,1.0,0.25,9,0,2,8,8,2,1,0.6666666666666666,0,0,0,0,0.0757998914242181,0.0561156433883751,0.0294522245626232,V7,0,2025-01,sin_switch,0,0,0,0,0.0,0.0757998914242181,0.0463476668615949,0,0,,,,,,
2025-01-28,Matutino,0.0,0.0053412557049803,0.0256085047004948,0.0107176798214242,0.0178605369642813,0.0073824081078387,0.0516666666666666,0.0565151515151515,0.0213134786475352,8,1.0,0.6666666666666666,0.25,8,0,3,6,6,2,1,0.25,0,0,1,0,0.05324563140255,0.0480061965663574,0.0243318235240317,V7,0,2025-01,sin_switch,0,0,0,0,0.0,0.05324563140255,0.028913807878518303,0,0,,,,,,
2025-01-28,Vespertino,0.0,0.3810718327608224,0.213732486877793,0.0107176798214242,0.0178605369642813,0.0073824081078387,0.0,0.0639911157175328,0.0275873510580127,8,1.0,0.5,0.25,5,0,4,3,2,4,2,0.6,0,0,0,0,0.0,0.0,0.0,V7,0,2025-01,sin_switch,0,0,0,0,0.0,0.0,0.0,0,0,,,,,,
2025-01-28,Nocturno,0.0,0.3985100626677278,0.1812416002514428,0.0107176798214242,0.0178605369642813,0.0073824081078387,0.0,0.0095627022844348,0.0068246452611023,8,1.0,0.4,0.25,6,0,5,5,1,4,1,0.1666666666666666,0,0,0,0,0.0,0.0224444283348923,0.0487299461979969,V9,0,2025-01,switch_neutro,0,0,0,0,0.0487299461979969,0.0487299461979969,0.0487299461979969,0,1,,,,,,
2025-01-29,Previa,0.0,0.0182620494908638,0.0112836154493959,0.0,0.0184535123214271,0.0121347516257045,0.0,0.0036907024642854,0.0024269503251409,12,1.0,1.0,0.0,12,0,1,0,12,1,1,1.0,0,0,0,0,0.0414023281568134,0.0199630509642144,0.0,V7,0,2025-01,sin_switch,0,0,0,0,0.0,0.0414023281568134,0.0414023281568134,0,0,,,,,,
2025-01-29,Primera,0.0745140210446582,0.1779602629545129,0.1209914971664086,0.0052288541247378,0.0105893910890192,0.0049355811154551,0.1122875625083857,0.1247875625083856,0.0482417038114691,6,1.0,1.0,0.3333333333333333,20,0,2,8,8,2,1,1.0,0,0,0,0,0.0950147256929128,0.0333839477573899,0.0333839477573899,V7,0,2025-01,sin_switch,0,0,0,0,0.0,0.0950147256929128,0.06163077793552291,0,0,,,,,,
2025-01-29,Matutino,0.0061660271930907,0.1673690956843767,0.0803342229529616,0.0052288541247378,0.0105893910890192,0.0049355811154551,0.0,0.0681907024642856,0.0604102985127262,6,1.0,0.6666666666666666,0.3333333333333333,8,0,3,6,2,3,1,0.75,0,0,0,0,0.0213556863089855,0.0440046688024355,0.0223980401966448,V7,0,2025-01,sin_switch,0,0,0,0,0.022648982493449998,0.0440046688024355,0.022648982493449998,0,0,,,,,,
2025-01-29,Vespertino,0.0,0.0176542649429611,0.0180099287210744,0.0052288541247378,0.0136823664461649,0.0055484243925572,0.0,0.0063286713286712,0.0110434485557156,6,1.0,0.5,0.3333333333333333,13,0,4,11,8,4,2,0.2307692307692307,0,0,0,0,0.0754450240229443,0.0249041212945195,0.1049125643820182,V7,0,2025-01,sin_switch,0,0,0,0,0.029467540359073896,0.1049125643820182,0.08000844308749869,0,0,,,,,,
2025-01-29,Nocturno,0.0,0.0676950127628028,0.0539268439806397,0.0052288541247378,0.0136823664461649,0.0055484243925572,0.0,0.0261363636363636,0.0373315053285145,6,1.0,0.4,0.3333333333333333,11,0,5,10,1,5,1,0.3636363636363636,0,0,0,0,0.0,0.0491387906707577,0.0734680336714572,V9,0,2025-01,switch_neutro,0,0,0,0,0.0734680336714572,0.0734680336714572,0.0734680336714572,0,1,,,,,,
2025-01-30,Previa,0.0,0.0,0.0959347008421369,0.0,0.0114378125419288,0.0102585151117727,0.0,0.0022875625083857,0.0020517030223545,8,1.0,1.0,0.0,8,0,1,0,8,1,1,1.0,0,0,0,0,0.0270252663762982,0.0200568910777791,0.0,V7,0,2025-01,sin_switch,0,0,0,0,0.0,0.0270252663762982,0.0270252663762982,0,0,,,,,,
2025-01-30,Primera,0.0409499773173376,0.3490488300245387,0.1872878969602261,0.0142513239641036,0.0142513239641036,0.0053555851815774,0.0653502647928206,0.0653502647928206,0.0524031143206511,8,1.0,1.0,0.0,8,0,2,4,4,2,1,1.0,0,0,0,0,0.0815263835012287,0.045887840549621,0.0229087202456304,V7,0,2025-01,sin_switch,0,0,0,0,0.0,0.0815263835012287,0.05861766325559831,0,0,,,,,,
2025-01-30,Matutino,0.4455332766742446,0.5583861926964779,0.1899236026640135,0.0142513239641036,0.0142513239641036,0.0053555851815774,0.0,0.1010469402261912,0.0409421638781901,8,1.0,0.6666666666666666,0.0,7,1,2,7,4,3,1,0.2857142857142857,0,0,0,0,0.0453845222067689,0.0499052140312468,0.0219909883760274,V7,0,2025-01,sin_switch,0,0,0,0,0.004520691824477903,0.0499052140312468,0.0279142256552194,0,0,,,,,,
2025-01-30,Vespertino,0.0,0.163961638121469,0.0792396965560353,0.0142513239641036,0.0142513239641036,0.0053555851815774,0.0,0.0139292502499992,0.0115672415510492,8,1.0,0.5,0.0,9,1,3,9,4,3,1,0.0,0,0,0,0,0.0492820139386261,0.0679947880179243,0.0239899741510083,V7,0,2025-01,sin_switch,0,0,0,0,0.0187127740792982,0.0679947880179243,0.044004813866916,0,0,,,,,,
2025-01-30,Nocturno,0.0,0.0786031918386296,0.0749347026133118,0.0011111111111111,0.0084535123214271,0.0063532347444093,0.0,0.024,0.0263629198626354,8,1.0,0.4,0.0,6,0,5,5,4,4,2,0.1666666666666666,0,0,0,0,0.0224532907985769,0.0509964664359766,0.0255355087323182,V7,0,2025-01,sin_switch,0,0,0,0,0.0285431756373997,0.0509964664359766,0.0285431756373997,0,0,,,,,,
2025-01-31,Previa,0.0,0.0089257420525683,0.0046888873767082,0.0,0.0082978116426765,0.0048651654861181,0.0,0.0016595623285352,0.0104904191636715,5,1.0,1.0,0.0,5,0,1,0,5,1,1,1.0,0,0,0,0,0.0242625623319782,0.0,0.0,V7,0,2025-01,sin_switch,0,0,0,0,0.0,0.0242625623319782,0.0242625623319782,0,0,,,,,,
2025-01-31,Primera,0.0,0.0,0.0056373942852263,0.0,0.011146844755508,0.0059765586488144,0.0,0.0113092975357145,0.0248214620021297,6,1.0,1.0,0.1666666666666666,5,0,2,3,3,2,1,1.0,0,0,0,0,0.0,0.0,0.0249147579522827,V7,0,2025-01,sin_switch,0,0,0,0,0.0249147579522827,0.0249147579522827,0.0249147579522827,0,0,,,,,,
2025-01-31,Matutino,0.2756370260661622,0.280348347492418,0.1108056747485767,0.0,0.011146844755508,0.0059765586488144,0.0,0.0,0.0237719378640633,6,1.0,0.6666666666666666,0.1666666666666666,20,1,2,20,16,2,1,0.0,0,0,0,0,0.0749245120308375,0.1327122181528617,0.0540280550607918,V8,0,2025-01,switch_neutro,0,0,0,0,0.05778770612202419,0.1327122181528617,0.07868416309206988,1,0,,,,,,
2025-01-31,Vespertino,0.0,0.3907281134393976,0.1950237329417128,0.0,0.011146844755508,0.0059765586488144,0.0,0.0427124374916143,0.0378415186081825,6,1.0,0.5,0.1666666666666666,6,0,4,5,3,4,2,0.5,0,0,0,0,0.0,0.0,0.0227044957405103,V7,0,2025-01,sin_switch,0,0,0,0,0.0227044957405103,0.0227044957405103,0.0227044957405103,0,0,,,,,,
2025-01-31,Nocturno,0.0,0.1258449740069744,0.0957858847298689,0.0,0.011146844755508,0.0059765586488144,0.0,0.0417124374916142,0.0282065094231685,6,1.0,0.4,0.1666666666666666,6,1,4,6,4,4,2,0.3333333333333333,0,0,0,0,0.0275135378425902,0.0551622569070417,0.0501105562217637,V7,0,2025-01,sin_switch,0,0,0,0,0.0276487190644515,0.0551622569070417,0.0276487190644515,0,0,,,,,,
2025-02-01,Previa,0.0,0.0204330249506403,0.0081732099802561,0.0,0.0232486760358963,0.0092994704143585,0.0,0.0696497352071793,0.0278598940828717,4,1.0,1.0,0.0,4,0,1,0,4,1,1,1.0,0,0,0,0,0.0,0.0,0.0,V7,0,2025-02,sin_switch,0,0,0,0,0.0,0.0,0.0,0,0,,,,,,
2025-02-01,Primera,0.0,0.0,0.1500777975985125,0.0,0.0169933680974844,0.00797601190671,0.0075,0.02,0.0216964440261347,9,1.0,1.0,0.1111111111111111,12,0,2,10,10,2,1,0.8333333333333334,0,0,0,0,0.0482502001520602,0.0556370233864036,0.0258980749473179,V7,0,2025-02,sin_switch,0,0,0,0,0.0073868232343433995,0.0556370233864036,0.029738948439085696,0,0,,,,,,
2025-02-01,Matutino,0.0,0.1283232073636249,0.0621473129625301,0.0,0.0169933680974844,0.00797601190671,0.0,0.173357369130952,0.0724519653315211,9,1.0,0.6666666666666666,0.1111111111111111,9,0,3,7,4,3,1,0.5555555555555556,0,0,0,0,0.0436746489223399,0.0,0.0,V7,0,2025-02,sin_switch,0,0,0,0,0.0,0.0436746489223399,0.0436746489223399,0,0,,,,,,
2025-02-01,Vespertino,0.0,0.0,0.0230086543126528,0.0,0.0169933680974844,0.0071620770556151,0.0,0.1153502647928206,0.0557056959507894,9,1.0,0.5,0.1111111111111111,10,0,4,8,1,4,1,0.5,0,0,0,0,0.0228796794374169,0.0253720750843349,0.0231634962748324,V7,0,2025-02,sin_switch,0,0,0,0,0.0024923956469179998,0.0253720750843349,0.0024923956469179998,0,0,,,,,,
2025-02-01,Nocturno,0.1331378362787321,0.1420635783313004,0.0427449747778811,0.0,0.0169933680974844,0.007246604176525,0.0,0.0619031399558996,0.0290221935705526,9,1.0,0.4,0.1111111111111111,6,0,5,4,1,5,2,0.6666666666666666,0,0,0,0,0.0223065911128638,0.0704529068751048,0.0,V8,0,2025-02,switch_neutro,0,0,0,0,0.048146315762241,0.0704529068751048,0.0704529068751048,1,0,,,,,,
2025-02-03,Primera,0.0,0.0,0.1036823338548865,0.0,0.0232486760358963,0.0092994704143585,0.0,0.1246497352071792,0.0498598940828717,4,0.0,0.5,0.0,4,1,1,4,4,1,1,0.0,0,0,0,0,0.0248717247074837,0.0,0.0,V7,0,2025-02,sin_switch,0,0,0,0,0.0,0.0248717247074837,0.0248717247074837,0,0,,,,,,
2025-02-03,Matutino,0.0,0.1926238091069487,0.0967844899414233,0.0052288541247377,0.0083333333333333,0.0049616407535417,0.0,0.0572875625083857,0.0416891308504742,6,0.0,0.6666666666666666,0.3333333333333333,8,1,2,8,6,2,1,0.0,0,0,0,0,0.0,0.0436644978116427,0.0225586500389993,V8,0,2025-02,switch_neutro,0,0,0,0,0.0436644978116427,0.0436644978116427,0.0436644978116427,1,0,,,,,,
2025-02-03,Vespertino,0.0,0.0778633414414171,0.034874682281782,0.0,0.0071428571428571,0.0035884986037455,0.0,0.065,0.0282151014608021,7,0.0,0.75,0.2857142857142857,10,1,3,10,6,3,1,0.0,0,0,0,0,0.019639833864797,0.0714064970173824,0.0262850084162399,V8,0,2025-02,switch_neutro,0,0,0,0,0.0517666631525854,0.0714064970173824,0.0517666631525854,1,0,,,,,,
2025-02-03,Nocturno,0.0823255995665501,0.0985442038908761,0.0616352682812205,0.0,0.00625,0.0052160281329942,0.0,0.124,0.0560286695616215,8,0.0,0.8,0.125,8,1,4,8,3,4,1,0.0,0,0,0,0,0.0,0.0236500959916288,0.0479623482115047,V9,0,2025-02,switch_neutro,0,0,0,0,0.0479623482115047,0.0479623482115047,0.0479623482115047,0,1,,,,,,
2025-02-04,Previa,0.0,0.0,8.881784197001252e-16,0.0,0.0,0.0,0.0,0.0,0.0,2,1.0,1.0,0.0,2,0,1,0,2,1,1,1.0,0,0,0,0,0.0,0.0285689383382658,0.0285689383382658,V7,0,2025-02,sin_switch,0,0,0,0,0.0285689383382658,0.0285689383382658,0.0285689383382658,0,0,,,,,,
2025-02-04,Primera,0.010052577131236,0.0324372086486528,0.0149459901001241,0.0114378125419289,0.0184535123214272,0.0056998603832806,0.0,0.0616595623285352,0.0296027209094738,2,1.0,1.0,1.0,5,0,2,4,4,2,1,1.0,0,0,0,0,0.0636904626497961,0.0416182944995725,0.0437705501246882,V7,0,2025-02,sin_switch,0,0,0,0,0.0,0.0636904626497961,0.022072168150223594,0,0,,,,,,
2025-02-04,Matutino,0.0,0.0817073050625198,0.0326829220250079,0.0114378125419289,0.0184535123214272,0.0068855088150418,0.0,0.0135714285714285,0.0116337443538928,2,1.0,0.6666666666666666,1.0,7,0,3,6,5,3,1,0.2857142857142857,0,0,0,0,0.0585060489069544,0.052811538998403,0.0697565519607176,V7,0,2025-02,sin_switch,0,0,0,0,0.011250503053763204,0.0697565519607176,0.016945012962314605,0,0,,,,,,
2025-02-04,Vespertino,0.0,0.0199010668672974,0.0105544628582424,0.0114378125419288,0.0184535123214271,0.0068855088150417,0.0,0.0496428571428571,0.0213910411627273,2,1.0,0.5,1.0,7,0,4,6,2,4,1,0.5714285714285714,0,0,0,0,0.0345438124298495,0.0266346552101645,0.0855387303379065,V9,0,2025-02,switch_neutro,0,0,0,0,0.050994917908057,0.0855387303379065,0.058904075127742,0,1,,,,,,
2025-02-04,Nocturno,0.0,0.0366516292749663,0.0698676041511563,0.0114378125419288,0.0184535123214271,0.0068855088150417,0.0,0.0065956906428565,0.0186351595782214,2,1.0,0.4,1.0,5,0,5,4,4,3,2,0.2,0,0,0,0,0.0231559791843608,0.0235853592935622,0.1016844772414096,V9,0,2025-02,switch_neutro,0,0,0,0,0.0785284980570488,0.1016844772414096,0.0785284980570488,0,1,,,,,,
2025-02-05,Previa,0.0,0.0,8.881784197001252e-16,0.0,0.0,0.0,0.0,0.0,0.0,4,1.0,1.0,0.0,4,0,1,0,4,1,1,1.0,0,0,0,0,0.0166349445959084,0.0202799905058976,0.0202799905058976,V7,0,2025-02,sin_switch,0,0,0,0,0.003645045909989198,0.0202799905058976,0.003645045909989198,0,0,,,,,,
2025-02-05,Primera,0.0,0.1722154021486934,0.1553081761211117,1.1102230246251563e-16,0.0084535123214272,0.0070533996847532,0.0,0.0036907024642854,0.0460757643959423,2,1.0,1.0,1.0,8,0,2,4,4,2,1,1.0,0,0,1,0,0.0219748826568936,0.0219748826568936,0.0448656842652875,V7,0,2025-02,sin_switch,0,0,0,0,0.022890801608393904,0.0448656842652875,0.022890801608393904,0,0,,,,,,
2025-02-05,Matutino,0.0,0.0,0.2207432843477939,1.1102230246251563e-16,0.0031044792085956,0.0046078588625588,0.0,0.0380627022844349,0.0156148757412379,2,1.0,0.6666666666666666,1.0,6,0,3,5,1,3,1,0.8333333333333334,0,0,0,0,0.0253427877564074,0.0243257242667721,0.0348755018524918,V7,0,2025-02,sin_switch,0,0,0,0,0.009532714096084402,0.0348755018524918,0.010549777585719702,0,0,,,,,,
2025-02-05,Vespertino,0.0,0.3053816495330919,0.1496058436331031,0.0,0.0124999999999999,0.0108165197934726,0.0,0.0347875625083858,0.0290346123246693,8,0.75,1.0,0.0,8,0,4,4,3,4,2,0.625,0,0,0,0,0.0253366422289497,0.0264711227861696,0.0,V7,0,2025-02,sin_switch,0,0,0,0,0.0011344805572199024,0.0264711227861696,0.0264711227861696,0,0,,,,,,
2025-02-05,Nocturno,0.0,0.011507282898072,0.0046029131592288,0.0,0.0184535123214271,0.010827931458534,0.0,0.0289999999999999,0.0252776581193748,8,1.0,0.4,0.0,10,0,5,8,4,4,1,0.4,0,0,0,0,0.0211526252516502,0.0223426684363397,0.0567588838129246,V9,0,2025-02,switch_neutro,0,0,0,0,0.035606258561274404,0.0567588838129246,0.035606258561274404,0,1,,,,,,
2025-02-06,Previa,0.0,0.011507282898072,0.0061208974151558,0.0,0.0,0.0052371901428582,0.0,0.0,0.0140474380285716,3,1.0,1.0,0.0,3,0,1,0,3,1,1,1.0,0,0,0,0,0.0,0.0,0.0,V7,0,2025-02,sin_switch,0,0,0,0,0.0,0.0,0.0,0,0,,,,,,
2025-02-06,Primera,0.0,0.1801217105623509,0.0971261837495549,0.0114378125419289,0.0142513239641037,0.0055416205715379,0.0,0.0616595623285352,0.0378003530185758,2,1.0,1.0,1.0,5,0,2,3,3,2,1,1.0,0,0,0,0,0.0419096553737388,0.0414048856810822,0.0437313302191361,V7,0,2025-02,sin_switch,0,0,0,0,0.0018216748453972961,0.0437313302191361,0.002326444538053897,0,0,,,,,,
2025-02-06,Matutino,0.0,0.2865865885546448,0.1448817419139567,0.0114378125419289,0.0184535123214272,0.0057744718702343,0.0,0.0633333333333332,0.0373742335484399,2,1.0,0.6666666666666666,1.0,6,0,3,4,2,3,1,0.6666666666666666,0,0,0,0,0.0252418190263488,0.0265720483361034,0.0285003712025702,V7,0,2025-02,sin_switch,0,0,0,0,0.0032585521762214,0.0285003712025702,0.0032585521762214,0,0,,,,,,
2025-02-06,Vespertino,0.0,0.4320743872093961,0.201800002513968,0.0114378125419288,0.0184535123214271,0.0076238502281411,0.0,0.0196671192142853,0.0177612647350722,2,1.0,0.5,1.0,5,0,4,4,3,4,2,0.4,0,0,0,0,0.0228790212721895,0.057412455081617,0.0488162724738807,V8,0,2025-02,switch_neutro,0,0,0,0,0.0345334338094275,0.057412455081617,0.0345334338094275,1,0,,,,,,
2025-02-06,Nocturno,0.0,0.0263639719594737,0.0128018506656942,0.0114378125419288,0.0184535123214271,0.0108291757218795,0.0,0.0372124374916142,0.0219048821227338,2,1.0,0.4,1.0,6,1,4,6,4,4,2,0.1666666666666666,0,0,0,0,0.0441626793573056,0.0215253298270329,0.0545680489234905,V7,0,2025-02,sin_switch,0,0,0,0,0.010405369566184902,0.0545680489234905,0.033042719096457604,0,0,,,,,,
2025-02-07,Previa,0.0,0.0,8.881784197001252e-16,0.0114378125419288,0.0114378125419288,0.0075033875062894,0.0022875625083857,0.0022875625083857,0.0015006775012578,12,1.0,1.0,0.0,12,0,1,0,12,1,1,1.0,0,0,0,0,0.0380405213415459,0.0172056411784678,0.0,V7,0,2025-02,sin_switch,0,0,0,0,0.0,0.0380405213415459,0.0380405213415459,0,0,,,,,,
2025-02-07,Primera,0.0,0.3266395805147359,0.136031017439284,0.0015873015873015,0.0071428571428571,0.0032893741472125,0.0,0.0022875625083857,0.0108197172028571,14,1.0,1.0,0.1428571428571428,11,0,2,5,5,2,1,1.0,0,0,0,1,0.0535018787386199,0.0538709898745263,0.0248436621821695,V7,0,2025-02,sin_switch,0,0,0,0,0.00036911113590640254,0.0538709898745263,0.0290273276923568,0,0,,,,,,
2025-02-07,Matutino,0.0,0.0318192493574009,0.0271444684881091,0.0015873015873015,0.0071428571428571,0.0032893741472125,0.0,0.0522625835833325,0.0593506182504477,14,1.0,0.6666666666666666,0.1428571428571428,9,0,3,8,8,3,2,0.1111111111111111,0,0,0,0,0.0479087081162011,0.0236512939946811,0.0472596441745661,V7,0,2025-02,sin_switch,0,0,0,0,0.0,0.0479087081162011,0.024257414121519997,0,0,,,,,,
2025-02-07,Vespertino,0.0,0.0061469820448891,0.0188140185354907,0.0,0.0194444444444443,0.0092201800427579,0.0,0.0132692307692308,0.0498178119713589,8,0.75,1.0,0.25,8,0,4,7,2,4,2,0.75,0,0,0,0,0.0467812343885498,0.0791004551401926,0.0920441807981321,V9,0,2025-02,switch_neutro,0,0,0,0,0.045262946409582304,0.0920441807981321,0.045262946409582304,0,1,,,,,,
2025-02-07,Nocturno,0.0,0.0987581436474309,0.0490556397084907,0.0,0.0628571428571429,0.032463795872615,0.0,0.0575000000000001,0.0263334319892868,10,0.9,0.8,0.1,9,0,5,8,2,5,2,0.1111111111111111,0,0,0,0,0.022441373461149,0.0209044013875126,0.0485888086922553,V7,0,2025-02,sin_switch,0,0,0,0,0.026147435231106297,0.0485888086922553,0.027684407304742698,0,0,,,,,,
2025-02-08,Previa,0.0,0.0,8.881784197001252e-16,0.0153135114221747,0.0254692121009253,0.0080334974994188,0.0030627022844349,0.037593842420185,0.0163111722917175,6,1.0,1.0,0.0,6,0,1,0,6,1,1,1.0,0,0,0,0,0.0722537899929932,0.0,0.0,V7,0,2025-02,sin_switch,0,0,0,0,0.0,0.0722537899929932,0.0722537899929932,0,0,,,,,,
2025-02-08,Primera,0.0162186043243259,0.0489593238468746,0.0399905304120456,0.0,0.0053605369642815,0.0043213467269644,0.0,0.0272875625083859,0.0203242937119371,2,1.0,1.0,1.0,8,0,2,7,7,2,1,0.75,0,0,0,0,0.0427223864198761,0.0225515131887566,0.0455355060686005,V7,0,2025-02,sin_switch,0,0,0,0,0.0028131196487243965,0.0455355060686005,0.022983992879843897,0,0,,,,,,
2025-02-08,Matutino,0.0134588894648484,0.0338919144154887,0.1638674701563398,0.0,0.0114378125419289,0.0065280653077356,0.0,0.0375,0.0615411025330978,2,1.0,0.6666666666666666,1.0,9,0,3,7,3,3,1,0.6666666666666666,0,0,0,0,0.0221736898170055,0.0,0.0298062760011182,V7,0,2025-02,sin_switch,0,0,0,0,0.0076325861841126975,0.0298062760011182,0.0298062760011182,0,0,,,,,,
2025-02-08,Vespertino,0.0,0.5040612533303488,0.2077888262234795,0.0,0.0232978116426765,0.0111810643511259,0.0,0.0639759642023812,0.0349640935759203,5,0.8,1.0,0.0,5,0,4,3,1,4,2,0.8,0,0,0,0,0.0468218296429714,0.0458109922607288,0.0237488029622874,V7,0,2025-02,sin_switch,0,0,0,0,0.0,0.0468218296429714,0.023073026680684002,0,0,,,,,,
2025-02-08,Nocturno,0.0,0.6665578566122896,0.2822394002834062,0.0,0.0084535123214271,0.0049400542517005,0.0,0.1207845448844704,0.0519693092438946,2,1.0,0.4,1.0,6,0,5,5,5,3,2,0.1666666666666666,0,0,0,0,0.0227207245909326,0.0346679415412102,0.0,V7,0,2025-02,sin_switch,0,0,0,0,0.011947216950277603,0.0346679415412102,0.0346679415412102,0,0,,,,,,
2025-02-10,Primera,0.0,0.0162186043243259,0.039936742805979,0.0,0.0,0.0,0.0,0.0,5.551115123125783e-17,2,0.0,0.5,0.0,2,1,1,2,2,1,1,0.0,0,0,0,0,0.0,0.0154685190461067,0.0154685190461067,V7,0,2025-02,sin_switch,0,0,0,0,0.0154685190461067,0.0154685190461067,0.0154685190461067,0,0,,,,,,
2025-02-10,Matutino,0.0,0.0830255571848574,0.0361874447763792,0.0,0.0053605369642814,0.0045494939873756,0.0,0.0572875625083857,0.0310682208414269,10,0.0,0.6666666666666666,0.0,10,1,2,10,8,2,1,0.0,0,0,0,0,0.0480996341408948,0.0734033188996948,0.0227816873912863,V7,0,2025-02,sin_switch,0,0,0,0,0.025303684758800002,0.0734033188996948,0.050621631508408496,0,0,,,,,,
2025-02-10,Vespertino,0.0235114665960844,0.1941788672788389,0.0822855527716613,0.0,0.0071428571428571,0.0076555306783588,0.0,0.0,0.014696938456699,14,0.0,0.75,0.1428571428571428,14,2,2,14,12,3,1,0.0,0,0,0,0,0.1022883440522716,0.1105920041083628,0.0548465038807968,V7,0,2025-02,sin_switch,0,0,0,0,0.008303660056091205,0.1105920041083628,0.055745500227566,0,0,,,,,,
2025-02-10,Nocturno,0.0,0.011507282898072,0.2808807657109555,0.0,0.0099059915097359,0.0160984077084882,0.0,0.0275721073928564,0.057247469682573,11,0.0,0.8,0.0909090909090909,11,1,4,11,9,4,1,0.0,0,0,0,0,0.0493786539539845,0.0520287067653127,0.0496149526225424,V7,0,2025-02,sin_switch,0,0,0,0,0.002650052811328206,0.0520287067653127,0.002650052811328206,0,0,,,,,,
2025-02-11,Previa,0.0,0.0089257420525683,0.0078077525535329,0.0,0.0101557006787506,0.0073869986255844,0.0,0.03453114013575,0.0220256502206202,4,1.0,1.0,0.0,4,0,1,0,4,1,1,1.0,0,0,0,0,0.0,0.0,0.0,V7,0,2025-02,sin_switch,0,0,0,0,0.0,0.0,0.0,0,0,,,,,,
2025-02-11,Primera,0.2756370260661622,0.280348347492418,0.0840107675590833,0.0,0.0114378125419288,0.0076435482522953,0.0028571428571427,0.0560721073928562,0.0322549502318724,10,1.0,1.0,0.0,14,0,2,12,12,2,1,0.8571428571428571,0,0,0,0,0.0249594896505854,0.0476423909592109,0.0219599504462171,V7,0,2025-02,sin_switch,0,0,0,0,0.0226829013086255,0.0476423909592109,0.025682440512993798,0,0,,,,,,
2025-02-11,Matutino,0.2746765832419031,0.2746765832419031,0.1505751517005051,0.0,0.0488072610714312,0.0194463698574718,0.0,0.0496923076923078,0.0268109335330635,7,0.8571428571428571,1.0,0.2857142857142857,10,0,3,7,4,3,1,0.6,0,0,0,0,0.0535475877415685,0.0243047531140885,0.0472498141333877,V7,0,2025-02,sin_switch,0,0,0,0,0.0,0.0535475877415685,0.02924283462748,0,0,,,,,,
2025-02-11,Vespertino,0.0,0.0730190881505912,0.1203829251384383,0.0,0.0215464876785728,0.0157835032116944,0.0876907024642854,0.0925,0.0285414212236087,5,0.8,1.0,0.0,8,0,4,6,6,3,2,0.25,0,0,0,0,0.052154460807105,0.0243816496614723,0.0497783378340368,V7,0,2025-02,sin_switch,0,0,0,0,0.0,0.052154460807105,0.027772811145632702,0,0,,,,,,
2025-02-11,Nocturno,0.0,0.0115072828980711,0.1298673251539223,0.0096462512499957,0.0184535123214271,0.0069107223029867,0.025,0.0303333333333334,0.0152570170775744,8,1.0,0.4,0.0,10,0,5,8,2,5,2,0.2,0,0,0,0,0.024516645958023,0.0481113966811409,0.0558368626351996,V9,0,2025-02,switch_neutro,0,0,0,0,0.031320216677176604,0.0558368626351996,0.031320216677176604,0,1,,,,,,
2025-02-12,Previa,0.0,0.0,8.881784197001252e-16,0.0,0.0,0.0052371901428582,0.0,0.0,0.0140474380285716,3,1.0,1.0,0.0,3,0,1,0,3,1,1,1.0,0,0,0,0,0.0,0.0,0.0,V7,0,2025-02,sin_switch,0,0,0,0,0.0,0.0,0.0,0,0,,,,,,
2025-02-12,Primera,0.0,0.0119443781350074,0.0241367474920114,0.0,0.0093544792085955,0.0067258697931676,0.0,0.0630627022844348,0.0319385434999186,8,1.0,1.0,0.125,6,0,2,4,4,2,1,1.0,0,0,0,0,0.0255692346273593,0.0495598950049502,0.0240834719545314,V7,0,2025-02,sin_switch,0,0,0,0,0.0239906603775909,0.0495598950049502,0.0254764230504188,0,0,,,,,,
2025-02-12,Matutino,0.0,0.0439198735543389,0.0215162559551374,0.0,0.04754892365304,0.023236874609555,0.0272727272727273,0.045,0.0532684913026974,9,0.8888888888888888,1.0,0.1111111111111111,12,0,3,10,6,3,1,0.5,0,0,0,0,0.0441820472699079,0.0223694888449485,0.0506051502968104,V7,0,2025-02,sin_switch,0,0,0,0,0.0064231030269025005,0.0506051502968104,0.028235661451861897,0,0,,,,,,
2025-02-12,Vespertino,0.0162186043243259,0.1196789468138836,0.0522474509414753,0.0,0.05393196553571,0.0250514125518173,0.0,0.0446435359642849,0.0211799683825709,10,0.8,1.0,0.1,9,0,4,7,3,4,1,0.3333333333333333,0,0,0,0,0.0230625251103432,0.0,0.0336374706494978,V7,0,2025-02,sin_switch,0,0,0,0,0.010574945539154598,0.0336374706494978,0.0336374706494978,0,0,,,,,,
2025-02-12,Nocturno,0.0,0.0338919144154887,0.0674409779976818,0.0,0.0264378125419288,0.0159760167611116,0.0,0.0242875625083857,0.0163496916283289,10,0.8,0.8,0.1,10,2,3,10,6,4,2,0.0,0,1,0,0,0.0495637017733692,0.0262283465097686,0.022816525028253,V7,1,2025-02,sin_switch,0,1,1,0,0.0,0.0495637017733692,0.026747176745116195,0,0,,,,,,
2025-02-13,Previa,0.0,0.0,8.881784197001252e-16,0.0,0.0,0.0,0.0,0.0,0.0,2,1.0,1.0,0.0,2,0,1,0,2,1,1,1.0,0,0,0,0,0.0,0.0285689383382658,0.0285689383382658,V7,0,2025-02,sin_switch,0,0,0,0,0.0285689383382658,0.0285689383382658,0.0285689383382658,0,0,,,,,,
2025-02-13,Primera,0.0,0.0641870718298145,0.1392728435467838,0.0184535123214272,0.0184535123214272,0.006879112118163,0.0,0.055,0.0276337302067965,2,1.0,1.0,1.0,4,0,2,2,2,2,1,1.0,0,0,0,0,0.0685676598717318,0.0466990082538212,0.0458882080978005,V7,0,2025-02,sin_switch,0,0,0,0,0.0,0.0685676598717318,0.022679451773931304,0,0,,,,,,
2025-02-13,Matutino,0.0,0.5532269388111155,0.2710247424098328,0.0184535123214272,0.0202403579761876,0.007275497657744,0.0,0.0369031399558995,0.02904654054379,2,1.0,0.6666666666666666,1.0,6,0,3,4,2,3,1,0.6666666666666666,0,0,0,0,0.0239057901253931,0.0516798864504908,0.0222352293205648,V7,0,2025-02,sin_switch,0,0,0,0,0.0277740963250977,0.0516798864504908,0.029444657129926,0,0,,,,,,
2025-02-13,Vespertino,0.0,0.6235479661316372,0.2494191864526549,0.0184535123214271,0.0202403579761875,0.0072754976577439,0.0,0.1299798702006934,0.0737061907657826,2,1.0,0.5,1.0,13,0,4,11,10,4,2,0.2307692307692307,0,1,0,0,0.0477707980784839,0.0241132580545324,0.0223564799208575,V7,1,2025-02,sin_switch,1,1,1,1,0.0,0.0477707980784839,0.025414318157626403,0,0,,,,,,
2025-02-13,Nocturno,0.0,0.0,0.0233940208503615,0.0184535123214271,0.0202403579761875,0.0087767433775078,0.0,0.025,0.0163495313984783,2,1.0,0.4,1.0,8,2,3,8,7,4,2,0.0,0,0,1,0,0.0252857979491481,0.0461659574541567,0.0461487281684,V7,0,2025-02,sin_switch,0,0,0,0,0.0208801595050086,0.0461659574541567,0.0208801595050086,0,0,,,,,,
2025-02-14,Previa,0.0,0.0,8.881784197001252e-16,0.0,0.0,0.0,0.0,0.0,0.0,2,1.0,1.0,0.0,2,0,1,0,2,1,1,1.0,0,0,0,0,0.0,0.0285689383382658,0.0285689383382658,V7,0,2025-02,sin_switch,0,0,0,0,0.0285689383382658,0.0285689383382658,0.0285689383382658,0,0,,,,,,
2025-02-14,Primera,0.0,0.0,0.1249576811062486,0.0142513239641037,0.0184535123214272,0.0058242057703163,0.0,0.02,0.0178167407044003,2,1.0,1.0,1.0,6,0,2,5,5,2,1,0.6666666666666666,0,0,0,0,0.0702602666074718,0.0492586384470586,0.0475966370526249,V7,0,2025-02,sin_switch,0,0,0,0,0.0,0.0702602666074718,0.022663629554846895,0,0,,,,,,
2025-02-14,Matutino,0.0,0.0501374542190191,0.0227211936060539,0.0084535123214272,0.0184535123214272,0.0082661298552331,0.0,0.035,0.0403144114049443,2,1.0,0.6666666666666666,1.0,8,0,3,7,4,3,1,0.25,0,0,0,0,0.0293313640382704,0.0239825987385746,0.0503734492785876,V7,0,2025-02,sin_switch,0,0,0,0,0.0210420852403172,0.0503734492785876,0.026390850540012997,0,0,,,,,,
2025-02-14,Vespertino,0.0,0.0,0.0162919971860943,0.0184535123214271,0.0202403579761875,0.0076537594750815,0.0298333333333333,0.0321907024642854,0.0185231367545128,2,1.0,0.5,1.0,10,0,4,8,2,4,1,0.2,0,0,0,0,0.0334311054191265,0.0245779305132186,0.0806121442494368,V9,0,2025-02,switch_neutro,0,0,0,0,0.0471810388303103,0.0806121442494368,0.0560342137362182,0,1,,,,,,
2025-02-14,Nocturno,0.0,0.0501374542190191,0.0645316509688245,0.0,0.0082978116426765,0.0059170397791132,0.0,0.0346435359642848,0.025111126439273,1,1.0,0.4,1.0,12,0,5,11,7,4,2,0.25,0,0,0,0,0.0455071124725036,0.0,0.0991901839531746,V9,0,2025-02,switch_neutro,0,0,0,0,0.053683071480670995,0.0991901839531746,0.0991901839531746,0,1,,,,,,
2025-02-15,Previa,0.0,0.0,8.881784197001252e-16,0.0,0.0,0.0,0.0,0.0,0.0,2,1.0,1.0,0.0,2,0,1,0,2,1,1,1.0,0,0,0,0,0.0,0.0285689383382658,0.0285689383382658,V7,0,2025-02,sin_switch,0,0,0,0,0.0285689383382658,0.0285689383382658,0.0285689383382658,0,0,,,,,,
2025-02-15,Primera,0.0,0.0640627937411002,0.0912621947149885,0.0,0.0,0.0007147382619041,0.0,0.0176497352071792,0.0208863893580949,5,1.0,1.0,0.0,4,0,2,3,3,2,1,1.0,0,0,0,0,0.023287724394791,0.0,0.0,V7,0,2025-02,sin_switch,0,0,0,0,0.0,0.023287724394791,0.023287724394791,0,0,,,,,,
2025-02-15,Matutino,0.0,0.0777089194722613,0.0490934535990903,0.0,0.0,0.0007147382619041,0.0033573691309521,0.0170169314594873,0.0127799914162896,5,1.0,0.6666666666666666,0.0,12,1,2,12,4,3,1,0.3333333333333333,0,0,0,0,0.0235571271366773,0.0451902036911045,0.0232137456248266,V7,0,2025-02,sin_switch,0,0,0,0,0.0216330765544272,0.0451902036911045,0.021976458066277897,0,0,,,,,,
2025-02-15,Vespertino,0.0,0.0176542649429611,0.0462149652287451,0.0,0.0042021883573234,0.0016808753429293,0.0,0.015,0.0163859696081739,4,0.75,1.0,0.0,8,0,4,7,4,4,1,0.25,0,0,0,0,0.0,0.0230916315619014,0.0542729438131165,V9,0,2025-02,switch_neutro,0,0,0,0,0.0542729438131165,0.0542729438131165,0.0542729438131165,0,1,,,,,,
2025-02-15,Nocturno,0.0,0.0,0.0035702968210273,0.0,0.0,0.0007147382619041,0.0,0.0367124374916142,0.0519382397943047,5,1.0,0.4,0.0,6,0,5,5,2,4,2,0.6666666666666666,0,0,0,0,0.0229108368005023,0.0467607294496696,0.0472596686551628,V7,0,2025-02,sin_switch,0,0,0,0,0.024348831854660496,0.0472596686551628,0.024348831854660496,0,0,,,,,,
2025-02-17,Primera,0.0,0.0,8.881784197001252e-16,0.0,0.0,0.0,0.0,0.0,5.551115123125783e-17,2,0.0,0.5,0.0,2,1,1,2,2,1,1,0.0,0,0,0,0,0.0,0.0130689037433995,0.0130689037433995,V7,0,2025-02,sin_switch,0,0,0,0,0.0130689037433995,0.0130689037433995,0.0130689037433995,0,0,,,,,,
2025-02-17,Matutino,0.0,0.0061660271930907,0.0046019454464445,0.0031044792085955,0.0084535123214271,0.0047163377584099,0.0,0.0,0.0144515699779498,2,0.0,0.6666666666666666,1.0,6,1,2,6,5,2,1,0.0,0,0,0,0,0.0,0.0503092080749909,0.0254585224999444,V8,0,2025-02,switch_neutro,0,0,0,0,0.0503092080749909,0.0503092080749909,0.0503092080749909,1,0,,,,,,
2025-02-17,Vespertino,0.0,0.4405702324950491,0.1775050272618241,0.0125,0.0209535123214271,0.0106324592764785,0.0,0.0058092975357145,0.0350306493466795,8,0.0,0.75,0.25,5,1,3,5,4,3,2,0.0,0,0,0,0,0.0,0.0,0.0225127392274164,V7,0,2025-02,sin_switch,0,0,0,0,0.0225127392274164,0.0225127392274164,0.0225127392274164,0,0,,,,,,
2025-02-17,Nocturno,0.6208539602685317,0.6842311667034524,0.2037960361875299,0.0083333333333333,0.0083333333333333,0.0073346972930707,0.0035721073928562,0.006,0.0292040475075991,12,0.0,0.8,0.1666666666666666,12,2,3,12,4,4,1,0.0,0,0,0,0,0.0,0.0467838794761849,0.022044921041568,V8,0,2025-02,switch_neutro,0,0,0,0,0.0467838794761849,0.0467838794761849,0.0467838794761849,1,0,,,,,,
2025-02-18,Previa,0.0,0.2116406777378046,0.1036823338548864,0.0,0.0232486760358963,0.0106538817742,0.0,0.0696497352071793,0.031917518372053,4,1.0,1.0,0.0,4,0,1,0,4,1,1,1.0,0,0,0,0,0.023283384970043,0.0,0.0,V7,0,2025-02,sin_switch,0,0,0,0,0.0,0.023283384970043,0.023283384970043,0,0,,,,,,
2025-02-18,Primera,0.0,0.0162186043243259,0.0064874417297303,0.0052288541247377,0.0166666666666667,0.0062004695823852,0.0,0.0689031399558998,0.0320063836611875,6,1.0,1.0,0.3333333333333333,6,0,2,5,5,2,1,0.8333333333333334,0,0,0,0,0.0470926109179013,0.0694530109090791,0.0468040517044182,V7,0,2025-02,sin_switch,0,0,0,0,0.022360399991177803,0.0694530109090791,0.022648959204660903,0,0,,,,,,
2025-02-18,Matutino,0.0,0.0,8.881784197001252e-16,0.0,0.0191725136728855,0.010132816404378,0.0,0.0315725979726722,0.0266075761746424,7,0.8571428571428571,1.0,0.0,7,0,3,5,1,3,1,0.8571428571428571,0,0,0,0,0.0217735476748425,0.0380966466352082,0.0753556552004133,V9,0,2025-02,switch_neutro,0,0,0,0,0.053582107525570806,0.0753556552004133,0.053582107525570806,0,1,,,,,,
2025-02-18,Vespertino,0.0,0.1063282099254694,0.0428801302148267,0.0249999999999999,0.0339319655357099,0.0109929655403864,0.0153578216785706,0.0871907024642854,0.0469517784798639,8,0.75,1.0,0.25,8,1,3,8,2,4,2,0.75,0,0,0,0,0.0505001208382043,0.0526773577920637,0.0267057736487818,V7,0,2025-02,sin_switch,0,0,0,0,0.0021772369538594002,0.0526773577920637,0.0259715841432819,0,0,,,,,,
2025-02-18,Nocturno,0.0,0.1096263696826485,0.076188355355781,0.0,0.01,0.0089835843204828,0.0,0.0333333333333333,0.0187371100860964,5,0.8,0.8,0.2,9,0,5,8,8,3,2,0.1111111111111111,0,0,0,0,0.0736824250708191,0.0235552598876242,0.0705696920952074,V7,0,2025-02,sin_switch,0,0,0,0,0.0,0.0736824250708191,0.0501271651831949,0,0,,,,,,
2025-02-19,Previa,0.0,0.2053828119449532,0.1006166182406258,0.0114378125419288,0.0114378125419288,0.0054778162753334,0.0022875625083857,0.0022875625083857,0.0010955632550667,8,1.0,1.0,0.0,8,0,1,0,8,1,1,1.0,0,0,0,0,0.0483002361599971,0.0,0.0,V7,0,2025-02,sin_switch,0,0,0,0,0.0,0.0483002361599971,0.0483002361599971,0,0,,,,,,
2025-02-19,Primera,0.0,0.0223846315174167,0.1123349943147751,0.0052288541247378,0.0194801780888415,0.0084469224274791,0.0,0.0572875625083858,0.0592464572565455,6,1.0,1.0,0.3333333333333333,14,0,2,6,6,2,1,1.0,0,0,0,0,0.046170897050167,0.0468049567662472,0.0234086992785156,V7,0,2025-02,sin_switch,0,0,0,0,0.0006340597160802014,0.0468049567662472,0.0233962574877316,0,0,,,,,,
2025-02-19,Matutino,0.0,0.0365873497345941,0.0157516654493425,0.03125,0.0455013239641036,0.0140951117408876,0.0,0.0206060606060606,0.0424771665557416,16,0.875,1.0,0.0,9,0,3,8,4,3,1,0.4444444444444444,0,0,0,0,0.0449806796749683,0.0222883029248688,0.0222883029248688,V7,0,2025-02,sin_switch,0,0,0,0,0.0,0.0449806796749683,0.0226923767500995,0,0,,,,,,
2025-02-19,Vespertino,0.0,0.491708297011983,0.1961710410951851,0.0651785714285713,0.0856798953926749,0.0257064486624483,0.0730844155844155,0.1078571428571427,0.053039645523904,14,0.8571428571428571,1.0,0.0,14,0,4,8,2,4,2,0.8571428571428571,0,0,0,0,0.021099768550313,0.0,0.0,V7,0,2025-02,sin_switch,0,0,0,0,0.0,0.021099768550313,0.021099768550313,0,0,,,,,,
2025-02-19,Nocturno,0.0,0.1148536148733976,0.0487750427929145,0.0447619047619046,0.055679895392675,0.0168746252699644,0.0699999999999999,0.0699999999999999,0.0399498239013899,14,0.8571428571428571,0.8,0.0,12,0,5,10,4,5,2,0.5,0,0,0,0,0.0439866965185435,0.0,0.0,V7,0,2025-02,sin_switch,0,0,0,0,0.0,0.0439866965185435,0.0439866965185435,0,0,,,,,,
2025-02-20,Previa,0.0,0.0,0.1009292572388951,0.0153135114221747,0.0254692121009253,0.0080334974994188,0.0030627022844349,0.037593842420185,0.0163111722917175,6,1.0,1.0,0.0,6,0,1,0,6,1,1,1.0,0,0,0,0,0.047248569191227,0.0,0.0,V7,0,2025-02,sin_switch,0,0,0,0,0.0,0.047248569191227,0.047248569191227,0,0,,,,,,
2025-02-20,Primera,0.0,0.1926238091069487,0.0906945202857399,0.0,0.02,0.009786860395432,0.0171428571428571,0.1136907024642854,0.098405765005853,5,1.0,1.0,0.4,12,0,2,10,10,2,1,1.0,0,0,0,0,0.0498946003714282,0.0,0.0,V7,0,2025-02,sin_switch,0,0,0,0,0.0,0.0498946003714282,0.0498946003714282,0,0,,,,,,
2025-02-20,Matutino,0.0,0.011507282898072,0.027563281170397,0.0,0.0158322019642871,0.0085392897710454,0.0,0.1576190476190475,0.0661983509347835,5,1.0,0.6666666666666666,0.4,14,0,3,10,1,3,1,0.7857142857142857,0,0,0,0,0.0442812088673338,0.0223983169047969,0.0,V7,0,2025-02,sin_switch,0,0,0,0,0.0,0.0442812088673338,0.0442812088673338,0,0,,,,,,
2025-02-20,Vespertino,0.0,0.0158749425507336,0.0397930405656094,0.0,0.0202358325000027,0.0111814803853171,0.0,0.2014292502499992,0.0812205843047662,7,0.7142857142857143,1.0,0.2857142857142857,10,0,4,9,5,4,2,0.5,0,0,0,0,0.0682514677876986,0.0281561416340463,0.0281561416340463,V7,0,2025-02,sin_switch,0,0,0,0,0.0,0.0682514677876986,0.0400953261536523,0,0,,,,,,
2025-02-20,Nocturno,0.0,0.1135214477840547,0.0447288800716438,0.0184535123214271,0.0267513239641036,0.0081574806549717,0.0,0.0131666666666666,0.0244688681529348,12,1.0,0.4,0.0,8,0,5,7,4,5,1,0.25,0,0,0,0,0.0,0.0223016831000714,0.0496090182660259,V9,0,2025-02,switch_neutro,0,0,0,0,0.0496090182660259,0.0496090182660259,0.0496090182660259,0,1,,,,,,
2025-02-21,Previa,0.0,0.0271877915434322,0.0124590112726458,0.0,0.0267513239641036,0.0152224397306856,0.0,0.0053502647928207,0.0150736240230623,12,1.0,1.0,0.0,12,0,1,0,12,1,1,1.0,0,0,0,0,0.042022496142109,0.0,0.0,V7,0,2025-02,sin_switch,0,0,0,0,0.0,0.042022496142109,0.042022496142109,0,0,,,,,,
2025-02-21,Primera,0.0,0.0667946126348884,0.086940185985453,0.0008928571428571,0.0053605369642814,0.0032360994316506,0.012,0.0199999999999999,0.0346932171940502,14,1.0,1.0,0.1428571428571428,22,0,2,10,10,2,1,1.0,0,0,0,0,0.0,0.0738258531739673,0.021914532388891,V8,0,2025-02,switch_neutro,0,0,0,0,0.0738258531739673,0.0738258531739673,0.0738258531739673,1,0,,,,,,
2025-02-21,Matutino,0.0,0.1538057952864271,0.1470238558715965,0.0008928571428571,0.0053605369642814,0.0032360994316506,0.0,0.1071421783214294,0.0545885099243189,14,1.0,0.6666666666666666,0.1428571428571428,7,0,3,6,1,3,1,0.7142857142857143,0,0,0,0,0.0224282283921875,0.0482793379542501,0.0227399398246011,V7,0,2025-02,sin_switch,0,0,0,0,0.025851109562062602,0.0482793379542501,0.025851109562062602,0,0,,,,,,
2025-02-21,Vespertino,0.0,0.3303694681178664,0.1547746215037146,0.0008928571428571,0.0053605369642814,0.0032360994316506,0.0,0.005,0.0481713083374064,14,1.0,0.5,0.1428571428571428,8,0,4,7,1,4,1,0.625,0,0,0,0,0.0,0.0254138270519474,0.0254570827037634,V7,0,2025-02,sin_switch,0,0,0,0,0.0254570827037634,0.0254570827037634,0.0254570827037634,0,0,,,,,,
2025-02-21,Nocturno,0.0,0.2649526058686016,0.1419885159746897,0.0008928571428571,0.0071428571428571,0.003593702587405,0.0,0.077,0.0356241278543469,14,1.0,0.4,0.1428571428571428,10,0,5,8,4,4,2,0.6,0,0,0,0,0.0,0.0250577895214063,0.0,V7,0,2025-02,sin_switch,0,0,0,0,0.0250577895214063,0.0250577895214063,0.0250577895214063,0,0,,,,,,
2025-02-22,Previa,0.0,0.0,8.881784197001252e-16,0.0,0.0101557006787506,0.0040622802715002,0.0,0.03453114013575,0.0138124560543,4,1.0,1.0,0.0,4,0,1,0,4,1,1,1.0,0,0,0,0,0.0,0.0,0.0,V7,0,2025-02,sin_switch,0,0,0,0,0.0,0.0,0.0,0,0,,,,,,
2025-02-22,Primera,0.0,0.1764052047826219,0.0689784290092335,0.0052288541247378,0.0166666666666667,0.007239940524871,0.0133333333333333,0.015,0.0193534121108962,6,1.0,1.0,0.3333333333333333,8,0,2,6,6,2,1,1.0,0,0,0,0,0.0867316305575143,0.0691661394129528,0.0398937228238614,V7,0,2025-02,sin_switch,0,0,0,0,0.0,0.0867316305575143,0.0468379077336529,0,0,,,,,,
2025-02-22,Matutino,0.0,0.1296757725680084,0.0571642187361462,0.0069801780888414,0.0166666666666667,0.0089552355974273,0.0061538461538461,0.134286393107142,0.0642339384204381,6,1.0,0.6666666666666666,0.3333333333333333,12,0,3,10,4,3,1,0.6666666666666666,0,0,0,0,0.0235469114244654,0.0235469114244654,0.0,V7,0,2025-02,sin_switch,0,0,0,0,0.0,0.0235469114244654,0.0235469114244654,0,0,,,,,,
2025-02-22,Vespertino,0.0,0.011507282898072,0.0095461377621575,0.0069801780888414,0.0166666666666667,0.0089552355974273,0.0,0.045530303030303,0.0344968298176976,6,1.0,0.5,0.3333333333333333,9,0,4,8,3,4,2,0.5555555555555556,0,0,0,0,0.0,0.0461818911407451,0.0663298187175052,V9,0,2025-02,switch_neutro,0,0,0,0,0.0663298187175052,0.0663298187175052,0.0663298187175052,0,1,,,,,,
2025-02-22,Nocturno,0.0,0.0277258872223979,0.0387219026682828,0.0069801780888414,0.0166666666666667,0.0089552355974273,0.0,0.0237433155080214,0.0263315358227566,6,1.0,0.4,0.3333333333333333,17,0,5,14,4,5,2,0.4705882352941176,0,0,0,0,0.0461826933139347,0.023807161861924,0.1007327277117995,V9,0,2025-02,switch_neutro,0,0,0,0,0.0545500343978648,0.1007327277117995,0.0769255658498755,0,1,,,,,,
2025-02-24,Primera,0.0,0.2116406777378046,0.1036823338548864,0.0,0.0130929753571457,0.0064142217679682,0.0,0.0626185950714291,0.0306767212669917,3,0.0,0.5,0.0,3,1,1,3,3,1,1,0.0,0,0,0,0,0.0,0.0179970447466883,0.0179970447466883,V7,0,2025-02,sin_switch,0,0,0,0,0.0179970447466883,0.0179970447466883,0.0179970447466883,0,0,,,,,,
2025-02-24,Matutino,0.0,0.0,8.881784197001252e-16,0.0,0.0053605369642814,0.0054914532297152,0.0,0.0285721073928563,0.0319761507375638,10,0.0,0.6666666666666666,0.0,10,1,2,10,8,2,1,0.0,0,0,1,0,0.0504235049364015,0.0765970277511925,0.0235319742951984,V7,0,2025-02,sin_switch,0,0,0,0,0.026173522814790996,0.0765970277511925,0.05306505345599409,0,0,,,,,,
2025-02-24,Vespertino,0.0,0.0,0.1440956775354751,0.0,0.0017823201785757,0.0021898972327602,0.0,0.0324999999999999,0.0330867011637246,7,0.0,0.75,0.1428571428571428,8,1,3,8,3,3,1,0.0,0,0,0,0,0.0,0.0506710704572059,0.0512432438779406,V9,0,2025-02,switch_neutro,0,0,0,0,0.0512432438779406,0.0512432438779406,0.0512432438779406,0,1,,,,,,
2025-02-24,Nocturno,0.0,0.0,0.1400316443421052,0.0,0.0017823201785757,0.0015130917464435,0.0,0.0504999999999999,0.0264443875012927,7,0.0,0.8,0.1428571428571428,9,1,4,9,3,4,1,0.0,0,0,1,1,0.0,0.0484073553189646,0.0508865235463281,V9,1,2025-02,switch_ganador,1,0,1,1,0.0508865235463281,0.0508865235463281,0.0508865235463281,0,1,,,,,,
2025-02-25,Previa,0.0,0.0089257420525683,0.0048457454064961,0.0053605369642814,0.0184535123214271,0.0101324232522873,0.0010721073928563,0.0036907024642854,0.0020264846504574,8,1.0,1.0,0.0,8,0,1,0,8,1,1,1.0,0,0,0,0,0.0457668599548139,0.0,0.0,V7,0,2025-02,sin_switch,0,0,0,0,0.0,0.0457668599548139,0.0457668599548139,0,0,,,,,,
2025-02-25,Primera,0.0510025544485737,0.1370344074902272,0.0505510941436331,0.0,0.0017868456547603,0.0023982715093737,0.0,0.06203114013575,0.0391518271185043,1,1.0,1.0,1.0,4,0,2,3,3,2,1,1.0,0,0,0,0,0.0195645164833099,0.0195474459162859,0.0264071319335401,V7,0,2025-02,sin_switch,0,0,0,0,0.0068426154502302,0.0264071319335401,0.006859686017254198,0,0,,,,,,
2025-02-25,Matutino,0.0,0.0439444915467239,0.1750171125746353,0.0,0.0017868456547603,0.0023982715093737,0.0,0.0526440265441008,0.0355732611405479,1,1.0,0.6666666666666666,1.0,7,0,3,4,4,3,2,0.4285714285714285,0,0,0,0,0.0,0.0,0.0524674263535612,V9,0,2025-02,switch_neutro,0,0,0,0,0.0524674263535612,0.0524674263535612,0.0524674263535612,0,1,,,,,,
2025-02-25,Vespertino,0.0,0.0,0.0772383096595324,0.0,0.024703512321427,0.0102699103073369,0.0414999999999999,0.1012875625083857,0.0475583417317072,8,0.875,0.75,0.0,10,0,4,8,6,4,1,0.2,0,0,0,0,0.0,0.0,0.0,V7,0,2025-02,sin_switch,0,0,0,0,0.0,0.0,0.0,0,0,,,,,,
2025-02-25,Nocturno,0.0,0.0720607259961987,0.0475604764835205,0.0,0.0097035123214271,0.0043134405068891,0.0,0.0263333333333334,0.0161583392536993,8,0.875,0.6,0.0,9,0,5,8,8,3,2,0.1111111111111111,0,0,0,0,0.0791131207754967,0.0480108866884237,0.0577780226140636,V7,0,2025-02,sin_switch,0,0,0,0,0.0,0.0791131207754967,0.031102234087073,0,0,,,,,,
2025-02-26,Previa,0.0,0.0277258872223971,0.0152999156674559,0.0,0.0060772755776474,0.008044671101876,0.0,0.0012154551155294,0.0016089342203751,7,1.0,1.0,0.0,7,0,1,0,7,1,1,1.0,0,0,0,0,0.0377684685107165,0.0,0.0,V7,0,2025-02,sin_switch,0,0,0,0,0.0,0.0377684685107165,0.0377684685107165,0,0,,,,,,
2025-02-26,Primera,0.0672211587728996,0.1459601495427955,0.0527803316472017,0.0184535123214272,0.0184535123214272,0.0062761012442362,0.0,0.006937297715565,0.0312763951569688,2,1.0,1.0,1.0,4,0,2,2,2,2,1,1.0,0,0,0,0,0.0690289573540125,0.0527407103163253,0.0445415985814724,V7,0,2025-02,sin_switch,0,0,0,0,0.0,0.0690289573540125,0.024487358772540102,0,0,,,,,,
2025-02-26,Matutino,0.0,0.0021791030750311,0.0067582556532712,0.0184535123214272,0.0202403579761876,0.006891505241277,0.0,0.0299999999999999,0.0501186156629378,2,1.0,0.6666666666666666,1.0,10,0,3,8,6,3,1,0.4,0,1,0,0,0.0265230670486304,0.0225030361681181,0.0485557810308441,V7,1,2025-02,sin_switch,0,1,1,0,0.022032713982213698,0.0485557810308441,0.026052744862725997,0,0,,,,,,
2025-02-26,Vespertino,0.0,0.0031134989288466,0.0070816970049252,0.0017513239641037,0.0142513239641036,0.0094727154267392,0.0,0.128709470030219,0.0542655042380047,2,1.0,0.5,1.0,13,0,4,11,3,4,1,0.3076923076923077,0,0,0,0,0.0,0.0,0.0519387496520039,V9,0,2025-02,switch_neutro,0,0,0,0,0.0519387496520039,0.0519387496520039,0.0519387496520039,0,1,,,,,,
2025-02-26,Nocturno,0.0,0.0162186043243259,0.0064874417297303,0.0184535123214271,0.0249999999999999,0.0081121111057195,0.0,0.0789542291750523,0.0430318741645172,2,1.0,0.4,1.0,9,0,5,8,4,5,1,0.2222222222222222,0,0,0,0,0.0222020031765454,0.0,0.0776447469781871,V9,0,2025-02,switch_neutro,0,0,0,0,0.0554427438016417,0.0776447469781871,0.0776447469781871,0,1,,,,,,
2025-02-27,Previa,0.0,0.3068167726102357,0.1214887542018424,0.0153135114221747,0.0254692121009253,0.0080334974994188,0.0030627022844349,0.037593842420185,0.0163111722917175,6,1.0,1.0,0.0,6,0,1,0,6,1,1,1.0,0,0,0,0,0.0824232796033659,0.024759953520034,0.024759953520034,V7,0,2025-02,sin_switch,0,0,0,0,0.0,0.0824232796033659,0.0576633260833319,0,0,,,,,,
2025-02-27,Primera,0.0204330249506403,0.1064648779922938,0.0642631781721306,0.0166666666666667,0.0194801780888415,0.0070016165577702,0.0860457708249474,0.0899999999999999,0.0396767050400861,6,1.0,1.0,0.3333333333333333,6,0,2,4,4,2,1,1.0,0,0,0,0,0.1640209614140989,0.0430049814128154,0.0218451922409866,V7,0,2025-02,sin_switch,0,0,0,0,0.0,0.1640209614140989,0.14217576917311228,0,0,,,,,,
2025-02-27,Matutino,0.0,0.09277465329939,0.0859456023254688,0.0166666666666667,0.0194801780888415,0.0085837920271265,0.0,0.121316401873846,0.0562549125800173,6,1.0,0.6666666666666666,0.3333333333333333,4,0,3,2,2,3,2,0.5,0,0,0,0,0.0,0.0225346103841253,0.0225346103841253,V7,0,2025-02,sin_switch,0,0,0,0,0.0225346103841253,0.0225346103841253,0.0225346103841253,0,0,,,,,,
2025-02-27,Vespertino,0.0439444915467248,0.1111656503196245,0.0876680091557068,0.0166666666666667,0.0302288541247377,0.012962436324656,0.0,0.0874993211785724,0.0392741989686003,6,1.0,0.5,0.3333333333333333,7,1,3,7,3,4,2,0.5714285714285714,0,0,0,0,0.049137716054887,0.0939528067643844,0.0474215892992259,V8,0,2025-02,switch_neutro,0,0,0,0,0.0448150907094974,0.0939528067643844,0.0465312174651585,1,0,,,,,,
2025-02-27,Nocturno,0.0510025544485737,0.2635371568095124,0.1774858534833599,0.0166666666666667,0.0319801780888414,0.0148611274710761,0.0,0.0408564640357149,0.0251281732703458,6,1.0,0.4,0.3333333333333333,7,0,5,5,4,3,1,0.4285714285714285,0,0,0,0,0.0237003206044097,0.0,0.0247950902945839,V7,0,2025-02,sin_switch,0,0,0,0,0.0010947696901742014,0.0247950902945839,0.0247950902945839,0,0,,,,,,
2025-02-28,Previa,0.0,0.2001333948397325,0.0825154469528153,0.0,0.0101557006787506,0.0067130823378369,0.0,0.03453114013575,0.0208365891319532,4,1.0,1.0,0.0,4,0,1,0,4,1,1,1.0,0,0,0,0,0.0,0.0,0.0,V7,0,2025-02,sin_switch,0,0,0,0,0.0,0.0,0.0,0,0,,,,,,
2025-02-28,Primera,0.0,0.0204330249506403,0.0100100970061252,0.0,0.0114378125419288,0.0053012337891781,0.0,0.0014031399558996,0.05237484994726,8,1.0,1.0,0.0,6,0,2,4,4,2,1,1.0,0,0,0,0,0.024799331988898,0.0470952351685311,0.0460300314617616,V7,0,2025-02,sin_switch,0,0,0,0,0.0222959031796331,0.0470952351685311,0.0222959031796331,0,0,,,,,,
2025-02-28,Matutino,0.0,0.010052577131236,0.0172350536456797,0.0,0.0070156997794982,0.0048863654959068,0.0,0.0172727272727273,0.0322147616358941,6,1.0,0.6666666666666666,0.0,12,0,3,11,7,3,1,0.4166666666666667,0,0,0,0,0.0,0.0,0.0219129341488725,V7,0,2025-02,sin_switch,0,0,0,0,0.0219129341488725,0.0219129341488725,0.0219129341488725,0,0,,,,,,
2025-02-28,Vespertino,0.0,0.1121979879640777,0.0467303956189091,0.0,0.0070156997794982,0.0048863654959068,0.0,0.0493076923076922,0.031206926860399,6,1.0,0.5,0.0,10,0,4,9,4,4,1,0.1,0,0,0,0,0.0,0.0254140900638794,0.0459469474420222,V9,0,2025-02,switch_neutro,0,0,0,0,0.0459469474420222,0.0459469474420222,0.0459469474420222,0,1,,,,,,
2025-02-28,Nocturno,0.0,0.1080186246211667,0.0501235137096467,0.0,0.0070156997794982,0.0048863654959068,0.0,0.0463333333333333,0.0334917849429461,6,1.0,0.4,0.0,15,0,5,14,8,5,1,0.0666666666666666,0,0,0,0,0.0225873314504816,0.0,0.0236123253454423,V7,0,2025-02,sin_switch,0,0,0,0,0.0010249938949607011,0.0236123253454423,0.0236123253454423,0,0,,,,,,
2025-03-01,Previa,0.0,0.010052577131236,0.014198056351941,0.0,0.0114378125419288,0.0098459497353911,0.0,0.0022875625083857,0.0019691899470782,10,1.0,1.0,0.0,10,0,1,0,10,1,1,1.0,0,0,0,0,0.0255853689001943,0.0200652078463965,0.0,V7,0,2025-03,sin_switch,0,0,0,0,0.0,0.0255853689001943,0.0255853689001943,0,0,,,,,,
2025-03-01,Primera,0.0644614439134221,0.0644614439134221,0.0543667071785777,0.0,0.0026785714285714,0.0064086096198489,0.1099999999999999,0.1449999999999999,0.0575625847940321,8,1.0,1.0,0.125,14,0,2,8,8,2,1,1.0,0,0,0,0,0.0936338469212574,0.0383174220596176,0.0383174220596176,V7,0,2025-03,sin_switch,0,0,0,0,0.0,0.0936338469212574,0.0553164248616398,0,0,,,,,,
2025-03-01,Matutino,0.0134588894648484,0.0338919144154887,0.1662809579947028,0.0,0.0026785714285714,0.0064086096198489,0.0,0.0570169314594874,0.024397639931025,8,1.0,0.6666666666666666,0.125,12,1,2,12,2,3,1,0.4166666666666667,0,0,0,0,0.0302704253787216,0.054203276787735,0.0225460052214964,V7,0,2025-03,sin_switch,0,0,0,0,0.023932851409013398,0.054203276787735,0.0316572715662386,0,0,,,,,,
2025-03-01,Vespertino,0.0,0.0578207863590716,0.0297871491604708,0.0,0.0795454545454545,0.0358905205830127,0.0,0.0594411738837297,0.0321003865293061,11,0.9090909090909092,1.0,0.0909090909090909,11,1,3,11,1,4,2,0.9090909090909092,0,0,0,0,0.0231450180936092,0.0219142988109646,0.051245719266852,V7,0,2025-03,sin_switch,0,0,0,0,0.0281007011732428,0.051245719266852,0.0293314204558874,0,0,,,,,,
2025-03-01,Nocturno,0.0,0.1222499706744475,0.0474811535810358,0.0,0.0384774200811645,0.0236170185403965,0.0,0.0519999999999999,0.042893529535736,11,0.9090909090909092,0.8,0.0909090909090909,10,0,5,8,6,4,2,0.2,0,0,0,0,0.0261917663062194,0.0487359349200082,0.0241745788988298,V7,0,2025-03,sin_switch,0,0,0,0,0.022544168613788804,0.0487359349200082,0.024561356021178402,0,0,,,,,,
2025-03-03,Primera,0.0,0.0,8.881784197001252e-16,0.0,0.0,0.0104932196157964,0.0,0.0,0.0478452871233882,6,0.0,0.5,0.0,6,1,1,6,6,1,1,0.0,0,0,0,0,0.0,0.0183110594246396,0.0183110594246396,V7,0,2025-03,sin_switch,0,0,0,0,0.0183110594246396,0.0183110594246396,0.0183110594246396,0,0,,,,,,
2025-03-03,Matutino,0.0,0.0381192843123141,0.0524052783297135,0.0,0.001010101010101,0.0024866545132565,0.0,0.0553333333333332,0.0271076864868004,9,0.0,0.6666666666666666,0.1111111111111111,8,1,2,8,5,2,1,0.0,0,0,0,0,0.0,0.0477475570417755,0.0280435376936314,V8,0,2025-03,switch_neutro,0,0,0,0,0.0477475570417755,0.0477475570417755,0.0477475570417755,1,0,,,,,,
2025-03-03,Vespertino,0.0,0.1811165262088776,0.096946131611785,0.0,0.0037732353769798,0.0015709392413682,0.0,0.0610721073928562,0.0248789302857919,9,0.0,0.75,0.1111111111111111,9,1,3,9,3,3,1,0.0,0,1,0,0,0.0,0.0507565739055751,0.0305127145718742,V8,0,2025-03,switch_perdedor,0,1,0,0,0.0507565739055751,0.0507565739055751,0.0507565739055751,1,0,,,,,,
2025-03-03,Nocturno,0.0,0.1776147938820775,0.1005591358752762,0.0,0.00625,0.0030618621784789,0.0,0.0939278926071436,0.0372104528351978,8,0.0,0.8,0.125,7,1,4,7,4,4,2,0.0,0,0,0,0,0.0,0.0207647023840162,0.0543483560607269,V9,0,2025-03,switch_neutro,0,0,0,0,0.0543483560607269,0.0543483560607269,0.0543483560607269,0,1,,,,,,
2025-03-04,Previa,0.0,0.0109691872191053,0.006916709701449,0.0,0.0184535123214271,0.009994685055763,0.0,0.0036907024642854,0.0019989370111526,8,1.0,1.0,0.0,8,0,1,0,8,1,1,1.0,0,0,0,0,0.0459896268029616,0.0,0.0,V7,0,2025-03,sin_switch,0,0,0,0,0.0,0.0459896268029616,0.0459896268029616,0,0,,,,,,
2025-03-04,Primera,0.0,0.0439444915467248,0.0614964124223903,0.0031044792085956,0.0031044792085956,0.0061191983040352,0.0,0.0,0.0161973500228834,2,1.0,1.0,1.0,6,1,1,6,6,2,2,1.0,0,0,0,0,0.0509515332840454,0.0235751425962101,0.0460954557079069,V7,0,2025-03,sin_switch,0,0,0,0,0.0,0.0509515332840454,0.0273763906878353,0,0,,,,,,
2025-03-04,Matutino,0.1474148553096315,0.2683150250041164,0.1032447773279776,0.0,0.0,0.0071820331266874,0.0,0.038786393107142,0.0268173718795173,6,1.0,0.6666666666666666,0.1666666666666666,10,1,2,10,8,3,1,0.1,0,0,0,0,0.0487864195734974,0.0236068315079873,0.0,V7,0,2025-03,sin_switch,0,0,0,0,0.0,0.0487864195734974,0.0487864195734974,0,0,,,,,,
2025-03-04,Vespertino,0.0,0.0174382299069053,0.0567182668694146,0.0,0.0,0.0087784553828456,0.015,0.0249999999999999,0.0137072973266067,6,1.0,0.5,0.1666666666666666,8,1,3,8,6,4,2,0.25,0,0,0,0,0.0556852598096045,0.0345989065448023,0.0723023065835697,V7,0,2025-03,sin_switch,0,0,0,0,0.0166170467739652,0.0723023065835697,0.037703400038767404,0,0,,,,,,
2025-03-04,Nocturno,0.0,0.0545486362140472,0.0773696481916297,0.0,0.0,0.0087784553828456,0.0,0.0652875625083857,0.0258411593378433,6,1.0,0.4,0.1666666666666666,8,0,5,4,4,3,2,0.5,0,0,0,0,0.022298940104176,0.0657792041623011,0.0447555318472508,V8,0,2025-03,switch_neutro,0,0,0,0,0.04348026405812509,0.0657792041623011,0.04348026405812509,1,0,,,,,,
2025-03-05,Previa,0.0,0.0,0.0100100970061252,0.0,0.0,0.0052414641758104,0.0,0.0,0.001048292835162,24,1.0,1.0,0.0,24,0,1,0,24,1,1,1.0,0,0,0,0,0.0669772918941812,0.0716995025782783,0.0449858759516782,V7,0,2025-03,sin_switch,0,0,0,0,0.004722210684097103,0.0716995025782783,0.026713626626600095,0,0,,,,,,
2025-03-05,Primera,0.0,0.0100525771312365,0.5094666428125779,0.0,1.1102230246251563e-16,1.530336829712622e-16,0.0,0.0599999999999999,0.0352889169055944,2,1.0,1.0,1.0,12,0,2,4,4,2,1,1.0,0,0,0,0,0.0,0.0,0.0242410574726336,V7,0,2025-03,sin_switch,0,0,0,0,0.0242410574726336,0.0242410574726336,0.0242410574726336,0,0,,,,,,
2025-03-05,Matutino,0.0,1.0533958633282832,0.5292952630044628,0.0,1.1102230246251563e-16,6.080941944488117e-17,0.0,0.0064278926071437,0.0094980333673703,2,1.0,0.6666666666666666,1.0,7,1,2,7,5,2,1,0.0,0,0,0,0,0.029449649960717,0.0280126259142212,0.0,V7,0,2025-03,sin_switch,0,0,0,0,0.0,0.029449649960717,0.029449649960717,0,0,,,,,,
2025-03-05,Vespertino,1.0449177468967434,1.0449177468967434,0.3348810669833234,0.0,0.0,0.0,0.025,0.092,0.0351203644628013,14,1.0,0.5,0.0,8,1,3,8,6,3,2,0.0,0,0,0,0,0.0206694718246855,0.0275252823223312,0.0220466152937664,V7,0,2025-03,sin_switch,0,0,0,0,0.006855810497645703,0.0275252823223312,0.006855810497645703,0,0,,,,,,
2025-03-05,Nocturno,1.064423972004338,1.074476549135574,0.3464858321080595,0.0,0.0,1.1102230246251563e-16,0.0,0.0470707497500008,0.0259747393764368,14,1.0,0.4,0.0,7,1,4,7,4,4,2,0.1428571428571428,0,0,0,0,0.0,0.0278054903996746,0.02216467546724,V7,0,2025-03,sin_switch,0,0,0,0,0.0278054903996746,0.0278054903996746,0.0278054903996746,0,0,,,,,,
2025-03-06,Previa,0.0,0.2116406777378046,0.0846562710951218,0.0,0.0,0.0,0.0,0.0,0.0,2,1.0,1.0,0.0,2,0,1,0,2,1,1,1.0,0,0,0,0,0.0,0.0278474096504927,0.0278474096504927,V7,0,2025-03,sin_switch,0,0,0,0,0.0278474096504927,0.0278474096504927,0.0278474096504927,0,0,,,,,,
2025-03-06,Primera,0.0,0.1371846698758219,0.1050632154280873,0.0,0.0,0.0026185950714291,0.0,0.0646497352071793,0.0251715585987058,1,1.0,1.0,1.0,4,0,2,2,2,2,1,1.0,0,0,0,0,0.0,0.0202618368117588,0.0286625221474309,V7,0,2025-03,sin_switch,0,0,0,0,0.0286625221474309,0.0286625221474309,0.0286625221474309,0,0,,,,,,
2025-03-06,Matutino,0.0,0.4382549308913557,0.1803120782565299,0.0,0.0,0.0129283641799835,0.0,0.075093842420185,0.0325020769566603,1,1.0,0.6666666666666666,1.0,6,0,3,4,2,3,1,0.6666666666666666,0,0,0,0,0.0225371912800356,0.0447155837936361,0.0277434975787755,V7,0,2025-03,sin_switch,0,0,0,0,0.022178392513600497,0.0447155837936361,0.022178392513600497,0,0,,,,,,
2025-03-06,Vespertino,0.0,0.8046923867192364,0.3361525146739857,0.0,0.0,0.0129283641799836,0.0,0.0220311401357501,0.0134793495623721,1,1.0,0.5,1.0,4,0,4,3,1,4,1,0.5,0,0,0,0,0.0,0.061473595386007,0.0,V8,0,2025-03,switch_neutro,0,0,0,0,0.061473595386007,0.061473595386007,0.061473595386007,1,0,,,,,,
2025-03-06,Nocturno,0.0,0.011507282898072,0.0051364202381454,0.0,0.0,0.0154545595979,0.0,0.1002625835833326,0.0511877347134389,1,1.0,0.4,1.0,9,0,5,8,7,5,2,0.1111111111111111,0,0,0,0,0.0467863414892386,0.0,0.049654857176963,V7,0,2025-03,sin_switch,0,0,0,0,0.0028685156877244003,0.049654857176963,0.049654857176963,0,0,,,,,,
2025-03-07,Previa,0.0,0.0182620494908638,0.0097763288822515,0.0,0.0114378125419288,0.0101346976934915,0.0,0.0022875625083857,0.0020269395386983,12,1.0,1.0,0.0,12,0,1,0,12,1,1,1.0,0,0,0,0,0.0222962866241019,0.0200005594787367,0.0,V7,0,2025-03,sin_switch,0,0,0,0,0.0,0.0222962866241019,0.0222962866241019,0,0,,,,,,
2025-03-07,Primera,0.0,0.0324372086486528,0.1077445763143778,0.0,0.0055555555555555,0.0056845811802491,0.017,0.0275,0.0484806868282617,9,1.0,1.0,0.1111111111111111,18,0,2,6,6,2,1,1.0,0,0,0,0,0.0224362339403892,0.026331645692267,0.0,V7,0,2025-03,sin_switch,0,0,0,0,0.003895411751877801,0.026331645692267,0.026331645692267,0,0,,,,,,
2025-03-07,Matutino,0.2642559082952678,0.3810718327608224,0.1270970741003713,0.0,0.0102358325000028,0.0056865238174191,0.0069230769230769,0.2078578216785707,0.0964086427665977,7,1.0,0.6666666666666666,0.1428571428571428,24,0,3,12,6,3,1,0.75,0,0,0,0,0.0745702700934542,0.0,0.0241532357799771,V7,0,2025-03,sin_switch,0,0,0,0,0.0,0.0745702700934542,0.0745702700934542,0,0,,,,,,
2025-03-07,Vespertino,0.5129869953829171,0.5138324511824228,0.156860710735231,0.0,0.0239378125419288,0.0113765628070351,0.0,0.1189285714285715,0.0553172845462602,8,0.875,0.75,0.125,14,0,4,11,8,4,2,0.4285714285714285,0,1,0,0,0.0677605770930457,0.0257594707289406,0.0318912557295742,V7,1,2025-03,sin_switch,0,1,1,0,0.0,0.0677605770930457,0.042001106364105104,0,0,,,,,,
2025-03-07,Nocturno,0.0,0.0089257420525683,0.2590873464875347,0.0112820512820512,0.0230688969368116,0.0114014393443951,0.0679102564102563,0.106576923076923,0.0383801137474335,26,0.6923076923076923,1.0,0.0769230769230769,26,0,5,14,2,5,2,0.6923076923076923,0,0,0,0,0.0,0.0230672565847506,0.0230672565847506,V7,0,2025-03,sin_switch,0,0,0,0,0.0230672565847506,0.0230672565847506,0.0230672565847506,0,0,,,,,,
2025-03-08,Previa,0.0,0.0,8.881784197001252e-16,0.0,0.0,0.0131054187311883,0.0,0.0,0.0026210837462376,12,1.0,1.0,0.0,12,0,1,0,12,1,1,1.0,0,0,0,0,0.0238132094322187,0.0205580771094036,0.0,V7,0,2025-03,sin_switch,0,0,0,0,0.0,0.0238132094322187,0.0238132094322187,0,0,,,,,,
2025-03-08,Primera,0.3705840720614608,0.3705840720614608,0.1139906715550282,0.001382700278584,0.0052288541247378,0.0081101928735334,0.0,0.0374999999999999,0.0344517173362313,6,1.0,1.0,0.3333333333333333,12,0,2,10,10,2,1,0.8333333333333334,0,0,0,0,0.0448180564721163,0.0423235521210526,0.0445823887270307,V7,0,2025-03,sin_switch,0,0,0,0,0.0,0.0448180564721163,0.0024945043510637005,0,0,,,,,,
2025-03-08,Matutino,0.0,0.1187764048767707,0.052086852003539,0.0128205128205127,0.0281044792085954,0.0108251613856383,0.0,0.0337121212121211,0.0242857897344547,12,0.8333333333333334,1.0,0.1666666666666666,18,0,3,16,6,3,1,0.5555555555555556,0,0,0,0,0.0458920748208665,0.0687198082777785,0.0460173354756909,V7,0,2025-03,sin_switch,0,0,0,0,0.022827733456912004,0.0687198082777785,0.022827733456912004,0,0,,,,,,
2025-03-08,Vespertino,0.0,0.1860085778513029,0.0979854132856029,0.0,0.0127781193818639,0.0066186951976854,0.0,0.0281595623285351,0.0150886903091424,13,1.0,0.5,0.0769230769230769,5,0,4,4,4,3,2,0.2,0,0,0,0,0.0256229541252191,0.055371230343279,0.0,V7,0,2025-03,sin_switch,0,0,0,0,0.029748276218059904,0.055371230343279,0.055371230343279,0,0,,,,,,
2025-03-08,Nocturno,0.0,0.0083937839692254,0.0055868038169855,0.0,0.0152839663880827,0.009161464705665,0.0,0.044944287843984,0.0258704487784274,13,1.0,0.4,0.0769230769230769,19,0,5,17,1,5,2,0.5263157894736842,0,0,0,0,0.0,0.0256399206731209,0.0971514319956296,V9,0,2025-03,switch_neutro,0,0,0,0,0.0971514319956296,0.0971514319956296,0.0971514319956296,0,1,,,,,,
2025-03-10,Primera,0.0,0.0,8.881784197001252e-16,0.0,0.0101557006787506,0.0073869986255844,0.0,0.0620311401357501,0.0394179699492512,4,0.0,0.5,0.0,4,1,1,4,4,1,1,0.0,0,0,0,0,0.0,0.0136286263815285,0.0136286263815285,V7,0,2025-03,sin_switch,0,0,0,0,0.0136286263815285,0.0136286263815285,0.0136286263815285,0,0,,,,,,
2025-03-10,Matutino,0.0,0.0317744811735476,0.0123884865364105,0.0,0.0031044792085955,0.0019708422746837,0.0019542291750525,0.0019542291750525,0.0132116558985524,8,0.0,0.6666666666666666,0.0,8,2,1,8,8,2,2,0.0,0,0,0,0,0.0210810987669568,0.0209010534914069,0.0,V7,0,2025-03,sin_switch,0,0,0,0,0.0,0.0210810987669568,0.0210810987669568,0,0,,,,,,
2025-03-10,Vespertino,0.0,0.1584181065002985,0.0653106372292343,0.0,0.0093544792085955,0.0048564697365131,0.0,0.0324999999999999,0.0290349663796357,8,0.0,0.75,0.125,9,1,3,9,3,3,1,0.0,0,0,0,0,0.0,0.056777227372271,0.0357758149224738,V8,0,2025-03,switch_neutro,0,0,0,0,0.056777227372271,0.056777227372271,0.056777227372271,1,0,,,,,,
2025-03-10,Nocturno,0.0,0.011507282898072,0.2809510472900502,0.0,0.0017045454545454,0.0034125954353956,0.0,0.0610721073928564,0.0248682061477811,8,0.0,0.8,0.125,9,1,4,9,4,4,1,0.0,0,0,0,0,0.0,0.0458393543549136,0.0541734741442465,V9,0,2025-03,switch_neutro,0,0,0,0,0.0541734741442465,0.0541734741442465,0.0541734741442465,0,1,,,,,,
2025-03-11,Previa,0.0,0.0,8.881784197001252e-16,0.0,0.0,1.1102230246251563e-16,0.0,0.0,0.0,3,1.0,1.0,0.0,3,0,1,0,3,1,1,1.0,0,0,0,0,0.0,0.0268797943982516,0.0268797943982516,V7,0,2025-03,sin_switch,0,0,0,0,0.0268797943982516,0.0268797943982516,0.0268797943982516,0,0,,,,,,
2025-03-11,Primera,0.0,0.0162186043243259,0.007945460986939,0.0142513239641037,0.0202403579761876,0.0065472502491337,0.0,0.0599999999999999,0.0359054698908618,2,1.0,1.0,1.0,5,0,2,4,4,2,1,0.8,0,0,0,0,0.064823867635133,0.0420945006951487,0.0434848512566609,V7,0,2025-03,sin_switch,0,0,0,0,0.0,0.064823867635133,0.022729366939984293,0,0,,,,,,
2025-03-11,Matutino,0.0,0.0,0.001958800898206,0.0142513239641037,0.0202403579761876,0.0065472502491337,0.0,0.0274999999999999,0.0263575531353665,2,1.0,0.6666666666666666,1.0,4,0,3,3,3,3,2,0.25,0,0,0,0,0.0252533110174745,0.0262973907470275,0.0538305787603132,V7,0,2025-03,sin_switch,0,0,0,0,0.028577267742838697,0.0538305787603132,0.028577267742838697,0,0,,,,,,
2025-03-11,Vespertino,0.0,0.1654174891176003,0.0661669956470401,0.0142513239641036,0.0202403579761875,0.0078100651900919,0.0,0.1022875625083857,0.0567014704356198,2,1.0,0.5,1.0,8,0,4,6,6,3,2,0.25,0,0,0,0,0.0214603248403496,0.0,0.0478733156452256,V7,0,2025-03,sin_switch,0,0,0,0,0.026412990804876003,0.0478733156452256,0.0478733156452256,0,0,,,,,,
2025-03-11,Nocturno,0.0,0.0338919144154887,0.0536276528182161,0.0202403579761875,0.0249999999999999,0.0077062568197317,0.0,0.1191057443265676,0.0571739567299257,2,1.0,0.4,1.0,11,0,5,9,3,4,1,0.1818181818181818,0,0,0,0,0.0,0.0,0.0688184364095714,V9,0,2025-03,switch_neutro,0,0,0,0,0.0688184364095714,0.0688184364095714,0.0688184364095714,0,1,,,,,,
2025-03-12,Previa,0.0,0.0,8.881784197001252e-16,0.0,0.0,0.0131054187311883,0.0,0.0,0.0026210837462376,10,1.0,1.0,0.0,10,0,1,0,10,1,1,1.0,0,0,0,0,0.0274002062405092,0.0,0.0,V7,0,2025-03,sin_switch,0,0,0,0,0.0,0.0274002062405092,0.0274002062405092,0,0,,,,,,
2025-03-12,Primera,0.150234375732114,0.150234375732114,0.0450703127196342,0.0,0.014703512321427,0.0091840250962378,0.0275,0.0586907024642855,0.0482966872359963,8,1.0,1.0,0.125,8,0,2,6,6,2,1,1.0,0,0,0,0,0.10450523189508,0.0474949539564247,0.0216951253500222,V7,0,2025-03,sin_switch,0,0,0,0,0.0,0.10450523189508,0.0828101065450578,0,0,,,,,,
2025-03-12,Matutino,0.0,0.1681567204600345,0.1629905595747758,0.0,0.014703512321427,0.0091840250962378,0.0,0.0755627022844349,0.0468201044860883,8,1.0,0.6666666666666666,0.125,6,0,3,5,4,3,1,0.3333333333333333,0,0,0,0,0.0,0.0,0.0,V7,0,2025-03,sin_switch,0,0,0,0,0.0,0.0,0.0,0,0,,,,,,
2025-03-12,Vespertino,0.0,0.1613961895577516,0.0665080403719799,0.0,0.014703512321427,0.0077539450705279,0.0,0.0438102026309515,0.0193814693502608,8,1.0,0.5,0.125,9,1,3,9,4,4,1,0.2222222222222222,0,0,0,0,0.0239116357589633,0.0701600705484241,0.0242236781586989,V8,0,2025-03,switch_neutro,0,0,0,0,0.04624843478946081,0.0701600705484241,0.04624843478946081,1,0,,,,,,
2025-03-12,Nocturno,0.0,0.0412661800074181,0.027998638883316,0.0,0.014703512321427,0.0091840250962378,0.0,0.0064545454545454,0.0181642737003165,8,1.0,0.4,0.125,11,1,4,11,3,4,2,0.5454545454545454,0,0,0,0,0.0267260829278241,0.0617226549300758,0.0964667720717399,V9,0,2025-03,switch_neutro,0,0,0,0,0.06974068914391579,0.0964667720717399,0.06974068914391579,0,1,,,,,,
2025-03-13,Previa,0.0,0.0,0.0020997668420882,0.0,0.0101557006787506,0.0073869986255844,0.0,0.03453114013575,0.0220256502206202,4,1.0,1.0,0.0,4,0,1,0,4,1,1,1.0,0,0,0,0,0.0,0.0,0.0,V7,0,2025-03,sin_switch,0,0,0,0,0.0,0.0,0.0,0,0,,,,,,
2025-03-13,Primera,0.0204330249506403,0.071435579399214,0.0290260519585197,0.0,0.0169933680974844,0.0071946454680788,0.0,0.0297875625083857,0.047099467228088,9,1.0,1.0,0.1111111111111111,9,0,2,5,5,2,1,1.0,0,0,0,0,0.0468482601396094,0.0690594098703967,0.0434868586519793,V7,0,2025-03,sin_switch,0,0,0,0,0.022211149730787298,0.0690594098703967,0.0255725512184174,0,0,,,,,,
2025-03-13,Matutino,0.3355899405596902,0.3470972234577623,0.1113413111627151,0.0,0.0169933680974844,0.0071946454680788,0.0,0.0902706310488984,0.0406450442926067,9,1.0,0.6666666666666666,0.1111111111111111,4,0,3,2,2,3,2,0.5,0,0,0,0,0.0470798497237049,0.045214233259247,0.0226691303020486,V7,0,2025-03,sin_switch,0,0,0,0,0.0,0.0470798497237049,0.0244107194216563,0,0,,,,,,
2025-03-13,Vespertino,0.0,0.4522913771239807,0.1981885592864223,0.0,0.0169933680974844,0.0074377144290337,0.0897875625083857,0.167143535964285,0.0784771054269282,9,1.0,0.5,0.1111111111111111,12,0,4,10,6,3,1,0.5,0,0,0,0,0.0489378777659537,0.027192261701965,0.027192261701965,V7,0,2025-03,sin_switch,0,0,0,0,0.0,0.0489378777659537,0.021745616063988702,0,0,,,,,,
2025-03-13,Nocturno,0.0,0.5977361660976106,0.3109613664345116,0.0,0.0096864885778252,0.0042468579886046,0.0,0.1768076923076923,0.0789082699077229,4,1.0,0.4,0.5,12,0,5,8,3,4,2,0.75,0,0,0,0,0.030192336086581,0.0255621569938287,0.0,V7,0,2025-03,sin_switch,0,0,0,0,0.0,0.030192336086581,0.030192336086581,0,0,,,,,,
2025-03-14,Previa,0.0,0.0,8.881784197001252e-16,0.0,0.0254692121009253,0.0153774636018768,0.0,0.037593842420185,0.0273452127606867,6,1.0,1.0,0.0,6,0,1,0,6,1,1,1.0,0,0,0,0,0.0198915407589374,0.0,0.0,V7,0,2025-03,sin_switch,0,0,0,0,0.0,0.0198915407589374,0.0198915407589374,0,0,,,,,,
2025-03-14,Primera,0.0,0.0089257420525683,0.0064923579731534,0.0,0.0,0.0049749302036892,0.0,0.070562702284435,0.0536652059449131,4,1.0,1.0,0.25,6,0,2,5,5,2,1,0.8333333333333334,0,0,0,0,0.0212706552353653,0.0437723258498506,0.0227360228094303,V7,0,2025-03,sin_switch,0,0,0,0,0.0225016706144853,0.0437723258498506,0.0225016706144853,0,0,,,,,,
2025-03-14,Matutino,0.0,0.0756272556946351,0.0477685542683705,0.0,0.0042021883573234,0.0046216577299653,0.0829999999999999,0.1472875625083857,0.0562450610172489,4,1.0,0.6666666666666666,0.25,16,0,3,10,10,3,2,0.375,0,0,0,0,0.0534023744019009,0.0268986622030598,0.0268986622030598,V7,0,2025-03,sin_switch,0,0,0,0,0.0,0.0534023744019009,0.0265037121988411,0,0,,,,,,
2025-03-14,Vespertino,0.0,0.0,0.0050449054011297,0.0,0.0059890340120838,0.0055911444731374,0.0,0.0427124374916143,0.0370082478837886,4,1.0,0.5,0.25,6,0,4,5,4,4,2,0.3333333333333333,0,0,0,0,0.0,0.0438641172770751,0.0625943911467532,V9,0,2025-03,switch_neutro,0,0,0,0,0.0625943911467532,0.0625943911467532,0.0625943911467532,0,1,,,,,,
2025-03-14,Nocturno,0.0,0.1681406056834875,0.0695550568665152,0.0,0.0182978116426765,0.0109299410205878,0.0,0.0227878787878788,0.0339127243125771,5,0.8,0.8,0.0,11,0,5,8,3,5,2,0.5454545454545454,0,0,0,0,0.0466148950322711,0.0253591027646126,0.0460331966269232,V7,0,2025-03,sin_switch,0,0,0,0,0.0,0.0466148950322711,0.0212557922676585,0,0,,,,,,
2025-03-15,Previa,0.0,0.011507282898072,0.0046029131592288,0.0,0.0,1.1102230246251563e-16,0.0,0.0,0.0,3,1.0,1.0,0.0,3,0,1,0,3,1,1,1.0,0,1,0,0,0.0,0.0270383099068277,0.0270383099068277,V7,1,2025-03,sin_switch,0,1,1,0,0.0270383099068277,0.0270383099068277,0.0270383099068277,0,0,,,,,,
2025-03-15,Primera,0.0,0.0672211587728996,0.1226881858204518,0.0,0.0031044792085955,0.0032755137121247,0.0,0.1122875625083857,0.0531101410896432,24,1.0,1.0,0.0,12,0,2,10,10,2,1,1.0,0,0,0,0,0.0232259195402929,0.0477845813023866,0.0247280919602332,V7,0,2025-03,sin_switch,0,0,0,0,0.024558661762093703,0.0477845813023866,0.024558661762093703,0,0,,,,,,
2025-03-15,Matutino,0.2980586158016081,0.314277220125934,0.1070738799859836,0.0,0.0031044792085955,0.0032755137121247,0.0,0.1318333333333333,0.0629194595939331,24,1.0,0.6666666666666666,0.0,9,0,3,7,5,3,1,0.3333333333333333,0,0,0,0,0.0257071358017878,0.0,0.0,V7,0,2025-03,sin_switch,0,0,0,0,0.0,0.0257071358017878,0.0257071358017878,0,0,,,,,,
2025-03-15,Vespertino,0.0,0.0,0.223081017132555,0.0,0.0468955207914043,0.0188023723412293,0.0046907024642856,0.0222875625083858,0.0278892413164463,6,0.8333333333333334,1.0,0.0,8,0,4,6,2,4,1,0.25,0,0,0,0,0.0226569399906637,0.0,0.0238068590171323,V7,0,2025-03,sin_switch,0,0,0,0,0.0011499190264685974,0.0238068590171323,0.0238068590171323,0,0,,,,,,
2025-03-15,Nocturno,0.0,0.1509083182015898,0.075890077761328,0.0,0.0574999999999999,0.0229664884630649,0.0,0.0321435359642849,0.0310066412316736,8,0.875,0.8,0.125,8,0,5,6,2,4,2,0.75,0,0,0,0,0.027632740869808,0.0450286464719149,0.0444915023518698,V7,0,2025-03,sin_switch,0,0,0,0,0.017395905602106902,0.0450286464719149,0.017395905602106902,0,0,,,,,,
2025-03-17,Primera,0.0,0.0,8.881784197001252e-16,0.0,0.0,0.0,0.0,0.0,5.551115123125783e-17,2,0.0,0.5,0.0,2,1,1,2,2,1,1,0.0,0,0,0,0,0.0,0.0130689037433995,0.0130689037433995,V7,0,2025-03,sin_switch,0,0,0,0,0.0130689037433995,0.0130689037433995,0.0130689037433995,0,0,,,,,,
2025-03-17,Matutino,0.0,0.0324372086486528,0.0544165715816133,0.0083333333333333,0.0197711458752622,0.007738077881293,0.0,0.0572875625083858,0.0324007605471392,12,0.0,0.6666666666666666,0.1666666666666666,12,2,1,12,12,2,2,0.0,0,0,0,0,0.0730436478494315,0.0669962455122821,0.0218361292857567,V7,0,2025-03,sin_switch,0,0,0,0,0.0,0.0730436478494315,0.0512075185636748,0,0,,,,,,
2025-03-17,Vespertino,0.0338919144154887,0.4495316622645031,0.1768517964547001,0.0,0.0017823201785757,0.0048032179714751,0.0,0.03,0.0185298305244727,7,0.0,0.75,0.1428571428571428,9,2,2,9,4,3,1,0.0,0,0,0,0,0.0,0.023236847340425,0.023236847340425,V7,0,2025-03,sin_switch,0,0,0,0,0.023236847340425,0.023236847340425,0.023236847340425,0,0,,,,,,
2025-03-17,Nocturno,0.2419772967802043,0.3726618437554148,0.1587026282224314,0.0,0.0581249999999999,0.0236476415947732,0.0,0.049,0.048435737589213,16,0.0,0.8,0.0625,16,1,4,16,12,4,2,0.0,0,0,0,0,0.0740986004272143,0.0246765791691307,0.0261307990650596,V7,0,2025-03,sin_switch,0,0,0,0,0.0,0.0740986004272143,0.04942202125808361,0,0,,,,,,
2025-03-18,Previa,0.0,0.0052494171052206,0.0093514291716937,0.0153135114221747,0.0153135114221747,0.0057877593867312,0.0030627022844349,0.0030627022844349,0.0105012071985923,6,1.0,1.0,0.0,6,0,1,0,6,1,1,1.0,0,0,0,0,0.0539657952590669,0.0,0.0,V7,0,2025-03,sin_switch,0,0,0,0,0.0,0.0539657952590669,0.0539657952590669,0,0,,,,,,
2025-03-18,Primera,0.0,0.0277258872223971,0.0892236783349616,0.0,0.0071428571428571,0.0076999804384995,0.0,0.0612845448844704,0.0244916376760471,7,1.0,1.0,0.1428571428571428,6,0,2,4,4,2,1,1.0,0,0,0,0,0.0289542399014158,0.0497425976211123,0.0208026632529612,V7,0,2025-03,sin_switch,0,0,0,0,0.0207883577196965,0.0497425976211123,0.0289399343681511,0,0,,,,,,
2025-03-18,Matutino,0.0,0.0936519095689067,0.1541212753569161,0.0,0.0022560577556858,0.0061405628394463,0.0,0.0797875625083859,0.0373163248388079,6,0.8333333333333334,1.0,0.0,8,0,3,6,2,3,1,0.75,0,0,0,0,0.0265416674244435,0.0514852156708078,0.0277235545604856,V7,0,2025-03,sin_switch,0,0,0,0,0.0249435482463643,0.0514852156708078,0.0249435482463643,0,0,,,,,,
2025-03-18,Vespertino,0.0,0.315428379559914,0.1804080545158462,0.0,0.0130929753571457,0.0053088331227353,0.0,0.0202124374916141,0.01692017697664,7,1.0,0.5,0.0,6,0,4,5,4,4,1,0.1666666666666666,0,0,0,0,0.0,0.0442423601414259,0.0254391840609042,V8,0,2025-03,switch_neutro,0,0,0,0,0.0442423601414259,0.0442423601414259,0.0442423601414259,1,0,,,,,,
2025-03-18,Nocturno,0.68699088156293,0.7128160309025109,0.2302860909996767,0.0,0.0130929753571457,0.0073908001254174,0.0,0.0534031399558996,0.0211898617817598,7,1.0,0.4,0.0,6,0,5,4,4,3,2,0.3333333333333333,0,0,0,0,0.0212269244324394,0.0333618167512694,0.0230450980921851,V7,0,2025-03,sin_switch,0,0,0,0,0.012134892318830002,0.0333618167512694,0.012134892318830002,0,0,,,,,,
2025-03-19,Previa,0.0,0.0,8.881784197001252e-16,0.0,0.0232486760358963,0.0092994704143585,0.0,0.0696497352071793,0.0278598940828717,4,1.0,1.0,0.0,4,0,1,0,4,1,1,1.0,0,0,0,0,0.0,0.0,0.0,V7,0,2025-03,sin_switch,0,0,0,0,0.0,0.0,0.0,0,0,,,,,,
2025-03-19,Primera,0.0,0.0115072828980711,0.006357240781514,1.1102230246251563e-16,0.0053605369642815,0.0069715729808919,0.0285721073928564,0.0353578216785706,0.0780683912222281,2,1.0,1.0,1.0,8,0,2,6,6,2,1,1.0,0,0,0,0,0.0268564821005142,0.0,0.0222083475777805,V7,0,2025-03,sin_switch,0,0,0,0,0.0,0.0268564821005142,0.0268564821005142,0,0,,,,,,
2025-03-19,Matutino,0.0,0.011507282898072,0.0503983498017035,1.1102230246251563e-16,0.0053605369642815,0.0090675637215104,0.0,0.0486426308690478,0.0232844738764802,2,1.0,0.6666666666666666,1.0,5,0,3,4,4,3,2,0.2,0,0,1,0,0.0217325462977676,0.0214138348747395,0.0536765481575826,V9,0,2025-03,switch_neutro,0,0,0,0,0.031944001859815,0.0536765481575826,0.032262713282843095,0,1,,,,,,
2025-03-19,Vespertino,0.1331378362787321,0.1420635783313004,0.0437793386250866,0.0,0.0053605369642814,0.0090675637215103,0.009,0.0354292502499992,0.0147404798588274,8,1.0,0.5,0.0,10,1,3,10,8,4,2,0.2,0,0,0,0,0.0508009360301628,0.030785989877766,0.0495925601352999,V7,0,2025-03,sin_switch,0,0,0,0,0.0,0.0508009360301628,0.020014946152396802,0,0,,,,,,
2025-03-19,Nocturno,0.0,0.0223846315174167,0.0123760048814142,0.0,0.0053605369642814,0.0090675637215103,0.0,0.0545000000000001,0.0265970239596079,8,1.0,0.4,0.0,7,0,5,6,2,5,2,0.1428571428571428,0,0,0,0,0.0,0.0739419476497149,0.0237808993266553,V8,0,2025-03,switch_neutro,0,0,0,0,0.0739419476497149,0.0739419476497149,0.0739419476497149,1,0,,,,,,
2025-03-20,Previa,0.0,0.0,0.1036823338548865,0.0,0.0,0.0,0.0,0.0,0.0,2,1.0,1.0,0.0,2,0,1,0,2,1,1,1.0,0,0,1,1,0.0,0.0311576729333868,0.0311576729333868,V8,1,2025-03,switch_ganador,0,0,1,0,0.0311576729333868,0.0311576729333868,0.0311576729333868,1,0,,,,,,
2025-03-20,Primera,0.0,0.1374222848927067,0.0978965527932208,0.0,0.0148798210119062,0.0079700283124795,0.0,0.025,0.0275781291647906,3,1.0,1.0,0.6666666666666666,4,0,2,2,2,2,1,1.0,0,0,0,0,0.0474010086961795,0.024557641489637,0.024557641489637,V7,0,2025-03,sin_switch,0,0,0,0,0.0,0.0474010086961795,0.022843367206542498,0,0,,,,,,
2025-03-20,Matutino,0.0,0.2673885417435748,0.1309930980677276,0.0,0.0148798210119062,0.0078292210560054,0.0,0.0196595623285352,0.0177312471285363,3,1.0,0.6666666666666666,0.6666666666666666,5,0,3,3,3,3,2,0.4,0,0,0,0,0.0,0.0468282083805527,0.0471956431574557,V9,0,2025-03,switch_neutro,0,0,0,0,0.0471956431574557,0.0471956431574557,0.0471956431574557,0,1,,,,,,
2025-03-20,Vespertino,0.0052272451907491,0.1277740594405445,0.0530705331422975,0.0,0.021426308690479,0.0085731816455264,0.0,0.058062702284435,0.0394878281114485,3,1.0,0.5,0.6666666666666666,6,1,3,6,4,4,2,0.3333333333333333,0,0,0,0,0.0,0.0452070574714846,0.0500646294405636,V9,0,2025-03,switch_neutro,0,0,0,0,0.0500646294405636,0.0500646294405636,0.0500646294405636,0,1,,,,,,
2025-03-20,Nocturno,0.1213608569897957,0.1213608569897957,0.1006520162388095,0.0,0.0148798210119062,0.0106211371401917,0.0,0.075,0.0421103054434565,3,1.0,0.4,0.6666666666666666,5,0,5,3,1,4,2,0.8,0,0,0,0,0.0233431975425053,0.0,0.0551069540810867,V9,0,2025-03,switch_neutro,0,0,0,0,0.0317637565385814,0.0551069540810867,0.0551069540810867,0,1,,,,,,
2025-03-21,Previa,0.0,0.0,0.1036823338548865,0.0053605369642814,0.0184535123214271,0.0140497267235546,0.0010721073928563,0.0036907024642854,0.0183811971864592,8,1.0,1.0,0.0,8,0,1,0,8,1,1,1.0,0,0,0,0,0.0450659724599512,0.0,0.0,V7,0,2025-03,sin_switch,1,0,0,1,0.0,0.0450659724599512,0.0450659724599512,0,0,,,,,,
2025-03-21,Primera,0.0,0.0171106400330849,0.019395229794669,0.0,0.0184535123214271,0.0081563791312091,0.0,0.0390384615384614,0.0219265559396933,11,1.0,1.0,0.0,13,0,2,11,11,2,1,0.8461538461538461,0,0,0,0,0.0453869463852524,0.0738771671505964,0.0231551066026,V7,0,2025-03,sin_switch,0,0,0,0,0.028490220765344007,0.0738771671505964,0.050722060547996405,0,0,,,,,,
2025-03-21,Matutino,0.0,0.011507282898072,0.0056373942852263,0.0,0.0202403579761875,0.0092399532718219,0.0,0.1606197264404755,0.0739022750097398,11,1.0,0.6666666666666666,0.0,15,0,3,13,2,3,1,0.7333333333333333,0,0,0,0,0.0,0.0,0.0,V7,0,2025-03,sin_switch,0,0,0,0,0.0,0.0,0.0,0,0,,,,,,
2025-03-21,Vespertino,0.0,0.0115072828980711,0.255466412190643,0.0,0.0399999999999999,0.0172288999472223,0.0,0.0701907024642854,0.0325978738703673,5,0.8,1.0,0.0,9,0,4,6,6,3,2,0.3333333333333333,0,0,0,0,0.0480731680516724,0.0267086548652036,0.0504863476379607,V7,0,2025-03,sin_switch,0,0,0,0,0.002413179586288297,0.0504863476379607,0.023777692772757097,0,0,,,,,,
2025-03-21,Nocturno,0.0,0.011507282898072,0.0056373942852263,0.0,0.0391666666666664,0.0156631617469877,0.0,0.0374993211785722,0.0347737376504044,12,0.9166666666666666,0.6,0.0,7,0,5,6,2,5,1,0.5714285714285714,0,0,0,0,0.0,0.0250049866801706,0.0460117315038969,V9,0,2025-03,switch_neutro,0,0,0,0,0.0460117315038969,0.0460117315038969,0.0460117315038969,0,1,,,,,,
2025-03-22,Previa,0.0,0.011507282898072,0.0046029131592288,0.0053605369642814,0.0184535123214271,0.0101324232522873,0.0010721073928563,0.0036907024642854,0.0020264846504574,8,1.0,1.0,0.0,8,0,1,0,8,1,1,1.0,0,0,0,0,0.0457644853317288,0.0,0.0,V7,0,2025-03,sin_switch,0,0,0,0,0.0,0.0457644853317288,0.0457644853317288,0,0,,,,,,
2025-03-22,Primera,0.0,0.0875289338911979,0.1274958904118983,0.0,0.0160336441426793,0.0097156569760841,0.0,0.0301185950714291,0.0703029996529332,7,1.0,1.0,0.1428571428571428,7,0,2,5,5,2,1,1.0,0,0,0,0,0.046756553654278,0.0649452418140912,0.0428734147275603,V7,0,2025-03,sin_switch,0,0,0,0,0.0181886881598132,0.0649452418140912,0.022071827086530896,0,0,,,,,,
2025-03-22,Matutino,0.0,0.0501374542190191,0.0426899147969475,0.0,0.0202358325000028,0.0114756496965755,0.0,0.0572875625083858,0.0281441233854045,7,1.0,0.6666666666666666,0.1428571428571428,9,0,3,6,6,3,2,0.3333333333333333,0,0,0,0,0.0244197713740906,0.0268745139798766,0.0244197713740906,V7,0,2025-03,sin_switch,0,0,0,0,0.0024547426057860006,0.0268745139798766,0.0024547426057860006,0,0,,,,,,
2025-03-22,Vespertino,0.0,0.0162186043243259,0.0064599332156855,0.0,0.0892513239641036,0.0405942385088695,0.0,0.1660721073928563,0.0654742737442151,8,0.875,1.0,0.125,8,0,4,6,1,4,2,0.875,0,0,0,0,0.0206827098603877,0.023435914277898,0.0476497958844354,V7,0,2025-03,sin_switch,0,0,0,0,0.026967086024047703,0.0476497958844354,0.026967086024047703,0,0,,,,,,
2025-03-22,Nocturno,0.0,0.1095979728883707,0.063706589722298,0.0,0.0464378125419289,0.0382453902182105,0.0,0.0148333333333333,0.0295380415701335,9,0.7777777777777778,1.0,0.1111111111111111,9,0,5,7,1,5,1,0.7777777777777778,0,0,0,0,0.0226245614545945,0.0208040743044527,0.0515568393817385,V7,0,2025-03,sin_switch,0,0,0,0,0.028932277927144003,0.0515568393817385,0.0307527650772858,0,0,,,,,,
2025-03-25,Primera,0.0,0.1964570698923848,0.0971060779350142,0.0,0.0114378125419288,0.0067065240416384,0.0,0.0572875625083859,0.0319616818101158,8,0.0,0.5,0.0,8,1,1,8,8,1,1,0.0,0,0,0,0,0.0,0.0215344928850362,0.0,V7,0,2025-03,sin_switch,0,0,0,0,0.0215344928850362,0.0215344928850362,0.0215344928850362,0,0,,,,,,
2025-03-25,Matutino,0.0,0.0277258872223979,0.0521372677888723,0.0,0.0041666666666667,0.0016872013220697,0.0,0.0,0.0,12,0.0,0.6666666666666666,0.0833333333333333,22,1,2,22,14,2,1,0.0,0,0,0,0,0.097428656628786,0.1468971765979191,0.0604952333647548,V8,0,2025-03,switch_neutro,0,0,0,0,0.049468519969133096,0.1468971765979191,0.0864019432331643,1,0,,,,,,
2025-03-25,Vespertino,0.0,0.1777158881024041,0.1061311514548646,0.0,0.017135878767592,0.0234135190389744,0.0,0.0,0.0139974167977001,6,0.0,0.75,0.1666666666666666,14,2,2,14,12,2,1,0.0,0,0,0,0,0.08024843738685,0.1024743622913722,0.0500935934423107,V7,0,2025-03,sin_switch,0,0,0,0,0.0222259249045222,0.1024743622913722,0.0523807688490615,0,0,,,,,,
2025-03-25,Nocturno,0.0,0.1093930049829463,0.0702954198306935,0.0,0.0,0.0079541560617116,0.0,0.0324999999999999,0.0489324030846245,14,0.0,0.8,0.0,12,1,4,12,3,4,2,0.0,0,0,0,0,0.0214860039138211,0.0452319756804665,0.0452435451873315,V7,0,2025-03,sin_switch,0,0,0,0,0.023757541273510402,0.0452435451873315,0.023757541273510402,0,0,,,,,,
2025-03-26,Previa,0.0,0.0062578657928513,0.0042585556600027,0.0,0.0267513239641036,0.0174987982377295,0.0,0.0053502647928207,0.0194645905968555,16,1.0,1.0,0.0,16,0,1,0,16,1,1,1.0,0,0,0,0,0.0,0.020652113463917,0.0,V7,0,2025-03,sin_switch,0,0,0,0,0.020652113463917,0.020652113463917,0.020652113463917,0,0,,,,,,
2025-03-26,Primera,0.0,0.2470215033065939,0.1354172028424453,0.0,0.0093544792085955,0.0074734783817172,0.0,0.1136907024642854,0.0675650959237325,8,1.0,1.0,0.125,12,0,2,9,9,2,1,1.0,0,0,0,0,0.0488828806284475,0.0221063398669635,0.0,V7,0,2025-03,sin_switch,0,0,0,0,0.0,0.0488828806284475,0.0488828806284475,0,0,,,,,,
2025-03-26,Matutino,0.0,0.010052577131236,0.2089079803708752,0.0,0.0364378125419287,0.016335083497558,0.0,0.0732149645357134,0.0373119476950935,14,0.8571428571428571,1.0,0.0714285714285714,14,0,3,11,2,3,1,0.8571428571428571,0,0,0,0,0.0228476363959004,0.0,0.0,V7,0,2025-03,sin_switch,0,0,0,0,0.0,0.0228476363959004,0.0228476363959004,0,0,,,,,,
2025-03-26,Vespertino,0.0,0.010052577131236,0.2320832870030591,0.0,0.0176878125419288,0.0096842701266416,0.0,0.0517875625083857,0.0244048750887794,8,1.0,0.5,0.125,10,0,4,7,2,4,1,0.6,0,0,0,0,0.0,0.0476520707102054,0.048725908172414,V9,0,2025-03,switch_neutro,0,0,0,0,0.048725908172414,0.048725908172414,0.048725908172414,0,1,,,,,,
2025-03-26,Nocturno,0.8534313837384957,0.8534313837384957,0.2571865671298849,0.0,0.0212499999999999,0.0110825101927404,0.0042857142857142,0.014,0.0065018835575484,8,1.0,0.4,0.125,8,1,4,8,4,5,1,0.25,0,0,0,0,0.0,0.0502946199962765,0.021683750191029,V8,0,2025-03,switch_neutro,0,0,0,0,0.0502946199962765,0.0502946199962765,0.0502946199962765,1,0,,,,,,
2025-03-27,Previa,0.0,0.0,8.881784197001252e-16,0.0,0.0,0.0,0.0,0.0,0.0,2,1.0,1.0,0.0,2,0,1,0,2,1,1,1.0,0,0,0,0,0.0,0.0285689383382658,0.0285689383382658,V7,0,2025-03,sin_switch,0,0,0,0,0.0285689383382658,0.0285689383382658,0.0285689383382658,0,0,,,,,,
2025-03-27,Primera,0.0,0.0202671982754756,0.0116110709210756,0.0070156997794982,0.0070156997794982,0.0061373431126073,0.0399999999999999,0.1250938424201849,0.0541489725952238,6,1.0,1.0,0.0,6,0,2,4,4,2,1,1.0,0,0,0,0,0.0758140549511809,0.0242872179933894,0.0242872179933894,V7,0,2025-03,sin_switch,0,0,0,0,0.0,0.0758140549511809,0.051526836957791505,0,0,,,,,,
2025-03-27,Matutino,0.2236740287933294,0.2236740287933294,0.0848247199060778,0.0070156997794982,0.0070156997794982,0.0091492844864771,0.0,0.0189542291750525,0.0207621519044766,6,1.0,0.6666666666666666,0.0,8,1,2,8,4,3,1,0.375,0,0,0,0,0.0482438977141012,0.0482438977141012,0.0226065766369724,V7,0,2025-03,sin_switch,0,0,0,0,0.0,0.0482438977141012,0.0256373210771288,0,0,,,,,,
2025-03-27,Vespertino,0.0,0.1242372289454927,0.0561965191510586,0.0070156997794982,0.0070156997794982,0.0091492844864771,0.0,0.0409031399558997,0.0287962324912255,6,1.0,0.5,0.0,6,0,4,5,3,4,2,0.5,0,0,0,0,0.0214329820452609,0.0483230447513181,0.0,V7,0,2025-03,sin_switch,0,0,0,0,0.0268900627060572,0.0483230447513181,0.0483230447513181,0,0,,,,,,
2025-03-27,Nocturno,0.0,0.2774830859055237,0.1310950409003573,0.0070156997794982,0.0070156997794982,0.0147140586463314,0.0,0.032786393107142,0.0211456756232477,6,1.0,0.4,0.0,8,0,5,7,4,4,1,0.25,0,0,0,0,0.0230872595509502,0.0232200771493043,0.0494486514852188,V7,0,2025-03,sin_switch,0,0,0,0,0.026361391934268598,0.0494486514852188,0.026361391934268598,0,0,,,,,,
2025-03-28,Previa,0.0,0.1912076527871642,0.0805595262925053,0.0,0.0153135114221747,0.007502057830922,0.0,0.0030627022844349,0.0015004115661844,6,1.0,1.0,0.0,6,0,1,0,6,1,1,1.0,0,0,0,0,0.0259503943949355,0.0,0.0,V7,0,2025-03,sin_switch,1,0,0,1,0.0,0.0259503943949355,0.0259503943949355,0,0,,,,,,
2025-03-28,Primera,0.0644614439134221,0.0848944688640624,0.1471538420133178,0.0,0.0218955207914044,0.0084909453241824,0.0106666666666666,0.0816666666666665,0.0672400852613445,6,1.0,1.0,0.1666666666666666,18,0,2,12,12,2,1,0.8888888888888888,0,1,0,0,0.0234734813700532,0.0248307112030461,0.0,V7,1,2025-03,sin_switch,1,1,1,1,0.0013572298329928983,0.0248307112030461,0.0248307112030461,0,0,,,,,,
2025-03-28,Matutino,0.0,0.0,0.000670537010737,0.0,0.0218955207914044,0.0084909453241824,0.0,0.125,0.0742851031720895,6,1.0,0.6666666666666666,0.1666666666666666,20,0,3,14,5,3,1,0.6,0,0,0,0,0.0222248706965764,0.0,0.0,V7,0,2025-03,sin_switch,0,0,0,0,0.0,0.0222248706965764,0.0222248706965764,0,0,,,,,,
2025-03-28,Vespertino,0.0,0.0162186043243259,0.00657669166791,0.0,0.0218955207914043,0.0087505307199204,0.0,0.0346969696969697,0.0198212701306092,6,1.0,0.5,0.1666666666666666,9,1,3,9,3,4,1,0.1111111111111111,0,0,0,0,0.0236325451467714,0.0694863971065555,0.0462932400825925,V8,0,2025-03,switch_neutro,0,0,0,0,0.04585385195978411,0.0694863971065555,0.04585385195978411,1,0,,,,,,
2025-03-28,Nocturno,0.0,0.0767720474224527,0.0529430918037047,0.0,0.0218955207914043,0.0087505307199204,0.0566666666666667,0.1348484848484848,0.0515730106677717,6,1.0,0.4,0.1666666666666666,18,1,4,18,4,5,2,0.5555555555555556,0,0,0,0,0.0239228341241646,0.0,0.0268843403930838,V7,0,2025-03,sin_switch,0,0,0,0,0.002961506268919202,0.0268843403930838,0.0268843403930838,0,0,,,,,,
2025-03-29,Previa,0.0,0.0,8.881784197001252e-16,0.0,0.0,0.0046539267095689,0.0,0.0,0.0158241563505202,4,1.0,1.0,0.0,4,0,1,0,4,1,1,1.0,0,0,0,0,0.0169109219107391,0.0,0.0,V7,0,2025-03,sin_switch,0,0,0,0,0.0,0.0169109219107391,0.0169109219107391,0,0,,,,,,
2025-03-29,Primera,0.3286376902156114,0.3931282729193217,0.1206902062649832,0.0,0.0062499999999999,0.0024999999999999,0.0,0.0,0.0134721935853075,8,1.0,1.0,0.125,8,0,2,6,6,2,1,1.0,0,0,0,0,0.046468869047785,0.0469837727727263,0.0228079673214511,V7,0,2025-03,sin_switch,0,0,0,0,0.0005149037249412985,0.0469837727727263,0.0241758054512752,0,0,,,,,,
2025-03-29,Matutino,0.0,0.0277258872223979,0.0302598002302092,0.0,0.0444444444444444,0.0204878765717619,0.0758333333333333,0.0783333333333333,0.0286397114648305,9,0.8888888888888888,1.0,0.1111111111111111,12,0,3,10,6,3,1,0.5,0,0,0,0,0.028701076512035,0.0227925328249097,0.0470587400795115,V7,0,2025-03,sin_switch,0,0,0,0,0.018357663567476503,0.0470587400795115,0.024266207254601803,0,0,,,,,,
2025-03-29,Vespertino,0.0,0.0,0.0015138181042264,0.0,0.0399999999999999,0.018827596497612,0.0,0.0066666666666667,0.0145226490268681,10,0.8,1.0,0.0,16,0,4,13,8,4,2,0.5,0,0,0,1,0.0743367907013871,0.0,0.0711331114517896,V7,0,2025-03,sin_switch,0,0,0,0,0.0,0.0743367907013871,0.0743367907013871,0,0,,,,,,
2025-03-29,Nocturno,0.0,0.1356574164074295,0.0581331845787992,0.0,0.01,0.0138005171963903,0.0,0.1487857142857143,0.0653325510782046,10,0.8,0.8,0.0,14,0,5,12,3,5,1,0.2857142857142857,0,0,0,0,0.0272636929679657,0.0,0.0,V7,0,2025-03,sin_switch,0,0,0,0,0.0,0.0272636929679657,0.0272636929679657,0,0,,,,,,
2025-03-31,Primera,0.0,0.2053828119449532,0.0834516375797603,0.0184535123214271,0.0184535123214271,0.0110162720126636,0.0861907024642856,0.0861907024642856,0.0529525778084443,8,0.0,0.5,0.0,8,1,1,8,8,1,1,0.0,0,0,0,0,0.0456873796174814,0.0,0.0,V7,0,2025-03,sin_switch,0,0,0,0,0.0,0.0456873796174814,0.0456873796174814,0,0,,,,,,
2025-03-31,Matutino,0.0,0.0869474280902649,0.0672101013721874,0.0,0.0,0.0063567686465681,0.0,0.0801208958417191,0.0468167292152572,9,0.0,0.6666666666666666,0.0,8,1,2,8,3,2,1,0.0,0,0,0,0,0.0,0.0254354058574984,0.0254354058574984,V7,0,2025-03,sin_switch,0,0,0,0,0.0254354058574984,0.0254354058574984,0.0254354058574984,0,0,,,,,,
2025-03-31,Vespertino,0.0,0.011507282898072,0.0056373942852263,0.0,0.0053605369642814,0.0038076301736631,0.0,0.03,0.0159430262959654,10,0.0,0.75,0.0,10,2,2,10,8,3,1,0.0,0,0,0,0,0.0597542434656498,0.0690543038552119,0.0224716102749663,V7,0,2025-03,sin_switch,0,0,0,0,0.009300060389562097,0.0690543038552119,0.046582693580245596,0,0,,,,,,
2025-03-31,Nocturno,0.0322189456689585,0.0322189456689585,0.0393409165315902,0.0,0.0,0.0049629117531729,0.0,0.005,0.0414588258147412,9,0.0,0.8,0.0,9,2,3,9,6,4,1,0.0,0,0,0,0,0.0288118769780282,0.0489373102953023,0.0245956093971822,V7,0,2025-03,sin_switch,0,0,0,0,0.0201254333172741,0.0489373102953023,0.0243417008981201,0,0,,,,,,
2025-04-01,Previa,0.0,0.0,0.1062540125258522,0.0,0.0153135114221747,0.0141323756053329,0.0,0.0030627022844349,0.0285053601569505,6,1.0,1.0,0.0,6,0,1,0,6,1,1,1.0,0,0,0,0,0.0,0.0,0.0,V7,0,2025-04,sin_switch,0,0,0,0,0.0,0.0,0.0,0,0,,,,,,
2025-04-01,Primera,0.010052577131236,0.1111656503196245,0.0624372141748556,0.0052288541247377,0.0052288541247378,0.0095868476775173,0.0,0.0124999999999999,0.0208192076766629,6,1.0,1.0,0.3333333333333333,9,0,2,7,7,2,1,1.0,0,0,0,0,0.0545928301851817,0.0601260240013884,0.0313862817151794,V7,0,2025-04,sin_switch,0,0,0,0,0.005533193816206705,0.0601260240013884,0.028739742286209007,0,0,,,,,,
2025-04-01,Matutino,0.0,0.0089257420525683,0.0126261887672897,0.0,0.0634535123214271,0.0246911577897739,0.0449999999999999,0.0528571428571429,0.0224675267371542,10,0.9,1.0,0.0,16,0,3,10,10,3,2,0.375,0,0,0,0,0.0462709625847707,0.0,0.0269958488394795,V7,0,2025-04,sin_switch,0,0,0,0,0.0,0.0462709625847707,0.0462709625847707,0,0,,,,,,
2025-04-01,Vespertino,0.0,0.0,0.0983540526960968,0.003453512321427,0.005,0.0208135073537597,0.0,0.0186315789473684,0.0349974226847948,8,0.75,1.0,0.25,19,0,4,18,5,4,1,0.1052631578947368,0,0,0,0,0.0240214224863604,0.0236164330118199,0.0238353719477911,V7,0,2025-04,sin_switch,0,0,0,0,0.0,0.0240214224863604,0.0004049894745405021,0,0,,,,,,
2025-04-01,Nocturno,0.0,0.0250475756830921,0.0247842417948358,0.0,0.0197711458752621,0.0098834370617718,0.0114285714285714,0.1697875625083857,0.0808046346106923,10,0.9,0.6,0.0,18,0,5,12,4,5,1,0.3333333333333333,0,0,0,0,0.0245173976695919,0.0,0.0,V7,0,2025-04,sin_switch,0,0,0,0,0.0,0.0245173976695919,0.0245173976695919,0,0,,,,,,
2025-04-03,Primera,0.0,0.2116406777378046,0.1064956143678163,0.0,0.0,0.0,0.0,0.0,5.551115123125783e-17,2,0.0,0.5,0.0,2,1,1,2,2,1,1,0.0,0,0,0,0,0.0,0.019424726926013,0.019424726926013,V7,0,2025-04,sin_switch,0,0,0,0,0.019424726926013,0.019424726926013,0.019424726926013,0,0,,,,,,
2025-04-03,Matutino,0.1973351305332036,0.2026763862381839,0.061965502330213,0.0,0.0053605369642814,0.0045737263889946,0.0572875625083857,0.0572875625083857,0.0255378818344274,8,0.0,0.6666666666666666,0.0,8,1,2,8,6,2,1,0.0,0,0,0,0,0.0,0.0236866247826573,0.0236866247826573,V7,0,2025-04,sin_switch,0,0,0,0,0.0236866247826573,0.0236866247826573,0.0236866247826573,0,0,,,,,,
2025-04-03,Vespertino,0.0,0.0525554716266638,0.0612580934455204,0.0,0.0069070246428543,0.0036533818036095,0.0,0.0937154551155293,0.0465985467845582,5,0.0,0.75,0.4,7,1,3,7,4,3,1,0.0,0,0,0,0,0.0,0.0255472829124589,0.0255472829124589,V7,0,2025-04,sin_switch,0,0,0,0,0.0255472829124589,0.0255472829124589,0.0255472829124589,0,0,,,,,,
2025-04-03,Nocturno,0.0,0.5694455431354415,0.2261221004203898,0.0,0.0038461538461538,0.0022949181169475,0.0,0.0384999999999999,0.0270341145162714,13,0.0,0.8,0.0769230769230769,13,2,3,13,8,4,1,0.0,0,0,0,0,0.0771081101979335,0.0568558122007142,0.0289988265579516,V7,0,2025-04,sin_switch,0,0,0,0,0.0,0.0771081101979335,0.0481092836399819,0,0,,,,,,
2025-04-04,Previa,0.0,0.0,8.881784197001252e-16,0.0,0.0,0.0,0.0,0.0,0.0,2,1.0,1.0,0.0,2,0,1,0,2,1,1,1.0,0,0,0,0,0.0,0.0285689383382658,0.0285689383382658,V7,0,2025-04,sin_switch,0,0,0,0,0.0285689383382658,0.0285689383382658,0.0285689383382658,0,0,,,,,,
2025-04-04,Primera,0.0,0.1764052047826219,0.0951985793807147,0.0346864885778253,0.0417021883573235,0.0122187778985649,0.004,0.1536907024642855,0.0727534959437008,4,1.0,1.0,1.0,12,0,2,10,10,2,1,0.8333333333333334,0,0,0,0,0.0468257937820207,0.0233474549338296,0.0,V7,0,2025-04,sin_switch,0,0,0,0,0.0,0.0468257937820207,0.0468257937820207,0,0,,,,,,
2025-04-04,Matutino,0.0,0.0859217256888342,0.0650329579218079,0.0346864885778253,0.0417021883573235,0.0122187778985649,0.004,0.0806208958417191,0.0377686318138989,4,1.0,0.6666666666666666,1.0,12,0,3,10,0,2,0,0.8333333333333334,1,0,0,0,0.0486594703239096,0.0485176602185444,0.0243666164965322,V7,0,2025-04,sin_switch,0,0,0,0,0.0,0.0486594703239096,0.024292853827377395,0,0,,,,,,
2025-04-04,Vespertino,0.0,0.1654174891176003,0.0680792587907493,0.0232486760358965,0.0346864885778253,0.0125485410270583,0.0,0.2226229920655479,0.0885276526753972,4,1.0,0.5,1.0,11,0,4,9,1,4,2,0.7272727272727273,0,0,0,0,0.0,0.0232054307381286,0.0476739922614078,V9,0,2025-04,switch_neutro,0,0,0,0,0.0476739922614078,0.0476739922614078,0.0476739922614078,0,1,,,,,,
2025-04-04,Nocturno,0.0,0.1258449740069744,0.0510103305669564,0.0,0.0070156997794982,0.0097873720346126,0.016,0.0672727272727273,0.0354702191462216,6,1.0,0.4,0.0,16,0,5,14,4,4,2,0.625,0,0,0,0,0.0466842316024631,0.0231494887149936,0.072690311930174,V7,0,2025-04,sin_switch,0,0,0,0,0.0260060803277109,0.072690311930174,0.0495408232151804,0,0,,,,,,
2025-04-05,Previa,0.0,0.0,8.881784197001252e-16,0.0,0.0,0.0,0.0,0.0,0.0,4,1.0,1.0,0.0,4,0,1,0,4,1,1,1.0,0,0,0,0,0.0166349445959084,0.0202799905058976,0.0202799905058976,V7,0,2025-04,sin_switch,0,0,0,0,0.003645045909989198,0.0202799905058976,0.003645045909989198,0,0,,,,,,
2025-04-05,Primera,0.0,0.0162186043243268,0.0078574367054018,0.0,0.0062499999999999,0.0030568425195541,0.0,0.0560721073928563,0.0303820726778542,8,1.0,1.0,0.125,8,0,2,7,7,2,1,1.0,0,0,0,0,0.041046799715498,0.0684522609097386,0.0378009259402907,V7,0,2025-04,sin_switch,0,0,0,0,0.027405461194240602,0.0684522609097386,0.030651334969447906,0,0,,,,,,
2025-04-05,Matutino,0.0,0.0,0.0100013647134747,0.0,0.0062499999999999,0.0030568425195541,0.0,0.12952358325,0.0518324929368185,8,1.0,0.6666666666666666,0.125,7,0,3,5,2,3,1,0.7142857142857143,0,0,0,0,0.0232994404361251,0.052400654901629,0.0257572471100493,V7,0,2025-04,sin_switch,0,0,0,0,0.0291012144655039,0.052400654901629,0.0291012144655039,0,0,,,,,,
2025-04-05,Vespertino,0.0,0.1250731347563007,0.0488132380763891,0.0,0.0062499999999999,0.0027597832672894,0.0,0.0501595623285352,0.0253408520188877,8,1.0,0.5,0.125,5,0,4,3,1,3,1,0.8,0,0,0,0,0.0299784834435551,0.0564591423205928,0.0701865830448841,V9,0,2025-04,switch_neutro,0,0,0,0,0.040208099601329,0.0701865830448841,0.040208099601329,0,1,,,,,,
2025-04-05,Nocturno,0.0,0.0061660271930907,0.0060232160360709,0.0,0.0062499999999999,0.0024206230650619,0.0,0.0731666666666667,0.0551831830341604,8,1.0,0.4,0.125,9,0,5,6,4,4,2,0.5555555555555556,0,0,0,0,0.0,0.0442184296217264,0.0467926395585283,V9,0,2025-04,switch_neutro,0,0,0,0,0.0467926395585283,0.0467926395585283,0.0467926395585283,0,1,,,,,,
2025-04-07,Primera,0.0,0.0,8.881784197001252e-16,0.0,0.0,0.0,0.0,0.0,5.551115123125783e-17,2,0.0,0.5,0.0,2,1,1,2,2,1,1,0.0,0,0,0,0,0.0,0.0130689037433995,0.0130689037433995,V7,0,2025-04,sin_switch,0,0,0,0,0.0130689037433995,0.0130689037433995,0.0130689037433995,0,0,,,,,,
2025-04-07,Matutino,0.0061660271930907,0.0223846315174167,0.0378389954006206,0.0,0.0166666666666666,0.0064722751125666,0.0,0.0,0.0276666666666666,6,0.0,0.6666666666666666,0.3333333333333333,6,1,2,6,5,2,1,0.0,0,0,0,0,0.0,0.0277389501878763,0.0277389501878763,V7,0,2025-04,sin_switch,0,0,0,0,0.0277389501878763,0.0277389501878763,0.0277389501878763,0,0,,,,,,
2025-04-07,Vespertino,0.0,0.0,8.881784197001252e-16,0.0052288541247377,0.0052288541247377,0.0015686562374213,0.0,0.025,0.0102333036211775,6,0.0,0.75,0.3333333333333333,9,1,3,9,8,3,2,0.0,0,0,0,0,0.0,0.0693457414818853,0.0229774607578331,V8,0,2025-04,switch_neutro,0,0,0,0,0.0693457414818853,0.0693457414818853,0.0693457414818853,1,0,,,,,,
2025-04-07,Nocturno,0.0,0.1734719414956966,0.0849835482708785,0.0,0.0084535123214271,0.0064965873484904,0.0,0.024,0.0102119103382361,8,0.0,0.8,0.0,8,2,3,8,6,4,2,0.0,0,0,0,0,0.0,0.0216594825190442,0.0216594825190442,V7,0,2025-04,sin_switch,0,0,0,0,0.0216594825190442,0.0216594825190442,0.0216594825190442,0,0,,,,,,
2025-04-08,Previa,0.0,0.0089257420525683,0.0078077525535329,0.0,0.0254692121009253,0.0099799011939637,0.0,0.037593842420185,0.017693467750838,6,1.0,1.0,0.0,6,0,1,0,6,1,1,1.0,0,0,0,0,0.0187412876819602,0.0,0.0,V7,0,2025-04,sin_switch,0,0,0,0,0.0,0.0187412876819602,0.0187412876819602,0,0,,,,,,
2025-04-08,Primera,0.0,0.044104060887169,0.031487442977135,1.1102230246251563e-16,1.1102230246251563e-16,0.001642526617047,0.0,0.0024999999999999,0.0219171883660784,2,1.0,1.0,1.0,9,0,2,6,6,2,1,1.0,0,0,0,0,0.0424692160001703,0.0217081098466982,0.0448748138556651,V7,0,2025-04,sin_switch,0,0,0,0,0.0024055978554948024,0.0448748138556651,0.0231667040089669,0,0,,,,,,
2025-04-08,Matutino,0.0,0.1978300797738672,0.0909970749090912,1.1102230246251563e-16,1.1102230246251563e-16,0.001642526617047,0.1042875625083858,0.1342875625083858,0.0430597398270161,2,1.0,0.6666666666666666,1.0,10,0,3,8,2,3,1,0.6,0,0,0,0,0.0585966550170656,0.0,0.0224449684039352,V7,0,2025-04,sin_switch,0,0,0,0,0.0,0.0585966550170656,0.0585966550170656,0,0,,,,,,
2025-04-08,Vespertino,0.0,0.0134588894648484,0.0403477398939862,0.0,0.0,0.001642526617047,0.0,0.0185707497500007,0.016506471117545,12,1.0,0.5,0.0,7,1,3,7,5,4,1,0.1428571428571428,0,0,0,0,0.0253045056109752,0.0945939577143565,0.0216444245785362,V8,0,2025-04,switch_neutro,0,0,0,0,0.0692894521033813,0.0945939577143565,0.0729495331358203,1,0,,,,,,
2025-04-08,Nocturno,0.0,0.2645595889601413,0.1281576213694053,0.0,0.0,0.001642526617047,0.0,0.0957409385616874,0.0542646906947921,12,1.0,0.4,0.0,11,0,5,10,3,4,2,0.5454545454545454,0,0,0,0,0.0,0.023382282336576,0.0241661056830588,V7,0,2025-04,sin_switch,0,0,0,0,0.0241661056830588,0.0241661056830588,0.0241661056830588,0,0,,,,,,
2025-04-09,Previa,0.0,0.0,0.0959001346223347,0.0,0.0101557006787506,0.0073869986255844,0.0,0.03453114013575,0.0220256502206202,4,1.0,1.0,0.0,4,0,1,0,4,1,1,1.0,0,0,0,0,0.0,0.0,0.0,V7,0,2025-04,sin_switch,0,0,0,0,0.0,0.0,0.0,0,0,,,,,,
2025-04-09,Primera,0.2016093567225212,0.254926914081083,0.0872849083792447,0.0,0.0053605369642815,0.0074119848374723,0.0182149645357134,0.1160721073928563,0.0488775679716112,2,1.0,1.0,1.0,8,0,2,6,6,2,1,1.0,0,0,0,0,0.0457808944882899,0.0,0.0217346798945495,V7,0,2025-04,sin_switch,0,0,0,0,0.0,0.0457808944882899,0.0457808944882899,0,0,,,,,,
2025-04-09,Matutino,0.0,0.2092358155371467,0.0900236940775977,1.1102230246251563e-16,0.0184535123214272,0.009316033906815,0.0,0.0392863931071421,0.0186347992291713,2,1.0,0.6666666666666666,1.0,9,0,3,8,2,3,1,0.6666666666666666,0,0,0,0,0.036091701966654,0.0253936109884393,0.0309761632633362,V7,0,2025-04,sin_switch,0,0,0,0,0.0,0.036091701966654,0.010698090978214697,0,0,,,,,,
2025-04-09,Vespertino,0.0,0.0339188498946931,0.0226998857010977,0.0,0.0082978116426765,0.0069759293028277,0.0,0.0328564640357151,0.0158018178034676,1,1.0,0.5,1.0,7,0,4,6,4,4,2,0.4285714285714285,0,0,0,0,0.02272917302746,0.0,0.0851686443006784,V9,0,2025-04,switch_neutro,0,0,0,0,0.0624394712732184,0.0851686443006784,0.0851686443006784,0,1,,,,,,
2025-04-09,Nocturno,0.0,0.0,0.0204501384205986,0.0,0.0102288541247377,0.0076208555922078,0.0,0.0123846153846154,0.0103629195562857,6,0.6666666666666666,1.0,0.0,10,0,5,9,4,5,1,0.1,0,0,0,0,0.0221804155148355,0.0,0.0715988258243414,V9,0,2025-04,switch_neutro,0,0,0,0,0.0494184103095059,0.0715988258243414,0.0715988258243414,0,1,,,,,,
2025-04-10,Previa,0.0,0.0,8.881784197001252e-16,0.0,0.0,0.0,0.0,0.0,0.0,2,1.0,1.0,0.0,2,0,1,0,2,1,1,1.0,0,0,0,0,0.0,0.0285689383382658,0.0285689383382658,V7,0,2025-04,sin_switch,0,0,0,0,0.0285689383382658,0.0285689383382658,0.0285689383382658,0,0,,,,,,
2025-04-10,Primera,0.0848944688640624,0.3652428163564805,0.160488186468413,0.0114378125419288,0.0142513239641036,0.0063182488176448,0.0102631578947367,0.0972875625083857,0.0571576654083137,10,1.0,1.0,0.0,16,0,2,14,14,2,1,0.875,0,0,0,0,0.0235408820088004,0.0501159111939666,0.0240775574658569,V7,0,2025-04,sin_switch,0,0,0,0,0.0265750291851662,0.0501159111939666,0.0265750291851662,0,0,,,,,,
2025-04-10,Matutino,0.0,0.0338919144154887,0.0788760740049634,0.0114378125419288,0.0142513239641036,0.0074679513383313,0.0240480715952375,0.0350000000000001,0.0129808120527676,10,1.0,0.6666666666666666,0.0,8,1,2,8,2,3,1,0.5,0,0,0,0,0.0510158922743272,0.0279030703488823,0.0,V7,0,2025-04,sin_switch,1,0,0,1,0.0,0.0510158922743272,0.0510158922743272,0,0,,,,,,
2025-04-10,Vespertino,0.010052577131236,0.0235114665960844,0.054022962979665,0.0,0.0070156997794982,0.0055115921805068,0.0,0.1205484320736031,0.0699068843236676,6,1.0,0.5,0.0,23,0,4,21,4,3,1,0.6521739130434783,0,0,0,0,0.0,0.0,0.0,V7,0,2025-04,sin_switch,0,0,0,0,0.0,0.0,0.0,0,0,,,,,,
2025-04-10,Nocturno,0.0,0.0083937839692254,0.0056413023771494,0.0,0.013562187458071,0.0057001420471145,0.0,0.2256666666666666,0.0959844051617316,6,1.0,0.4,0.0,9,0,5,8,4,4,1,0.3333333333333333,0,0,0,0,0.0245978265806798,0.0,0.0,V7,0,2025-04,sin_switch,0,0,0,0,0.0,0.0245978265806798,0.0245978265806798,0,0,,,,,,
2025-04-11,Previa,0.0,0.0,0.1049451156029572,0.0,0.0114378125419288,0.0150953059609842,0.0,0.0022875625083857,0.0173751512592701,12,1.0,1.0,0.0,12,0,1,0,12,1,1,1.0,0,0,0,0,0.0209548923444861,0.0212707197758767,0.0,V7,0,2025-04,sin_switch,0,0,0,0,0.0003158274313906015,0.0212707197758767,0.0212707197758767,0,0,,,,,,
2025-04-11,Primera,0.0,0.0835993324376707,0.1902027191931807,0.0,0.0114378125419288,0.0058344590860858,0.0,0.0483333333333333,0.0318707123268351,12,1.0,1.0,0.0,12,0,2,9,9,2,1,0.8333333333333334,0,0,0,0,0.0467577956576527,0.0522245264342806,0.0228490969163778,V7,0,2025-04,sin_switch,0,0,0,0,0.005466730776627897,0.0522245264342806,0.0293754295179028,0,0,,,,,,
2025-04-11,Matutino,0.3388342088802991,0.3388342088802991,0.1099888298715857,0.0,0.0114378125419288,0.0058344590860858,0.0285714285714285,0.0474999999999999,0.0370876421099928,12,1.0,0.6666666666666666,0.0,24,0,3,12,6,3,1,0.6666666666666666,0,0,0,0,0.0235203025614232,0.0249297258523968,0.0235962471933885,V7,0,2025-04,sin_switch,0,0,0,0,0.0014094232909735993,0.0249297258523968,0.0014094232909735993,0,0,,,,,,
2025-04-11,Vespertino,0.0,0.011507282898072,0.0485071123778833,0.0,0.0114378125419288,0.0065091940876047,0.0,0.0569736842105264,0.0506247720420113,12,1.0,0.5,0.0,19,0,4,9,3,4,1,0.5789473684210527,0,0,0,0,0.0,0.0222092832858548,0.0269906882401829,V7,0,2025-04,sin_switch,0,0,0,0,0.0269906882401829,0.0269906882401829,0.0269906882401829,0,0,,,,,,
2025-04-11,Nocturno,0.0,0.0162186043243259,0.0448291320055375,0.0,0.0114378125419288,0.0065091940876047,0.0,0.0325959169166658,0.0227514753979005,12,1.0,0.4,0.0,9,1,4,9,5,5,1,0.2222222222222222,0,0,0,0,0.0226760666903948,0.0769586678250947,0.0679842213364295,V8,0,2025-04,switch_neutro,1,0,0,1,0.0542826011346999,0.0769586678250947,0.0542826011346999,1,0,,,,,,
2025-04-12,Previa,0.0,0.1912076527871642,0.0783699329880183,0.0,0.0,0.0050778503393753,0.0,0.0,0.017265570067875,4,1.0,1.0,0.0,4,0,1,0,4,1,1,1.0,0,0,0,0,0.0,0.0,0.0,V7,0,2025-04,sin_switch,0,0,0,0,0.0,0.0,0.0,0,0,,,,,,
2025-04-12,Primera,0.0134588894648484,0.0882298030521298,0.0391345003619506,0.0114378125419289,0.0114378125419289,0.0052067347333092,0.0,0.0376595623285352,0.0205681099073512,2,1.0,1.0,1.0,5,0,2,4,4,2,1,0.8,0,0,0,0,0.0644232904852844,0.0451960472176223,0.0450622791961438,V7,0,2025-04,sin_switch,0,0,0,0,0.0,0.0644232904852844,0.019361011289140605,0,0,,,,,,
2025-04-12,Matutino,0.0089257420525683,0.0366516292749663,0.1489439555559173,0.0,0.0275058470062188,0.0137610262997639,0.0009031399558996,0.0179031399558996,0.0200799723343288,7,0.8571428571428571,1.0,0.0,6,0,3,4,2,3,1,0.6666666666666666,0,0,0,0,0.0498605161994456,0.0724906080914672,0.079179800299479,V7,0,2025-04,sin_switch,0,0,0,0,0.029319284100033406,0.079179800299479,0.029319284100033406,0,0,,,,,,
2025-04-12,Vespertino,0.0,0.1009278320391553,0.0546241632246439,0.00893196553571,0.0114378125419288,0.0067664575288294,0.102286393107142,0.1029999999999999,0.0427263188191472,2,1.0,0.5,1.0,10,0,4,8,4,4,1,0.4,0,0,0,0,0.0553579073725471,0.0,0.0453283784201848,V7,0,2025-04,sin_switch,0,0,0,0,0.0,0.0553579073725471,0.0553579073725471,0,0,,,,,,
2025-04-12,Nocturno,0.0,0.0,0.0056373942852263,0.0,0.0129843002205017,0.0120581508706105,0.0,0.0456900236428576,0.0296398629441139,5,0.8,0.8,0.2,7,0,5,6,2,4,2,0.5714285714285714,0,0,0,1,0.0,0.0516489769924884,0.021909811683627,V8,0,2025-04,switch_neutro,0,0,0,0,0.0516489769924884,0.0516489769924884,0.0516489769924884,1,0,,,,,,
2025-04-14,Primera,0.0,0.0,0.0980449395696601,0.0,0.0130929753571457,0.0064142217679682,0.0,0.0626185950714291,0.0306767212669917,3,0.0,0.5,0.0,3,1,1,3,3,1,1,0.0,0,0,0,0,0.0,0.0172747108116156,0.0172747108116156,V7,0,2025-04,sin_switch,0,0,0,0,0.0172747108116156,0.0172747108116156,0.0172747108116156,0,0,,,,,,
2025-04-14,Matutino,0.0,0.0047113214262557,0.0358710087652918,0.0,0.0053605369642814,0.00401054606497,0.0,0.0285721073928563,0.0288348870658597,8,0.0,0.6666666666666666,0.0,8,1,2,8,7,2,1,0.0,0,0,0,0,0.0,0.0687233074849578,0.0253470461753608,V8,0,2025-04,switch_neutro,0,0,0,0,0.0687233074849578,0.0687233074849578,0.0687233074849578,1,0,,,,,,
2025-04-14,Vespertino,0.0162186043243259,0.0267767683642432,0.0178075144202097,0.0,0.0053605369642814,0.0026261160619634,0.0,0.0285721073928563,0.0239592768369057,8,0.0,0.75,0.0,8,2,2,8,6,3,1,0.0,0,0,0,0,0.0254106009746284,0.0454057649812088,0.0253370330635355,V7,0,2025-04,sin_switch,0,0,0,0,0.019995164006580402,0.0454057649812088,0.0200687319176733,0,0,,,,,,
2025-04-14,Nocturno,0.0,0.0249471272147188,0.0100739106116151,0.0,0.0044676798214242,0.0022869367009111,0.0,0.0120721073928563,0.0117729706895295,8,0.0,0.8,0.125,9,1,4,9,4,3,1,0.0,0,0,0,0,0.0,0.0803088713158849,0.0387047319381094,V8,0,2025-04,switch_neutro,0,0,0,0,0.0803088713158849,0.0803088713158849,0.0803088713158849,1,0,,,,,,
2025-04-15,Previa,0.0,0.0,0.0080596518514479,0.0,0.0,0.0040622802715002,0.0,0.0,0.0138124560543,4,1.0,1.0,0.0,4,0,1,0,4,1,1,1.0,0,0,0,0,0.017601237091162,0.0,0.0,V7,0,2025-04,sin_switch,0,0,0,0,0.0,0.017601237091162,0.017601237091162,0,0,,,,,,
2025-04-15,Primera,0.0,0.1864577819138579,0.0946459869132512,0.0084535123214271,0.0114378125419288,0.0034400193322602,0.0239999999999999,0.1047875625083856,0.0723588013591662,12,1.0,1.0,0.0,12,0,2,10,10,2,1,1.0,0,0,0,0,0.0491227005108365,0.0471025080312076,0.0254043666273451,V7,0,2025-04,sin_switch,0,0,0,0,0.0,0.0491227005108365,0.023718333883491403,0,0,,,,,,
2025-04-15,Matutino,0.0338919144154887,0.1762948377369451,0.0748416533482698,0.0084535123214271,0.0114378125419288,0.0034400193322602,0.104143535964285,0.1573502647928207,0.0527051073509008,12,1.0,0.6666666666666666,0.0,10,0,3,8,2,3,1,0.6,0,0,0,0,0.0700192922385934,0.0277256054076579,0.0277256054076579,V7,0,2025-04,sin_switch,0,0,0,0,0.0,0.0700192922385934,0.042293686830935505,0,0,,,,,,
2025-04-15,Vespertino,0.0,0.094799806409469,0.0532466539592558,0.0,0.0215464876785729,0.0117391085121871,0.0,0.1247727272727272,0.0644041396385242,5,0.8,1.0,0.0,11,0,4,9,1,4,2,0.7272727272727273,0,0,0,0,0.0464153566037831,0.0612992813288105,0.0612992813288105,V7,0,2025-04,sin_switch,0,0,0,0,0.014883924725027399,0.0612992813288105,0.014883924725027399,0,0,,,,,,
2025-04-15,Nocturno,0.0,0.0012169630999938,0.0077673343324453,0.0,0.044521546785717,0.0184349222208035,0.0,0.0361353002571072,0.0202143284315459,7,0.8571428571428571,0.8,0.0,7,0,5,3,1,4,2,0.8571428571428571,0,1,0,0,0.026311560742939,0.0488122457062303,0.0231292566745395,V7,1,2025-04,sin_switch,0,1,1,0,0.0225006849632913,0.0488122457062303,0.0256829890316908,0,0,,,,,,
2025-04-16,Previa,0.0,0.011507282898072,0.0056373942852263,0.0,0.0101557006787506,0.0049752569286751,0.0,0.03453114013575,0.0169167347138256,4,1.0,1.0,0.0,4,0,1,0,4,1,1,1.0,0,0,0,0,0.0,0.0,0.0,V7,0,2025-04,sin_switch,0,0,0,0,0.0,0.0,0.0,0,0,,,,,,
2025-04-16,Primera,0.0061660271930907,0.0223846315174167,0.0316319022249584,0.0,0.0070156997794982,0.0033727912829866,0.015,0.0526907024642855,0.0332081533021918,6,1.0,1.0,0.0,8,0,2,6,6,2,1,0.75,0,0,0,0,0.0423659233334268,0.0710413214738861,0.0398245431675922,V7,0,2025-04,sin_switch,0,0,0,0,0.0286753981404593,0.0710413214738861,0.0312167783062939,0,0,,,,,,
2025-04-16,Matutino,0.0,0.0728714329188298,0.0304967289091282,0.0,0.034521546785717,0.0141885085583455,0.0341666666666666,0.0379545454545454,0.0462650250820003,7,0.8571428571428571,1.0,0.0,12,0,3,10,6,3,1,0.5,0,0,0,0,0.0477485213712132,0.0232308849086664,0.0232308849086664,V7,0,2025-04,sin_switch,0,0,0,0,0.0,0.0477485213712132,0.024517636462546802,0,0,,,,,,
2025-04-16,Vespertino,0.0,0.0039983855902585,0.0047789325694169,0.0,0.009521546785717,0.0052235390545214,0.0,0.1237094700302189,0.0677782067780657,7,0.8571428571428571,0.75,0.0,13,0,4,11,4,4,1,0.3076923076923077,0,0,0,0,0.0222687202432297,0.0,0.0,V7,0,2025-04,sin_switch,0,0,0,0,0.0,0.0222687202432297,0.0222687202432297,0,0,,,,,,
2025-04-16,Nocturno,0.0,0.0967708853763857,0.0702119837446188,0.0,0.0027403579761875,0.0071276700097801,0.0,0.0497272727272726,0.0281528076563253,8,0.75,0.8,0.0,11,0,5,8,6,4,1,0.2727272727272727,0,0,0,0,0.0231753444494182,0.0225432495734617,0.0680878436912657,V9,0,2025-04,switch_neutro,0,0,0,0,0.04491249924184751,0.0680878436912657,0.04554459411780401,0,1,,,,,,
2025-04-17,Previa,0.0,0.0,8.881784197001252e-16,0.0,0.0,0.0,0.0,0.0,0.0,2,1.0,1.0,0.0,2,0,1,0,2,1,1,1.0,0,0,0,0,0.0,0.0285689383382658,0.0285689383382658,V7,0,2025-04,sin_switch,0,0,0,0,0.0285689383382658,0.0285689383382658,0.0285689383382658,0,0,,,,,,
2025-04-17,Primera,0.1801217105623509,0.254926914081083,0.0816338075434455,0.0166666666666667,0.0194801780888415,0.0067934590805077,0.0,0.1230627022844348,0.0476708350787732,6,1.0,1.0,0.3333333333333333,6,0,2,4,4,2,1,1.0,0,0,0,0,0.054335178663968,0.0,0.0,V7,0,2025-04,sin_switch,0,0,0,0,0.0,0.054335178663968,0.054335178663968,0,0,,,,,,
2025-04-17,Matutino,0.0,0.0162186043243259,0.024359899976884,0.0166666666666667,0.0194801780888415,0.0067934590805077,0.0,0.0329830685405126,0.0147055164386061,6,1.0,0.6666666666666666,0.3333333333333333,4,0,3,2,2,3,2,0.5,0,0,0,0,0.023967536410201,0.0262877871184562,0.0224323936775521,V7,0,2025-04,sin_switch,0,0,0,0,0.0023202507082552004,0.0262877871184562,0.0038553934409041,0,0,,,,,,
2025-04-17,Vespertino,0.0,0.0277258872223979,0.2478319458619509,0.0,0.0070156997794982,0.0045906543076976,0.0,0.1124993211785723,0.0532527950153456,6,1.0,0.5,0.0,7,0,4,5,3,4,2,0.5714285714285714,0,0,0,0,0.0,0.0,0.0,V7,0,2025-04,sin_switch,0,0,0,0,0.0,0.0,0.0,0,0,,,,,,
2025-04-17,Nocturno,0.0134588894648484,0.0134588894648484,0.0085743348490012,0.0,0.0070156997794982,0.0045906543076976,0.0,0.0241900236428578,0.0118928322826387,6,1.0,0.4,0.0,7,1,4,7,1,5,2,0.5714285714285714,0,0,0,0,0.0286526436246544,0.0784903373252059,0.0528199874035402,V8,0,2025-04,switch_neutro,0,0,0,0,0.049837693700551494,0.0784903373252059,0.049837693700551494,1,0,,,,,,
2025-04-19,Primera,0.0,0.0,0.0940039881882781,0.0,0.0153135114221747,0.0061254045688699,0.0,0.0580627022844348,0.0232250809137739,6,0.0,0.5,0.0,6,1,1,6,6,1,1,0.0,0,0,0,0,0.0,0.0193169219348431,0.0193169219348431,V7,0,2025-04,sin_switch,0,0,0,0,0.0193169219348431,0.0193169219348431,0.0193169219348431,0,0,,,,,,
2025-04-19,Matutino,0.0,0.0367114348379713,0.0183361025565174,0.0,0.0116105369642814,0.0068230008605104,0.0,0.0019542291750525,0.0256828132237252,8,0.0,0.6666666666666666,0.125,8,2,1,8,8,2,2,0.0,0,0,0,0,0.0214051165865933,0.0192236430161116,0.0,V7,0,2025-04,sin_switch,0,0,0,0,0.0,0.0214051165865933,0.0214051165865933,0,0,,,,,,
2025-04-19,Vespertino,0.0,0.2032641786718514,0.1748218759797404,0.0,0.0017823201785757,0.001864568650412,0.0,0.0,0.0130933844892171,7,0.0,0.75,0.1428571428571428,9,2,2,9,8,3,1,0.0,0,0,0,0,0.0475062876932664,0.0500425704784537,0.0,V7,0,2025-04,sin_switch,0,0,0,0,0.002536282785187305,0.0500425704784537,0.0500425704784537,0,0,,,,,,
2025-04-19,Nocturno,0.0,0.0204330249506403,0.0234281994305382,0.0,0.0095272036309481,0.0049697430369064,0.0,0.0035721073928562,0.0208475580669611,12,0.0,0.8,0.0833333333333333,12,2,3,12,1,4,1,0.0,0,0,0,0,0.0276852736839123,0.0515960748444049,0.0278531982639185,V7,0,2025-04,sin_switch,0,0,0,0,0.023910801160492597,0.0515960748444049,0.023910801160492597,0,0,,,,,,
2025-04-21,Primera,0.0,0.2116406777378046,0.1078381627661703,0.0,0.0,0.0,0.0,0.0,5.551115123125783e-17,2,0.0,0.5,0.0,2,1,1,2,2,1,1,0.0,0,1,0,0,0.0,0.0194437997084245,0.0194437997084245,V7,1,2025-04,sin_switch,0,1,1,0,0.0194437997084245,0.0194437997084245,0.0194437997084245,0,0,,,,,,
2025-04-21,Matutino,0.0,0.2695437426320888,0.1272080885912957,0.0,0.0,0.0014067557110873,0.0,0.0553333333333333,0.036159885679427,6,0.0,0.6666666666666666,0.0,6,1,2,6,4,2,1,0.0,0,0,0,0,0.0,0.0238089973826991,0.0238089973826991,V7,0,2025-04,sin_switch,0,0,0,0,0.0238089973826991,0.0238089973826991,0.0238089973826991,0,0,,,,,,
2025-04-21,Vespertino,0.0,0.0113811177708944,0.0695199995222811,0.0,0.0071428571428571,0.0038790963398078,0.0,0.0897875625083857,0.0361366908748084,7,0.0,0.75,0.2857142857142857,9,1,3,9,3,3,1,0.0,0,0,0,0,0.0,0.0281680504647459,0.0476083033703521,V9,0,2025-04,switch_neutro,0,0,0,0,0.0476083033703521,0.0476083033703521,0.0476083033703521,0,1,,,,,,
2025-04-21,Nocturno,0.0,0.0160003413446325,0.0348631872469374,0.0,0.0111111111111111,0.0080251462577127,0.0,0.0409999999999999,0.0243277300980636,9,0.0,0.8,0.2222222222222222,10,2,3,10,6,3,1,0.0,0,0,0,0,0.0337579563861188,0.067454863730004,0.0245366941067669,V8,0,2025-04,switch_neutro,0,0,0,0,0.0336969073438852,0.067454863730004,0.04291816962323711,1,0,,,,,,
2025-04-22,Previa,0.0,0.2001333948397325,0.0834660942458785,0.0114378125419288,0.0267513239641036,0.0086240325884562,0.0022875625083857,0.0053502647928207,0.0017248065176912,8,1.0,1.0,0.0,8,0,1,0,8,1,1,1.0,0,0,0,0,0.0706615680284248,0.0218444910489234,0.0218444910489234,V7,0,2025-04,sin_switch,0,0,0,0,0.0,0.0706615680284248,0.0488170769795014,0,0,,,,,,
2025-04-22,Primera,0.9541640420447428,0.9541640420447428,0.2989274279741296,0.0031044792085954,0.0083333333333333,0.0052668285389337,0.0109090909090908,0.0549999999999999,0.0364464247737444,12,1.0,1.0,0.1666666666666666,12,0,2,10,10,2,1,1.0,0,0,0,0,0.0213344857087753,0.0258047309972744,0.0218029626994507,V7,0,2025-04,sin_switch,0,0,0,0,0.004470245288499101,0.0258047309972744,0.004470245288499101,0,0,,,,,,
2025-04-22,Matutino,0.0,0.0525554716266638,0.0561580144546515,0.0,0.0108391803395522,0.0064917418551229,0.0,0.0018328807857147,0.0074505474487434,7,0.8571428571428571,1.0,0.0,7,0,3,5,2,3,1,0.7142857142857143,0,0,0,0,0.0454702895524164,0.0701439901050697,0.0873691803563845,V9,0,2025-04,switch_neutro,0,0,0,0,0.041898890803968095,0.0873691803563845,0.041898890803968095,0,1,,,,,,
2025-04-22,Vespertino,0.0,0.0624677675720537,0.0495496669558852,0.0,0.0138888888888888,0.0089530500632887,0.0,0.0273573691309521,0.0258061923002032,9,0.8888888888888888,0.75,0.0,9,0,4,5,1,3,1,0.8888888888888888,0,0,0,0,0.0,0.0495330539074723,0.0794771749829846,V9,0,2025-04,switch_neutro,0,0,0,0,0.0794771749829846,0.0794771749829846,0.0794771749829846,0,1,,,,,,
2025-04-22,Nocturno,0.0,0.0061660271930907,0.0139475011452588,0.0,0.0475033941071386,0.0285212352382265,0.0,0.0599999999999999,0.026270508893795,10,0.9,0.8,0.0,10,0,5,7,1,4,2,0.9,0,0,0,0,0.0270124666702704,0.0450755596187313,0.0478616525055718,V7,0,2025-04,sin_switch,0,0,0,0,0.020849185835301397,0.0478616525055718,0.020849185835301397,0,0,,,,,,
2025-04-23,Previa,0.0,0.2116406777378046,0.1036823338548864,0.0,0.0130929753571457,0.0052371901428582,0.0,0.0351185950714292,0.0140474380285716,3,1.0,1.0,0.0,3,0,1,0,3,1,1,1.0,0,0,0,0,0.0,0.0,0.0,V7,0,2025-04,sin_switch,0,0,0,0,0.0,0.0,0.0,0,0,,,,,,
2025-04-23,Primera,0.0,0.0830132169592143,0.0332052867836857,0.0,0.01,0.0054551432124117,0.0,0.0830702591701848,0.0406120649899637,5,1.0,1.0,0.2,6,0,2,5,5,2,1,0.6666666666666666,0,0,0,0,0.044879350411014,0.0666136738126858,0.0441885421285538,V7,0,2025-04,sin_switch,0,0,0,0,0.021734323401671807,0.0666136738126858,0.02242513168413201,0,0,,,,,,
2025-04-23,Matutino,0.0,0.4032867915306486,0.1725034470648651,0.0,0.01,0.006434543213007,0.0,0.0128571428571429,0.0229483973567315,5,1.0,0.6666666666666666,0.2,7,0,3,4,4,3,2,0.4285714285714285,0,0,0,0,0.0230570853790158,0.0235045998685426,0.0230570853790158,V7,0,2025-04,sin_switch,0,0,0,0,0.0004475144895268006,0.0235045998685426,0.0004475144895268006,0,0,,,,,,
2025-04-23,Vespertino,0.0,0.0072928622717576,0.0050142134609105,0.0,0.0213907869998221,0.0115352228697721,0.0,0.0824999999999999,0.0422549495135097,7,0.7142857142857143,1.0,0.1428571428571428,8,0,4,7,4,4,1,0.25,0,0,0,0,0.0,0.0260935200317985,0.0487368653867114,V9,0,2025-04,switch_neutro,0,0,0,0,0.0487368653867114,0.0487368653867114,0.0487368653867114,0,1,,,,,,
2025-04-23,Nocturno,0.0,0.0720607259961987,0.0357743218116555,0.0,0.0103605369642815,0.0052120653979845,0.0,0.0583583122583866,0.0310073436682855,2,1.0,0.4,0.5,7,0,5,6,4,5,2,0.1428571428571428,0,0,0,0,0.0,0.0,0.0562524465020022,V9,0,2025-04,switch_neutro,0,0,0,0,0.0562524465020022,0.0562524465020022,0.0562524465020022,0,1,,,,,,
2025-04-24,Previa,0.0,0.0,0.0081093021621629,0.0,0.0,0.0,0.0,0.0,0.0,2,1.0,1.0,0.0,2,0,1,0,2,1,1,1.0,0,0,0,0,0.0,0.0326332378038257,0.0326332378038257,V8,0,2025-04,switch_neutro,0,0,0,0,0.0326332378038257,0.0326332378038257,0.0326332378038257,1,0,,,,,,
2025-04-24,Primera,0.0,0.1999166713787064,0.1624215848967312,1.1102230246251563e-16,0.0142513239641037,0.006801943051111,0.0,0.060212437491614,0.0370396983060057,2,1.0,1.0,1.0,6,0,2,5,5,2,1,1.0,0,0,0,0,0.0216380897703294,0.0216380897703294,0.0448440940815764,V7,0,2025-04,sin_switch,0,0,0,0,0.023206004311247,0.0448440940815764,0.023206004311247,0,0,,,,,,
2025-04-24,Matutino,0.0,0.1816360934419263,0.0728772346521834,0.0114378125419288,0.0142513239641036,0.0055416205715378,0.0,0.0636426308690478,0.0264768589137999,8,1.0,0.6666666666666666,0.0,5,0,3,4,4,3,2,0.2,0,0,0,0,0.0237317747897031,0.0248222585977527,0.0,V7,0,2025-04,sin_switch,0,0,0,0,0.0010904838080496027,0.0248222585977527,0.0248222585977527,0,0,,,,,,
2025-04-24,Vespertino,0.0,0.0,0.0331251255896565,0.0114378125419288,0.0142513239641036,0.0046045208261792,0.0,0.1080627022844349,0.0492145056115023,8,1.0,0.5,0.0,6,0,4,5,2,4,2,0.6666666666666666,0,0,0,0,0.0240877546975653,0.0229647350792451,0.022817676739638,V7,0,2025-04,sin_switch,0,0,0,0,0.0,0.0240877546975653,0.0012700779579273014,0,0,,,,,,
2025-04-24,Nocturno,0.0,0.1644935962048119,0.0680310291127492,0.0114378125419288,0.0142513239641036,0.0055416205715378,0.0,0.054286393107142,0.0333775189589927,8,1.0,0.4,0.0,8,0,5,7,2,5,1,0.5,0,0,0,0,0.0266648702887457,0.050861028232039,0.0252107116013911,V7,0,2025-04,sin_switch,0,0,0,0,0.0241961579432933,0.050861028232039,0.0256503166306479,0,0,,,,,,
2025-04-25,Previa,0.0,0.0,8.881784197001252e-16,0.0,0.0254692121009253,0.0101876848403701,0.0,0.037593842420185,0.015037536968074,6,1.0,1.0,0.0,6,0,1,0,6,1,1,1.0,0,0,0,0,0.0183640072483145,0.0,0.0,V7,0,2025-04,sin_switch,0,0,0,0,0.0,0.0183640072483145,0.0183640072483145,0,0,,,,,,
2025-04-25,Primera,0.0,0.0,0.0864265784403163,0.0,0.0114378125419288,0.0052896539283363,0.0,0.1753502647928206,0.0681201352490253,10,1.0,1.0,0.0,10,0,2,9,9,2,1,1.0,0,0,0,0,0.0282355456383529,0.0,0.0,V7,0,2025-04,sin_switch,0,0,0,0,0.0,0.0282355456383529,0.0282355456383529,0,0,,,,,,
2025-04-25,Matutino,0.0,0.2776349949214038,0.1143640596626116,0.0,0.0114378125419288,0.0052896539283363,0.0,0.0183333333333334,0.0093466304581191,10,1.0,0.6666666666666666,0.0,7,0,3,6,1,3,1,0.4285714285714285,0,0,0,1,0.023192027779209,0.0239966282070373,0.0482942103885524,V7,0,2025-04,sin_switch,0,0,0,0,0.025102182609343403,0.0482942103885524,0.025102182609343403,0,0,,,,,,
2025-04-25,Vespertino,0.0,0.2262149914477733,0.1328967067258491,0.0,0.0114378125419288,0.0052896539283363,0.0,0.0105011694012437,0.0083647053267356,10,1.0,0.5,0.0,7,0,4,6,2,4,1,0.2857142857142857,0,0,0,0,0.0,0.0253850565351741,0.0515475589177947,V9,0,2025-04,switch_neutro,0,0,0,0,0.0515475589177947,0.0515475589177947,0.0515475589177947,0,1,,,,,,
2025-04-25,Nocturno,0.0,0.011507282898072,0.0327437440715755,0.0,0.0114378125419288,0.0058344590860858,0.0,0.1256907024642855,0.0501157567305204,10,1.0,0.4,0.0,10,0,5,9,3,5,2,0.3,0,0,0,0,0.0,0.0210722325657148,0.0234907997579102,V7,0,2025-04,sin_switch,0,0,0,0,0.0234907997579102,0.0234907997579102,0.0234907997579102,0,0,,,,,,
2025-04-26,Previa,0.0,0.0,0.0046029131592288,0.0,0.0,0.0052371901428582,0.0,0.0,0.0140474380285716,3,1.0,1.0,0.0,3,0,1,0,3,1,1,1.0,0,0,0,0,0.0,0.0,0.0,V7,0,2025-04,sin_switch,0,0,0,0,0.0,0.0,0.0,0,0,,,,,,
2025-04-26,Primera,0.0235114665960844,0.1111656503196245,0.0390117443960492,0.0,0.0053605369642814,0.0050004548700256,0.0,0.0614278926071435,0.0312933570727167,9,1.0,1.0,0.0,7,0,2,5,5,2,1,1.0,0,0,0,0,0.0302816101851032,0.0522869015397795,0.0204788501818107,V7,0,2025-04,sin_switch,0,0,0,0,0.022005291354676302,0.0522869015397795,0.031808051357968804,0,0,,,,,,
2025-04-26,Matutino,0.0,0.2106612639022671,0.1343105335207883,0.0,0.0084535123214271,0.0044359502788222,0.0,0.0293333333333332,0.0250211300803042,9,1.0,0.6666666666666666,0.0,10,1,2,10,2,3,1,0.8,0,0,0,0,0.0529476376157383,0.0528384828971048,0.0,V7,0,2025-04,sin_switch,0,0,0,0,0.0,0.0529476376157383,0.0529476376157383,0,0,,,,,,
2025-04-26,Vespertino,0.0,0.1930172112128199,0.0978428631714912,0.0,0.0190464876785728,0.0175474755596422,0.0,0.1391666666666665,0.0625833526527779,5,0.8,1.0,0.2,9,0,4,8,4,4,2,0.5555555555555556,0,0,0,0,0.0462450250351588,0.0386052614935277,0.0386052614935277,V7,0,2025-04,sin_switch,0,0,0,0,0.0,0.0462450250351588,0.007639763541631102,0,0,,,,,,
2025-04-26,Nocturno,0.0,0.0655935240892109,0.0323327967277446,0.0,0.0190464876785728,0.0101491066553571,0.0,0.0886907024642855,0.0413538344057699,5,0.8,0.8,0.2,8,0,5,7,3,4,1,0.5,0,0,0,0,0.0,0.0248577017934382,0.0248577017934382,V7,0,2025-04,sin_switch,0,0,0,0,0.0248577017934382,0.0248577017934382,0.0248577017934382,0,0,,,,,,
2025-04-28,Primera,0.0171352144121961,0.0171352144121961,0.0089021215148842,0.0,0.0,0.007502057830922,0.0,0.0,0.0284447987367993,6,0.0,0.5,0.0,6,1,1,6,6,1,1,0.0,0,0,0,0,0.0,0.01789537707965,0.01789537707965,V7,0,2025-04,sin_switch,0,0,0,0,0.01789537707965,0.01789537707965,0.01789537707965,0,0,,,,,,
2025-04-28,Matutino,0.0,0.010052577131236,0.0083930941989187,0.0,0.0050790234752789,0.0034006885706027,0.0,0.0,0.0,7,0.0,0.6666666666666666,0.2857142857142857,13,1,2,13,10,2,1,0.0,0,0,0,0,0.086367320891465,0.138425616350131,0.0438149330992829,V8,0,2025-04,switch_neutro,0,0,0,0,0.05205829545866601,0.138425616350131,0.09461068325084811,1,0,,,,,,
2025-04-28,Vespertino,0.0,0.011507282898072,0.0222009904348346,0.0,0.0021367521367521,0.0014659110045647,0.0,0.0,0.0,13,0.0,0.75,0.1538461538461538,16,1,3,16,9,3,1,0.0,0,1,0,0,0.1018381682567754,0.1156969060309024,0.049159536426275,V7,1,2025-04,sin_switch,0,1,1,0,0.013858737774126995,0.1156969060309024,0.06653736960462739,0,0,,,,,,
2025-04-28,Nocturno,0.0,0.0639456908662614,0.104254696794468,0.0,0.00225,0.0025903667693977,0.0,0.0,0.025831182706179,16,0.0,0.8,0.125,25,1,4,25,12,4,2,0.0,0,0,0,0,0.1061373856840391,0.1304036704541047,0.0522433424259897,V7,0,2025-04,sin_switch,0,0,0,0,0.024266284770065594,0.1304036704541047,0.078160328028115,0,0,,,,,,
2025-04-29,Previa,0.0,0.0,0.0100100970061252,0.0,0.0,0.0113894786966434,0.0,0.0,0.03412126239551,4,1.0,1.0,0.0,4,0,1,0,4,1,1,1.0,0,0,0,0,0.0,0.0,0.0,V7,0,2025-04,sin_switch,0,0,0,0,0.0,0.0,0.0,0,0,,,,,,
2025-04-29,Primera,0.0,0.0964637381961051,0.0457104798574879,0.0027777777777777,0.0197711458752621,0.0082111084754873,0.0274999999999999,0.1047875625083856,0.0506058487883175,12,1.0,1.0,0.1666666666666666,12,0,2,8,8,2,1,1.0,0,0,0,0,0.0511171848953736,0.0463671225073809,0.0230745199066416,V7,0,2025-04,sin_switch,0,0,0,0,0.0,0.0511171848953736,0.028042664988731997,0,0,,,,,,
2025-04-29,Matutino,0.0122202187340674,0.0122202187340674,0.0261517912403608,0.0027777777777777,0.0197711458752621,0.0082111084754873,0.0,0.0466666666666666,0.0402962404160046,12,1.0,0.6666666666666666,0.1666666666666666,9,0,3,8,3,3,1,0.5555555555555556,0,0,0,0,0.0,0.023029331668717,0.0469358399268287,V9,0,2025-04,switch_neutro,0,0,0,0,0.0469358399268287,0.0469358399268287,0.0469358399268287,0,1,,,,,,
2025-04-29,Vespertino,0.0,0.475489692687657,0.1890976755890824,0.0027777777777777,0.0172652988690433,0.0074739341792458,0.0,0.056786393107142,0.0268111604122513,12,1.0,0.5,0.1666666666666666,8,0,4,7,3,4,1,0.25,0,0,0,0,0.0,0.0,0.0246844425524352,V7,0,2025-04,sin_switch,0,0,0,0,0.0246844425524352,0.0246844425524352,0.0246844425524352,0,0,,,,,,
2025-04-29,Nocturno,0.0,0.1331378362787321,0.0536398748295003,0.0112499999999999,0.0369070246428542,0.0146841292316143,0.0069230769230769,0.0245454545454546,0.0174622963118612,2,1.0,0.4,1.0,16,0,5,12,4,4,2,0.75,0,1,0,0,0.0256977268099716,0.0,0.0973190018988303,V9,0,2025-04,switch_perdedor,0,1,0,0,0.07162127508885871,0.0973190018988303,0.0973190018988303,0,1,,,,,,
2025-04-30,Previa,0.0082094723596277,0.0082094723596277,0.0038342274761048,0.0,0.0153135114221747,0.007502057830922,0.0,0.0030627022844349,0.0015004115661844,6,1.0,1.0,0.0,6,0,1,0,6,1,1,1.0,0,0,0,0,0.0283534688664595,0.0,0.0,V7,0,2025-04,sin_switch,0,0,0,0,0.0,0.0283534688664595,0.0283534688664595,0,0,,,,,,
2025-04-30,Primera,0.0,0.0204330249506403,0.0446232569954644,0.0017513239641036,0.0114378125419288,0.0089184960413432,0.0,0.0005429864253393,0.0310035024927554,12,1.0,1.0,0.0,26,0,2,20,20,2,1,0.7692307692307693,0,1,0,0,0.0691642751563958,0.1101040241605644,0.0237286508016166,V8,0,2025-04,switch_perdedor,0,1,0,0,0.04093974900416861,0.1101040241605644,0.08637537335894781,1,0,,,,,,
2025-04-30,Matutino,0.0,0.0204330249506403,0.2884381661163361,0.0031044792085955,0.0202403579761875,0.0105100636086281,0.0,0.0261363636363636,0.0140677697878606,12,1.0,0.6666666666666666,0.0,11,0,3,10,4,3,1,0.3636363636363636,0,0,0,0,0.0,0.0,0.0277095077747715,V7,0,2025-04,sin_switch,0,0,0,0,0.0277095077747715,0.0277095077747715,0.0277095077747715,0,0,,,,,,
2025-04-30,Vespertino,0.0,0.019516764081505,0.007756754206359,0.0031044792085955,0.0142513239641036,0.0113833795464292,0.0,0.0544999999999999,0.0328250945708614,12,1.0,0.5,0.0,15,0,4,14,4,4,1,0.2666666666666666,0,0,0,0,0.0,0.0,0.0491114933965693,V9,0,2025-04,switch_neutro,0,0,0,0,0.0491114933965693,0.0491114933965693,0.0491114933965693,0,1,,,,,,
2025-04-30,Nocturno,0.0,0.2779334215152822,0.1307942401375606,0.0031044792085955,0.0202403579761875,0.0147941910017573,0.0,0.0133181818181817,0.0148745609005265,12,1.0,0.4,0.0,11,1,4,11,3,5,1,0.1818181818181818,0,0,0,0,0.0,0.0494163203807454,0.0313055087246687,V8,0,2025-04,switch_neutro,0,0,0,0,0.0494163203807454,0.0494163203807454,0.0494163203807454,1,0,,,,,,
2025-05-02,Primera,0.0,0.011507282898072,0.0056373942852263,0.0053605369642814,0.0184535123214271,0.0140497267235547,0.0285721073928564,0.0861907024642856,0.0666906939980291,8,0.0,0.5,0.0,8,1,1,8,8,1,1,0.0,0,0,0,0,0.0427450792169292,0.0,0.0,V7,0,2025-05,sin_switch,0,0,0,0,0.0,0.0427450792169292,0.0427450792169292,0,0,,,,,,
2025-05-02,Matutino,0.0,0.0324372086486528,0.0191662753952078,0.0,0.00625,0.002783882181415,0.0285721073928563,0.0553333333333332,0.0181910582649563,8,0.0,0.6666666666666666,0.125,14,1,2,14,12,2,1,0.0,0,0,0,0,0.0857372155884131,0.092205320771588,0.026256346743543,V7,0,2025-05,sin_switch,0,0,0,0,0.006468105183174894,0.092205320771588,0.06594897402804499,0,0,,,,,,
2025-05-02,Vespertino,0.0,0.0756640132663051,0.1231076578945051,0.0023076923076922,0.0054545454545454,0.0033777317895297,0.067,0.067,0.0227105592794327,10,0.0,0.75,0.2,18,1,3,18,4,3,1,0.0,0,0,0,0,0.0729059022258856,0.0767583593672032,0.0231271454331915,V7,0,2025-05,sin_switch,0,0,0,0,0.0038524571413176,0.0767583593672032,0.0536312139340117,0,0,,,,,,
2025-05-02,Nocturno,0.0,0.0924198910715929,0.0548184273325042,0.0,0.0045112781954887,0.0026994761645535,0.0589999999999999,0.0589999999999999,0.021817653402692,14,0.0,0.8,0.1428571428571428,20,1,4,20,2,4,1,0.0,0,0,0,0,0.0495507635555402,0.0515460771130806,0.0,V7,0,2025-05,sin_switch,0,0,0,0,0.0019953135575404013,0.0515460771130806,0.0515460771130806,0,0,,,,,,
2025-05-03,Previa,0.0,0.0,8.881784197001252e-16,0.0,0.0,0.0,0.0,0.0,0.0,2,1.0,1.0,0.0,2,0,1,0,2,1,1,1.0,0,0,0,0,0.0,0.0285689383382658,0.0285689383382658,V7,0,2025-05,sin_switch,0,0,0,0,0.0285689383382658,0.0285689383382658,0.0285689383382658,0,0,,,,,,
2025-05-03,Primera,0.059928296501142,0.071435579399214,0.0543547514026851,0.0,0.0071428571428571,0.0088202695354944,0.0,0.0181666666666666,0.0412834115363567,7,1.0,1.0,0.1428571428571428,10,0,2,8,8,2,1,0.7,0,0,0,0,0.046603671314983,0.0519901428865448,0.0248558153257219,V7,0,2025-05,sin_switch,0,0,0,0,0.005386471571561802,0.0519901428865448,0.0271343275608229,0,0,,,,,,
2025-05-03,Matutino,0.0,0.0,0.1736949712500417,0.0,0.0202358325000028,0.0084705729916606,0.0,0.0468791041582808,0.0233471647312325,7,1.0,0.6666666666666666,0.1428571428571428,6,0,3,5,2,3,1,0.6666666666666666,0,0,0,0,0.0231493731010934,0.0230835156215751,0.0469486956803361,V7,0,2025-05,sin_switch,0,0,0,0,0.0237993225792427,0.0469486956803361,0.023865180058761,0,0,,,,,,
2025-05-03,Vespertino,0.0,0.0322189456689585,0.0370088645438908,0.0,0.0202358325000028,0.0084705729916606,0.0,0.0599043093571434,0.0301819052369444,7,1.0,0.5,0.1428571428571428,7,0,4,6,4,4,1,0.2857142857142857,0,0,0,1,0.0,0.0255558029764187,0.0454284446585155,V9,1,2025-05,switch_ganador,0,0,1,0,0.0454284446585155,0.0454284446585155,0.0454284446585155,0,1,,,,,,
2025-05-03,Nocturno,0.0786727853052697,0.1055966033418283,0.0371098991033526,0.0,0.0697035123214271,0.0280001832970694,0.0,0.0324999999999999,0.0355887594483817,8,0.875,0.8,0.0,12,0,5,10,3,4,2,0.5833333333333334,0,0,0,0,0.0261276198624641,0.0222057868343717,0.0521776179466388,V7,0,2025-05,sin_switch,0,0,0,0,0.026049998084174696,0.0521776179466388,0.0299718311122671,0,0,,,,,,
2025-05-05,Primera,0.0,0.0,0.1036823338548865,0.0,0.0,0.0,0.0,0.0,5.551115123125783e-17,2,0.0,0.5,0.0,2,1,1,2,2,1,1,0.0,0,0,0,0,0.0,0.0183237361067581,0.0183237361067581,V7,0,2025-05,sin_switch,0,0,0,0,0.0183237361067581,0.0183237361067581,0.0183237361067581,0,0,,,,,,
2025-05-05,Matutino,0.010052577131236,0.385304526797964,0.1675834638712454,0.0020833333333333,0.0031044792085955,0.0023958586262141,0.0,0.0,0.0114288429571425,12,0.0,0.6666666666666666,0.1666666666666666,10,1,2,10,8,2,1,0.0,0,0,0,0,0.1121611734774126,0.0888155070497632,0.0333378226044155,V7,0,2025-05,sin_switch,0,0,0,0,0.0,0.1121611734774126,0.0788233508729971,0,0,,,,,,
2025-05-05,Vespertino,0.0162186043243259,0.0992318212835403,0.1315311782748271,0.0,0.0049242424242424,0.0037114112127542,0.0,0.0325,0.0372247268746678,11,0.0,0.75,0.1818181818181818,14,1,3,14,8,3,1,0.0,0,0,0,0,0.0803013722248923,0.1231263130490203,0.0473117030409343,V8,0,2025-05,switch_neutro,0,0,0,0,0.04282494082412801,0.1231263130490203,0.07581461000808601,1,0,,,,,,
2025-05-05,Nocturno,0.0,0.0786031918386296,0.0646860908133118,0.0,0.0092066908104352,0.0079701973618152,0.0,0.0,0.0095027627561672,13,0.0,0.8,0.0769230769230769,12,1,4,12,2,3,1,0.0,0,0,0,0,0.0470947614721751,0.0776193006782945,0.0297746987529926,V8,0,2025-05,switch_neutro,0,0,0,0,0.030524539206119403,0.0776193006782945,0.047844601925301905,1,0,,,,,,
2025-05-06,Previa,0.0,0.2116406777378046,0.0846562710951218,0.0,0.0232486760358963,0.0092994704143585,0.0,0.0696497352071793,0.0278598940828717,4,1.0,1.0,0.0,4,0,1,0,4,1,1,1.0,0,0,0,0,0.0223014436358065,0.0,0.0,V7,0,2025-05,sin_switch,0,0,0,0,0.0,0.0223014436358065,0.0223014436358065,0,0,,,,,,
2025-05-06,Primera,0.0672211587728996,0.1574674324408675,0.0820833922573593,0.0,0.0132201327205045,0.0065096198669337,0.0612845448844704,0.0614031399558996,0.0274098722976972,7,1.0,1.0,0.1428571428571428,6,0,2,4,4,2,1,1.0,0,0,0,0,0.1012835331410082,0.0485700078894967,0.0218551373337722,V7,0,2025-05,sin_switch,0,0,0,0,0.0,0.1012835331410082,0.079428395807236,0,0,,,,,,
2025-05-06,Matutino,0.4320743872093961,0.4320743872093961,0.133332857430461,0.0,0.0160336441426793,0.0072486712135544,0.0,0.0372875625083858,0.0394761763167991,7,1.0,0.6666666666666666,0.1428571428571428,8,0,3,6,5,3,1,0.375,0,0,1,0,0.0218119576915274,0.0503223154806044,0.0238133631654627,V7,0,2025-05,sin_switch,0,0,0,0,0.028510357789077,0.0503223154806044,0.028510357789077,0,0,,,,,,
2025-05-06,Vespertino,0.0,0.0501374542190191,0.0194739936361893,0.0,0.055953512321427,0.0383797709357882,0.0,0.1125,0.0482732774519738,8,0.875,1.0,0.125,8,0,4,6,3,4,2,0.625,0,0,0,0,0.0223596601148407,0.0253634517895783,0.0500855432178781,V7,0,2025-05,sin_switch,0,0,0,0,0.0277258831030374,0.0500855432178781,0.0277258831030374,0,0,,,,,,
2025-05-06,Nocturno,0.0,0.0162186043243259,0.007945460986939,0.0,0.055953512321427,0.0275577689916064,0.0,0.1195,0.0528340193481902,8,0.875,0.8,0.125,9,0,5,7,1,5,2,0.3333333333333333,0,0,0,0,0.0236436228011017,0.0292521486600308,0.0533692520048369,V7,0,2025-05,sin_switch,0,0,0,0,0.029725629203735202,0.0533692520048369,0.029725629203735202,0,0,,,,,,
2025-05-07,Previa,0.0,0.0512923140027163,0.0276988263763496,0.0,0.0,0.0119874318516022,0.0,0.0,0.0023974863703204,20,1.0,1.0,0.0,20,0,1,0,20,1,1,1.0,0,0,0,0,0.0416871432592082,0.0458231718573035,0.0,V7,0,2025-05,sin_switch,0,0,0,0,0.004136028598095302,0.0458231718573035,0.0458231718573035,0,0,,,,,,
2025-05-07,Primera,0.7826757265136228,0.7826757265136228,0.2822079547304178,0.0,0.0019841269841269,0.0025211251572369,0.0,0.0274999999999999,0.0382541946959491,9,1.0,1.0,0.1111111111111111,28,0,2,12,12,2,1,1.0,0,0,0,0,0.0216545341919464,0.0462802331750537,0.0232026566379953,V7,0,2025-05,sin_switch,0,0,0,0,0.0246256989831073,0.0462802331750537,0.0246256989831073,0,0,,,,,,
2025-05-07,Matutino,0.3570305615946578,0.3570305615946578,0.1074393263635504,0.0,0.0019841269841269,0.0025211251572369,0.0,0.2028787878787877,0.0834824564940981,9,1.0,0.6666666666666666,0.1111111111111111,11,0,3,10,4,3,1,0.4545454545454545,0,0,0,0,0.0537655262207288,0.0,0.0240227943357796,V7,0,2025-05,sin_switch,0,0,0,0,0.0,0.0537655262207288,0.0537655262207288,0,0,,,,,,
2025-05-07,Vespertino,0.2909235663524345,0.3366618161843906,0.1022690598492506,0.0,0.0019841269841269,0.0025211251572369,0.0,0.1341666666666666,0.0622436966911331,9,1.0,0.5,0.1111111111111111,9,0,4,8,3,3,1,0.6666666666666666,0,0,0,0,0.0511898201999794,0.0487239656592947,0.0,V7,0,2025-05,sin_switch,0,0,0,0,0.0,0.0511898201999794,0.0511898201999794,0,0,,,,,,
2025-05-07,Nocturno,0.0,0.6090661215540045,0.244768060802974,0.0,0.0019841269841269,0.0025211251572369,0.0,0.1936666666666666,0.0820262051039198,9,1.0,0.4,0.1111111111111111,9,0,5,8,4,3,1,0.5555555555555556,0,0,0,0,0.0309112365096665,0.0,0.0,V7,0,2025-05,sin_switch,0,0,0,0,0.0,0.0309112365096665,0.0309112365096665,0,0,,,,,,
2025-05-08,Previa,0.0,0.0,8.881784197001252e-16,0.0,0.0,0.0,0.0,0.0,0.0,2,1.0,1.0,0.0,2,0,1,0,2,1,1,1.0,0,0,0,0,0.0,0.0285689383382658,0.0285689383382658,V7,0,2025-05,sin_switch,0,0,0,0,0.0285689383382658,0.0285689383382658,0.0285689383382658,0,0,,,,,,
2025-05-08,Primera,0.0,0.5617097315805859,0.2259543837335358,0.0,0.0083333333333333,0.0042165457954838,0.0,0.0905627022844348,0.0590562044833404,6,1.0,1.0,0.1666666666666666,6,0,2,5,5,2,1,1.0,0,0,0,0,0.0486950133321756,0.0,0.0,V7,0,2025-05,sin_switch,0,0,0,0,0.0,0.0486950133321756,0.0486950133321756,0,0,,,,,,
2025-05-08,Matutino,0.0,0.2963804095748115,0.1583426519068198,0.0,0.0083333333333333,0.0042165457954838,0.0,0.1183164018738459,0.0481185037888793,6,1.0,0.6666666666666666,0.1666666666666666,4,0,3,3,3,3,2,0.25,0,0,0,0,0.0,0.0,0.0,V7,0,2025-05,sin_switch,0,0,0,0,0.0,0.0,0.0,0,0,,,,,,
2025-05-08,Vespertino,0.0,0.3053816495330919,0.2543940261049059,0.0,0.0429843002205017,0.017235636889445,0.0,0.0391057443265675,0.0279528448367097,5,0.8,1.0,0.2,11,1,3,11,9,4,2,0.1818181818181818,0,0,0,0,0.0698345843277045,0.0,0.0470209208036468,V7,0,2025-05,sin_switch,0,0,0,0,0.0,0.0698345843277045,0.0698345843277045,0,0,,,,,,
2025-05-08,Nocturno,0.0,0.0204330249506403,0.0081732099802561,0.0,0.0097035123214271,0.0049922692576306,0.0,0.0937875625083858,0.0561942728984871,8,0.75,0.8,0.375,8,0,5,7,2,4,2,0.75,0,0,1,1,0.0,0.046335169898041,0.0243126779577032,V8,1,2025-05,switch_ganador,0,0,1,0,0.046335169898041,0.046335169898041,0.046335169898041,1,0,,,,,,
2025-05-09,Previa,0.0,0.0062578657928513,0.0025031463171405,0.0153135114221747,0.0153135114221747,0.007217723117828,0.0030627022844349,0.0030627022844349,0.0160497244022401,6,1.0,1.0,0.0,6,0,1,0,6,1,1,1.0,0,0,0,0,0.0535780464923381,0.0,0.0,V7,0,2025-05,sin_switch,0,0,0,0,0.0,0.0535780464923381,0.0535780464923381,0,0,,,,,,
2025-05-09,Primera,0.276195209439444,0.4333922479989729,0.1371574178501001,0.0,0.0083333333333333,0.0039480311932727,0.0,0.0,0.0244269876935646,6,1.0,1.0,0.1666666666666666,6,0,2,4,4,2,1,1.0,0,0,0,0,0.04812184520784,0.0461267496265582,0.0229974419948856,V7,0,2025-05,sin_switch,0,0,0,0,0.0,0.04812184520784,0.025124403212954397,0,0,,,,,,
2025-05-09,Matutino,0.3501510471108204,0.3501510471108204,0.1599150437214173,0.0,0.0028135114221747,0.0027383776085888,0.0,0.1348578216785707,0.0615951201512814,6,1.0,0.6666666666666666,0.0,10,0,3,8,4,3,1,0.6,0,0,0,0,0.0527057880056272,0.025582342550212,0.0243650515897469,V7,0,2025-05,sin_switch,0,0,0,0,0.0,0.0527057880056272,0.028340736415880297,0,0,,,,,,
2025-05-09,Vespertino,0.5129869953829171,0.5129869953829171,0.1559083776026604,0.0,0.0583333333333332,0.0243274404221008,0.0,0.1668330170538402,0.0809134827764389,6,0.8333333333333334,1.0,0.0,11,0,4,9,4,4,1,0.4545454545454545,0,0,0,0,0.0722861018789172,0.0470994447958469,0.0505448537435317,V7,0,2025-05,sin_switch,0,0,0,0,0.0,0.0722861018789172,0.025186657083070295,0,0,,,,,,
2025-05-09,Nocturno,0.0089257420525683,0.0089257420525683,0.0026777226157705,0.0,0.0283333333333333,0.0124056705957005,0.0,0.0718092975357146,0.0291138191932297,6,0.8333333333333334,0.8,0.0,5,0,5,3,2,5,2,0.4,0,0,0,0,0.0224907742346024,0.0540004863991895,0.0243188350366292,V8,0,2025-05,switch_neutro,0,0,0,0,0.0315097121645871,0.0540004863991895,0.0315097121645871,1,0,,,,,,
2025-05-10,Previa,0.0,0.0,0.0056373942852263,0.0153135114221747,0.0153135114221747,0.0079020146032802,0.0030627022844349,0.0030627022844349,0.017593180014482,6,1.0,1.0,0.0,6,0,1,0,6,1,1,1.0,0,0,0,0,0.052583579304005,0.0,0.0,V7,0,2025-05,sin_switch,0,0,0,0,0.0,0.052583579304005,0.052583579304005,0,0,,,,,,
2025-05-10,Primera,0.0,0.010052577131236,0.0455892955355314,0.0083333333333333,0.0083333333333333,0.0055672590293367,0.0,0.0572875625083858,0.0329255553597308,12,1.0,1.0,0.1666666666666666,12,0,2,6,6,2,1,1.0,0,0,0,0,0.0458049893814786,0.0499310431978093,0.0217413650807578,V7,0,2025-05,sin_switch,0,0,0,0,0.004126053816330695,0.0499310431978093,0.0281896781170515,0,0,,,,,,
2025-05-10,Matutino,0.0924198910715929,0.1086384953959189,0.0614032591646548,0.0083333333333333,0.0083333333333333,0.0055672590293367,0.0,0.0043404376714648,0.011265432001773,12,1.0,0.6666666666666666,0.1666666666666666,4,0,3,2,2,3,2,0.5,0,0,0,0,0.026202795989628,0.0523690356906191,0.0227442907304713,V7,0,2025-05,sin_switch,0,0,0,0,0.0261662397009911,0.0523690356906191,0.0296247449601478,0,0,,,,,,
2025-05-10,Vespertino,0.0,0.0134588894648484,0.0075647161776351,0.0083333333333333,0.0083333333333333,0.0055672590293367,0.0,0.025,0.0259524485852748,12,1.0,0.5,0.1666666666666666,8,1,3,8,7,4,2,0.125,0,0,0,0,0.0340649967497653,0.0604785566913815,0.0276113878237556,V7,0,2025-05,sin_switch,0,0,0,0,0.026413559941616205,0.0604785566913815,0.032867168867625904,0,0,,,,,,
2025-05-10,Nocturno,0.0,0.0223846315174167,0.0658494282437889,0.0083333333333333,0.0083333333333333,0.0055672590293367,0.0,0.0871666666666666,0.0352564744542749,12,1.0,0.4,0.1666666666666666,10,0,5,9,3,5,1,0.1,0,0,0,0,0.0,0.0510611772552832,0.0231638809265209,V8,0,2025-05,switch_neutro,0,0,0,0,0.0510611772552832,0.0510611772552832,0.0510611772552832,1,0,,,,,,
2025-05-12,Primera,0.0,0.2001333948397325,0.0825154469528153,0.0,0.0,0.0,0.0,0.0,0.0,3,0.0,0.5,0.0,3,1,1,3,3,1,1,0.0,0,0,0,0,0.0,0.0193202310963829,0.0193202310963829,V7,0,2025-05,sin_switch,0,0,0,0,0.0193202310963829,0.0193202310963829,0.0193202310963829,0,0,,,,,,
2025-05-12,Matutino,0.0,0.010052577131236,0.0063531712679309,0.0052288541247377,0.0083333333333333,0.0053387932988077,0.0,0.0572875625083857,0.0262524591574191,6,0.0,0.6666666666666666,0.3333333333333333,10,1,2,10,8,2,1,0.0,0,0,0,0,0.0226110884651344,0.0786382584118374,0.0236680626051778,V8,0,2025-05,switch_neutro,0,0,0,0,0.056027169946702995,0.0786382584118374,0.056027169946702995,1,0,,,,,,
2025-05-12,Vespertino,0.0,0.0277258872223979,0.0446037165484036,0.0,0.0069444444444444,0.0046147910349545,0.0,0.0324999999999999,0.0128661852641095,8,0.0,0.75,0.25,9,1,3,9,3,3,1,0.0,0,0,0,0,0.0,0.0865310236562485,0.0474077541284634,V8,0,2025-05,switch_neutro,0,0,0,0,0.0865310236562485,0.0865310236562485,0.0865310236562485,1,0,,,,,,
2025-05-12,Nocturno,0.0,0.1314217526814092,0.0545211478709112,0.0,0.0027777777777777,0.0027966975661743,0.0,0.0,0.009314504817756,12,0.0,0.8,0.1666666666666666,19,2,3,19,7,4,1,0.0,0,0,0,0,0.0873597235895147,0.0861440031993907,0.0259549218446348,V7,0,2025-05,sin_switch,0,0,0,0,0.0,0.0873597235895147,0.0614048017448799,0,0,,,,,,
2025-05-13,Previa,0.0,0.2116406777378046,0.0836243882678054,0.0,0.0,0.0040622802715002,0.0,0.0,0.0138124560543,4,1.0,1.0,0.0,4,0,1,0,4,1,1,1.0,0,0,0,0,0.0,0.0,0.0,V7,0,2025-05,sin_switch,0,0,0,0,0.0,0.0,0.0,0,0,,,,,,
2025-05-13,Primera,0.0,0.3285072596654554,0.1647457128101029,0.0084535123214271,0.0084535123214271,0.005701199500458,0.0653502647928206,0.1211907024642854,0.03982839503939,8,1.0,1.0,0.0,8,0,2,4,4,2,1,1.0,0,0,0,0,0.0802645767506668,0.0490153856416299,0.0259851596395021,V7,0,2025-05,sin_switch,0,0,0,0,0.0,0.0802645767506668,0.0542794171111647,0,0,,,,,,
2025-05-13,Matutino,0.0,0.1376916018952023,0.0644843894397744,0.0,0.0015464876785729,0.0048650548294983,0.0,0.0163102026309516,0.0366395325924069,5,1.0,0.6666666666666666,0.2,9,0,3,5,4,3,1,0.5555555555555556,0,0,0,0,0.0,0.0229839503421752,0.0465281019658109,V9,0,2025-05,switch_neutro,0,0,0,0,0.0465281019658109,0.0465281019658109,0.0465281019658109,0,1,,,,,,
2025-05-13,Vespertino,0.0,0.4909169532169191,0.1990563915877212,0.0,0.01,0.0048989794855663,0.0,0.0234999999999999,0.0401387791208174,5,1.0,0.5,0.2,10,0,4,8,4,4,1,0.3,0,0,0,0,0.0221297018288926,0.0229413298392368,0.0232316632790283,V7,0,2025-05,sin_switch,0,0,0,0,0.0011019614501357015,0.0232316632790283,0.0011019614501357015,0,0,,,,,,
2025-05-13,Nocturno,0.2318538117542656,0.2433610946523376,0.1098686352124289,0.0,0.01,0.0064289517367786,0.0,0.0543502647928206,0.0222626456269267,5,1.0,0.4,0.2,10,0,5,6,1,5,1,0.5,0,0,0,0,0.023658097051076,0.0719254025949808,0.0707905879106604,V8,0,2025-05,switch_neutro,0,0,0,0,0.0482673055439048,0.0719254025949808,0.0482673055439048,1,0,,,,,,
2025-05-14,Previa,0.0,0.0089257420525683,0.0058586044335681,0.0,0.0,0.007502057830922,0.0,0.0,0.0015004115661844,6,1.0,1.0,0.0,6,0,1,0,6,1,1,1.0,0,0,0,0,0.0587651779365713,0.0,0.0,V7,0,2025-05,sin_switch,0,0,0,0,0.0,0.0587651779365713,0.0587651779365713,0,0,,,,,,
2025-05-14,Primera,0.0,0.3810718327608224,0.1835319734550085,0.0,0.0055555555555555,0.0024973959263328,0.0,0.0275,0.0219032065768692,9,1.0,1.0,0.1111111111111111,9,0,2,6,6,2,1,1.0,0,0,0,0,0.0559292863944398,0.0532466278518726,0.0242527300081927,V7,0,2025-05,sin_switch,0,0,0,0,0.0,0.0559292863944398,0.0316765563862471,0,0,,,,,,
2025-05-14,Matutino,0.0,0.1885355536078119,0.0767111737727023,0.0027777777777777,0.0083333333333333,0.0061445383240751,0.0,0.0671666666666667,0.0359201119770588,12,0.8333333333333334,1.0,0.0,15,0,3,9,4,3,1,0.7333333333333333,0,0,0,0,0.0232944890229479,0.047226079882419,0.0227815330456758,V7,0,2025-05,sin_switch,0,0,0,0,0.023931590859471105,0.047226079882419,0.024444546836743204,0,0,,,,,,
2025-05-14,Vespertino,0.0204330249506403,0.0380203572165971,0.0122709317611804,0.0,0.0055555555555555,0.0087196883609147,0.0064285714285714,0.043421052631579,0.0254537936450906,9,1.0,0.5,0.1111111111111111,16,0,4,10,4,4,1,0.625,0,0,0,0,0.0,0.022145036608369,0.0540079003124428,V9,0,2025-05,switch_neutro,0,0,0,0,0.0540079003124428,0.0540079003124428,0.0540079003124428,0,1,,,,,,
2025-05-14,Nocturno,0.0,0.6800229377152824,0.2711386390831594,0.0,0.0647711458752622,0.0324990253458951,0.0,0.019,0.0286241011020837,10,0.9,0.8,0.1,12,0,5,10,6,5,2,0.25,0,0,0,0,0.0243594386376602,0.0,0.0461839095996355,V7,0,2025-05,sin_switch,0,0,0,0,0.021824470961975304,0.0461839095996355,0.0461839095996355,0,0,,,,,,
2025-05-15,Previa,0.0,0.0,0.0936722368487612,0.0,0.0,0.0113894786966434,0.0,0.0,0.03412126239551,4,1.0,1.0,0.0,4,0,1,0,4,1,1,1.0,0,0,0,0,0.0,0.0,0.0,V7,0,2025-05,sin_switch,0,0,0,0,0.0,0.0,0.0,0,0,,,,,,
2025-05-15,Primera,0.0,0.011507282898072,0.0192410923844897,0.0062499999999999,0.0267513239641036,0.011193522150128,0.0,0.0516907024642854,0.0615770028726004,8,1.0,1.0,0.25,8,0,2,4,4,2,1,1.0,0,0,1,1,0.0451728256778584,0.0472025840418081,0.0472025840418081,V7,0,2025-05,sin_switch,1,0,0,1,0.0020297583639496963,0.0472025840418081,0.0020297583639496963,0,0,,,,,,
2025-05-15,Matutino,0.0061660271930907,0.1762948377369451,0.0871916905855546,0.0062499999999999,0.030953512321427,0.0139156691308142,0.0,0.0247868836869579,0.0169099976283071,8,1.0,0.6666666666666666,0.25,7,1,2,7,3,3,1,0.5714285714285714,0,0,0,0,0.0575591751285839,0.0575591751285839,0.0490890147419506,V7,0,2025-05,sin_switch,0,0,0,0,0.0,0.0575591751285839,0.0084701603866333,0,0,,,,,,
2025-05-15,Vespertino,0.0,0.3863212474854327,0.243167832792049,0.0062499999999999,0.030953512321427,0.0157031071317463,0.0,0.130562702284435,0.0539057765275135,8,1.0,0.5,0.25,6,0,4,5,4,4,2,0.3333333333333333,0,0,0,0,0.0225774369274597,0.0230467875374311,0.0230467875374311,V7,0,2025-05,sin_switch,0,0,0,0,0.0004693506099714001,0.0230467875374311,0.0004693506099714001,0,0,,,,,,
2025-05-15,Nocturno,0.0,0.4909169532169191,0.2011297469270126,0.0,0.0189788541247377,0.020789923339797,0.0,0.0135,0.0205696004111756,6,0.8333333333333334,0.8,0.1666666666666666,8,1,4,8,4,4,1,0.0,0,0,1,0,0.0241051305191996,0.0,0.025617210129443,V7,0,2025-05,sin_switch,0,0,0,0,0.0015120796102434005,0.025617210129443,0.025617210129443,0,0,,,,,,
2025-05-16,Previa,0.0,0.2116406777378046,0.0836243882678054,0.0,0.0101557006787506,0.0073869986255844,0.0,0.03453114013575,0.0220256502206202,4,1.0,1.0,0.0,4,0,1,0,4,1,1,1.0,0,0,0,0,0.0,0.0,0.0,V7,0,2025-05,sin_switch,0,0,0,0,0.0,0.0,0.0,0,0,,,,,,
2025-05-16,Primera,0.1691721480738683,0.1691721480738683,0.0519938214916454,0.0,0.0114378125419289,0.0073991137632071,0.0,0.0364999999999999,0.0558243409710525,2,1.0,1.0,1.0,10,0,2,8,8,2,1,0.7,0,0,1,0,0.02172832872954,0.02172832872954,0.0428586368747113,V7,0,2025-05,sin_switch,1,0,0,1,0.021130308145171302,0.0428586368747113,0.021130308145171302,0,0,,,,,,
2025-05-16,Matutino,0.0134588894648484,0.1539102062195283,0.0749516038620639,0.0,0.0114378125419289,0.0073991137632071,0.0,0.0258333333333334,0.0545270839679126,2,1.0,0.6666666666666666,1.0,14,0,3,13,2,3,1,0.5,0,0,0,0,0.0496290146730286,0.0224401372331831,0.0478873983265667,V7,0,2025-05,sin_switch,0,0,0,0,0.0,0.0496290146730286,0.027188877439845497,0,0,,,,,,
2025-05-16,Vespertino,0.3014231928322441,0.3014231928322441,0.0904269578496732,0.0,0.0114378125419288,0.0073991137632071,0.0,0.0189292502499992,0.0175554716380026,2,1.0,0.5,1.0,8,0,4,6,5,4,1,0.25,0,0,0,0,0.0246261951319849,0.0329194081109896,0.0244916118492174,V7,0,2025-05,sin_switch,0,0,0,0,0.008293212979004698,0.0329194081109896,0.008427796261772195,0,0,,,,,,
2025-05-16,Nocturno,0.0,0.0061660271930907,0.0275438400561164,0.0,0.0147711458752621,0.0068265887624203,0.0,0.0706666666666666,0.0301552694860745,2,1.0,0.4,1.0,12,0,5,8,6,4,2,0.5,0,0,0,0,0.0,0.0,0.0994660713192714,V9,0,2025-05,switch_neutro,0,0,0,0,0.0994660713192714,0.0994660713192714,0.0994660713192714,0,1,,,,,,
2025-05-17,Previa,0.0,0.2001333948397325,0.0825154469528153,0.0,0.0,0.0064142217679682,0.0,0.0,0.0172045276816843,3,1.0,1.0,0.0,3,0,1,0,3,1,1,1.0,0,0,0,0,0.0,0.0,0.0,V7,0,2025-05,sin_switch,0,0,0,0,0.0,0.0,0.0,0,0,,,,,,
2025-05-17,Primera,0.010052577131236,0.0162186043243268,0.0476164074385575,0.0,0.0184535123214271,0.0073305095683859,0.0133333333333333,0.0239999999999999,0.0608859836154029,10,1.0,1.0,0.0,10,0,2,8,8,2,1,1.0,0,0,1,0,0.0222636408210871,0.0255046357553475,0.0,V7,0,2025-05,sin_switch,0,0,0,0,0.003240994934260402,0.0255046357553475,0.0255046357553475,0,0,,,,,,
2025-05-17,Matutino,0.0,0.0,0.0245622359677497,0.0,0.0114378125419288,0.0087063406663757,0.0,0.1140151515151515,0.0524316669648384,10,1.0,0.6666666666666666,0.0,11,0,3,8,1,3,1,0.8181818181818182,0,0,0,0,0.0214973774935831,0.0482701263632734,0.0477004730121927,V7,0,2025-05,sin_switch,0,0,0,0,0.0267727488696903,0.0482701263632734,0.0267727488696903,0,0,,,,,,
2025-05-17,Vespertino,0.0,0.0738910012768165,0.0399667610329938,0.0,0.0184535123214271,0.0073305095683859,0.0,0.0321907024642854,0.0128762809857141,10,1.0,0.5,0.0,8,0,4,7,2,4,1,0.25,0,0,0,0,0.0,0.0264216919986866,0.0541520662989778,V9,0,2025-05,switch_neutro,0,0,0,0,0.0541520662989778,0.0541520662989778,0.0541520662989778,0,1,,,,,,
2025-05-17,Nocturno,0.3039145377504644,0.3039145377504644,0.0918423618878095,0.0,0.0184535123214271,0.007958909919098,0.0,0.0660011694012437,0.0316206705235699,10,1.0,0.4,0.0,7,0,5,6,4,5,1,0.2857142857142857,0,0,0,0,0.0,0.0504433878862777,0.0229588819398459,V8,0,2025-05,switch_neutro,0,0,0,0,0.0504433878862777,0.0504433878862777,0.0504433878862777,1,0,,,,,,
2025-05-19,Primera,0.0,0.1829981804275364,0.0966225067209039,0.0153135114221747,0.0153135114221747,0.0076354478231997,0.0580627022844348,0.0580627022844348,0.0389234836393985,6,0.0,0.5,0.0,6,1,1,6,6,1,1,0.0,0,0,0,0,0.0,0.0,0.0,V7,0,2025-05,sin_switch,0,0,0,0,0.0,0.0,0.0,0,0,,,,,,
2025-05-19,Matutino,0.0162186043243259,0.0162186043243259,0.0336675428610853,0.0,0.0065464876785729,0.0028264811816502,0.0,0.0391978068024166,0.0223992675653253,1,0.0,0.6666666666666666,1.0,4,2,1,4,4,2,2,0.0,0,0,0,0,0.0,0.0,0.0,V7,0,2025-05,sin_switch,0,0,0,0,0.0,0.0,0.0,0,0,,,,,,
2025-05-19,Vespertino,0.0,0.011507282898072,0.040229356366927,0.0,0.0088025454342586,0.0050056501291935,0.0272875625083857,0.0272875625083857,0.0193359169323198,6,0.0,0.75,0.3333333333333333,8,2,2,8,6,2,1,0.0,0,0,0,0,0.0240142761389835,0.0490558496703813,0.0252364741210036,V7,0,2025-05,sin_switch,0,0,0,0,0.0250415735313978,0.0490558496703813,0.0250415735313978,0,0,,,,,,
2025-05-19,Nocturno,0.0,0.0,0.1215751713411095,0.0,0.0089251773214329,0.0048577687936854,0.0,0.0324999999999999,0.022991566896488,7,0.0,0.8,0.2857142857142857,10,2,3,10,5,4,1,0.0,0,0,0,0,0.0246083798111121,0.0682194928727643,0.024991174241482,V8,0,2025-05,switch_neutro,0,0,0,0,0.0436111130616522,0.0682194928727643,0.0436111130616522,1,0,,,,,,
2025-05-20,Previa,0.0,0.0,8.881784197001252e-16,0.0,0.0,0.0,0.0,0.0,0.0,2,1.0,1.0,0.0,2,0,1,0,2,1,1,1.0,0,0,0,0,0.0,0.0285689383382658,0.0285689383382658,V7,0,2025-05,sin_switch,0,0,0,0,0.0285689383382658,0.0285689383382658,0.0285689383382658,0,0,,,,,,
2025-05-20,Primera,0.0,0.0,0.057862136640584,0.0,0.0153490331128315,0.006149576113558,0.0,0.0630627022844348,0.0527840797504287,6,1.0,1.0,0.1666666666666666,6,0,2,4,4,2,1,1.0,0,0,0,0,0.0237423626468873,0.045832082869424,0.0246543140330299,V7,0,2025-05,sin_switch,0,0,0,0,0.0220897202225367,0.045832082869424,0.0220897202225367,0,0,,,,,,
2025-05-20,Matutino,0.0,0.011507282898072,0.2701423700593904,0.0,0.0153490331128315,0.006149576113558,0.0,0.1184031399558995,0.0501681319285318,6,1.0,0.6666666666666666,0.1666666666666666,6,0,3,5,5,3,2,0.1666666666666666,0,0,0,0,0.0,0.0,0.022979080799188,V7,0,2025-05,sin_switch,0,0,0,0,0.022979080799188,0.022979080799188,0.022979080799188,0,0,,,,,,
2025-05-20,Vespertino,0.6471251417240937,0.6827764609366174,0.2084925715809198,0.0,0.0166644039285741,0.0073024012872648,0.0,0.025,0.0512113670194017,7,0.8571428571428571,0.75,0.1428571428571428,7,0,4,6,4,4,2,0.2857142857142857,0,0,0,0,0.0218469938365532,0.0289346637953761,0.0262075765374455,V7,0,2025-05,sin_switch,0,0,0,0,0.007087669958822901,0.0289346637953761,0.007087669958822901,0,0,,,,,,
2025-05-20,Nocturno,0.8453716413082182,0.901042454886956,0.2666435700841353,0.0053512958509239,0.0070156997794982,0.003101201857933,0.0,0.0551666666666665,0.041702827964901,6,1.0,0.4,0.0,9,0,5,8,2,5,1,0.2222222222222222,0,0,0,0,0.0,0.0301952825851328,0.0219568377930249,V8,0,2025-05,switch_neutro,0,0,0,0,0.0301952825851328,0.0301952825851328,0.0301952825851328,1,0,,,,,,
2025-05-21,Previa,0.0,0.0089257420525683,0.0060827013690111,0.0070156997794982,0.0070156997794982,0.0034337929519762,0.0014031399558996,0.0014031399558996,0.0006867585903952,6,1.0,1.0,0.0,6,0,1,0,6,1,1,1.0,0,0,0,0,0.0297495528828016,0.0,0.0,V7,0,2025-05,sin_switch,0,0,0,0,0.0,0.0297495528828016,0.0297495528828016,0,0,,,,,,
2025-05-21,Primera,0.0,0.0162186043243268,0.010198996558978,0.0,0.0116105369642813,0.0048565013762353,0.0,0.0274999999999999,0.0242400964077482,8,1.0,1.0,0.125,6,0,2,5,5,2,1,1.0,0,0,0,0,0.0445336818697467,0.0502261120225419,0.0422427613268939,V7,0,2025-05,sin_switch,0,0,0,0,0.005692430152795205,0.0502261120225419,0.007983350695648005,0,0,,,,,,
2025-05-21,Matutino,0.0,0.0162186043243268,0.0312702864910135,0.0,0.0116105369642813,0.0052583275488633,0.0,0.0285457708249475,0.0143245563292025,8,1.0,0.6666666666666666,0.125,6,0,3,5,2,3,1,0.6666666666666666,0,0,0,0,0.0,0.0479034342998702,0.0745726951526425,V9,0,2025-05,switch_neutro,0,0,0,0,0.0745726951526425,0.0745726951526425,0.0745726951526425,0,1,,,,,,
2025-05-21,Vespertino,0.353861698585586,0.3592029542905663,0.1083978311073234,0.0,0.0116105369642813,0.0052583275488633,0.0,0.0499031399558996,0.0285451935646119,8,1.0,0.5,0.125,6,0,4,4,2,4,2,0.6666666666666666,0,0,0,0,0.0234858691224434,0.0483067277222789,0.0222336943450901,V7,0,2025-05,sin_switch,0,0,0,0,0.0248208585998355,0.0483067277222789,0.026073033377188796,0,0,,,,,,
2025-05-21,Nocturno,0.010052577131236,0.3692555314218024,0.1913025744855436,0.0,0.0116105369642813,0.0062132281403846,0.0035714285714285,0.0219999999999997,0.0424362718147209,8,1.0,0.4,0.125,16,0,5,14,14,3,2,0.125,0,0,0,0,0.0805999845458905,0.0,0.0733540682339716,V7,0,2025-05,sin_switch,0,0,0,0,0.0,0.0805999845458905,0.0805999845458905,0,0,,,,,,
2025-05-22,Previa,0.0,0.0,0.1116277948418255,0.0,0.0,0.0,0.0,0.0,0.0,2,1.0,1.0,0.0,2,0,1,0,2,1,1,1.0,0,0,0,0,0.0,0.0306794741853816,0.0306794741853816,V8,0,2025-05,switch_neutro,0,0,0,0,0.0306794741853816,0.0306794741853816,0.0306794741853816,1,0,,,,,,
2025-05-22,Primera,0.0,0.0089257420525683,0.0075326691721207,0.0184535123214272,0.0184535123214272,0.0058943577011308,0.0,0.0849924431142501,0.054063203095104,2,1.0,1.0,1.0,7,0,2,6,6,2,1,0.7142857142857143,0,0,0,0,0.023172418199718,0.0,0.0212881818251792,V7,0,2025-05,sin_switch,0,0,0,0,0.0,0.023172418199718,0.023172418199718,0,0,,,,,,
2025-05-22,Matutino,0.0,0.1353300190759609,0.0934875857961213,0.0184535123214272,0.0184535123214272,0.0058943577011308,0.0,0.0414292502499992,0.0284733078171856,2,1.0,0.6666666666666666,1.0,8,1,2,8,6,3,1,0.25,0,0,0,0,0.0530463952795408,0.0506917009571648,0.0456849630547329,V7,0,2025-05,sin_switch,0,0,0,0,0.0,0.0530463952795408,0.0073614322248079025,0,0,,,,,,
2025-05-22,Vespertino,0.0,0.0934077653583216,0.0457602726283013,0.0184535123214271,0.0202403579761875,0.0073580087959674,0.0,0.0452124374916141,0.0191849427431345,2,1.0,0.5,1.0,6,0,4,4,3,3,1,0.5,0,0,1,0,0.0326653147555079,0.0305499961629033,0.0783184662422232,V9,0,2025-05,switch_neutro,1,0,0,1,0.0456531514867153,0.0783184662422232,0.047768470079319905,0,1,,,,,,
2025-05-22,Nocturno,0.0,0.0162186043243259,0.0066259229927773,0.0184535123214271,0.0202403579761875,0.0073580087959674,0.0,0.1053502647928207,0.0483136769406827,2,1.0,0.4,1.0,9,0,5,7,3,4,1,0.3333333333333333,0,0,0,0,0.0217196334026078,0.0,0.1020272610478207,V9,0,2025-05,switch_neutro,0,0,0,0,0.0803076276452129,0.1020272610478207,0.1020272610478207,0,1,,,,,,
2025-05-23,Previa,0.0,0.1912076527871642,0.0803419335242393,0.0153135114221747,0.0153135114221747,0.0045940534266524,0.0030627022844349,0.0030627022844349,0.0009188106853304,6,1.0,1.0,0.0,6,0,1,0,6,1,1,1.0,0,0,0,0,0.0516923198658361,0.0,0.0,V7,0,2025-05,sin_switch,0,0,0,0,0.0,0.0516923198658361,0.0516923198658361,0,0,,,,,,
2025-05-23,Primera,0.0,0.1275438239843955,0.0510175295937582,0.0,0.0083333333333333,0.0046566673354663,0.0,0.0920602897811129,0.0521042421215088,6,1.0,1.0,0.1666666666666666,11,0,2,9,9,2,1,0.7272727272727273,0,0,0,0,0.022873175867893,0.0234087596786631,0.0,V7,0,2025-05,sin_switch,0,0,0,0,0.0005355838107700996,0.0234087596786631,0.0234087596786631,0,0,,,,,,
2025-05-23,Matutino,0.4030212807101136,0.540712882605316,0.165681887894358,0.0,0.0263153708157426,0.0127496520086443,0.0,0.0778333333333333,0.0470253494966319,7,0.8571428571428571,1.0,0.1428571428571428,12,0,3,10,1,3,1,0.6666666666666666,0,0,0,0,0.0490985575119355,0.0250013201030667,0.0254022876918179,V7,0,2025-05,sin_switch,0,0,0,0,0.0,0.0490985575119355,0.0240972374088688,0,0,,,,,,
2025-05-23,Vespertino,0.3810718327608224,0.4015048577114628,0.1195149724163821,0.0,0.0071428571428571,0.0047803840700029,0.0,0.0438404376714648,0.0267728263576644,7,0.8571428571428571,0.75,0.1428571428571428,4,0,4,3,2,4,2,0.5,0,0,0,0,0.0239416744745077,0.0481719995105107,0.023980898046897,V7,0,2025-05,sin_switch,0,0,0,0,0.024230325036003003,0.0481719995105107,0.024230325036003003,0,0,,,,,,
2025-05-23,Nocturno,0.0,0.0258906295755858,0.0126837663159192,0.0,0.011146844755508,0.0054007396541393,0.0,0.0461497352071793,0.0207682547421171,6,1.0,0.4,0.1666666666666666,4,0,5,2,1,4,2,0.75,0,0,0,0,0.0228832463238433,0.0456605263434271,0.0430196984128614,V7,0,2025-05,sin_switch,0,0,0,0,0.0227772800195838,0.0456605263434271,0.0227772800195838,0,0,,,,,,
2025-05-24,Previa,0.0,0.0,8.881784197001252e-16,0.0,0.0,1.1102230246251563e-16,0.0,0.0,0.0,3,1.0,1.0,0.0,3,0,1,0,3,1,1,1.0,0,0,0,0,0.0,0.0268797943982516,0.0268797943982516,V7,0,2025-05,sin_switch,0,0,0,0,0.0268797943982516,0.0268797943982516,0.0268797943982516,0,0,,,,,,
2025-05-24,Primera,0.1792247252051044,0.1926836146699528,0.0702133727732178,0.0,0.0114378125419289,0.0059351930530291,0.0,0.0614031399558996,0.0484239914004051,2,1.0,1.0,1.0,6,0,2,4,4,2,1,1.0,0,0,0,0,0.0,0.0218988069942681,0.0223415546685598,V7,0,2025-05,sin_switch,0,0,0,0,0.0223415546685598,0.0223415546685598,0.0223415546685598,0,0,,,,,,
2025-05-24,Matutino,0.0,0.2093373626719392,0.1053689898194854,0.0,0.0114378125419289,0.0059351930530291,0.0,0.0274999999999999,0.0181934053986602,2,1.0,0.6666666666666666,1.0,4,0,3,2,2,3,2,0.5,0,0,0,0,0.0230508658325707,0.0252212218903295,0.0547413355346663,V9,0,2025-05,switch_neutro,0,0,0,0,0.0316904697020956,0.0547413355346663,0.0316904697020956,0,1,,,,,,
2025-05-24,Vespertino,0.0,0.043094882057562,0.0391624817968448,0.0,0.0114378125419288,0.0059351930530291,0.0,0.0022124374916142,0.0151514557151349,2,1.0,0.5,1.0,6,1,3,6,1,4,1,0.5,0,0,0,0,0.0298402539204603,0.0502403381569104,0.0536917854034805,V7,0,2025-05,sin_switch,0,0,0,0,0.0238515314830202,0.0536917854034805,0.0238515314830202,0,0,,,,,,
2025-05-24,Nocturno,0.0,0.0,0.0476919867077392,0.0,0.0114378125419288,0.0059351930530291,0.0,0.059,0.0361326008162696,2,1.0,0.4,1.0,10,1,4,10,6,4,2,0.0,0,0,0,0,0.0,0.0445888398402315,0.0709709791630481,V9,0,2025-05,switch_neutro,0,0,0,0,0.0709709791630481,0.0709709791630481,0.0709709791630481,0,1,,,,,,
2025-05-26,Primera,0.0,0.1829981804275364,0.096160340563379,0.0153135114221747,0.0153135114221747,0.0079020146032802,0.0580627022844348,0.0580627022844348,0.0403181114951241,6,0.0,0.5,0.0,6,1,1,6,6,1,1,0.0,0,0,0,0,0.0,0.0,0.0,V7,0,2025-05,sin_switch,0,0,0,0,0.0,0.0,0.0,0,0,,,,,,
2025-05-26,Matutino,0.3313509019409917,0.3313509019409917,0.1557135207167911,0.0013531552444919,0.0036092130001777,0.0017390823640645,0.0,0.0324999999999999,0.0209554391116682,4,0.0,0.6666666666666666,0.5,7,1,2,7,4,2,1,0.0,0,0,0,0,0.0,0.0234380365188293,0.0234380365188293,V7,0,2025-05,sin_switch,0,0,0,0,0.0234380365188293,0.0234380365188293,0.0234380365188293,0,0,,,,,,
2025-05-26,Vespertino,0.3501510471108204,0.3590767891633888,0.1291114037947466,0.0,0.0202358325000028,0.0080943330000011,0.0,0.057618595071429,0.0230474380285716,7,0.0,0.75,0.1428571428571428,7,1,3,7,1,3,1,0.0,0,0,0,0,0.0,0.0247934055547236,0.0247934055547236,V7,0,2025-05,sin_switch,0,0,0,0,0.0247934055547236,0.0247934055547236,0.0247934055547236,0,0,,,,,,
2025-05-26,Nocturno,0.4360727727996547,0.4360727727996547,0.1337436415063098,0.0,0.0166666666666666,0.0178322215670923,0.0,0.0507124374916142,0.0408896003820716,6,0.0,0.8,0.3333333333333333,6,2,3,6,4,4,2,0.0,0,0,0,0,0.0229603390668227,0.0,0.0251528100837896,V7,0,2025-05,sin_switch,0,0,0,0,0.0021924710169669015,0.0251528100837896,0.0251528100837896,0,0,,,,,,
2025-05-27,Previa,0.0,0.0,0.0046029131592288,0.0153135114221747,0.0153135114221747,0.0079020146032802,0.0030627022844349,0.0030627022844349,0.017593180014482,6,1.0,1.0,0.0,6,0,1,0,6,1,1,1.0,0,0,0,0,0.0526829584135669,0.0,0.0,V7,0,2025-05,sin_switch,0,0,0,0,0.0,0.0526829584135669,0.0526829584135669,0,0,,,,,,
2025-05-27,Primera,0.336692157645972,0.3501510471108204,0.1053264569435329,0.0033333333333332,0.0114378125419288,0.0070881241076887,0.0,0.0849999999999998,0.0395629807240853,12,1.0,1.0,0.1666666666666666,20,0,2,14,14,2,1,1.0,0,0,0,0,0.0234695644786553,0.0481936489666658,0.0441092060019965,V7,0,2025-05,sin_switch,0,0,0,0,0.0247240844880105,0.0481936489666658,0.0247240844880105,0,0,,,,,,
2025-05-27,Matutino,0.3971960734757038,0.4043484999869982,0.125626563228698,0.0033333333333332,0.0197711458752621,0.0072139143775935,0.0,0.0949999999999999,0.0759401117264522,12,1.0,0.6666666666666666,0.1666666666666666,12,0,3,10,4,3,1,0.4166666666666667,0,0,0,0,0.0480158035673899,0.0249358723817076,0.025850744457997,V7,0,2025-05,sin_switch,0,0,0,0,0.0,0.0480158035673899,0.0230799311856823,0,0,,,,,,
2025-05-27,Vespertino,0.010052577131236,0.1454266983493646,0.0935719614766273,0.0033333333333332,0.0197711458752621,0.0072139143775935,0.0,0.0783092975357144,0.0504824424750677,12,1.0,0.5,0.1666666666666666,5,0,4,4,2,4,2,0.6,0,0,0,0,0.0,0.0250001315706797,0.0,V7,0,2025-05,sin_switch,0,0,0,0,0.0250001315706797,0.0250001315706797,0.0250001315706797,0,0,,,,,,
2025-05-27,Nocturno,0.0259811162351821,0.0445569816624846,0.0867063862744375,0.0,0.02,0.0109799497568669,0.0,0.1203578216785706,0.0486014468648388,6,0.8333333333333334,0.8,0.0,8,0,5,7,2,4,2,0.75,0,0,0,0,0.0228883231072527,0.0332601975926923,0.0332601975926923,V7,0,2025-05,sin_switch,0,0,0,0,0.010371874485439605,0.0332601975926923,0.010371874485439605,0,0,,,,,,
2025-05-28,Previa,0.0,0.0109691872191053,0.0073972690507132,0.0070156997794982,0.0153135114221747,0.0051999201956706,0.0014031399558996,0.0030627022844349,0.0010399840391341,6,1.0,1.0,0.0,6,0,1,0,6,1,1,1.0,0,0,0,0,0.0441657374092314,0.0,0.0,V7,0,2025-05,sin_switch,0,0,0,0,0.0,0.0441657374092314,0.0441657374092314,0,0,,,,,,
2025-05-28,Primera,0.336692157645972,0.4205671043113241,0.149171932142366,0.0088025454342587,0.0105893910890192,0.0047714275192882,0.0,0.0410721073928563,0.0282693664586435,6,1.0,1.0,0.3333333333333333,8,0,2,6,6,2,1,0.875,0,0,0,0,0.0667633919595766,0.0429970530352293,0.0219102029115836,V7,0,2025-05,sin_switch,0,0,0,0,0.0,0.0667633919595766,0.044853189047993,0,0,,,,,,
2025-05-28,Matutino,0.0,0.0053412557049803,0.0043541828615169,0.0,0.0213907869998222,0.0117589089258077,0.0,0.01,0.0052737557774322,7,1.0,0.6666666666666666,0.0,12,0,3,10,4,3,1,0.5,0,0,0,0,0.0230051886614398,0.0230051886614398,0.0786982950665758,V9,0,2025-05,switch_neutro,0,0,0,0,0.055693106405136,0.0786982950665758,0.055693106405136,0,1,,,,,,
2025-05-28,Vespertino,0.0,0.143352042179611,0.0946453721303802,0.0178605369642813,0.0392513239641035,0.0151685799840473,0.0131060606060606,0.0646794871794872,0.0331896587817117,8,0.75,1.0,0.0,18,0,4,16,6,4,1,0.1111111111111111,0,0,0,0,0.0459617586854971,0.0229556411161833,0.0476222635233199,V7,0,2025-05,sin_switch,0,0,0,0,0.0016605048378227974,0.0476222635233199,0.024666622407136598,0,0,,,,,,
2025-05-28,Nocturno,0.0,0.0176542649429611,0.0347439234258057,0.0,0.0213907869998222,0.0112411073540946,0.0,0.0231538461538461,0.0336750729379271,7,1.0,0.4,0.0,13,0,5,10,1,5,2,0.3846153846153846,0,0,0,0,0.0,0.0479774485631135,0.0943304434816581,V9,0,2025-05,switch_neutro,0,0,0,0,0.0943304434816581,0.0943304434816581,0.0943304434816581,0,1,,,,,,
2025-05-29,Previa,0.0,0.0,8.881784197001252e-16,0.0,0.0,0.0,0.0,0.0,0.0,2,1.0,1.0,0.0,2,0,1,0,2,1,1,1.0,0,0,0,0,0.0,0.0285689383382658,0.0285689383382658,V7,0,2025-05,sin_switch,0,0,0,0,0.0285689383382658,0.0285689383382658,0.0285689383382658,0,0,,,,,,
2025-05-29,Primera,0.010052577131236,0.385304526797964,0.1591001858991383,0.0184535123214272,0.0184535123214272,0.0055360536964281,0.0,0.0689031399558998,0.0293607063071156,2,1.0,1.0,1.0,6,0,2,5,5,2,1,0.8333333333333334,0,0,0,0,0.0454077393342355,0.0465410732886202,0.0451139229643092,V7,0,2025-05,sin_switch,0,0,0,0,0.0011333339543846965,0.0465410732886202,0.0014271503243109968,0,0,,,,,,
2025-05-29,Matutino,0.0110035137465223,0.0953822295634241,0.066821662377847,0.0,0.0,0.0,0.0,0.0411595623285351,0.0292102928043833,5,1.0,0.6666666666666666,0.0,5,0,3,4,2,3,1,0.6,0,0,0,0,0.0448737531687831,0.0544779398102,0.0486600413921451,V7,0,2025-05,sin_switch,0,0,0,0,0.0096041866414169,0.0544779398102,0.0096041866414169,0,0,,,,,,
2025-05-29,Vespertino,0.0,0.0089257420525683,0.0421619034628776,0.0,0.0,0.0,0.0,0.0863954250746761,0.0461376542773079,5,1.0,0.5,0.0,7,0,4,6,3,4,1,0.2857142857142857,0,0,0,0,0.0242634943841444,0.0370469886565577,0.0232849907784089,V7,0,2025-05,sin_switch,0,0,0,0,0.0127834942724133,0.0370469886565577,0.013761997878148802,0,0,,,,,,
2025-05-29,Nocturno,0.0,0.0089257420525683,0.0130932488599535,0.0,0.0,1.1102230246251563e-16,0.0,0.0215,0.0457119245249528,5,1.0,0.4,0.0,4,0,5,2,1,4,2,0.75,0,0,0,1,0.0238320353058145,0.0481117823618477,0.0240119291200714,V7,0,2025-05,sin_switch,0,0,0,0,0.024279747056033203,0.0481117823618477,0.024279747056033203,0,0,,,,,,
2025-05-30,Previa,0.0,0.0171352144121961,0.0112806335310767,0.0,0.0114378125419288,0.008512613928275,0.0,0.0022875625083857,0.001702522785655,8,1.0,1.0,0.0,8,0,1,0,8,1,1,1.0,0,0,0,0,0.0302760122181882,0.0,0.0,V7,0,2025-05,sin_switch,0,0,0,0,0.0,0.0302760122181882,0.0302760122181882,0,0,,,,,,
2025-05-30,Primera,0.0134588894648484,0.4300676566131134,0.2143726789295751,0.0,0.0076923076923076,0.009613837578714,0.0825,0.0835721073928563,0.0460101087249518,13,1.0,1.0,0.1538461538461538,16,0,2,10,10,2,1,1.0,0,0,0,0,0.0481712082102522,0.0662474513448355,0.0445630225571598,V7,0,2025-05,sin_switch,0,0,0,0,0.01807624313458331,0.0662474513448355,0.021684428787675708,0,0,,,,,,
2025-05-30,Matutino,0.0,0.011507282898072,0.0106854242196498,0.0,0.0076923076923076,0.0104008928222947,0.0,0.083120895841719,0.052304377806656,13,1.0,0.6666666666666666,0.1538461538461538,9,0,3,7,4,3,1,0.4444444444444444,0,0,0,0,0.0,0.0449406732372328,0.0445338902215336,V8,0,2025-05,switch_neutro,0,0,0,0,0.0449406732372328,0.0449406732372328,0.0449406732372328,1,0,,,,,,
2025-05-30,Vespertino,0.0,0.0501374542190191,0.033197021747846,0.0,0.0076923076923076,0.0104008928222947,0.0,0.022856464035715,0.0136401394063459,13,1.0,0.5,0.1538461538461538,7,1,3,7,2,4,1,0.4285714285714285,0,0,0,0,0.0236085243338766,0.0739481846682497,0.0466616988162645,V8,0,2025-05,switch_neutro,0,0,0,0,0.05033966033437311,0.0739481846682497,0.05033966033437311,1,0,,,,,,
2025-05-30,Nocturno,0.0,0.011507282898072,0.0334090078232421,0.0,0.0076923076923076,0.0104008928222947,0.0,0.0,0.0120641531657002,13,1.0,0.4,0.1538461538461538,12,2,3,12,5,4,1,0.0,0,0,0,1,0.0491566296324186,0.0492217576752403,0.0224801196248485,V7,0,2025-05,sin_switch,0,0,0,0,6.512804282170215e-05,0.0492217576752403,0.0267416380503918,0,0,,,,,,
2025-05-31,Previa,0.0,0.0062578657928513,0.0036472968202438,0.0,0.0101557006787506,0.0049752569286751,0.0,0.03453114013575,0.0169167347138256,4,1.0,1.0,0.0,4,0,1,0,4,1,1,1.0,0,0,0,0,0.0,0.0,0.0,V7,0,2025-05,sin_switch,0,0,0,0,0.0,0.0,0.0,0,0,,,,,,
2025-05-31,Primera,0.0,0.0860318530416535,0.0405650273736329,0.0,0.0142513239641036,0.0068055808022989,0.0,0.0697875625083856,0.0386746873203762,8,1.0,1.0,0.0,8,0,2,6,6,2,1,1.0,0,0,0,0,0.0454586641051957,0.0679867440281745,0.0399567596144815,V7,0,2025-05,sin_switch,0,0,0,0,0.022528079922978804,0.0679867440281745,0.028029984413693004,0,0,,,,,,
2025-05-31,Matutino,0.0,0.0844002059214856,0.060019255413964,0.0,0.0184535123214271,0.0071489069001975,0.0,0.0205702591701848,0.0248060170068228,8,1.0,0.6666666666666666,0.0,6,0,3,5,2,3,1,0.6666666666666666,0,0,0,0,0.0224219776330226,0.047098943833004,0.0747395996536545,V9,0,2025-05,switch_neutro,0,0,0,0,0.05231762202063189,0.0747395996536545,0.05231762202063189,0,1,,,,,,
2025-05-31,Vespertino,0.0,0.4909169532169191,0.199403818392091,0.0,0.0184535123214271,0.0075916978184783,0.0,0.0241666666666666,0.0339663578933569,8,1.0,0.5,0.0,9,0,4,8,5,4,1,0.2222222222222222,0,0,0,0,0.0,0.0214331241372789,0.0259310644399939,V7,0,2025-05,sin_switch,0,0,0,0,0.0259310644399939,0.0259310644399939,0.0259310644399939,0,0,,,,,,
2025-05-31,Nocturno,0.0,0.1252316618263496,0.0598994420232252,0.0,0.0184535123214271,0.0091705839240409,0.0,0.0645169314594872,0.0408233120809871,8,1.0,0.4,0.0,18,0,5,17,2,4,1,0.0555555555555555,0,0,0,1,0.0,0.0,0.0482062846871157,V9,1,2025-05,switch_ganador,0,0,1,0,0.0482062846871157,0.0482062846871157,0.0482062846871157,0,1,,,,,,
2025-06-02,Primera,0.0,0.0,0.0980449395696601,0.0,0.0130929753571457,0.0064142217679682,0.0,0.0626185950714291,0.0306767212669917,3,0.0,0.5,0.0,3,1,1,3,3,1,1,0.0,0,0,0,0,0.0,0.0172747108116156,0.0172747108116156,V7,0,2025-06,sin_switch,0,0,0,0,0.0172747108116156,0.0172747108116156,0.0172747108116156,0,0,,,,,,
2025-06-02,Matutino,0.0162186043243259,0.1608739459257862,0.0759045595527663,0.0,0.0114378125419288,0.005623411941646,0.0,0.0553333333333333,0.0408268159197733,2,0.0,0.6666666666666666,1.0,6,1,2,6,4,2,1,0.0,0,0,0,0,0.0,0.0237726614601684,0.0469587543843401,V9,0,2025-06,switch_neutro,0,0,0,0,0.0469587543843401,0.0469587543843401,0.0469587543843401,0,1,,,,,,
2025-06-02,Vespertino,0.0,0.0088776252494442,0.0049488552445251,0.0,0.0114378125419288,0.0045751250167715,0.0,0.0574999999999999,0.0402136408231138,9,0.0,0.75,0.0,6,1,3,6,5,3,2,0.0,0,0,0,0,0.0,0.0241894960125875,0.0468451632897592,V9,0,2025-06,switch_neutro,0,0,0,0,0.0468451632897592,0.0468451632897592,0.0468451632897592,0,1,,,,,,
2025-06-02,Nocturno,0.0,0.1196789468138836,0.0599606543542057,0.0,0.0031044792085955,0.0020610819577226,0.0,0.0635,0.0320632280398365,10,0.0,0.8,0.0,8,2,3,8,4,4,2,0.0,0,0,0,0,0.0,0.0220774197470299,0.0461064015079009,V9,0,2025-06,switch_neutro,0,0,0,0,0.0461064015079009,0.0461064015079009,0.0461064015079009,0,1,,,,,,
2025-06-03,Previa,0.0061660271930907,0.0286424973102681,0.0113540619484262,0.0070156997794982,0.0153135114221747,0.0051999201956706,0.0014031399558996,0.0030627022844349,0.0010399840391341,6,1.0,1.0,0.0,6,0,1,0,6,1,1,1.0,0,0,0,0,0.0447456630722614,0.0,0.0,V7,0,2025-06,sin_switch,0,0,0,0,0.0,0.0447456630722614,0.0447456630722614,0,0,,,,,,
2025-06-03,Primera,0.0,0.0696465583332086,0.0318364048876491,0.0,0.0,0.0021396132451326,0.0,0.0899999999999999,0.0359999999999999,6,1.0,1.0,0.1666666666666666,6,0,2,4,4,2,1,1.0,0,0,0,0,0.0248771241922378,0.0468449419093564,0.0232550320571038,V7,0,2025-06,sin_switch,0,0,0,0,0.021967817717118598,0.0468449419093564,0.023589909852252598,0,0,,,,,,
2025-06-03,Matutino,0.0,0.0,0.192246339419178,0.0,0.0263153708157426,0.0123177658767838,0.0,0.0401183687976198,0.0276313839814398,7,0.8571428571428571,1.0,0.1428571428571428,7,0,3,5,1,3,1,0.8571428571428571,0,0,0,0,0.0486341759552168,0.0722486158629591,0.0744634260437064,V7,0,2025-06,sin_switch,0,0,0,0,0.025829250088489596,0.0744634260437064,0.025829250088489596,0,0,,,,,,
2025-06-03,Vespertino,0.0,0.0,0.0056373942852263,0.0,0.0053490331128315,0.0049047918021976,0.0,0.1167875625083858,0.0660990707352142,6,1.0,0.5,0.1666666666666666,10,0,4,8,3,4,1,0.6,0,0,0,0,0.0221850620837148,0.024094886604541,0.0225096723272185,V7,0,2025-06,sin_switch,0,0,0,0,0.001909824520826199,0.024094886604541,0.001909824520826199,0,0,,,,,,
2025-06-03,Nocturno,0.0,0.067979778915963,0.0335153479416376,0.0,0.0071428571428571,0.0218252327840226,0.0,0.096812367133116,0.0418380243887194,7,0.8571428571428571,0.8,0.1428571428571428,11,0,5,9,1,5,1,0.5454545454545454,0,0,1,0,0.0,0.0243402781392204,0.0243402781392204,V7,0,2025-06,sin_switch,0,0,0,0,0.0243402781392204,0.0243402781392204,0.0243402781392204,0,0,,,,,,
2025-06-04,Previa,0.0,0.0224764701171773,0.0089905880468709,0.0070156997794982,0.0153135114221747,0.006542385308614,0.0014031399558996,0.0030627022844349,0.0106209683893311,6,1.0,1.0,0.0,6,0,1,0,6,1,1,1.0,0,1,0,0,0.0430306087770151,0.0,0.0,V7,1,2025-06,sin_switch,1,1,1,1,0.0,0.0430306087770151,0.0430306087770151,0,0,,,,,,
2025-06-04,Primera,0.0,0.0,8.881784197001252e-16,1.1102230246251563e-16,1.1102230246251563e-16,0.0012417916834382,0.0549999999999999,0.0835721073928563,0.0360255416274912,2,1.0,1.0,1.0,10,0,2,8,8,2,1,1.0,0,0,0,0,0.0777365519408764,0.0,0.0225786131660736,V7,0,2025-06,sin_switch,0,0,0,0,0.0,0.0777365519408764,0.0777365519408764,0,0,,,,,,
2025-06-04,Matutino,0.0,0.437123950181558,0.2165890890678848,1.1102230246251563e-16,1.1102230246251563e-16,0.0012417916834382,0.0,0.0189999999999999,0.0192176231689575,2,1.0,0.6666666666666666,1.0,5,0,3,4,1,3,1,0.8,0,0,0,0,0.0238649298352231,0.0500615485096887,0.0282569590207471,V7,0,2025-06,sin_switch,0,0,0,0,0.0261966186744656,0.0500615485096887,0.0261966186744656,0,0,,,,,,
2025-06-04,Vespertino,0.0,0.0641199727965631,0.1029755703300016,0.0,0.0812499999999999,0.0314741957800354,0.01,0.165,0.0852382315774382,8,0.875,1.0,0.0,12,0,4,10,4,4,2,0.6666666666666666,0,0,0,0,0.0221140228188805,0.0263010019982018,0.0509825916653227,V7,0,2025-06,sin_switch,0,0,0,0,0.028868568846442202,0.0509825916653227,0.028868568846442202,0,0,,,,,,
2025-06-04,Nocturno,0.0,0.0,0.0,0.0,0.0658128125419289,0.0287840274643173,0.0,0.0219285714285715,0.0471164753021483,16,0.875,0.8,0.0625,12,0,5,7,4,5,1,0.5833333333333334,0,0,0,1,0.0229519001020765,0.0,0.0311927957107757,V7,0,2025-06,sin_switch,1,0,0,1,0.0082408956086992,0.0311927957107757,0.0311927957107757,0,0,,,,,,
2025-06-05,Previa,0.0,0.2116406777378046,0.0846562710951218,0.0,0.0,0.0,0.0,0.0,0.0,2,1.0,1.0,0.0,2,0,1,0,2,1,1,1.0,0,0,0,0,0.0,0.0278474096504927,0.0278474096504927,V7,0,2025-06,sin_switch,0,0,0,0,0.0278474096504927,0.0278474096504927,0.0278474096504927,0,0,,,,,,
2025-06-05,Primera,0.0,0.2111464433624519,0.1104997477856043,0.0114378125419289,0.0184535123214272,0.0056998603832806,0.1250938424201849,0.165093842420185,0.0505565354403286,2,1.0,1.0,1.0,6,0,2,4,4,2,1,1.0,0,0,0,0,0.1291929050568946,0.0214506744341866,0.0214506744341866,V7,0,2025-06,sin_switch,0,0,0,0,0.0,0.1291929050568946,0.10774223062270799,0,0,,,,,,
2025-06-05,Matutino,0.0134588894648484,0.0134588894648484,0.0069450002787187,0.0114378125419289,0.0184535123214272,0.0056998603832806,0.0,0.0436595623285352,0.0190030127963766,2,1.0,0.6666666666666666,1.0,5,0,3,3,2,3,1,0.6,0,0,0,0,0.0332810538053009,0.0340840830280839,0.0553524828976281,V7,0,2025-06,sin_switch,0,0,0,0,0.022071429092327198,0.0553524828976281,0.022071429092327198,0,0,,,,,,
2025-06-05,Vespertino,0.0,0.0031134989288466,0.0015252967380752,0.0114378125419288,0.0184535123214271,0.0102846197732964,0.0,0.039404083083334,0.0607181374381842,2,1.0,0.5,1.0,7,0,4,6,5,4,1,0.1428571428571428,0,0,0,0,0.02203066960046,0.0210841637666612,0.0751277008958246,V9,0,2025-06,switch_neutro,0,0,0,0,0.0530970312953646,0.0751277008958246,0.054043537129163405,0,1,,,,,,
2025-06-05,Nocturno,0.0,0.0,0.0929185576992664,0.0114378125419288,0.0184535123214271,0.0123213566628802,0.0011428571428572,0.0011428571428572,0.0103811667190629,2,1.0,0.4,1.0,14,1,4,14,6,5,1,0.1428571428571428,0,0,0,0,0.0253607377825127,0.0242509725691224,0.0722347950134554,V9,0,2025-06,switch_neutro,0,0,0,0,0.04687405723094269,0.0722347950134554,0.047983822444332996,0,1,,,,,,
2025-06-06,Previa,0.0,0.0072928622717576,0.0035727582660401,0.0,0.0082978116426765,0.0040650809012565,0.0,0.0016595623285352,0.0008130161802512,5,1.0,1.0,0.0,5,0,1,0,5,1,1,1.0,0,0,0,0,0.0285806253669674,0.0,0.0,V7,0,2025-06,sin_switch,0,0,0,0,0.0,0.0285806253669674,0.0285806253669674,0,0,,,,,,
2025-06-06,Primera,0.0,0.011507282898072,0.0289890892625052,0.0178605369642813,0.030953512321427,0.0099888614203023,0.0610721073928562,0.0653502647928206,0.0416545834263371,8,1.0,1.0,0.25,8,0,2,4,4,2,1,1.0,0,0,0,0,0.1592180931078362,0.0447101706231878,0.0225475163944342,V7,0,2025-06,sin_switch,0,0,0,0,0.0,0.1592180931078362,0.136670576713402,0,0,,,,,,
2025-06-06,Matutino,0.1067633473343185,0.170168590969757,0.0554670848204682,0.0178605369642813,0.030953512321427,0.0106260658802627,0.0,0.0507614522142862,0.0295400444482779,8,1.0,0.6666666666666666,0.25,7,0,3,6,6,3,2,0.1428571428571428,0,0,0,0,0.0235731091394589,0.0253055464548406,0.0,V7,0,2025-06,sin_switch,0,0,0,0,0.0017324373153816998,0.0253055464548406,0.0253055464548406,0,0,,,,,,
2025-06-06,Vespertino,0.0223846315174167,0.0338919144154887,0.0137102469325506,0.0062499999999999,0.0267513239641036,0.0120856862722629,0.0,0.0593092975357146,0.0288257561797485,8,1.0,0.5,0.25,5,0,4,4,3,4,2,0.4,0,0,0,0,0.0,0.0518048024118637,0.0,V8,0,2025-06,switch_neutro,0,0,0,0,0.0518048024118637,0.0518048024118637,0.0518048024118637,1,0,,,,,,
2025-06-06,Nocturno,0.0,0.1224960106288408,0.0499577914265864,0.0287499999999999,0.0402403579761875,0.0139250786859027,0.0,0.1130454545454545,0.0659192123785142,10,0.8,0.8,0.2,11,0,5,7,6,4,2,0.4545454545454545,0,0,0,0,0.0,0.0251492087728804,0.0251492087728804,V7,0,2025-06,sin_switch,0,0,0,0,0.0251492087728804,0.0251492087728804,0.0251492087728804,0,0,,,,,,
2025-06-07,Previa,0.0,0.0277258872223979,0.0113626078084052,0.0,0.0101557006787506,0.0073869986255844,0.0,0.03453114013575,0.0220256502206202,4,1.0,1.0,0.0,4,0,1,0,4,1,1,1.0,0,0,0,0,0.0,0.0,0.0,V7,0,2025-06,sin_switch,0,0,0,0,0.0,0.0,0.0,0,0,,,,,,
2025-06-07,Primera,0.0,0.0,0.0110840514196665,0.0166666666666667,0.0194801780888415,0.0069420676492737,0.0046753246753246,0.0965478453214283,0.0590852610057948,6,1.0,1.0,0.3333333333333333,14,0,2,12,12,2,1,0.8571428571428571,0,0,0,0,0.0694151089165764,0.0227028685657243,0.0,V7,0,2025-06,sin_switch,0,0,0,0,0.0,0.0694151089165764,0.0694151089165764,0,0,,,,,,
2025-06-07,Matutino,0.0,0.0105581640399172,0.0078846173688,0.0166666666666667,0.0236823664461649,0.0070177716796524,0.0219999999999999,0.0319999999999999,0.0122258378490437,6,1.0,0.6666666666666666,0.3333333333333333,10,1,2,10,4,3,1,0.6,0,0,0,0,0.1024593772060537,0.0560050483418982,0.0237356077306827,V7,0,2025-06,sin_switch,1,0,0,1,0.0,0.1024593772060537,0.078723769475371,0,0,,,,,,
2025-06-07,Vespertino,0.0,0.0984254289114661,0.0675771737653185,0.0364378125419287,0.043453512321427,0.0137357226215303,0.0339292502499993,0.0808333333333335,0.0350847462761618,8,0.75,1.0,0.25,8,0,4,6,2,4,2,0.75,0,0,0,0,0.0464784863371353,0.0237875793363188,0.0237875793363188,V7,0,2025-06,sin_switch,1,0,0,1,0.0,0.0464784863371353,0.0226909070008165,0,0,,,,,,
2025-06-07,Nocturno,0.0,0.0162186043243259,0.0851665585891453,0.0064378125419288,0.0134535123214271,0.0058543279115884,0.0,0.1007875625083858,0.0482827064980721,8,0.75,0.8,0.25,10,0,5,9,3,5,1,0.1,0,0,0,0,0.0250731222297342,0.0462190912162234,0.0,V7,0,2025-06,sin_switch,0,0,0,0,0.021145968986489197,0.0462190912162234,0.0462190912162234,0,0,,,,,,
2025-06-09,Primera,0.0,0.0,8.881784197001252e-16,0.0,0.0130929753571457,0.0064142217679682,0.0,0.0626185950714291,0.0306767212669917,3,0.0,0.5,0.0,3,1,1,3,3,1,1,0.0,0,0,0,0,0.0,0.0159739812238796,0.0159739812238796,V7,0,2025-06,sin_switch,0,0,0,0,0.0159739812238796,0.0159739812238796,0.0159739812238796,0,0,,,,,,
2025-06-09,Matutino,0.0,0.2450383577779407,0.1348251110502,0.0,0.0055555555555555,0.0022879178091082,0.0,0.0553333333333332,0.0271076864868004,9,0.0,0.6666666666666666,0.1111111111111111,8,1,2,8,7,2,1,0.0,0,0,0,0,0.0,0.0680317016605399,0.0231567547652256,V8,0,2025-06,switch_neutro,0,0,0,0,0.0680317016605399,0.0680317016605399,0.0680317016605399,1,0,,,,,,
2025-06-09,Vespertino,0.0,0.366305633513079,0.171198405271733,0.0,0.0011538461538461,0.0013441547398352,0.0,0.0611907024642854,0.0255151407188079,10,0.0,0.75,0.1,13,1,3,13,5,3,1,0.0,0,0,0,0,0.0479561511904153,0.1001643079104978,0.0467237439413177,V8,0,2025-06,switch_neutro,0,0,0,0,0.0522081567200825,0.1001643079104978,0.053440563969180094,1,0,,,,,,
2025-06-09,Nocturno,0.0,0.0930884228334143,0.0367148390651937,0.0,0.0011538461538461,0.0010165244937082,0.0,0.0525721073928564,0.0347148125101539,10,0.0,0.8,0.1,10,1,4,10,4,4,2,0.0,0,0,0,0,0.0,0.0417274905636729,0.0454847982144866,V9,0,2025-06,switch_neutro,0,0,0,0,0.0454847982144866,0.0454847982144866,0.0454847982144866,0,1,,,,,,
2025-06-10,Previa,0.0082094723596277,0.0082094723596277,0.0057715136959322,0.0,0.0153135114221747,0.0098826161939941,0.0,0.0030627022844349,0.0144898776186817,6,1.0,1.0,0.0,6,0,1,0,6,1,1,1.0,0,0,0,0,0.0228373272587417,0.0,0.0,V7,0,2025-06,sin_switch,0,0,0,0,0.0,0.0228373272587417,0.0228373272587417,0,0,,,,,,
2025-06-10,Primera,0.2026763862381839,0.2026763862381839,0.0641399907402258,0.0031044792085956,0.0114378125419289,0.0043672218798059,0.0,0.0272875625083859,0.0274945107407062,2,1.0,1.0,1.0,8,0,2,6,6,2,1,0.75,0,0,0,0,0.0220707980047471,0.0478278746718912,0.0433750937296432,V7,0,2025-06,sin_switch,0,0,0,0,0.0257570766671441,0.0478278746718912,0.0257570766671441,0,0,,,,,,
2025-06-10,Matutino,0.0,0.0477086136484521,0.0247572703851987,0.0031044792085956,0.0114378125419289,0.0043672218798059,0.0,0.0683333333333333,0.0318580742905598,2,1.0,0.6666666666666666,1.0,9,0,3,7,1,3,1,0.6666666666666666,0,0,0,0,0.0296387607100382,0.0217291638879397,0.042852459855829,V7,0,2025-06,sin_switch,0,0,0,0,0.013213699145790802,0.042852459855829,0.0211232959678893,0,0,,,,,,
2025-06-10,Vespertino,0.0,0.0114882377498704,0.0101842009533694,0.0031044792085955,0.0114378125419288,0.0043672218798059,0.0,0.1475,0.0628274292627718,2,1.0,0.5,1.0,9,0,4,7,4,4,2,0.3333333333333333,0,1,0,0,0.0233640171204255,0.0,0.0480495664636373,V7,1,2025-06,sin_switch,0,1,1,0,0.024685549343211797,0.0480495664636373,0.0480495664636373,0,0,,,,,,
2025-06-10,Nocturno,0.0,0.0050460603474213,0.0020184241389685,0.0,0.0263153708157426,0.0219135480960795,0.0,0.049,0.0215468168443161,7,0.8571428571428571,0.8,0.1428571428571428,7,0,5,5,1,4,2,0.8571428571428571,0,0,0,1,0.0258821938887219,0.0516297668882632,0.0248630351589953,V7,0,2025-06,sin_switch,0,0,0,0,0.0257475729995413,0.0516297668882632,0.026766731729267898,0,0,,,,,,
2025-06-11,Previa,0.0,0.0,8.881784197001252e-16,0.0,0.0,0.0,0.0,0.0,0.0,4,1.0,1.0,0.0,4,0,1,0,4,1,1,1.0,0,0,0,0,0.0166349445959084,0.0202799905058976,0.0202799905058976,V7,0,2025-06,sin_switch,0,0,0,0,0.003645045909989198,0.0202799905058976,0.003645045909989198,0,0,,,,,,
2025-06-11,Primera,0.0,0.0061660271930907,0.1077135109496511,0.0156044792085955,0.020953512321427,0.0100503518213768,0.03,0.0572875625083858,0.0308399166542548,8,1.0,1.0,0.25,8,1,1,8,8,2,2,1.0,0,0,0,0,0.1366243760630183,0.0738897226646108,0.0250212065082228,V7,0,2025-06,sin_switch,0,0,0,0,0.0,0.1366243760630183,0.1116031695547955,0,0,,,,,,
2025-06-11,Matutino,0.0,0.0525554716266638,0.2468705779815597,0.0031044792085955,0.0084535123214271,0.007652820253062,0.0,0.0249031399558996,0.0228961338961955,10,0.8,1.0,0.2,6,0,3,5,5,3,2,0.1666666666666666,0,0,0,0,0.0726957391117113,0.0488769093683306,0.0497412611240014,V7,0,2025-06,sin_switch,0,0,0,0,0.0,0.0726957391117113,0.023818829743380704,0,0,,,,,,
2025-06-11,Vespertino,0.0897902334229652,0.0897902334229652,0.0435761917731625,0.0,0.0553490331128314,0.0231393469264545,0.0,0.0125,0.0073429744495289,6,0.8333333333333334,1.0,0.0,6,1,3,6,2,4,2,0.6666666666666666,0,0,0,0,0.0274418816279699,0.0434401370743115,0.0431204953928315,V7,0,2025-06,sin_switch,0,0,0,0,0.0159982554463416,0.0434401370743115,0.0159982554463416,0,0,,,,,,
2025-06-11,Nocturno,0.0,0.0942076148467725,0.037683045938709,0.0,0.0516644039285741,0.0267010600660199,0.0,0.0068571428571427,0.0199563503268344,7,0.8571428571428571,0.8,0.1428571428571428,10,1,4,10,5,5,2,0.2,0,0,0,0,0.0233655620649122,0.0219540076719289,0.0252690258113504,V7,0,2025-06,sin_switch,0,0,0,0,0.0019034637464382005,0.0252690258113504,0.0033150181394215016,0,0,,,,,,
2025-06-12,Previa,0.0,0.0,8.881784197001252e-16,0.0,0.0,0.0,0.0,0.0,0.0,1,1.0,1.0,0.0,1,0,1,0,1,1,1,1.0,0,0,0,0,0.0,0.0281257392751804,0.0281257392751804,V7,0,2025-06,sin_switch,0,0,0,0,0.0281257392751804,0.0281257392751804,0.0281257392751804,0,0,,,,,,
2025-06-12,Primera,0.0,0.0317744811735476,0.0155662531433724,0.0,0.0065464876785729,0.0028264811816503,0.0,0.0020311401357501,0.0072083120621695,1,1.0,1.0,1.0,4,0,2,3,3,2,1,0.5,0,0,0,0,0.0455200525018282,0.0468477801918986,0.048730963510045,V7,0,2025-06,sin_switch,0,0,0,0,0.003210911008216799,0.048730963510045,0.003210911008216799,0,0,,,,,,
2025-06-12,Matutino,0.0,0.4033380321514359,0.1938354076453134,0.0,0.0065464876785729,0.0028264811816503,0.0,0.0380627022844348,0.0259002710124514,1,1.0,0.6666666666666666,1.0,6,0,3,5,2,3,1,0.3333333333333333,0,0,0,0,0.0235909109929451,0.0465240340805684,0.028809258069805,V7,0,2025-06,sin_switch,0,0,0,0,0.022933123087623297,0.0465240340805684,0.022933123087623297,0,0,,,,,,
2025-06-12,Vespertino,0.0,0.3258146744837313,0.2976459020090547,0.0,0.0065464876785727,0.0028264811816502,0.0,0.1089043093571434,0.0638095858170322,1,1.0,0.5,1.0,7,0,4,6,4,4,2,0.2857142857142857,0,0,0,0,0.0236328530331942,0.026929746527447,0.0444786291099295,V7,0,2025-06,sin_switch,0,0,0,0,0.020845776076735302,0.0444786291099295,0.020845776076735302,0,0,,,,,,
2025-06-12,Nocturno,0.0,0.0331169678826697,0.0375000143576364,0.0,0.0065464876785727,0.0028264811816502,0.0,0.0492424242424243,0.0407394843347883,1,1.0,0.4,1.0,11,0,5,10,5,5,1,0.0909090909090909,0,0,0,0,0.0210792509916486,0.0223645010321832,0.072839129349203,V9,0,2025-06,switch_neutro,0,0,0,0,0.0517598783575544,0.072839129349203,0.0517598783575544,0,1,,,,,,
2025-06-13,Previa,0.0,0.0,0.0109661850595786,0.0,0.0,0.007502057830922,0.0,0.0,0.0015004115661844,6,1.0,1.0,0.0,6,0,1,0,6,1,1,1.0,0,0,0,0,0.0575951153092697,0.0,0.0,V7,0,2025-06,sin_switch,0,0,0,0,0.0,0.0575951153092697,0.0575951153092697,0,0,,,,,,
2025-06-13,Primera,0.0,0.0277258872223979,0.0481347659185157,0.0025974025974025,0.0071428571428571,0.0025688364214094,0.0,0.0436363636363635,0.025160973075692,14,1.0,1.0,0.1428571428571428,14,0,2,10,10,2,1,1.0,0,0,0,0,0.0,0.0499551359297618,0.0,V8,0,2025-06,switch_neutro,0,0,0,0,0.0499551359297618,0.0499551359297618,0.0499551359297618,1,0,,,,,,
2025-06-13,Matutino,0.0,0.2818400114772821,0.1649662126966309,0.0,0.0454545454545455,0.0193424762657842,0.0,0.1040909090909092,0.0580672272842404,11,0.9090909090909092,1.0,0.0,11,0,3,5,1,3,1,0.9090909090909092,0,0,0,0,0.0234892153615039,0.0460761050720223,0.0460761050720223,V7,0,2025-06,sin_switch,0,0,0,0,0.022586889710518396,0.0460761050720223,0.022586889710518396,0,0,,,,,,
2025-06-13,Vespertino,0.0,0.3392309306300625,0.1363275217283347,0.0,0.0204545454545453,0.0095060588219404,0.0,0.1253564640357151,0.0676395908518262,11,0.9090909090909092,0.75,0.0,7,0,4,6,2,4,1,0.4285714285714285,0,0,0,0,0.0299086378593067,0.0,0.0,V7,0,2025-06,sin_switch,0,0,0,0,0.0,0.0299086378593067,0.0299086378593067,0,0,,,,,,
2025-06-13,Nocturno,0.0,0.0748844893329927,0.0291458286569949,0.0,0.0683333333333333,0.0344063683922183,0.0,0.1397149645357135,0.0714021811069036,12,0.9166666666666666,0.8,0.0833333333333333,12,0,5,6,1,4,2,0.9166666666666666,0,0,1,1,0.0231908502299177,0.0257211208122241,0.0499858713351318,V7,0,2025-06,sin_switch,0,0,0,0,0.0267950211052141,0.0499858713351318,0.0267950211052141,0,0,,,,,,
2025-06-14,Previa,0.0,0.0,0.0059256189187648,0.0,0.0,0.0056033609002663,0.0,0.0,0.0011206721800532,8,1.0,1.0,0.0,8,0,1,0,8,1,1,1.0,0,0,0,0,0.0382322339238563,0.0,0.0,V7,0,2025-06,sin_switch,0,0,0,0,0.0,0.0382322339238563,0.0382322339238563,0,0,,,,,,
2025-06-14,Primera,0.0,0.0185505663606786,0.1180960389487754,0.0,0.0055555555555555,0.0022222222222222,0.0,0.016,0.029696020238378,9,1.0,1.0,0.1111111111111111,11,0,2,9,9,2,1,1.0,0,0,0,0,0.0448561996240041,0.0545704393763607,0.0226825757985196,V7,0,2025-06,sin_switch,0,0,0,0,0.0097142397523566,0.0545704393763607,0.0318878635778411,0,0,,,,,,
2025-06-14,Matutino,0.0848944688640624,0.3592029542905663,0.147646837484112,0.0,0.011111111111111,0.0218435428637471,0.0855714285714286,0.1235714285714285,0.0431028478016581,11,0.9090909090909092,1.0,0.0,14,0,3,8,4,3,1,0.5714285714285714,0,0,0,0,0.052282966470578,0.0297134706673023,0.0297134706673023,V7,0,2025-06,sin_switch,0,0,0,0,0.0,0.052282966470578,0.0225694958032757,0,0,,,,,,
2025-06-14,Vespertino,0.0,0.4559240953513868,0.2025856505989804,0.0,0.0124999999999999,0.0098845574159211,0.0,0.0571428571428571,0.0315060576345722,11,0.9090909090909092,0.75,0.0,14,0,4,11,4,4,1,0.6428571428571429,0,0,0,0,0.0231197025089509,0.0,0.0245494415132423,V7,0,2025-06,sin_switch,0,0,0,0,0.0014297390042913999,0.0245494415132423,0.0245494415132423,0,0,,,,,,
2025-06-14,Nocturno,0.0,0.0,0.0625552204771094,0.0,0.0099999999999998,0.0071324008563251,0.0,0.037,0.0195910224210917,11,0.9090909090909092,0.6,0.0,14,1,4,14,4,3,1,0.0,0,0,0,0,0.0,0.0470794767324235,0.0251927178537265,V8,0,2025-06,switch_neutro,0,0,0,0,0.0470794767324235,0.0470794767324235,0.0470794767324235,1,0,,,,,,
2025-06-16,Primera,0.0,0.0,8.881784197001252e-16,0.0,0.0,0.0,0.0,0.0,5.551115123125783e-17,2,0.0,0.5,0.0,2,1,1,2,2,1,1,0.0,0,0,0,0,0.0,0.0130689037433995,0.0130689037433995,V7,0,2025-06,sin_switch,0,0,0,0,0.0130689037433995,0.0130689037433995,0.0130689037433995,0,0,,,,,,
2025-06-16,Matutino,0.0134588894648484,0.0422051079653256,0.0488958294135212,0.0,0.0053490331128315,0.0058915937775611,0.0,0.0289031399558996,0.0133827378698647,6,0.0,0.6666666666666666,0.1666666666666666,6,2,1,6,6,2,2,0.0,0,0,0,0,0.0,0.0,0.0,V7,0,2025-06,sin_switch,0,0,0,0,0.0,0.0,0.0,0,0,,,,,,
2025-06-16,Vespertino,0.0,0.5295485125334114,0.2634372995705215,0.0,0.0031044792085955,0.0017035993955066,0.03,0.0324999999999999,0.0183097875397586,8,0.0,0.75,0.0,8,2,2,8,6,3,1,0.0,0,0,0,0,0.0245417201443051,0.0,0.0,V7,0,2025-06,sin_switch,0,0,0,0,0.0,0.0245417201443051,0.0245417201443051,0,0,,,,,,
2025-06-16,Nocturno,0.0047113214262557,0.3951227954823171,0.1921419016503345,0.0,0.0102358325000028,0.0129045765849578,0.0,0.0112781573999644,0.0153651617258293,7,0.0,0.8,0.1428571428571428,7,2,3,7,3,3,1,0.0,0,0,0,0,0.0,0.0248564469025443,0.0248564469025443,V7,0,2025-06,sin_switch,0,0,0,0,0.0248564469025443,0.0248564469025443,0.0248564469025443,0,0,,,,,,
2025-06-17,Previa,0.0,0.0,8.881784197001252e-16,0.0,0.0,0.0,0.0,0.0,0.0,2,1.0,1.0,0.0,2,0,1,0,2,1,1,1.0,0,0,0,0,0.0,0.0285689383382658,0.0285689383382658,V7,0,2025-06,sin_switch,0,0,0,0,0.0285689383382658,0.0285689383382658,0.0285689383382658,0,0,,,,,,
2025-06-17,Primera,0.0,0.104032357388311,0.1029769663555422,0.0,0.0114378125419289,0.0059099703381427,0.0359999999999999,0.1007149645357134,0.0393027395790207,2,1.0,1.0,1.0,12,0,2,10,10,2,1,1.0,0,0,0,0,0.0475659470441372,0.0,0.0,V7,0,2025-06,sin_switch,0,0,0,0,0.0,0.0475659470441372,0.0475659470441372,0,0,,,,,,
2025-06-17,Matutino,0.0,0.1697354084379831,0.0697721737262437,0.0,0.0114378125419289,0.0070203726079014,0.02,0.032,0.0232258476702142,2,1.0,0.6666666666666666,1.0,18,0,3,16,6,3,1,0.6666666666666666,0,0,0,0,0.0507514830478836,0.0234996280896647,0.0463874919389563,V7,0,2025-06,sin_switch,0,0,0,0,0.0,0.0507514830478836,0.0272518549582189,0,0,,,,,,
2025-06-17,Vespertino,0.0,0.3216002538574178,0.3135210254494229,0.0,0.0329843002205016,0.0150489801602239,0.0,0.0260000000000001,0.0141433456563309,5,0.8,1.0,0.0,9,0,4,7,3,4,2,0.6666666666666666,0,0,0,0,0.0251775865650427,0.0219589115883825,0.0219589115883825,V7,0,2025-06,sin_switch,0,0,0,0,0.0,0.0251775865650427,0.0032186749766601984,0,0,,,,,,
2025-06-17,Nocturno,0.0,0.011507282898072,0.0058787102850209,0.0,0.0114378125419288,0.010496087666063,0.015,0.02,0.017656813450464,2,1.0,0.4,1.0,24,0,5,22,6,5,2,0.5,0,0,0,0,0.0477132635392497,0.0234195513908736,0.093547379164798,V9,0,2025-06,switch_neutro,0,0,0,0,0.045834115625548295,0.093547379164798,0.0701278277739244,0,1,,,,,,
2025-06-18,Previa,0.0,0.2116406777378046,0.0846562710951218,0.0,0.0130929753571457,0.0052371901428582,0.0,0.0351185950714292,0.0140474380285716,3,1.0,1.0,0.0,3,0,1,0,3,1,1,1.0,0,0,0,0,0.0,0.0,0.0,V7,0,2025-06,sin_switch,0,0,0,0,0.0,0.0,0.0,0,0,,,,,,
2025-06-18,Primera,0.0235114665960844,0.0324372086486528,0.0256825448628759,0.0099999999999998,0.0153605369642814,0.0074389253938008,0.0835721073928563,0.0847875625083858,0.0395730841793549,10,1.0,1.0,0.2,10,0,2,8,8,2,1,1.0,0,0,0,0,0.1036951599252693,0.0560968049460459,0.0336979797606547,V7,0,2025-06,sin_switch,0,0,0,0,0.0,0.1036951599252693,0.06999718016461459,0,0,,,,,,
2025-06-18,Matutino,0.0,0.0339188498946931,0.0267585552392172,0.0197711458752621,0.022027203630948,0.0095763521687688,0.0,0.1225,0.0602052273141226,12,0.8333333333333334,1.0,0.1666666666666666,10,0,3,8,5,3,1,0.5,0,0,0,0,0.0,0.0,0.0,V7,0,2025-06,sin_switch,0,0,0,0,0.0,0.0,0.0,0,0,,,,,,
2025-06-18,Vespertino,0.0,0.0,0.007945460986939,0.0,0.0269070246428542,0.0119999667135628,0.0,0.0283333333333333,0.0232628830986288,5,0.8,1.0,0.0,9,0,4,8,5,4,1,0.1111111111111111,0,0,0,0,0.0216118747941245,0.0651028088598542,0.092008476913827,V9,0,2025-06,switch_neutro,0,0,0,0,0.0703966021197025,0.092008476913827,0.0703966021197025,0,1,,,,,,
2025-06-18,Nocturno,0.0,0.0,0.007945460986939,0.0,0.0060772755776474,0.005151547223669,0.0,0.2061907024642854,0.101734939396359,7,1.0,0.4,0.0,10,0,5,9,4,4,2,0.6,0,0,0,0,0.0451625200108614,0.0,0.0,V7,0,2025-06,sin_switch,0,0,0,0,0.0,0.0451625200108614,0.0451625200108614,0,0,,,,,,
2025-06-19,Previa,0.0,0.0072928622717576,0.0072605287067094,0.0,0.0082978116426765,0.0082610225436217,0.0,0.0016595623285352,0.0174692591163196,5,1.0,1.0,0.0,5,0,1,0,5,1,1,1.0,0,0,0,0,0.0204165541273849,0.0,0.0,V7,0,2025-06,sin_switch,0,0,0,0,0.0,0.0204165541273849,0.0204165541273849,0,0,,,,,,
2025-06-19,Primera,0.0,0.1649225398769358,0.0928153908586214,0.0,0.0,0.0032071108839841,0.0,0.063062702284435,0.0281653890974303,1,1.0,1.0,1.0,6,0,2,3,3,2,1,0.5,0,0,0,0,0.0,0.0201883577715101,0.0293869248173638,V7,0,2025-06,sin_switch,0,0,0,0,0.0293869248173638,0.0293869248173638,0.0293869248173638,0,0,,,,,,
2025-06-19,Matutino,0.328781631749063,0.328781631749063,0.0986344895247189,0.0,0.0065464876785729,0.0073044813073282,0.0,0.0221538461538461,0.0159708610402465,1,1.0,0.6666666666666666,1.0,13,0,3,8,8,3,2,0.3846153846153846,0,0,1,0,0.0232716474153606,0.0256833427694742,0.0503111618332986,V7,0,2025-06,sin_switch,0,0,0,0,0.027039514417937997,0.0503111618332986,0.027039514417937997,0,0,,,,,,
2025-06-19,Vespertino,0.0828965000088208,0.0828965000088208,0.1965462502716594,0.0,0.0184535123214271,0.0073814049285708,0.0074999999999999,0.0159210526315789,0.0260447853806175,1,1.0,0.5,1.0,16,0,4,14,6,4,1,0.125,0,0,0,0,0.0244608148232808,0.0,0.0710184925369086,V9,0,2025-06,switch_neutro,0,0,0,0,0.0465576777136278,0.0710184925369086,0.0710184925369086,0,1,,,,,,
2025-06-19,Nocturno,0.0,0.4830921328618185,0.1956107008876298,0.0,0.0184535123214271,0.0073814049285708,0.0,0.1059292502499991,0.0665721296690112,1,1.0,0.4,1.0,20,0,5,15,1,5,1,0.25,0,0,0,0,0.0275131068783072,0.0231578645263322,0.0248893508030054,V7,0,2025-06,sin_switch,0,0,0,0,0.0,0.0275131068783072,0.004355242351975,0,0,,,,,,
2025-06-21,Primera,0.0,0.1829981804275364,0.091691896619326,0.0,0.0070156997794982,0.0074805955934137,0.0,0.0289031399558996,0.0332814938297606,6,0.0,0.5,0.0,6,1,1,6,6,1,1,0.0,0,0,0,0,0.0,0.018728063399942,0.018728063399942,V7,0,2025-06,sin_switch,0,0,0,0,0.018728063399942,0.018728063399942,0.018728063399942,0,0,,,,,,
2025-06-21,Matutino,0.0,0.2340087019766885,0.1611692714939888,0.0011904761904761,0.0065510131547575,0.0030053369218017,0.0,0.0,0.0085716322178568,12,0.0,0.6666666666666666,0.1666666666666666,24,1,2,24,18,2,1,0.0,0,0,0,0,0.1124577349482717,0.1525896701981435,0.0690898331436445,V8,0,2025-06,switch_neutro,0,0,0,0,0.04013193524987181,0.1525896701981435,0.08349983705449901,1,0,,,,,,
2025-06-21,Vespertino,0.0,0.0969555639494634,0.0831855975387281,0.0,0.0075,0.00749585731331,0.0,0.0935721073928563,0.0528979444324047,8,0.0,0.75,0.25,10,1,3,10,4,3,1,0.0,0,0,0,0,0.0,0.0455187217674033,0.0448537528430411,V8,0,2025-06,switch_neutro,0,0,0,0,0.0455187217674033,0.0455187217674033,0.0455187217674033,1,0,,,,,,
2025-06-21,Nocturno,0.0,0.3863212474854327,0.2035827848203811,0.0,0.0052288541247377,0.0234785183119088,0.0,0.024,0.0396960046914142,6,0.0,0.8,0.3333333333333333,23,2,3,23,21,4,2,0.0,0,0,0,0,0.1001414281533475,0.1604447186224612,0.0578334446961152,V8,0,2025-06,switch_neutro,0,0,0,0,0.0603032904691137,0.1604447186224612,0.102611273926346,1,0,,,,,,
2025-06-23,Primera,0.0,0.0204330249506403,0.0081732099802561,0.0,0.0184535123214271,0.0074829534219522,0.0,0.0911907024642853,0.0386476906231688,5,0.0,0.5,0.0,5,1,1,5,5,1,1,0.0,0,0,0,0,0.0186088633078536,0.0171573606515401,0.0171573606515401,V7,0,2025-06,sin_switch,0,0,0,0,0.0,0.0186088633078536,0.0014515026563135004,0,0,,,,,,
2025-06-23,Matutino,0.3534863812988877,0.3534863812988877,0.1060459143896663,0.0052288541247377,0.0194801780888414,0.0076561325053957,0.0019542291750525,0.1153502647928208,0.0461624105474135,6,0.0,0.6666666666666666,0.3333333333333333,12,2,1,12,12,2,2,0.0,0,0,0,0,0.0230446642616428,0.0240103370817352,0.0480235993244844,V7,0,2025-06,sin_switch,0,0,0,0,0.024978935062841597,0.0480235993244844,0.024978935062841597,0,0,,,,,,
2025-06-23,Vespertino,0.0,0.1999166713787064,0.1039304106521454,0.0,0.0,0.0038778250956654,0.0,0.0010968600441003,0.0143442981022481,5,0.0,0.75,0.2,5,2,2,5,4,3,1,0.0,0,0,0,0,0.0,0.0275446577076239,0.0275446577076239,V7,0,2025-06,sin_switch,0,0,0,0,0.0275446577076239,0.0275446577076239,0.0275446577076239,0,0,,,,,,
2025-06-23,Nocturno,0.0,0.0884215054813344,0.0353686021925337,0.0,0.0093287909325354,0.0047203497846616,0.0,0.024,0.0286416549254024,9,0.0,0.8,0.2222222222222222,10,2,3,10,4,4,1,0.0,0,0,0,0,0.0264747874153135,0.0491496391393668,0.0265512687169266,V7,0,2025-06,sin_switch,0,0,0,0,0.0226748517240533,0.0491496391393668,0.0226748517240533,0,0,,,,,,
2025-06-24,Previa,0.0,0.0,8.881784197001252e-16,0.0,0.0101557006787506,0.0049752569286751,0.0,0.03453114013575,0.0169167347138256,4,1.0,1.0,0.0,4,0,1,0,4,1,1,1.0,0,0,0,0,0.0,0.0,0.0,V7,0,2025-06,sin_switch,0,0,0,0,0.0,0.0,0.0,0,0,,,,,,
2025-06-24,Primera,0.0,0.0134588894648484,0.0082051260864194,0.0,0.0028135114221747,0.0027383776085888,0.0,0.0630627022844348,0.0567597960506477,6,1.0,1.0,0.0,6,0,2,4,4,2,1,1.0,0,0,0,0,0.0216645392699711,0.0437801188968008,0.0235458503222276,V7,0,2025-06,sin_switch,0,0,0,0,0.0221155796268297,0.0437801188968008,0.0221155796268297,0,0,,,,,,
2025-06-24,Matutino,0.0,0.0439444915467248,0.0464718027437358,0.0028135114221747,0.0070156997794982,0.0053709783770689,0.0,0.0443076923076923,0.0466334201020734,6,1.0,0.6666666666666666,0.0,10,0,3,8,4,3,1,0.6,0,0,0,0,0.0,0.0437580560209397,0.0450564550676798,V9,0,2025-06,switch_neutro,0,0,0,0,0.0450564550676798,0.0450564550676798,0.0450564550676798,0,1,,,,,,
2025-06-24,Vespertino,0.293095959048343,0.309314563372669,0.1569527415531176,0.0028135114221747,0.0070156997794982,0.0053709783770689,0.0,0.1865997933733764,0.0783100475028011,6,1.0,0.5,0.0,11,0,4,10,6,4,1,0.0909090909090909,0,0,0,0,0.0512894476287524,0.0,0.0246782526286559,V7,0,2025-06,sin_switch,0,0,0,0,0.0,0.0512894476287524,0.0512894476287524,0,0,,,,,,
2025-06-24,Nocturno,0.0235114665960844,0.0324372086486528,0.1742980724164009,0.0028135114221747,0.013562187458071,0.0091909354205276,0.0,0.0882142857142856,0.0444415847020724,6,1.0,0.4,0.0,7,0,5,6,5,4,2,0.2857142857142857,0,0,0,0,0.0,0.0,0.022042695332028,V7,0,2025-06,sin_switch,0,0,0,0,0.022042695332028,0.022042695332028,0.022042695332028,0,0,,,,,,
2025-06-25,Previa,0.0,0.0,8.881784197001252e-16,0.0,0.0,0.0,0.0,0.0,0.0,2,1.0,1.0,0.0,2,0,1,0,2,1,1,1.0,0,0,0,0,0.0,0.0285689383382658,0.0285689383382658,V7,0,2025-06,sin_switch,0,0,0,0,0.0285689383382658,0.0285689383382658,0.0285689383382658,0,0,,,,,,
2025-06-25,Primera,0.0,0.010052577131236,0.0049247369142999,0.0,0.0176878125419288,0.0084574591862114,0.0,0.1747875625083857,0.0683993560813051,8,1.0,1.0,0.125,8,0,2,7,7,2,1,1.0,0,0,0,0,0.0283722179961124,0.0224572599199754,0.0224572599199754,V7,0,2025-06,sin_switch,0,0,0,0,0.0,0.0283722179961124,0.005914958076136997,0,0,,,,,,
2025-06-25,Matutino,0.0324372086486528,0.1093070271577412,0.043521095725289,0.0,0.0176878125419288,0.0084574591862114,0.0,0.0247875625083857,0.0142773290950309,8,1.0,0.6666666666666666,0.125,8,0,3,6,6,2,1,0.25,0,0,0,0,0.0263272118962838,0.049559002063653,0.0743147297414477,V9,0,2025-06,switch_neutro,0,0,0,0,0.047987517845163905,0.0743147297414477,0.047987517845163905,0,1,,,,,,
2025-06-25,Vespertino,0.0,0.0204330249506403,0.0425393446313797,0.0,0.0176878125419288,0.0084574591862114,0.0,0.0193333333333333,0.0200327358893126,8,1.0,0.5,0.125,9,1,3,9,5,4,2,0.4444444444444444,0,0,0,0,0.0313376728136758,0.0621171051488227,0.0514699570086956,V8,0,2025-06,switch_neutro,0,0,0,0,0.030779432335146906,0.0621171051488227,0.030779432335146906,1,0,,,,,,
2025-06-25,Nocturno,0.0,0.0061469820448891,0.0679811605480397,0.0,0.0176878125419288,0.0084574591862114,0.0,0.0306666666666667,0.017150496524242,8,1.0,0.4,0.125,9,0,5,8,5,4,1,0.2222222222222222,0,0,0,0,0.0,0.0219140969582993,0.0780995103537805,V9,0,2025-06,switch_neutro,0,0,0,0,0.0780995103537805,0.0780995103537805,0.0780995103537805,0,1,,,,,,
2025-06-26,Previa,0.0,0.0,0.1009292572388951,0.0,0.0101557006787506,0.0073869986255844,0.0,0.03453114013575,0.0220256502206202,4,1.0,1.0,0.0,4,0,1,0,4,1,1,1.0,0,0,0,0,0.0,0.0,0.0,V7,0,2025-06,sin_switch,0,0,0,0,0.0,0.0,0.0,0,0,,,,,,
2025-06-26,Primera,0.0,0.1764298227750078,0.1011563946574326,0.0,0.0,0.0032071108839841,0.0,0.0671907024642854,0.0391963643134728,1,1.0,1.0,1.0,5,1,1,5,5,2,2,0.8,0,0,0,0,0.0224692916489147,0.0,0.0244809380460397,V7,0,2025-06,sin_switch,0,0,0,0,0.002011646397125002,0.0244809380460397,0.0244809380460397,0,0,,,,,,
2025-06-26,Matutino,0.0,0.0,0.0132567695899913,0.0,0.0065464876785729,0.00674105246794,0.0220311401357501,0.0220311401357501,0.0218899155786337,1,1.0,0.6666666666666666,1.0,4,0,3,2,2,3,2,0.5,0,0,0,0,0.0232203547620701,0.0241544202757484,0.0573622247595156,V9,0,2025-06,switch_neutro,0,0,0,0,0.0341418699974455,0.0573622247595156,0.0341418699974455,0,1,,,,,,
2025-06-26,Vespertino,0.0027787600076791,0.0027787600076791,0.024524004563331,0.0,0.0065464876785727,0.00674105246794,0.0,0.1653502647928206,0.086440194682354,1,1.0,0.5,1.0,8,0,4,7,5,4,1,0.125,0,0,0,0,0.0456313022778601,0.0,0.0466908449051884,V7,0,2025-06,sin_switch,1,0,0,1,0.001059542627328297,0.0466908449051884,0.0466908449051884,0,0,,,,,,
2025-06-26,Nocturno,0.0,0.1225468142497954,0.0543082413556237,0.0,0.0065464876785727,0.0073044813073282,0.0,0.1016907024642854,0.0577920823715852,1,1.0,0.4,1.0,10,0,5,9,9,3,2,0.1,0,0,0,0,0.0757675099893712,0.0,0.0672536067903379,V7,0,2025-06,sin_switch,0,0,0,0,0.0,0.0757675099893712,0.0757675099893712,0,0,,,,,,
2025-06-27,Previa,0.0,0.2053828119449532,0.1044594250354252,0.0,0.0101557006787506,0.0073869986255844,0.0,0.03453114013575,0.0220256502206202,4,1.0,1.0,0.0,4,0,1,0,4,1,1,1.0,0,0,0,0,0.0,0.0,0.0,V7,0,2025-06,sin_switch,0,0,0,0,0.0,0.0,0.0,0,0,,,,,,
2025-06-27,Primera,0.0,0.1446553416014602,0.0680006732968074,0.0,0.0084535123214271,0.0059806664744464,0.0,0.009090909090909,0.02997354596274,11,1.0,1.0,0.0,11,0,2,8,8,2,1,0.9090909090909092,0,0,0,0,0.0476797621589923,0.055111317828291,0.0235566948349512,V7,0,2025-06,sin_switch,0,0,0,0,0.007431555669298699,0.055111317828291,0.0315546229933398,0,0,,,,,,
2025-06-27,Matutino,0.0,0.417593404824939,0.2091327500937652,0.0,0.0083333333333333,0.0064470293784733,0.0,0.0378578216785706,0.0316474621785975,12,0.8333333333333334,1.0,0.0,12,0,3,9,1,3,1,0.8333333333333334,0,0,0,0,0.0269883854881635,0.023939120357178,0.0,V7,0,2025-06,sin_switch,0,0,0,0,0.0,0.0269883854881635,0.0269883854881635,0,0,,,,,,
2025-06-27,Vespertino,0.0,0.0089257420525683,0.007345695917974,0.0,0.0321428571428571,0.0184486317176278,0.0,0.109286393107142,0.0527273242173729,14,0.7857142857142857,1.0,0.0,14,0,4,10,1,4,2,0.7857142857142857,0,0,0,0,0.028676265311506,0.0292813005535069,0.0292813005535069,V7,0,2025-06,sin_switch,0,0,0,0,0.0006050352420008988,0.0292813005535069,0.0006050352420008988,0,0,,,,,,
2025-06-27,Nocturno,0.0,0.0517636501573912,0.072128424812132,0.0,0.0021428571428571,0.009200999904488,0.0,0.017308844988096,0.0244932295285142,14,0.7857142857142857,0.8,0.0,7,0,5,6,1,4,2,0.7142857142857143,0,0,0,0,0.0223346985629235,0.0546960840392371,0.0,V8,0,2025-06,switch_neutro,0,0,0,0,0.0323613854763136,0.0546960840392371,0.0546960840392371,1,0,,,,,,
2025-06-28,Previa,0.0,0.0089257420525683,0.0078077525535329,0.0,0.0101557006787506,0.0073869986255844,0.0,0.03453114013575,0.0220256502206202,4,1.0,1.0,0.0,4,0,1,0,4,1,1,1.0,0,0,0,0,0.0,0.0,0.0,V7,0,2025-06,sin_switch,0,0,0,0,0.0,0.0,0.0,0,0,,,,,,
2025-06-28,Primera,0.0,0.0,0.0064775945327763,0.0,0.0142513239641036,0.0062543573694612,0.004,0.0466666666666667,0.0478668132020858,9,1.0,1.0,0.0,12,0,2,10,10,2,1,0.8333333333333334,0,0,0,0,0.0,0.0247300426889514,0.0,V7,0,2025-06,sin_switch,0,0,0,0,0.0247300426889514,0.0247300426889514,0.0247300426889514,0,0,,,,,,
2025-06-28,Matutino,0.0,0.0045580823999067,0.0140574817854024,0.0,0.0592513239641037,0.0253293600747827,0.0,0.0580006788214276,0.0377135571743951,10,0.9,1.0,0.0,10,0,3,7,1,3,1,0.9,0,0,0,0,0.0224711510276494,0.0214110740233845,0.0519209355493563,V7,0,2025-06,sin_switch,0,0,0,0,0.0294497845217069,0.0519209355493563,0.030509861525971797,0,0,,,,,,
2025-06-28,Vespertino,0.0,0.0162186043243259,0.007945460986939,0.0,0.0342513239641035,0.0140195343207766,0.0,0.0141907024642855,0.0140442348872614,10,0.9,0.75,0.0,8,0,4,6,1,4,2,0.5,0,0,0,0,0.0256132178554852,0.0348167770283848,0.0,V7,0,2025-06,sin_switch,0,0,0,0,0.009203559172899601,0.0348167770283848,0.0348167770283848,0,0,,,,,,
2025-06-28,Nocturno,0.0,0.0531638577117306,0.0251191599491314,0.0,0.0164378125419288,0.0137323063849321,0.0496666666666667,0.0565000000000001,0.027441846843932,10,0.9,0.6,0.0,10,0,5,8,2,4,2,0.6,0,0,0,0,0.0234537883204826,0.0506019987484678,0.0,V7,0,2025-06,sin_switch,0,0,0,0,0.0271482104279852,0.0506019987484678,0.0506019987484678,0,0,,,,,,
2025-06-30,Primera,0.0,0.0,8.881784197001252e-16,0.0,0.0,0.0050778503393753,0.0,0.0,0.031015570067875,4,0.0,0.5,0.0,4,1,1,4,4,1,1,0.0,0,0,0,0,0.0,0.0151010559011389,0.0151010559011389,V7,0,2025-06,sin_switch,0,0,0,0,0.0151010559011389,0.0151010559011389,0.0151010559011389,0,0,,,,,,
2025-06-30,Matutino,0.2005547355129913,0.2220423816731616,0.0840300229813231,0.003446533946162,0.0052288541247377,0.0016112632117504,0.0553333333333332,0.0553333333333332,0.0314700934311233,6,0.0,0.6666666666666666,0.3333333333333333,8,1,2,8,6,2,1,0.0,0,0,0,0,0.0,0.023129186371075,0.023129186371075,V7,0,2025-06,sin_switch,0,0,0,0,0.023129186371075,0.023129186371075,0.023129186371075,0,0,,,,,,
2025-06-30,Vespertino,0.010052577131236,0.1941788672788389,0.2085783286048562,0.0,0.0125,0.0077766936661992,0.0,0.0572875625083858,0.0317561372377747,8,0.0,0.75,0.25,9,1,3,9,8,3,2,0.0,0,0,0,0,0.0,0.0,0.0282966858839385,V7,0,2025-06,sin_switch,0,0,0,0,0.0282966858839385,0.0282966858839385,0.0282966858839385,0,0,,,,,,
2025-06-30,Nocturno,0.0,0.3166886147948684,0.1373605224077844,0.0,0.0017823201785757,0.0007129280714303,0.0,0.01,0.0125150376871225,7,0.0,0.8,0.1428571428571428,12,1,4,12,5,3,1,0.0,0,0,0,0,0.0237849469919812,0.0814254081026921,0.0249370192083539,V8,0,2025-06,switch_neutro,0,0,0,0,0.057640461110710896,0.0814254081026921,0.057640461110710896,1,0,,,,,,
2025-07-01,Previa,0.0,0.0,8.881784197001252e-16,0.0,0.0101557006787506,0.0073869986255844,0.0,0.03453114013575,0.0220256502206202,4,1.0,1.0,0.0,4,0,1,0,4,1,1,1.0,0,0,0,0,0.0,0.0,0.0,V7,0,2025-07,sin_switch,0,0,0,0,0.0,0.0,0.0,0,0,,,,,,
2025-07-01,Primera,0.0,0.0131999682418868,0.04961853600483,0.01,0.0131044792085955,0.0077962985106879,0.0,0.0882875625083858,0.0480084946003215,10,1.0,1.0,0.2,10,0,2,9,9,2,1,0.8,0,0,0,0,0.067006490443677,0.0461161038304585,0.0221686995294997,V7,0,2025-07,sin_switch,0,0,0,0,0.0,0.067006490443677,0.0448377909141773,0,0,,,,,,
2025-07-01,Matutino,0.0,0.0089257420525683,0.0126261887672897,0.025,0.0281044792085956,0.0117988962534478,0.0,0.0538636363636364,0.0367565531163006,12,0.8333333333333334,1.0,0.3333333333333333,11,0,3,10,5,3,1,0.3636363636363636,0,0,0,0,0.0712259849447966,0.0477934951662118,0.023924902447464,V7,0,2025-07,sin_switch,0,0,0,0,0.0,0.0712259849447966,0.04730108249733259,0,0,,,,,,
2025-07-01,Vespertino,0.0,0.1006722308358023,0.0678681359156007,0.0,0.0031044792085955,0.0067039973839705,0.0,0.0008333333333333,0.0201697560346169,9,1.0,0.5,0.0,8,0,4,6,6,3,2,0.25,0,0,0,0,0.0515545026519012,0.0531148885195241,0.0490949870938266,V7,0,2025-07,sin_switch,0,0,0,0,0.0015603858676229015,0.0531148885195241,0.004019901425697504,0,0,,,,,,
2025-07-01,Nocturno,0.0,0.0,0.0056373942852263,0.0,0.0114378125419288,0.0065100966044352,0.0,0.1023333333333332,0.0458920105169593,9,1.0,0.4,0.0,8,0,5,7,4,5,2,0.125,0,0,0,0,0.0,0.022447256396726,0.0229560391277505,V7,0,2025-07,sin_switch,1,0,0,1,0.0229560391277505,0.0229560391277505,0.0229560391277505,0,0,,,,,,
2025-07-02,Previa,0.0,0.2116406777378046,0.1036823338548864,0.0,0.0,0.0,0.0,0.0,0.0,2,1.0,1.0,0.0,2,0,1,0,2,1,1,1.0,0,0,0,0,0.0,0.0277069951252776,0.0277069951252776,V7,0,2025-07,sin_switch,0,0,0,0,0.0277069951252776,0.0277069951252776,0.0277069951252776,0,0,,,,,,
2025-07-02,Primera,0.0,0.0072928622717576,0.0061680901985742,0.0,0.0142513239641037,0.0068055808022989,0.0,0.0233328807857149,0.0282167608436774,2,1.0,1.0,1.0,7,0,2,6,6,2,1,0.7142857142857143,0,0,0,0,0.0429422680597179,0.0224935052817368,0.0455809249786544,V7,0,2025-07,sin_switch,0,0,0,0,0.0026386569189364995,0.0455809249786544,0.0230874196969176,0,0,,,,,,
2025-07-02,Matutino,0.0,0.0378676368668129,0.0378146652427041,0.0,0.0142513239641037,0.0084055502675407,0.0,0.0561911550119039,0.0288725004173576,2,1.0,0.6666666666666666,1.0,9,0,3,8,3,3,1,0.4444444444444444,0,0,0,0,0.030116280052761,0.0215564513230964,0.035160665349005,V7,0,2025-07,sin_switch,0,0,0,0,0.005044385296244,0.035160665349005,0.013604214025908598,0,0,,,,,,
2025-07-02,Vespertino,0.0,0.0417436702497937,0.0163318834026662,0.0,0.0202403579761875,0.0096522996853742,0.0,0.0676666666666666,0.0285464434542865,2,1.0,0.5,1.0,9,0,4,8,4,4,1,0.2222222222222222,0,0,0,0,0.0254330706727477,0.0,0.0770037415276605,V9,0,2025-07,switch_neutro,0,0,0,0,0.0515706708549128,0.0770037415276605,0.0770037415276605,0,1,,,,,,
2025-07-02,Nocturno,0.0,0.0162186043243259,0.0350013759469998,0.0142513239641036,0.0202403579761875,0.0083268314593126,0.0,0.0962875625083857,0.0420965447345242,2,1.0,0.4,1.0,10,0,5,9,3,5,2,0.5,0,0,0,0,0.0,0.0,0.0636605037608043,V9,0,2025-07,switch_neutro,0,0,0,0,0.0636605037608043,0.0636605037608043,0.0636605037608043,0,1,,,,,,
2025-07-03,Previa,0.0,0.2168900948430252,0.1131199691461618,0.0,0.0,0.0,0.0,0.0,0.0,2,1.0,1.0,0.0,2,0,1,0,2,1,1,1.0,0,0,0,0,0.0,0.0275335146306818,0.0275335146306818,V7,0,2025-07,sin_switch,0,0,0,0,0.0275335146306818,0.0275335146306818,0.0275335146306818,0,0,,,,,,
2025-07-03,Primera,0.0,0.1999166713787064,0.1127398962515734,0.0053605369642814,0.0084535123214271,0.0068231818548834,0.0,0.0598814049285707,0.024178035148512,8,1.0,1.0,0.0,5,0,2,4,4,2,1,1.0,0,0,0,0,0.0768161675942075,0.0505380222345716,0.0224821532397936,V7,0,2025-07,sin_switch,0,0,0,0,0.0,0.0768161675942075,0.054334014354413894,0,0,,,,,,
2025-07-03,Matutino,0.2030886804817431,0.219282666813684,0.0778267643077938,0.0053605369642814,0.0084535123214271,0.0068231818548834,0.0,0.0487852617380958,0.0194507481221092,8,1.0,0.6666666666666666,0.0,3,0,3,2,1,3,1,0.6666666666666666,0,0,1,0,0.0494598973006712,0.0487693877935804,0.0483801163332532,V7,0,2025-07,sin_switch,0,0,0,0,0.0,0.0494598973006712,0.0010797809674180023,0,0,,,,,,
2025-07-03,Vespertino,0.0,0.2966931169439206,0.1622948882987427,0.0,0.024703512321427,0.0100838644991552,0.0,0.0350956906428565,0.0289579267256346,8,0.875,0.75,0.0,5,0,4,4,2,4,2,0.6,0,0,0,0,0.0235708767890884,0.0284507250505365,0.0,V7,0,2025-07,sin_switch,0,0,0,0,0.004879848261448102,0.0284507250505365,0.0284507250505365,0,0,,,,,,
2025-07-03,Nocturno,0.0,0.54903185647255,0.2153968417383304,0.0,0.0,0.0025361557298696,0.0,0.1268330170538403,0.0648397462784299,5,1.0,0.4,0.0,11,0,5,9,4,4,1,0.4545454545454545,0,0,0,0,0.034884216215814,0.0227232575547944,0.0,V7,0,2025-07,sin_switch,0,0,0,0,0.0,0.034884216215814,0.034884216215814,0,0,,,,,,
2025-07-04,Previa,0.0,0.0,8.881784197001252e-16,0.0,0.0,0.0,0.0,0.0,0.0,2,1.0,1.0,0.0,2,0,1,0,2,1,1,1.0,0,0,0,0,0.0,0.0285689383382658,0.0285689383382658,V7,0,2025-07,sin_switch,0,0,0,0,0.0285689383382658,0.0285689383382658,0.0285689383382658,0,0,,,,,,
2025-07-04,Primera,0.0,0.0,0.0074322981982761,0.0,0.0,1.1102230246251563e-16,0.0,0.04,0.016,1,1.0,1.0,1.0,3,0,2,2,2,2,1,1.0,0,0,0,0,0.0,0.0218737159738928,0.0497115069719724,V9,0,2025-07,switch_neutro,0,0,0,0,0.0497115069719724,0.0497115069719724,0.0497115069719724,0,1,,,,,,
2025-07-04,Matutino,0.0,0.5532269388111155,0.2246516162729471,0.0,0.0,0.0026185950714291,0.0,0.0124999999999998,0.0244686810966097,1,1.0,0.6666666666666666,1.0,6,0,3,5,4,3,1,0.1666666666666666,0,0,0,0,0.0228290039341005,0.049878197496419,0.0247282106342533,V7,0,2025-07,sin_switch,0,0,0,0,0.027049193562318503,0.049878197496419,0.027049193562318503,0,0,,,,,,
2025-07-04,Vespertino,0.0,0.011507282898072,0.0088433181104041,0.0,0.0,0.0071887219715714,0.0,0.0998573691309521,0.0427466913078398,1,1.0,0.5,1.0,9,0,4,8,6,4,1,0.2222222222222222,0,0,0,0,0.0,0.0,0.0738527605961527,V9,0,2025-07,switch_neutro,0,0,0,0,0.0738527605961527,0.0738527605961527,0.0738527605961527,0,1,,,,,,
2025-07-04,Nocturno,0.0,0.0092604809737357,0.0154122149146644,0.0,0.0,0.0071887219715714,0.0,0.0812875625083857,0.032163441061183,1,1.0,0.4,1.0,12,0,5,11,5,4,1,0.0833333333333333,0,0,0,0,0.0223134130805823,0.0,0.0756879369260182,V9,0,2025-07,switch_neutro,1,0,0,1,0.05337452384543591,0.0756879369260182,0.0756879369260182,0,1,,,,,,
2025-07-05,Previa,0.0,0.0,8.881784197001252e-16,0.0,0.0254692121009253,0.0101876848403701,0.0,0.037593842420185,0.015037536968074,6,1.0,1.0,0.0,6,0,1,0,6,1,1,1.0,0,0,0,0,0.0183640072483145,0.0,0.0,V7,0,2025-07,sin_switch,0,0,0,0,0.0,0.0183640072483145,0.0183640072483145,0,0,,,,,,
2025-07-05,Primera,0.3534734320283759,0.3945307222256708,0.11642143184198,0.0031044792085956,0.0114378125419289,0.0061388161473932,0.0,0.0,0.026615879458681,2,1.0,1.0,1.0,6,0,2,4,4,2,1,1.0,0,0,0,0,0.0201895817349846,0.0465313553427625,0.0201895817349846,V7,0,2025-07,sin_switch,0,0,0,0,0.026341773607777903,0.0465313553427625,0.026341773607777903,0,0,,,,,,
2025-07-05,Matutino,0.0,0.0525645730953669,0.0246035945081957,0.0031044792085956,0.0114378125419289,0.0068307572383624,0.0,0.006929740829815,0.0172686946406626,2,1.0,0.6666666666666666,1.0,7,0,3,5,2,3,1,0.7142857142857143,0,0,0,0,0.0373753047598576,0.0303624103592636,0.0551318856724803,V7,0,2025-07,sin_switch,0,0,0,0,0.0177565809126227,0.0551318856724803,0.024769475313216698,0,0,,,,,,
2025-07-05,Vespertino,0.0,0.003298159757179,0.004803358767642,0.0017891083928529,0.00893196553571,0.0072149337336963,0.0,0.0109090909090909,0.0298439658169639,2,1.0,0.5,1.0,11,0,4,10,5,4,1,0.3636363636363636,0,0,0,0,0.0282702659589414,0.0216011100827625,0.0940649855261289,V9,0,2025-07,switch_neutro,0,0,0,0,0.06579471956718749,0.0940649855261289,0.0724638754433664,0,1,,,,,,
2025-07-05,Nocturno,0.0,0.0,0.0374921147398399,0.0,0.0168955207914044,0.0140016924864974,0.0,0.0470454545454545,0.0202508963769713,6,0.8333333333333334,0.8,0.0,11,0,5,9,2,5,1,0.4545454545454545,0,0,0,0,0.0,0.0,0.024228429446293,V7,0,2025-07,sin_switch,0,0,0,0,0.024228429446293,0.024228429446293,0.024228429446293,0,0,,,,,,
2025-07-07,Primera,0.0,0.0,8.881784197001252e-16,0.0,0.0101557006787506,0.0073869986255844,0.0,0.0620311401357501,0.0394179699492512,4,0.0,0.5,0.0,4,1,1,4,4,1,1,0.0,0,0,0,0,0.0,0.0136286263815285,0.0136286263815285,V7,0,2025-07,sin_switch,0,0,0,0,0.0136286263815285,0.0136286263815285,0.0136286263815285,0,0,,,,,,
2025-07-07,Matutino,0.0338919144154887,0.2140136249778397,0.1059424823190845,0.0,0.0017513239641036,0.0029885995356507,0.0,0.0285721073928563,0.0244488440739605,10,0.0,0.6666666666666666,0.0,10,2,1,10,10,2,2,0.0,0,0,0,0,0.0646376822324931,0.0621090949305376,0.0211216233518744,V7,0,2025-07,sin_switch,0,0,0,0,0.0,0.0646376822324931,0.0435160588806187,0,0,,,,,,
2025-07-07,Vespertino,0.0,0.0703544441336037,0.0424447917080923,0.0,0.0,0.0018607959727073,0.0,0.0552875625083857,0.0273547288037,14,0.0,0.75,0.0,14,2,2,14,6,3,1,0.0,0,0,0,0,0.0845830429874625,0.094786259553975,0.044123224504839,V7,0,2025-07,sin_switch,0,0,0,0,0.010203216566512505,0.094786259553975,0.050663035049136,0,0,,,,,,
2025-07-07,Nocturno,0.0,0.0162186043243259,0.007945460986939,0.0,0.0330013239641036,0.0224276717778672,0.0535721073928564,0.0985,0.0485014930985683,8,0.0,0.8,0.125,10,1,4,10,8,3,2,0.0,0,0,0,0,0.0495978419009513,0.0237622327142211,0.0237622327142211,V7,0,2025-07,sin_switch,0,0,0,0,0.0,0.0495978419009513,0.025835609186730203,0,0,,,,,,
2025-07-08,Previa,0.0,0.0,8.881784197001252e-16,0.0,0.0,0.0,0.0,0.0,0.0,2,1.0,1.0,0.0,2,0,1,0,2,1,1,1.0,0,0,0,0,0.0,0.0285689383382658,0.0285689383382658,V7,0,2025-07,sin_switch,0,0,0,0,0.0285689383382658,0.0285689383382658,0.0285689383382658,0,0,,,,,,
2025-07-08,Primera,0.0,0.0072330567087535,0.1542414592078953,0.0,0.0059890340120838,0.0034610980940397,0.0,0.0596497352071792,0.0298745248699116,4,1.0,1.0,0.25,4,0,2,3,3,2,1,1.0,0,0,0,0,0.0257887940032768,0.0231454798956239,0.0,V7,0,2025-07,sin_switch,0,0,0,0,0.0,0.0257887940032768,0.0257887940032768,0,0,,,,,,
2025-07-08,Matutino,0.0,0.0366516292749663,0.0302631120200279,0.0,0.0059890340120838,0.0034610980940397,0.0,0.1391907024642855,0.0605693775854988,4,1.0,0.6666666666666666,0.25,8,0,3,7,4,3,1,0.5,0,0,0,0,0.0,0.02189372201447,0.0,V7,0,2025-07,sin_switch,0,0,0,0,0.02189372201447,0.02189372201447,0.02189372201447,0,0,,,,,,
2025-07-08,Vespertino,0.0,0.0,0.0480683393300149,0.0,0.0059890340120838,0.0034610980940396,0.0,0.1784521546785715,0.077592591991586,4,1.0,0.5,0.25,7,0,4,6,6,3,2,0.1428571428571428,0,0,0,0,0.0262212059088425,0.0,0.0,V7,0,2025-07,sin_switch,0,0,0,0,0.0,0.0262212059088425,0.0262212059088425,0,0,,,,,,
2025-07-08,Nocturno,0.0,0.0204330249506403,0.0081732099802561,0.0,0.0059890340120838,0.0034610980940396,0.0,0.0873092975357145,0.0395084215847185,4,1.0,0.4,0.25,5,0,5,3,1,5,2,0.6,0,0,0,0,0.0235471707206926,0.0246246602988642,0.0247401717458754,V7,0,2025-07,sin_switch,0,0,0,0,0.0011930010251828028,0.0247401717458754,0.0011930010251828028,0,0,,,,,,
2025-07-10,Primera,0.0,0.0,8.881784197001252e-16,0.0,0.0,0.0,0.0,0.0,5.551115123125783e-17,2,0.0,0.5,0.0,2,1,1,2,2,1,1,0.0,0,0,0,0,0.0,0.0130689037433995,0.0130689037433995,V7,0,2025-07,sin_switch,0,0,0,0,0.0130689037433995,0.0130689037433995,0.0130689037433995,0,0,,,,,,
2025-07-10,Matutino,0.0,0.0072330567087535,0.0702024819341486,0.0,0.0,0.0028944037725497,0.0,0.0267612259404769,0.0110301321335484,8,0.0,0.6666666666666666,0.0,7,1,2,7,6,2,1,0.0,0,0,0,0,0.0,0.0500435026270324,0.028252966693905,V8,0,2025-07,switch_neutro,0,0,0,0,0.0500435026270324,0.0500435026270324,0.0500435026270324,1,0,,,,,,
2025-07-10,Vespertino,0.0,0.1216534110189861,0.0526609616466438,0.0,0.0125,0.0109389162995939,0.0,0.0419999999999999,0.0167999999999999,4,0.0,0.75,0.25,12,2,2,12,10,2,1,0.0,0,0,0,0,0.0533495030154962,0.0766346385073824,0.0219842980603674,V7,0,2025-07,sin_switch,0,0,0,0,0.023285135491886204,0.0766346385073824,0.054650340447015,0,0,,,,,,
2025-07-10,Nocturno,0.0162186043243259,0.0322189456689585,0.0139515009956185,0.0,0.0114378125419288,0.006901292038177,0.0,0.0589999999999999,0.0281616446942124,2,0.0,0.8,1.0,13,2,3,13,9,3,1,0.0,0,0,0,0,0.0257258882969575,0.0545895024049899,0.0,V7,0,2025-07,sin_switch,0,0,0,0,0.0288636141080324,0.0545895024049899,0.0545895024049899,0,0,,,,,,
2025-07-11,Previa,0.0,0.0204330249506403,0.0101848440643395,0.0,0.0,0.0092994704143585,0.0,0.0,0.0278598940828717,4,1.0,1.0,0.0,4,0,1,0,4,1,1,1.0,0,0,0,0,0.0,0.0,0.0,V7,0,2025-07,sin_switch,0,0,0,0,0.0,0.0,0.0,0,0,,,,,,
2025-07-11,Primera,0.0,0.0162186043243259,0.0360330084152529,1.1102230246251563e-16,0.0114378125419289,0.006901292038177,0.0922875625083857,0.1069999999999998,0.0425454381712853,2,1.0,1.0,1.0,8,0,2,4,4,2,1,1.0,0,0,0,0,0.1104915089278086,0.0,0.0205612976235508,V7,0,2025-07,sin_switch,0,0,0,0,0.0,0.1104915089278086,0.1104915089278086,0,0,,,,,,
2025-07-11,Matutino,0.0,0.1999166713787064,0.092398961055771,1.1102230246251563e-16,0.0114378125419289,0.006901292038177,0.0,0.0230627022844348,0.0317805589365485,2,1.0,0.6666666666666666,1.0,6,0,3,4,2,3,1,0.6666666666666666,0,0,0,0,0.0264024144962182,0.0273585587396929,0.0361049856017494,V7,0,2025-07,sin_switch,0,0,0,0,0.009702571105531198,0.0361049856017494,0.009702571105531198,0,0,,,,,,
2025-07-11,Vespertino,0.0,0.0286107738838099,0.0627427746688115,0.0,0.048646844755508,0.0213401074212461,0.0,0.0518181818181817,0.0233688697745009,6,0.8333333333333334,1.0,0.0,11,1,3,11,9,4,2,0.1818181818181818,0,0,0,0,0.0691430299865078,0.0229588962963273,0.0682847034102105,V7,0,2025-07,sin_switch,0,0,0,0,0.0,0.0691430299865078,0.0461841336901805,0,0,,,,,,
2025-07-11,Nocturno,0.0,0.0039983855902585,0.0083206405578981,0.0,0.0253490331128315,0.0121347561275372,0.0,0.0565384615384615,0.0302202570659445,6,0.8333333333333334,0.8,0.0,12,1,4,12,7,5,1,0.0833333333333333,0,0,0,0,0.023573865447534,0.0,0.0237170297101466,V7,0,2025-07,sin_switch,0,0,0,0,0.0001431642626125995,0.0237170297101466,0.0237170297101466,0,0,,,,,,
2025-07-12,Previa,0.0,0.0,8.881784197001252e-16,0.0,0.0,0.0046539267095689,0.0,0.0,0.0158241563505202,4,1.0,1.0,0.0,4,0,1,0,4,1,1,1.0,0,1,0,0,0.0169109219107391,0.0,0.0,V7,1,2025-07,sin_switch,0,1,1,0,0.0,0.0169109219107391,0.0169109219107391,0,0,,,,,,
2025-07-12,Primera,0.0089257420525683,0.1196648462341807,0.0513208353533357,0.0184535123214272,0.0184535123214272,0.0068480725161501,0.0,0.0230627022844349,0.0530786376984425,2,1.0,1.0,1.0,6,0,2,4,4,2,1,0.6666666666666666,0,0,0,0,0.0664199295218315,0.0452398801542674,0.0432311818263482,V7,0,2025-07,sin_switch,0,0,0,0,0.0,0.0664199295218315,0.0231887476954833,0,0,,,,,,
2025-07-12,Matutino,0.0,0.2858383970675406,0.1164355651264946,0.0184535123214272,0.0184535123214272,0.0068480725161501,0.0,0.0218181818181817,0.0158814333905383,2,1.0,0.6666666666666666,1.0,11,0,3,10,6,3,1,0.2727272727272727,0,0,0,0,0.0756562051349286,0.0693613517838878,0.0676577998785202,V7,0,2025-07,sin_switch,0,0,0,0,0.0,0.0756562051349286,0.007998405256408395,0,0,,,,,,
2025-07-12,Vespertino,0.0,0.0078248203551005,0.0065298873123866,0.0,0.0065464876785727,0.0032071108839841,0.0,0.0387692307692308,0.024098352012161,1,1.0,0.5,1.0,10,0,4,9,2,4,1,0.4,0,0,0,0,0.0292975938378667,0.0220243585026139,0.0805963735300013,V9,0,2025-07,switch_neutro,0,0,0,0,0.0512987796921346,0.0805963735300013,0.0585720150273874,0,1,,,,,,
2025-07-12,Nocturno,0.0,0.0162186043243259,0.0071118733983943,0.0,0.0065464876785727,0.0032071108839841,0.0020000000000001,0.0083333333333334,0.0162047670394915,1,1.0,0.4,1.0,8,0,5,6,2,5,1,0.25,0,0,0,0,0.0257898297574743,0.0233423135637059,0.1012381580982782,V9,0,2025-07,switch_neutro,0,0,0,0,0.0754483283408039,0.1012381580982782,0.0778958445345723,0,1,,,,,,
2025-07-14,Primera,0.0,0.0271877915434322,0.0217662419937603,0.0,0.0184535123214271,0.0121347516257046,0.0,0.0861907024642856,0.0528321753798016,12,0.0,0.5,0.0,12,1,1,12,12,1,1,0.0,0,0,0,0,0.1071993601079072,0.0708794011775837,0.0234843558501462,V7,0,2025-07,sin_switch,0,0,0,0,0.0,0.1071993601079072,0.083715004257761,0,0,,,,,,
2025-07-14,Matutino,0.0,0.0278854565628412,0.0968219145122508,0.0039682539682539,0.0055555555555555,0.0031389882001599,0.0,0.0,0.0,18,0.0,0.6666666666666666,0.2222222222222222,32,1,2,32,29,2,1,0.0,0,0,0,0,0.1017556277027189,0.161543002640318,0.0568467992092319,V8,0,2025-07,switch_neutro,0,0,0,0,0.059787374937599114,0.161543002640318,0.10469620343108611,1,0,,,,,,
2025-07-14,Vespertino,0.0601630958710508,0.318621074788628,0.1363317457727599,0.0,0.00625,0.0094534788626155,0.0,0.0286907024642854,0.0326672648649005,8,0.0,0.75,0.125,13,1,3,13,2,3,1,0.0,0,0,0,0,0.0,0.0540407114410032,0.0255016569046349,V8,0,2025-07,switch_neutro,0,0,0,0,0.0540407114410032,0.0540407114410032,0.0540407114410032,1,0,,,,,,
2025-07-14,Nocturno,0.0,0.0277258872223979,0.0158194418012094,0.0,0.01,0.0052690012955209,0.0,0.025,0.0390429387015174,10,0.0,0.8,0.2,13,1,4,13,1,4,2,0.0,0,0,0,0,0.0,0.0469921041214216,0.0459512395114585,V8,0,2025-07,switch_neutro,0,0,0,0,0.0469921041214216,0.0469921041214216,0.0469921041214216,1,0,,,,,,
2025-07-15,Previa,0.0,0.0,0.0056373942852263,0.0,0.0101557006787506,0.0040622802715002,0.0,0.03453114013575,0.0138124560543,4,1.0,1.0,0.0,4,0,1,0,4,1,1,1.0,0,0,0,0,0.0,0.0,0.0,V7,0,2025-07,sin_switch,0,0,0,0,0.0,0.0,0.0,0,0,,,,,,
2025-07-15,Primera,0.0,0.0,0.0489689910566241,0.0,0.0124999999999998,0.0049999999999999,0.0,0.0436363636363635,0.0207273046251747,8,1.0,1.0,0.25,16,0,2,14,14,2,1,1.0,0,0,0,0,0.0439843310683348,0.0961352937536371,0.0218119710533635,V8,0,2025-07,switch_neutro,0,0,0,0,0.052150962685302296,0.0961352937536371,0.07432332270027359,1,0,,,,,,
2025-07-15,Matutino,0.0324372086486528,0.1033513495919047,0.0465385043439019,0.0,0.0124999999999999,0.0067344249512065,0.0,0.0878846153846154,0.047588632010037,8,1.0,0.6666666666666666,0.25,13,0,3,12,5,3,1,0.4615384615384615,0,0,0,0,0.0228204188241214,0.0228204188241214,0.0,V7,0,2025-07,sin_switch,0,0,0,0,0.0,0.0228204188241214,0.0228204188241214,0,0,,,,,,
2025-07-15,Vespertino,0.0,0.0162186043243259,0.0113492174794625,0.0,0.0062499999999999,0.0055901699437494,0.0,0.138,0.0971198882542823,8,1.0,0.5,0.25,12,0,4,11,4,4,1,0.3333333333333333,0,0,0,0,0.0462096943394039,0.0,0.0,V7,0,2025-07,sin_switch,0,0,0,0,0.0,0.0462096943394039,0.0462096943394039,0,0,,,,,,
2025-07-15,Nocturno,0.0,0.0863200337490894,0.0394538210308688,0.0,0.0124999999999999,0.0067344249512065,0.0,0.0438942556734323,0.0298387449886281,8,1.0,0.4,0.25,6,0,5,4,2,4,2,0.6666666666666666,0,0,0,0,0.021015715431027,0.0677747487487544,0.0425629678468329,V8,0,2025-07,switch_neutro,0,0,0,0,0.046759033317727405,0.0677747487487544,0.046759033317727405,1,0,,,,,,
2025-07-16,Previa,0.0,0.0,8.881784197001252e-16,0.0,0.0,0.0,0.0,0.0,0.0,2,1.0,1.0,0.0,2,0,1,0,2,1,1,1.0,0,0,0,0,0.0,0.0285689383382658,0.0285689383382658,V7,0,2025-07,sin_switch,0,0,0,0,0.0285689383382658,0.0285689383382658,0.0285689383382658,0,0,,,,,,
2025-07-16,Primera,0.0,0.0162186043243259,0.0865419869072358,0.0,0.0,1.1102230246251563e-16,0.0,0.0489031399558997,0.0287153940341012,5,1.0,1.0,0.0,6,0,2,5,5,2,1,0.6666666666666666,0,0,0,0,0.0240952718870648,0.0272461992194666,0.0,V7,0,2025-07,sin_switch,0,0,0,0,0.0031509273324017983,0.0272461992194666,0.0272461992194666,0,0,,,,,,
2025-07-16,Matutino,0.0,0.3810718327608224,0.1925977726963507,0.0,0.0,0.0,0.0,0.0526440265441008,0.0344092716947444,5,1.0,0.6666666666666666,0.0,7,0,3,5,4,3,1,0.4285714285714285,0,0,0,0,0.02391393955704,0.0231982680989868,0.0,V7,0,2025-07,sin_switch,0,0,0,0,0.0,0.02391393955704,0.02391393955704,0,0,,,,,,
2025-07-16,Vespertino,0.0,0.1121917619151009,0.0450199918242444,0.0,0.0653490331128314,0.0257708363627347,0.0,0.05,0.0354794962303568,6,0.8333333333333334,1.0,0.0,8,0,4,6,5,4,1,0.25,0,0,0,0,0.0211740873476648,0.0210253336874577,0.055506594911513,V9,0,2025-07,switch_neutro,0,0,0,0,0.0343325075638482,0.055506594911513,0.0344812612240553,0,1,,,,,,
2025-07-16,Nocturno,0.0,0.0089257420525683,0.008151511021139,0.0,0.0353490331128315,0.0138450275142312,0.0,0.0019988305987562,0.0040006053430377,6,0.8333333333333334,0.8,0.0,6,0,5,4,4,3,2,0.3333333333333333,0,0,0,0,0.0433135443992683,0.0309204787903594,0.0433306540337284,V7,0,2025-07,sin_switch,0,0,0,0,1.7109634460096834e-05,0.0433306540337284,0.012410175243368998,0,0,,,,,,
2025-07-17,Previa,0.0,0.0,0.0466265736296357,0.0,0.0,0.0,0.0,0.0,0.0,2,1.0,1.0,0.0,2,0,1,0,2,1,1,1.0,0,0,0,0,0.0,0.0419319034225745,0.0419319034225745,V8,0,2025-07,switch_neutro,0,0,0,0,0.0419319034225745,0.0419319034225745,0.0419319034225745,1,0,,,,,,
2025-07-17,Primera,0.0,0.150234375732114,0.1492802793828355,0.0,0.0273786896428599,0.0120257793551048,0.008,0.1335721073928563,0.0875234739277955,7,1.0,1.0,0.2857142857142857,18,0,2,16,16,2,1,0.6666666666666666,0,0,0,0,0.0723595580500589,0.070748144207393,0.0227420941572923,V7,0,2025-07,sin_switch,0,0,0,0,0.0,0.0723595580500589,0.049617463892766604,0,0,,,,,,
2025-07-17,Matutino,0.0,0.2511699374192488,0.278076349431661,0.0,0.0339251773214328,0.0179077857261006,0.0,0.066,0.0489316439973316,7,1.0,0.6666666666666666,0.2857142857142857,10,0,3,8,7,3,1,0.3,0,0,0,0,0.0240212193198357,0.0240212193198357,0.0,V7,0,2025-07,sin_switch,0,0,0,0,0.0,0.0240212193198357,0.0240212193198357,0,0,,,,,,
2025-07-17,Vespertino,0.0,0.0162186043243259,0.0064874417297303,0.0,0.0339251773214327,0.0179077857261006,0.0,0.0522875625083858,0.0369111916394769,7,1.0,0.5,0.2857142857142857,8,0,4,6,4,4,1,0.25,0,0,0,0,0.0,0.0227377354688615,0.0247848294487999,V7,0,2025-07,sin_switch,0,0,0,0,0.0247848294487999,0.0247848294487999,0.0247848294487999,0,0,,,,,,
2025-07-17,Nocturno,0.0,0.0162186043243259,0.0089876537645178,0.0,0.0339251773214327,0.0206491117450593,0.0176666666666666,0.0337875625083857,0.0234873282525115,7,1.0,0.4,0.2857142857142857,8,1,4,8,6,4,2,0.25,0,0,0,0,0.0237379788359605,0.0527311462594583,0.0228454562647568,V7,0,2025-07,sin_switch,0,0,0,0,0.028993167423497803,0.0527311462594583,0.0298856899947015,0,0,,,,,,
2025-07-18,Previa,0.0082094723596277,0.0286424973102681,0.0108271226828261,0.0,0.0153135114221747,0.007502057830922,0.0,0.0030627022844349,0.0015004115661844,6,1.0,1.0,0.0,6,0,1,0,6,1,1,1.0,0,0,0,0,0.028217265749026,0.0,0.0,V7,0,2025-07,sin_switch,0,0,0,0,0.0,0.028217265749026,0.028217265749026,0,0,,,,,,
2025-07-18,Primera,0.0,0.369085922473638,0.1502313981430518,0.0031044792085954,0.0083333333333333,0.0061299675297636,0.0549999999999999,0.1099999999999999,0.0612780769453481,12,1.0,1.0,0.1666666666666666,12,0,2,8,8,2,1,1.0,0,0,0,0,0.0523151369246818,0.0582596868014472,0.0364489726217258,V7,0,2025-07,sin_switch,0,0,0,0,0.005944549876765397,0.0582596868014472,0.0218107141797214,0,0,,,,,,
2025-07-18,Matutino,0.0,0.0,0.0200549816876076,0.0031044792085954,0.0083333333333333,0.0061299675297636,0.0,0.0356907024642854,0.0161271102999274,12,1.0,0.6666666666666666,0.1666666666666666,5,0,3,2,2,3,2,0.6,0,0,0,0,0.0230448110437826,0.0762475828391512,0.022540498732154,V8,0,2025-07,switch_neutro,0,0,0,0,0.0532027717953686,0.0762475828391512,0.053707084106997205,1,0,,,,,,
2025-07-18,Vespertino,0.0,0.0501374542190191,0.036461427610033,0.0,0.0124999999999999,0.0062389367101837,0.0,0.0402,0.0362089028402954,8,0.75,1.0,0.0,8,0,4,4,2,4,2,0.75,0,0,0,0,0.0228047904550206,0.0750141657925266,0.0695314858723206,V8,0,2025-07,switch_neutro,0,0,0,0,0.052209375337506,0.0750141657925266,0.052209375337506,1,0,,,,,,
2025-07-18,Nocturno,0.0,0.0092604809737357,0.0177507311057924,0.0,0.01,0.0078479491931138,0.0,0.0705000000000001,0.0321129991995924,10,0.8,0.8,0.0,10,0,5,6,2,4,2,0.8,0,0,0,0,0.0221893869578793,0.0474940787445115,0.0218722887620266,V7,0,2025-07,sin_switch,0,0,0,0,0.025304691786632205,0.0474940787445115,0.0256217899824849,0,0,,,,,,
2025-07-19,Previa,0.0,0.0,0.0959001346223347,0.0,0.0101557006787506,0.0090328730515539,0.0,0.03453114013575,0.0269756102500502,4,1.0,1.0,0.0,4,0,1,0,4,1,1,1.0,0,0,1,1,0.0,0.0,0.0,V7,0,2025-07,sin_switch,1,0,0,1,0.0,0.0,0.0,0,0,,,,,,
2025-07-19,Primera,0.2340087019766894,0.2785271714757966,0.0951148298775553,1.1102230246251563e-16,0.0142513239641037,0.0084938700518168,0.0349999999999999,0.0636907024642854,0.0294888768268628,2,1.0,1.0,1.0,8,0,2,4,4,2,1,1.0,0,0,0,0,0.0241787133247597,0.0239661947559152,0.0217534083217379,V7,0,2025-07,sin_switch,0,0,0,0,0.0,0.0241787133247597,0.0024253050030218007,0,0,,,,,,
2025-07-19,Matutino,0.4967683910585911,0.5040612533303488,0.1522124025483148,0.0100000000000001,0.0184535123214272,0.0059411124583308,0.0,0.0449999999999999,0.0293873123525784,2,1.0,0.6666666666666666,1.0,8,0,3,7,4,3,1,0.5,0,0,0,0,0.0,0.0534359150457857,0.0223735271493074,V8,0,2025-07,switch_neutro,0,0,0,0,0.0534359150457857,0.0534359150457857,0.0534359150457857,1,0,,,,,,
2025-07-19,Vespertino,0.4320743872093961,0.4320743872093961,0.1484456387930737,0.0142513239641036,0.0184535123214271,0.0063013961383685,0.1275006788214279,0.1625000000000001,0.0682118861508735,2,1.0,0.5,1.0,12,0,4,8,2,4,1,0.6666666666666666,0,0,1,0,0.0739787907847357,0.0274618613069733,0.0,V7,0,2025-07,sin_switch,1,0,0,1,0.0,0.0739787907847357,0.0739787907847357,0,0,,,,,,
2025-07-19,Nocturno,0.0162186043243259,0.1055754361974239,0.0466584329471331,0.0184535123214271,0.0202403579761875,0.0074078740669576,0.0171907024642855,0.0199292502499992,0.0091066197105795,2,1.0,0.4,1.0,8,1,4,8,6,3,2,0.0,0,0,0,0,0.0474958802458029,0.0224104091536034,0.0489004576720171,V7,0,2025-07,sin_switch,0,0,0,0,0.0014045774262142,0.0489004576720171,0.026490048518413703,0,0,,,,,,
2025-07-21,Primera,0.0061660271930907,0.0223846315174167,0.0172141431279021,0.0,0.0114378125419288,0.0076514298836336,0.0,0.0572875625083859,0.0358758313702328,8,0.0,0.5,0.0,8,1,1,8,8,1,1,0.0,0,0,0,0,0.0205293163331603,0.0203007838439809,0.0,V7,0,2025-07,sin_switch,0,0,0,0,0.0,0.0205293163331603,0.0205293163331603,0,0,,,,,,
2025-07-21,Matutino,0.0274910878524892,0.071435579399214,0.1944213953262997,0.0,0.00625,0.0024222110448401,0.0,0.0285721073928563,0.0274292124821329,8,0.0,0.6666666666666666,0.125,8,1,2,8,6,2,1,0.0,0,0,0,0,0.0,0.0682696927240101,0.0238877462862724,V8,0,2025-07,switch_neutro,0,0,0,0,0.0682696927240101,0.0682696927240101,0.0682696927240101,1,0,,,,,,
2025-07-21,Vespertino,0.3457440648257179,0.5334200203335575,0.1888412542026027,0.0142513239641037,0.0309535123214271,0.0098962297746312,0.03,0.03,0.009,8,0.0,0.75,0.25,8,2,2,8,4,3,1,0.0,0,0,0,0,0.0,0.0,0.0,V7,0,2025-07,sin_switch,0,0,0,0,0.0,0.0,0.0,0,0,,,,,,
2025-07-21,Nocturno,0.0,0.0078248203551005,0.0392817197856094,0.0,0.0226557006787506,0.0182700248323252,0.0,0.0525721073928563,0.0328846861584035,4,0.0,0.8,0.25,8,3,2,8,4,3,1,0.0,0,0,0,0,0.0268738053535278,0.0232332057403265,0.0232332057403265,V7,0,2025-07,sin_switch,0,0,0,0,0.0,0.0268738053535278,0.0036405996132013,0,0,,,,,,
2025-07-22,Previa,0.0,0.0162186043243259,0.039936742805979,0.0,0.0,0.0,0.0,0.0,0.0,2,1.0,1.0,0.0,2,0,1,0,2,1,1,1.0,0,0,0,0,0.0,0.042239946281233,0.042239946281233,V8,0,2025-07,switch_neutro,0,0,0,0,0.042239946281233,0.042239946281233,0.042239946281233,1,0,,,,,,
2025-07-22,Primera,0.0,0.1811165262088776,0.0731399656552814,0.0,0.0114378125419289,0.0064997690727091,0.0,0.0847875625083858,0.0460867826920539,2,1.0,1.0,1.0,9,0,2,7,7,2,1,1.0,0,0,0,0,0.0,0.0,0.0219289202212828,V7,0,2025-07,sin_switch,0,0,0,0,0.0219289202212828,0.0219289202212828,0.0219289202212828,0,0,,,,,,
2025-07-22,Matutino,0.0039983855902585,0.0202169899145845,0.0143185194167205,1.1102230246251563e-16,0.0114378125419289,0.0067065240416384,0.0,0.0148571428571429,0.0240409646565849,2,1.0,0.6666666666666666,1.0,15,1,2,15,8,3,1,0.2666666666666666,0,0,0,0,0.0494321267161264,0.0503449078401349,0.0,V7,0,2025-07,sin_switch,0,0,0,0,0.0009127811240084993,0.0503449078401349,0.0503449078401349,0,0,,,,,,
2025-07-22,Vespertino,0.0,0.003298159757179,0.0070055873337644,0.0,0.0114378125419288,0.0067065240416384,0.0,0.1378502647928207,0.0678892715166427,9,1.0,0.5,0.0,8,0,4,7,5,4,1,0.125,0,0,0,0,0.0,0.0222916487964044,0.0,V7,0,2025-07,sin_switch,0,0,0,0,0.0222916487964044,0.0222916487964044,0.0222916487964044,0,0,,,,,,
2025-07-22,Nocturno,0.0,0.0085304226127123,0.0215979627926378,0.0,0.0114378125419288,0.0053012337891781,0.0,0.0383333333333333,0.0375820079030811,9,1.0,0.4,0.0,9,0,5,8,4,4,2,0.2222222222222222,0,0,0,0,0.0210555475998673,0.0507487614533557,0.0888655306706087,V9,0,2025-07,switch_neutro,0,0,0,0,0.0678099830707414,0.0888655306706087,0.0678099830707414,0,1,,,,,,
2025-07-23,Previa,0.0,0.0,8.881784197001252e-16,0.0,0.0,0.0,0.0,0.0,0.0,4,1.0,1.0,0.0,4,0,1,0,4,1,1,1.0,0,0,0,0,0.0166349445959084,0.0202799905058976,0.0202799905058976,V7,0,2025-07,sin_switch,0,0,0,0,0.003645045909989198,0.0202799905058976,0.003645045909989198,0,0,,,,,,
2025-07-23,Primera,0.0030186360824391,0.0234516610330794,0.0951072421903199,1.1102230246251563e-16,0.0084535123214272,0.0049392034788624,0.0,0.0252124374916141,0.0227182891173763,2,1.0,1.0,1.0,6,0,2,5,5,2,1,1.0,0,0,0,0,0.0214941301914395,0.0214941301914395,0.0455285781029802,V7,0,2025-07,sin_switch,0,0,0,0,0.0240344479115407,0.0455285781029802,0.0240344479115407,0,0,,,,,,
2025-07-23,Matutino,0.0,0.0,0.025746817735329,0.0031044792085956,0.0084535123214272,0.0061541331245764,0.0,0.0274999999999998,0.0279162614014743,2,1.0,0.6666666666666666,1.0,8,0,3,7,2,3,1,0.75,0,0,0,0,0.0345183308083632,0.0249775262870119,0.0596069484146233,V7,0,2025-07,sin_switch,0,0,0,0,0.025088617606260098,0.0596069484146233,0.0346294221276114,0,0,,,,,,
2025-07-23,Vespertino,0.0,0.2824724814748363,0.1288612731538928,0.0084535123214271,0.0184535123214271,0.0094014842094082,0.0,0.0527875625083857,0.0372240795508601,2,1.0,0.5,1.0,10,1,3,10,6,4,2,0.4,0,0,0,0,0.0231046161366888,0.0231046161366888,0.0230208952469632,V7,0,2025-07,sin_switch,0,0,0,0,0.0,0.0231046161366888,8.372088972560116e-05,0,0,,,,,,
2025-07-23,Nocturno,0.6309065373997678,0.7220096310570865,0.2144648296431994,0.0,0.0208299392261946,0.0176099439572333,0.0,0.078143535964285,0.0328694004043961,7,0.7142857142857143,1.0,0.0,9,0,5,7,1,5,2,0.6666666666666666,0,0,0,0,0.0252863434261202,0.027453856024788,0.0255848000691487,V7,0,2025-07,sin_switch,0,0,0,0,0.0021675125986677993,0.027453856024788,0.0021675125986677993,0,0,,,,,,
2025-07-24,Previa,0.0,0.0,0.0980449395696601,0.0,0.0,1.1102230246251563e-16,0.0,0.0,0.0,3,1.0,1.0,0.0,3,0,1,0,3,1,1,1.0,0,0,0,0,0.0,0.0289761443850209,0.0289761443850209,V7,0,2025-07,sin_switch,0,0,0,0,0.0289761443850209,0.0289761443850209,0.0289761443850209,0,0,,,,,,
2025-07-24,Primera,0.0,0.0364611846074174,0.0176527096553334,0.0052288541247377,0.0083333333333334,0.0083805624808626,0.0,0.0190482978690468,0.0284774144163475,6,1.0,1.0,0.3333333333333333,9,0,2,7,7,2,1,0.7777777777777778,0,0,0,0,0.0510737419207475,0.0560908708770722,0.0300033452779338,V7,0,2025-07,sin_switch,0,0,0,0,0.005017128956324703,0.0560908708770722,0.0260875255991384,0,0,,,,,,
2025-07-24,Matutino,0.0,0.0188001451698287,0.03683483113811,0.0052288541247377,0.0083333333333334,0.0112326266959599,0.0,0.0983333333333332,0.0482404500916741,6,1.0,0.6666666666666666,0.3333333333333333,9,0,3,8,3,3,1,0.4444444444444444,0,0,0,0,0.0221964026273416,0.0221964026273416,0.0,V7,0,2025-07,sin_switch,0,0,0,0,0.0,0.0221964026273416,0.0221964026273416,0,0,,,,,,
2025-07-24,Vespertino,0.0,0.0,0.0424194047261506,0.0,0.0215464876785728,0.0139526093217861,0.0,0.0805526268733758,0.042485591523274,5,0.8,1.0,0.0,11,0,4,10,7,4,1,0.0909090909090909,0,0,0,0,0.0246098324558168,0.0,0.0,V7,0,2025-07,sin_switch,0,0,0,0,0.0,0.0246098324558168,0.0246098324558168,0,0,,,,,,
2025-07-24,Nocturno,0.0,0.0,0.041250969491018,0.0052288541247378,0.0220179625175906,0.0113056813032193,0.0,0.0186363636363636,0.0323689234605877,6,1.0,0.4,0.3333333333333333,11,0,5,9,5,4,2,0.3636363636363636,0,0,0,0,0.0245663051005404,0.0471220106266706,0.0740409489785505,V9,0,2025-07,switch_neutro,0,0,0,0,0.0494746438780101,0.0740409489785505,0.0494746438780101,0,1,,,,,,
2025-07-25,Previa,0.0,0.0,8.881784197001252e-16,0.0,0.0,0.0,0.0,0.0,0.0,2,1.0,1.0,0.0,2,0,1,0,2,1,1,1.0,0,0,0,0,0.0,0.0285689383382658,0.0285689383382658,V7,0,2025-07,sin_switch,0,0,0,0,0.0285689383382658,0.0285689383382658,0.0285689383382658,0,0,,,,,,
2025-07-25,Primera,0.0,0.0162186043243259,0.2102719980127677,0.0,0.0042021883573234,0.0020586434557013,0.0,0.0599999999999999,0.0246338546723745,4,1.0,1.0,0.25,4,0,2,3,3,2,1,1.0,0,0,0,0,0.0262756887252117,0.0241846186572237,0.0,V7,0,2025-07,sin_switch,0,0,0,0,0.0,0.0262756887252117,0.0262756887252117,0,0,,,,,,
2025-07-25,Matutino,0.0,0.5694455431354415,0.228228634424921,0.0,0.0042021883573234,0.0034471942229764,0.0,0.03,0.0323033875633117,4,1.0,0.6666666666666666,0.25,8,0,3,7,4,3,1,0.5,0,0,0,0,0.0451556450292994,0.0,0.0,V7,0,2025-07,sin_switch,0,0,0,0,0.0,0.0451556450292994,0.0451556450292994,0,0,,,,,,
2025-07-25,Vespertino,0.0,0.0,0.1656188538831322,0.0,0.0042021883573234,0.0034471942229763,0.0,0.0111045749253239,0.0403418068463067,4,1.0,0.5,0.25,11,0,4,10,3,4,1,0.1818181818181818,0,0,0,0,0.0,0.0511079202958351,0.0719163628849915,V9,0,2025-07,switch_neutro,0,0,0,0,0.0719163628849915,0.0719163628849915,0.0719163628849915,0,1,,,,,,
2025-07-25,Nocturno,0.0,0.1102654265455029,0.0518910395220739,0.0,0.0042021883573234,0.0065693888417092,0.0,0.0453636363636363,0.0282962073725705,4,1.0,0.4,0.25,10,0,5,9,3,5,1,0.2,0,0,0,0,0.0,0.049654218149649,0.0709827887071262,V9,0,2025-07,switch_neutro,0,0,0,0,0.0709827887071262,0.0709827887071262,0.0709827887071262,0,1,,,,,,
2025-07-26,Previa,0.0,0.1894575598772387,0.08203752989635,0.0,0.0,0.0,0.0,0.0,0.0,6,1.0,1.0,0.0,6,0,1,0,6,1,1,1.0,0,0,0,0,0.0275097225236934,0.0,0.0,V7,0,2025-07,sin_switch,0,0,0,0,0.0,0.0275097225236934,0.0275097225236934,0,0,,,,,,
2025-07-26,Primera,0.0,0.0417720988508163,0.0368184357091431,0.0,0.0205013239641036,0.0106183807357376,0.0017142857142857,0.121,0.082547804865482,8,1.0,1.0,0.125,30,0,2,24,24,2,1,0.8,0,0,0,0,0.0489674327379244,0.1062952959229598,0.0457418901918119,V8,0,2025-07,switch_neutro,0,0,0,0,0.0573278631850354,0.1062952959229598,0.060553405731147904,1,0,,,,,,
2025-07-26,Matutino,0.0,0.0162186043243259,0.0309142127293351,0.0,0.0330013239641036,0.0263383912588442,0.0,0.1528070175438596,0.1033004233183103,8,1.0,0.6666666666666666,0.125,19,0,3,13,5,3,1,0.5789473684210527,0,0,0,0,0.0227732346748713,0.023240541133877,0.023240541133877,V7,0,2025-07,sin_switch,0,0,0,0,0.0004673064590056987,0.023240541133877,0.0004673064590056987,0,0,,,,,,
2025-07-26,Vespertino,0.0061660271930907,0.0960171472374087,0.1344003166942339,0.0,0.05625,0.0309337067778429,0.0,0.0130263157894737,0.0342063814705193,8,1.0,0.5,0.125,19,1,3,19,3,4,2,0.4210526315789473,0,0,0,0,0.0241091818078419,0.0,0.0531525526813675,V7,0,2025-07,sin_switch,0,0,0,0,0.0290433708735256,0.0531525526813675,0.0531525526813675,0,0,,,,,,
2025-07-26,Nocturno,0.0,0.0,0.0314114359674089,0.0,0.05625,0.0325691376732419,0.0489999999999999,0.0705263157894737,0.0264660680474702,8,1.0,0.4,0.125,8,0,5,2,2,3,2,0.75,0,0,0,0,0.0229118387795731,0.0451583190362797,0.0456418460101031,V7,0,2025-07,sin_switch,0,0,0,0,0.022730007230529998,0.0456418460101031,0.022730007230529998,0,0,,,,,,
2025-07-28,Primera,0.0,0.011507282898072,0.0046029131592288,0.0,0.0184535123214271,0.0074829534219522,0.0,0.0911907024642853,0.0386476906231688,5,0.0,0.5,0.0,5,1,1,5,5,1,1,0.0,0,0,0,0,0.0186582167611721,0.0171894500427731,0.0171894500427731,V7,0,2025-07,sin_switch,0,0,0,0,0.0,0.0186582167611721,0.0014687667183989998,0,0,,,,,,
2025-07-28,Matutino,0.0,0.0623845875143036,0.0262076210382898,0.0,0.0044676798214242,0.002578331925309,0.0,0.0,0.0318907620552767,8,0.0,0.6666666666666666,0.125,10,1,2,10,9,2,1,0.0,0,0,0,0,0.0701519761256849,0.1089642474150265,0.0434829457772885,V8,0,2025-07,switch_neutro,0,0,0,0,0.0388122712893416,0.1089642474150265,0.06548130163773799,1,0,,,,,,
2025-07-28,Vespertino,0.2980586158016081,0.5130253211229965,0.1614139380512895,0.0083333333333333,0.0089285714285715,0.0037177372546731,0.0,0.0,0.0328231625532946,8,0.0,0.75,0.25,20,1,3,20,12,3,1,0.0,0,0,0,0,0.07803990602478,0.1117196729133585,0.0792345706297513,V8,0,2025-07,switch_neutro,0,0,0,0,0.0336797668885785,0.1117196729133585,0.0336797668885785,1,0,,,,,,
2025-07-28,Nocturno,0.0,0.0575712877540066,0.0327841736658255,0.0,0.0052288541247377,0.0109375165828743,0.0,0.0087124374916142,0.0357047732290836,6,0.0,0.8,0.3333333333333333,6,1,4,6,3,3,2,0.0,0,0,0,0,0.0,0.0478210713489117,0.0476933532370674,V8,0,2025-07,switch_neutro,0,0,0,0,0.0478210713489117,0.0478210713489117,0.0478210713489117,1,0,,,,,,
2025-07-29,Previa,0.0,0.0072928622717576,0.0090308867491522,0.0,0.0114378125419288,0.0097427724348584,0.0,0.0022875625083857,0.0019485544869717,8,1.0,1.0,0.0,8,0,1,0,8,1,1,1.0,0,0,0,0,0.0296740366256962,0.0,0.0,V7,0,2025-07,sin_switch,0,0,0,0,0.0,0.0296740366256962,0.0296740366256962,0,0,,,,,,
2025-07-29,Primera,0.0,0.0204330249506403,0.065510888799892,0.0021428571428571,0.0071428571428571,0.0037059285840098,0.0,0.1136907024642854,0.0520093902843945,14,1.0,1.0,0.1428571428571428,14,0,2,8,8,2,1,1.0,0,0,0,0,0.0237053227327929,0.0230485173336386,0.0,V7,0,2025-07,sin_switch,0,0,0,0,0.0,0.0237053227327929,0.0237053227327929,0,0,,,,,,
2025-07-29,Matutino,0.0439444915467248,0.3060934893577505,0.197213236708735,0.0,0.0313345629383075,0.0209813756926974,0.0,0.0626470588235292,0.0475459899611831,11,0.9090909090909092,1.0,0.0909090909090909,17,0,3,9,6,3,1,0.6470588235294118,0,0,0,0,0.0236152124911575,0.0,0.0,V7,0,2025-07,sin_switch,0,0,0,0,0.0,0.0236152124911575,0.0236152124911575,0,0,,,,,,
2025-07-29,Vespertino,0.0,0.4005080315229694,0.1636359798382274,0.0,0.0480859969818805,0.0237420701255873,0.0,0.033030303030303,0.0356267585859549,6,0.8333333333333334,1.0,0.1666666666666666,11,0,4,7,3,4,1,0.6363636363636364,0,0,0,0,0.0246534817713353,0.0224010708441104,0.0477005013749446,V7,0,2025-07,sin_switch,0,0,0,0,0.023047019603609303,0.0477005013749446,0.0252994305308342,0,0,,,,,,
2025-07-29,Nocturno,0.0,0.0148085722582775,0.0139612436366044,0.0,0.0180859969818806,0.0142940668611535,0.0,0.025,0.0152264481157695,6,0.8333333333333334,0.8,0.1666666666666666,8,1,4,8,5,5,2,0.125,0,0,0,0,0.049520564746334,0.0550291727849621,0.0464041121732288,V7,0,2025-07,sin_switch,0,0,0,0,0.005508608038628106,0.0550291727849621,0.008625060611733307,0,0,,,,,,
2025-07-30,Previa,0.0,0.0,0.0025716786709657,0.0,0.0,0.0092994704143585,0.0,0.0,0.0278598940828717,4,1.0,1.0,0.0,4,0,1,0,4,1,1,1.0,0,0,0,0,0.0,0.0,0.0,V7,0,2025-07,sin_switch,0,0,0,0,0.0,0.0,0.0,0,0,,,,,,
2025-07-30,Primera,0.0,0.1064648779922938,0.0521569253217572,0.0,0.0012499999999999,0.0024410211762175,0.0,0.0549999999999999,0.0269443871706149,8,1.0,1.0,0.125,13,0,2,11,11,2,1,1.0,0,0,0,0,0.0218175280775182,0.0772484567429825,0.0218175280775182,V8,0,2025-07,switch_neutro,0,0,0,0,0.0554309286654643,0.0772484567429825,0.0554309286654643,1,0,,,,,,
2025-07-30,Matutino,0.0,0.0,0.1294584273678221,0.0,0.0012499999999999,0.0024410211762175,0.0,0.1558333333333333,0.0832623030615363,8,1.0,0.6666666666666666,0.125,10,0,3,9,3,3,1,0.5,0,0,0,0,0.0249635432819697,0.0,0.0,V7,0,2025-07,sin_switch,0,0,0,0,0.0,0.0249635432819697,0.0249635432819697,0,0,,,,,,
2025-07-30,Vespertino,0.0,0.0204330249506403,0.0265980852145067,0.0,0.0283764099801545,0.0323776988675241,0.0,0.0445244883452373,0.0392950848945925,9,0.8888888888888888,1.0,0.1111111111111111,9,0,4,7,1,4,2,0.8888888888888888,0,0,0,0,0.0280202665581443,0.0501468280954418,0.049856066093892,V7,0,2025-07,sin_switch,0,0,0,0,0.022126561537297498,0.0501468280954418,0.022126561537297498,0,0,,,,,,
2025-07-30,Nocturno,0.0,0.161350841422009,0.0743454286852604,0.0,0.0592155903197065,0.0284273500282034,0.0,0.0052747252747252,0.0238819746834662,9,0.8888888888888888,0.8,0.1111111111111111,13,0,5,9,5,4,2,0.6153846153846154,0,0,0,0,0.0251198729469982,0.0208466836127919,0.0480391039293258,V7,0,2025-07,sin_switch,0,0,0,0,0.022919230982327597,0.0480391039293258,0.027192420316533898,0,0,,,,,,
2025-07-31,Previa,0.0,0.011507282898072,0.0046029131592288,0.0070156997794982,0.0153135114221747,0.0088157314630313,0.0014031399558996,0.0030627022844349,0.0174610200450817,6,1.0,1.0,0.0,6,0,1,0,6,1,1,1.0,0,0,0,0,0.043267989910245,0.0,0.0,V7,0,2025-07,sin_switch,0,0,0,0,0.0,0.043267989910245,0.043267989910245,0,0,,,,,,
2025-07-31,Primera,0.0,0.011507282898072,0.0046029131592288,0.0,0.0114378125419289,0.0067515672819485,0.0,0.0880627022844349,0.0455685747584531,2,1.0,1.0,1.0,6,0,2,3,3,2,1,1.0,0,0,0,0,0.0203577789322744,0.0,0.0253727563606547,V7,0,2025-07,sin_switch,0,0,0,0,0.0050149774283803,0.0253727563606547,0.0253727563606547,0,0,,,,,,
2025-07-31,Matutino,0.0,0.1119146220789115,0.0639804376657956,0.0,0.0114378125419289,0.0067515672819485,0.0,0.055,0.0307303736567525,2,1.0,0.6666666666666666,1.0,8,1,2,8,5,3,1,0.125,0,0,0,0,0.0498526867766824,0.025320531750422,0.0278412330504314,V7,0,2025-07,sin_switch,0,0,0,0,0.0,0.0498526867766824,0.0245321550262604,0,0,,,,,,
2025-07-31,Vespertino,0.0134588894648484,0.5583861926964779,0.279705629389662,0.0,0.0329843002205016,0.0146177104382239,0.0,0.0322875625083857,0.0384130773954044,5,0.8,1.0,0.0,8,1,3,8,7,4,2,0.125,0,0,0,0,0.0228199290791859,0.0,0.0227942308334901,V7,0,2025-07,sin_switch,0,0,0,0,0.0,0.0228199290791859,0.0228199290791859,0,0,,,,,,
2025-07-31,Nocturno,0.0134588894648484,0.672007264893705,0.3278626287021899,0.0084535123214271,0.0114378125419288,0.0054311170290344,0.0,0.0149999999999999,0.01529102680619,2,1.0,0.4,1.0,8,1,4,8,7,4,2,0.125,0,0,0,0,0.0245826897724628,0.0576832501084347,0.022285444466718,V8,0,2025-07,switch_neutro,0,0,0,0,0.0331005603359719,0.0576832501084347,0.0353978056417167,1,0,,,,,,
2025-08-01,Previa,0.0,0.0,8.881784197001252e-16,0.0,0.0,0.0113894786966434,0.0,0.0,0.03412126239551,4,1.0,1.0,0.0,4,0,1,0,4,1,1,1.0,0,0,0,0,0.0,0.0,0.0,V7,0,2025-08,sin_switch,0,0,0,0,0.0,0.0,0.0,0,0,,,,,,
2025-08-01,Primera,0.0,0.0162186043243259,0.095036137341828,0.0,0.0184535123214272,0.0074065038902165,0.0,0.03,0.0155684781992865,2,1.0,1.0,1.0,4,0,2,3,3,2,1,0.75,0,0,0,0,0.0447106045451654,0.0456012025417625,0.0490999556207529,V7,0,2025-08,sin_switch,0,0,0,0,0.004389351075587501,0.0490999556207529,0.004389351075587501,0,0,,,,,,
2025-08-01,Matutino,0.0,0.0162186043243259,0.2089922289381777,0.0184535123214272,0.0184535123214272,0.007051561273109,0.0,0.0288181818181817,0.0361081349749036,2,1.0,0.6666666666666666,1.0,11,0,3,10,8,3,1,0.1818181818181818,0,0,0,0,0.0251060929270979,0.0221635537216583,0.04585183789482,V7,0,2025-08,sin_switch,0,0,0,0,0.020745744967722104,0.04585183789482,0.0236882841731617,0,0,,,,,,
2025-08-01,Vespertino,0.0,0.0074871848987827,0.0054623138252088,0.0142513239641036,0.0184535123214271,0.008943688915114,0.0,0.1387272727272727,0.0651852409494384,2,1.0,0.5,1.0,11,0,4,10,5,4,1,0.2727272727272727,0,0,0,0,0.0,0.0,0.0330144535165365,V9,0,2025-08,switch_neutro,0,0,0,0,0.0330144535165365,0.0330144535165365,0.0330144535165365,0,1,,,,,,
2025-08-01,Nocturno,0.0,0.0639495886821412,0.0447845518819979,0.0184535123214271,0.0249999999999999,0.012512271838036,0.0,0.1203559734558992,0.0488557837227908,2,1.0,0.4,1.0,6,0,5,5,4,4,2,0.3333333333333333,0,0,0,0,0.0,0.0,0.0581085404672249,V9,0,2025-08,switch_neutro,0,0,0,0,0.0581085404672249,0.0581085404672249,0.0581085404672249,0,1,,,,,,
2025-08-02,Previa,0.0,0.0171352144121961,0.0124063527344683,0.0,0.0,0.007502057830922,0.0,0.0,0.0015004115661844,6,1.0,1.0,0.0,6,0,1,0,6,1,1,1.0,0,0,0,0,0.0555549838551841,0.0,0.0,V7,0,2025-08,sin_switch,0,0,0,0,0.0,0.0555549838551841,0.0555549838551841,0,0,,,,,,
2025-08-02,Primera,0.0,0.0047113214262557,0.0031826466548575,0.0,0.0062499999999999,0.0027209316161962,0.0,0.0274999999999999,0.0206959107026516,8,1.0,1.0,0.125,16,0,2,10,10,2,1,1.0,0,0,0,0,0.0221557979280539,0.0775240228796396,0.0221557979280539,V8,0,2025-08,switch_neutro,0,0,0,0,0.05536822495158569,0.0775240228796396,0.05536822495158569,1,0,,,,,,
2025-08-02,Matutino,0.0162186043243259,0.0178510263116749,0.0423683418820704,0.0,0.0062499999999999,0.0027209316161962,0.0,0.0395311401357501,0.0196590176218199,8,1.0,0.6666666666666666,0.125,4,0,3,3,1,3,1,0.75,0,0,0,0,0.0437652490769596,0.0533948357960192,0.0738444922924592,V9,0,2025-08,switch_neutro,0,0,0,0,0.030079243215499596,0.0738444922924592,0.030079243215499596,0,1,,,,,,
2025-08-02,Vespertino,0.0,0.0162186043243259,0.0064874417297303,0.0,0.0749999999999999,0.0306744236440107,0.0,0.0503578216785707,0.0284866238400492,8,0.875,1.0,0.0,8,0,4,7,3,4,2,0.625,0,0,1,0,0.0219244662202023,0.0208304848015683,0.0485652469452863,V7,0,2025-08,sin_switch,0,0,0,0,0.026640780725084,0.0485652469452863,0.027734762143718,0,0,,,,,,
2025-08-02,Nocturno,0.0,0.0,0.0041120975471511,0.0,0.0460211458752621,0.0197815398264216,0.0,0.024,0.0099604984596402,8,0.875,0.8,0.0,8,1,4,8,5,4,2,0.0,0,0,0,0,0.0449126069631638,0.0472964534696251,0.0,V7,0,2025-08,sin_switch,0,0,0,0,0.0023838465064612985,0.0472964534696251,0.0472964534696251,0,0,,,,,,
2025-08-04,Primera,0.0,0.0,0.0980449395696601,0.0053605369642814,0.0184535123214271,0.0140497267235547,0.0285721073928564,0.0861907024642856,0.0666906939980291,8,0.0,0.5,0.0,8,1,1,8,8,1,1,0.0,0,1,0,0,0.038953578354605,0.0,0.0,V7,1,2025-08,sin_switch,0,1,1,0,0.0,0.038953578354605,0.038953578354605,0,0,,,,,,
2025-08-04,Matutino,0.0,0.2340087019766894,0.10318794890402,0.0,0.005,0.0023427114730186,0.0,0.0,0.0318860034142511,10,0.0,0.6666666666666666,0.1,20,1,2,20,18,2,1,0.0,0,0,0,0,0.0929437681317256,0.1586874956872324,0.0729578095362083,V8,0,2025-08,switch_neutro,0,0,0,0,0.0657437275555068,0.1586874956872324,0.0857296861510241,1,0,,,,,,
2025-08-04,Vespertino,0.0,0.1992395312916839,0.1553708381396168,0.0,0.0184535123214271,0.0089289503649621,0.0,0.03,0.0286915279055704,8,0.0,0.75,0.0,8,2,2,8,6,3,1,0.0,0,0,0,0,0.024891103130837,0.0228245246318283,0.0228245246318283,V7,0,2025-08,sin_switch,0,0,0,0,0.0,0.024891103130837,0.0020665784990086984,0,0,,,,,,
2025-08-04,Nocturno,0.0,0.5793384586982535,0.232163705521764,0.0,0.0125,0.0075643610388853,0.0,0.0568092975357145,0.0367273018503672,4,0.0,0.8,0.25,5,1,4,5,4,3,2,0.0,0,0,0,0,0.0,0.0,0.025253198230621,V7,0,2025-08,sin_switch,0,0,0,0,0.025253198230621,0.025253198230621,0.025253198230621,0,0,,,,,,
2025-08-05,Previa,0.0,0.0,0.0062995923257578,0.0,0.0153135114221747,0.0098826161939941,0.0,0.0030627022844349,0.0144898776186817,6,1.0,1.0,0.0,6,0,1,0,6,1,1,1.0,0,1,0,0,0.022811787494256,0.0,0.0,V7,1,2025-08,sin_switch,1,1,1,1,0.0,0.022811787494256,0.022811787494256,0,0,,,,,,
2025-08-05,Primera,0.0232618877869335,0.0998179367619975,0.0393559386939943,0.0074999999999999,0.0079545454545454,0.0101557407072578,0.0378571428571428,0.0653571428571428,0.0387974704386708,8,1.0,1.0,0.25,14,0,2,12,12,2,1,0.8571428571428571,0,0,0,0,0.0697981777177199,0.0962954599522841,0.0480942501541388,V7,0,2025-08,sin_switch,0,0,0,0,0.0264972822345642,0.0962954599522841,0.0482012097981453,0,0,,,,,,
2025-08-05,Matutino,0.0,0.1275438239843955,0.0641782844389895,0.0074999999999999,0.0079545454545454,0.0101557407072578,0.0924999999999999,0.1275006788214278,0.0633917920803158,8,1.0,0.6666666666666666,0.25,18,0,3,16,4,3,1,0.6666666666666666,0,0,0,0,0.0456926014745062,0.0276628104128224,0.0276628104128224,V7,0,2025-08,sin_switch,0,0,0,0,0.0,0.0456926014745062,0.018029791061683797,0,0,,,,,,
2025-08-05,Vespertino,0.0,0.011507282898072,0.0858144488237202,0.0074999999999999,0.0079545454545454,0.0101557407072578,0.0,0.1252136068928578,0.0626794358984074,8,1.0,0.5,0.25,7,0,4,6,5,4,2,0.2857142857142857,0,0,0,1,0.0,0.0,0.0,V7,0,2025-08,sin_switch,0,0,0,0,0.0,0.0,0.0,0,0,,,,,,
2025-08-05,Nocturno,0.0,0.0162186043243259,0.1091799492812334,0.0074999999999999,0.0079545454545454,0.0089774922560655,0.0,0.0616666666666666,0.0400863334966786,8,1.0,0.4,0.25,9,0,5,7,1,5,2,0.5555555555555556,0,0,0,1,0.0,0.0665942281919073,0.023839423796158,V8,0,2025-08,switch_neutro,0,0,0,0,0.0665942281919073,0.0665942281919073,0.0665942281919073,1,0,,,,,,
2025-08-06,Previa,0.0,0.0,8.881784197001252e-16,0.0,0.0101557006787506,0.0073869986255844,0.0,0.03453114013575,0.0220256502206202,4,1.0,1.0,0.0,4,0,1,0,4,1,1,1.0,0,0,0,0,0.0,0.0,0.0,V7,0,2025-08,sin_switch,0,0,0,0,0.0,0.0,0.0,0,0,,,,,,
2025-08-06,Primera,0.0162186043243259,0.088462961045832,0.1039455614500426,0.0,0.0059890340120838,0.0023224334166208,0.0,0.0599999999999999,0.0300663934961719,4,1.0,1.0,0.25,4,0,2,3,3,2,1,1.0,0,0,0,0,0.0258681421317166,0.0219249270127424,0.0,V7,0,2025-08,sin_switch,0,0,0,0,0.0,0.0258681421317166,0.0258681421317166,0,0,,,,,,
2025-08-06,Matutino,0.0,0.0115072828980711,0.0046468973116801,0.0,0.0059890340120838,0.0023224334166208,0.0,0.0125,0.0083937718618068,4,1.0,0.6666666666666666,0.25,6,1,2,6,4,3,1,0.3333333333333333,0,0,0,0,0.0220352783435197,0.0215941361374113,0.0450976504237439,V7,0,2025-08,sin_switch,0,0,0,0,0.023062372080224196,0.0450976504237439,0.023503514286332596,0,0,,,,,,
2025-08-06,Vespertino,0.0,0.0204330249506403,0.0083173242720919,0.0,0.0059890340120838,0.0023224334166208,0.0,0.0972875625083858,0.0394054497333844,4,1.0,0.5,0.25,8,0,4,6,6,3,2,0.25,0,0,0,0,0.0217309024595076,0.0,0.0468870601712698,V7,0,2025-08,sin_switch,0,0,0,0,0.0251561577117622,0.0468870601712698,0.0468870601712698,0,0,,,,,,
2025-08-06,Nocturno,0.0162186043243259,0.1331378362787321,0.063356881023512,0.0,0.0059890340120838,0.0034123434663167,0.0,0.0746208958417191,0.0428396788221743,4,1.0,0.4,0.25,9,1,4,9,4,5,2,0.1111111111111111,0,0,0,0,0.0,0.0530775174195778,0.0583690231326743,V9,0,2025-08,switch_neutro,0,0,0,0,0.0583690231326743,0.0583690231326743,0.0583690231326743,0,1,,,,,,
2025-08-07,Previa,0.0,0.011507282898072,0.005107166029571,0.0153135114221747,0.0254692121009253,0.0080334974994188,0.0030627022844349,0.037593842420185,0.0163111722917175,6,1.0,1.0,0.0,6,0,1,0,6,1,1,1.0,0,0,0,0,0.0751780052971086,0.0,0.0,V7,0,2025-08,sin_switch,0,0,0,0,0.0,0.0751780052971086,0.0751780052971086,0,0,,,,,,
2025-08-07,Primera,0.0,0.3971960734757038,0.169720717358299,0.0083333333333333,0.0083333333333333,0.0083643181583928,0.0228571428571427,0.0378571428571428,0.0269886801611623,12,1.0,1.0,0.1666666666666666,14,0,2,12,12,2,1,0.8571428571428571,0,0,0,0,0.0466771356696126,0.0995408307575141,0.0488570394900217,V8,0,2025-08,switch_neutro,0,0,0,0,0.0528636950879015,0.0995408307575141,0.0528636950879015,1,0,,,,,,
2025-08-07,Matutino,0.0,0.064313236956992,0.054685453912184,0.0083333333333333,0.0083333333333333,0.0083643181583928,0.0218181818181817,0.0618831168831168,0.0721461887781736,12,1.0,0.6666666666666666,0.1666666666666666,22,0,3,20,8,3,1,0.5454545454545454,0,0,0,0,0.0224446056938494,0.0227709759887788,0.0,V7,0,2025-08,sin_switch,0,0,0,0,0.0003263702949293998,0.0227709759887788,0.0227709759887788,0,0,,,,,,
2025-08-07,Vespertino,0.0,0.0735716290986392,0.0334677837674817,0.0,0.0184535123214271,0.0172257061149728,0.0,0.1736907024642854,0.0717884055067272,10,0.8,1.0,0.0,10,0,4,7,2,4,2,0.8,0,0,0,0,0.0233590026095362,0.0327124428662329,0.0327124428662329,V7,0,2025-08,sin_switch,1,0,0,1,0.0093534402566967,0.0327124428662329,0.0093534402566967,0,0,,,,,,
2025-08-07,Nocturno,0.0,0.0527734629054901,0.0279889754756199,0.0,0.0084535123214271,0.0073961168388668,0.0,0.0267875625083857,0.0157612265179043,10,0.8,0.8,0.0,10,0,5,7,0,4,0,0.8,1,0,0,0,0.0243913327928842,0.0488885071538371,0.0733556115174122,V9,0,2025-08,switch_neutro,0,0,0,0,0.04896427872452799,0.0733556115174122,0.04896427872452799,0,1,,,,,,
2025-08-08,Previa,0.0,0.0171352144121961,0.011898894644982,0.0,0.0070156997794982,0.00670925593647,0.0,0.0014031399558996,0.001341851187294,6,1.0,1.0,0.0,6,0,1,0,6,1,1,1.0,0,0,0,0,0.0413362150287623,0.0,0.0,V7,0,2025-08,sin_switch,0,0,0,0,0.0,0.0413362150287623,0.0413362150287623,0,0,,,,,,
2025-08-08,Primera,0.0,0.0204330249506403,0.0081732099802561,0.0,0.0031044792085956,0.0042419850371295,0.0,0.0012154551155294,0.0283827271724245,2,1.0,1.0,1.0,7,0,2,4,4,2,1,1.0,0,0,0,0,0.0405142952718008,0.0403036748095088,0.044109902123099,V7,0,2025-08,sin_switch,0,0,0,0,0.0035956068512982,0.044109902123099,0.0038062273135902047,0,0,,,,,,
2025-08-08,Matutino,0.0,0.0089257420525683,0.0078077525535329,0.0,0.023210891607147,0.011748023342241,0.0,0.0171353002571071,0.0252788544341712,7,0.8571428571428571,1.0,0.1428571428571428,7,0,3,3,1,3,1,0.8571428571428571,0,0,0,0,0.0437883561119712,0.0533583266394509,0.0889860278552212,V9,0,2025-08,switch_neutro,0,0,0,0,0.04519767174325,0.0889860278552212,0.04519767174325,0,1,,,,,,
2025-08-08,Vespertino,0.0,0.0089257420525683,0.0200611074117584,0.0,0.0153490331128315,0.0141240381011354,0.0450006788214278,0.0522875625083858,0.0267493221868095,6,0.8333333333333334,1.0,0.0,8,0,4,6,2,4,2,0.75,0,0,0,0,0.0253881460739797,0.0753220391545607,0.0712931063546343,V8,0,2025-08,switch_neutro,0,0,0,0,0.04993389308058101,0.0753220391545607,0.04993389308058101,1,0,,,,,,
2025-08-08,Nocturno,0.0129204445671478,0.1361330741076649,0.0668272865869815,0.0,0.0419933680974844,0.0204738628698216,0.0,0.0644040830833341,0.0286793552849239,9,0.8888888888888888,0.8,0.0,7,0,5,6,4,4,1,0.1428571428571428,0,0,0,0,0.0224979755356235,0.0,0.0453933921074377,V7,0,2025-08,sin_switch,0,0,0,0,0.022895416571814202,0.0453933921074377,0.0453933921074377,0,0,,,,,,
2025-08-09,Previa,0.0,0.0,8.881784197001252e-16,0.0,0.0082978116426765,0.0082610225436217,0.0,0.0016595623285352,0.0174692591163196,5,1.0,1.0,0.0,5,0,1,0,5,1,1,1.0,0,0,0,0,0.0207540535786754,0.0,0.0,V7,0,2025-08,sin_switch,0,0,0,0,0.0,0.0207540535786754,0.0207540535786754,0,0,,,,,,
2025-08-09,Primera,0.0162186043243259,0.3010917310010654,0.201103799735831,0.0,0.0093544792085955,0.0070175316570141,0.0,0.0897875625083857,0.0543447916867211,8,1.0,1.0,0.125,8,0,2,5,5,2,1,1.0,0,0,0,0,0.0522877300480215,0.0227806882840979,0.0,V7,0,2025-08,sin_switch,0,0,0,0,0.0,0.0522877300480215,0.0522877300480215,0,0,,,,,,
2025-08-09,Matutino,0.0,0.0162186043243259,0.0064874417297303,0.0,0.0093544792085955,0.0070175316570141,0.0,0.0440480715952374,0.0172632229891649,8,1.0,0.6666666666666666,0.125,8,1,2,8,5,3,1,0.125,0,0,0,0,0.0220146401116123,0.0625335365228501,0.0204152258801073,V8,0,2025-08,switch_neutro,0,0,0,0,0.04051889641123779,0.0625335365228501,0.042118310642742796,1,0,,,,,,
2025-08-09,Vespertino,0.0047113214262557,0.0235114665960844,0.0681899990073257,0.0,0.0176878125419288,0.0070268506520421,0.0,0.1058333333333333,0.0646514181053057,8,1.0,0.5,0.125,8,0,4,7,6,4,2,0.25,0,0,0,0,0.0,0.0,0.0210795426642974,V7,0,2025-08,sin_switch,0,0,0,0,0.0210795426642974,0.0210795426642974,0.0210795426642974,0,0,,,,,,
2025-08-09,Nocturno,0.0,0.0952701994119191,0.0690838505995354,0.0,0.0176878125419288,0.0070268506520421,0.0147326203208556,0.0259090909090908,0.0309295115922824,8,1.0,0.4,0.125,22,0,5,20,20,3,2,0.0909090909090909,0,0,0,0,0.1233071916834421,0.1029447142374679,0.047031231019751,V7,0,2025-08,sin_switch,0,0,0,0,0.0,0.1233071916834421,0.0762759606636911,0,0,,,,,,
2025-08-11,Primera,0.0061660271930907,0.0061660271930907,0.0102042276703919,0.0053605369642814,0.0114378125419288,0.0066151129955128,0.0285721073928564,0.0572875625083859,0.0300319655796289,8,0.0,0.5,0.0,8,1,1,8,8,1,1,0.0,0,0,0,0,0.0,0.0213284315225196,0.0,V7,0,2025-08,sin_switch,0,0,0,0,0.0213284315225196,0.0213284315225196,0.0213284315225196,0,0,,,,,,
2025-08-11,Matutino,0.0,0.2104972353806049,0.1825481388074089,0.0,0.0071428571428571,0.0029785311535531,0.0,0.0,0.0,14,0.0,0.6666666666666666,0.1428571428571428,14,1,2,14,10,2,1,0.0,0,0,0,0,0.1464217594136438,0.1258503403822874,0.0671597746108983,V7,0,2025-08,sin_switch,0,0,0,0,0.0,0.1464217594136438,0.0792619848027455,0,0,,,,,,
2025-08-11,Vespertino,0.0,0.0113811177708944,0.0703452299656828,0.0083333333333333,0.0125,0.0061570348540952,0.0,0.0285721073928563,0.0136412214514014,8,0.0,0.75,0.25,10,2,2,10,6,3,1,0.0,0,0,0,0,0.0503269764575064,0.0713883991801434,0.0243504140091711,V7,0,2025-08,sin_switch,0,0,0,0,0.021061422722637002,0.0713883991801434,0.04703798517097231,0,0,,,,,,
2025-08-11,Nocturno,0.0,0.1853345903037455,0.1334125939289081,0.0,0.005,0.0048679533581513,0.0,0.0610721073928564,0.046827934549918,10,0.0,0.8,0.1,10,1,4,10,2,4,2,0.0,0,0,0,0,0.0,0.0203703571751266,0.0509094002275369,V9,0,2025-08,switch_neutro,0,0,0,0,0.0509094002275369,0.0509094002275369,0.0509094002275369,0,1,,,,,,
2025-08-12,Previa,0.0,0.0,0.1036823338548865,0.0,0.0,0.0,0.0,0.0,0.0,2,1.0,1.0,0.0,2,0,1,0,2,1,1,1.0,0,0,0,0,0.0,0.0311576729333868,0.0311576729333868,V8,0,2025-08,switch_neutro,0,0,0,0,0.0311576729333868,0.0311576729333868,0.0311576729333868,1,0,,,,,,
2025-08-12,Primera,0.2016093567225212,0.2559472453591622,0.0784841609613628,0.0,0.0042021883573234,0.0041847860195378,0.0,0.0616595623285352,0.025086503570554,4,1.0,1.0,0.25,5,0,2,3,3,2,1,1.0,0,0,0,0,0.0266165204962021,0.0238320672995106,0.0,V7,0,2025-08,sin_switch,0,0,0,0,0.0,0.0266165204962021,0.0266165204962021,0,0,,,,,,
2025-08-12,Matutino,0.1779004573915079,0.1941190617158339,0.1328420568233585,0.0,0.0042021883573234,0.0041847860195378,0.0,0.0824301933774336,0.0498428305674815,4,1.0,0.6666666666666666,0.25,5,0,3,4,3,3,1,0.4,0,0,0,0,0.0,0.0244464083231083,0.0,V7,0,2025-08,sin_switch,0,0,0,0,0.0244464083231083,0.0244464083231083,0.0244464083231083,0,0,,,,,,
2025-08-12,Vespertino,0.0,0.0050460603474213,0.0052496832989314,0.0,0.0167021883573234,0.0077233177886863,0.0,0.0249031399558996,0.0289108836236854,4,0.75,1.0,0.25,6,0,4,5,1,4,1,0.3333333333333333,0,0,0,0,0.0,0.0504141621856624,0.0636174796532442,V9,0,2025-08,switch_neutro,0,0,0,0,0.0636174796532442,0.0636174796532442,0.0636174796532442,0,1,,,,,,
2025-08-12,Nocturno,0.0,0.0089257420525683,0.0527112644005562,0.0,0.0042021883573234,0.0041847860195377,0.0,0.0595627022844349,0.0295971818920692,4,1.0,0.4,0.25,6,0,5,5,1,5,2,0.3333333333333333,0,0,0,0,0.0,0.0448863518568457,0.0494796260147096,V9,0,2025-08,switch_neutro,0,0,0,0,0.0494796260147096,0.0494796260147096,0.0494796260147096,0,1,,,,,,
2025-08-13,Previa,0.0,0.0,0.0,0.0,0.0114378125419288,0.0067065240416384,0.0,0.0022875625083857,0.0013413048083277,8,1.0,1.0,0.0,8,0,1,0,8,1,1,1.0,0,0,0,0,0.0312910583576058,0.0,0.0,V7,0,2025-08,sin_switch,0,0,0,0,0.0,0.0312910583576058,0.0312910583576058,0,0,,,,,,
2025-08-13,Primera,0.0,0.1119146220789115,0.0648351561040577,1.1102230246251563e-16,0.0031044792085956,0.0055432241139196,0.0,0.0,0.0228095684463643,2,1.0,1.0,1.0,6,0,2,3,3,2,1,1.0,0,0,0,0,0.0423891384350358,0.0431713739864575,0.0459241829095698,V7,0,2025-08,sin_switch,0,0,0,0,0.0035350444745340034,0.0459241829095698,0.0035350444745340034,0,0,,,,,,
2025-08-13,Matutino,0.0,0.2520298739114404,0.1308482095149755,1.1102230246251563e-16,0.0031044792085956,0.0055432241139196,0.0,0.0708583122583865,0.0313806002373635,2,1.0,0.6666666666666666,1.0,7,1,2,7,6,3,1,0.1428571428571428,0,0,0,0,0.0246474149992849,0.04746960005051,0.0271741396690142,V7,0,2025-08,sin_switch,0,0,0,0,0.0228221850512251,0.04746960005051,0.0228221850512251,0,0,,,,,,
2025-08-13,Vespertino,0.281588676150271,0.281588676150271,0.1369040551877048,0.0,0.0031044792085955,0.0055432241139195,0.0,0.0833583122583865,0.0376725793583187,8,1.0,0.5,0.0,7,1,3,7,6,4,2,0.1428571428571428,0,0,0,0,0.0234299138685053,0.0474808143487731,0.05003645412983,V7,0,2025-08,sin_switch,0,0,0,0,0.026606540261324703,0.05003645412983,0.026606540261324703,0,0,,,,,,
2025-08-13,Nocturno,0.7220096310570865,0.7575154984721211,0.2261656738026463,0.0,0.0083333333333333,0.0060818502577939,0.0,0.0822875625083857,0.0610506852643521,6,1.0,0.4,0.1666666666666666,12,0,5,6,4,4,2,0.6666666666666666,0,0,0,0,0.0419272107690263,0.030626819625915,0.0248770667878916,V7,0,2025-08,sin_switch,0,0,0,0,0.0,0.0419272107690263,0.0170501439811347,0,0,,,,,,
2025-08-14,Previa,0.0,0.0062578657928513,0.0075298157156263,0.0,0.0101557006787506,0.0040622802715002,0.0,0.03453114013575,0.0138124560543,4,1.0,1.0,0.0,4,0,1,0,4,1,1,1.0,0,0,0,0,0.0,0.0,0.0,V7,0,2025-08,sin_switch,0,0,0,0,0.0,0.0,0.0,0,0,,,,,,
2025-08-14,Primera,0.0,0.0162186043243268,0.0373803374198802,0.0,0.0081044792085955,0.0074994293551664,0.0,0.0408333333333332,0.048319009430034,10,1.0,1.0,0.1,8,0,2,7,7,2,1,1.0,0,0,0,0,0.0424323652205329,0.0462474111633693,0.0197567985139324,V7,0,2025-08,sin_switch,0,0,0,0,0.0038150459428364022,0.0462474111633693,0.0264906126494369,0,0,,,,,,
2025-08-14,Matutino,0.0,0.1816360934419263,0.0722258489924715,0.0,0.0002288541247377,0.003429261393504,0.0,0.0274999999999999,0.0170623356453759,6,0.8333333333333334,1.0,0.1666666666666666,6,0,3,3,1,3,1,0.8333333333333334,0,1,0,0,0.0265668400908377,0.0483243268990066,0.0557158926353337,V7,1,2025-08,sin_switch,0,1,1,0,0.029149052544496,0.0557158926353337,0.029149052544496,0,0,,,,,,
2025-08-14,Vespertino,0.0,0.0,0.0394460348715259,0.0,0.0081044792085955,0.0074994293551664,0.0,0.0044999999999999,0.0022045407685048,10,1.0,0.5,0.1,8,0,4,7,0,2,0,1.0,1,0,0,0,0.0244510044128747,0.0244588121656808,0.0734170849487324,V9,0,2025-08,switch_neutro,0,0,0,0,0.0489660805358577,0.0734170849487324,0.0489660805358577,0,1,,,,,,
2025-08-14,Nocturno,0.0,0.0313306252067508,0.0245161191070252,0.0,0.0196394630357185,0.0102147927393684,0.0,0.1007875625083858,0.0459779554892061,7,0.7142857142857143,1.0,0.1428571428571428,10,0,5,7,1,4,2,0.8,0,0,0,0,0.0252760832155214,0.0803066218302971,0.0584034085144756,V8,0,2025-08,switch_neutro,0,0,0,0,0.055030538614775706,0.0803066218302971,0.055030538614775706,1,0,,,,,,
2025-08-15,Previa,0.0,0.0,8.881784197001252e-16,0.0,0.0232486760358963,0.0106538817742,0.0,0.0696497352071793,0.031917518372053,4,1.0,1.0,0.0,4,0,1,0,4,1,1,1.0,0,0,0,0,0.0,0.0,0.0,V7,0,2025-08,sin_switch,0,0,0,0,0.0,0.0,0.0,0,0,,,,,,
2025-08-15,Primera,0.1340157714077881,0.1340157714077881,0.0447646772147819,0.0,0.0,0.0069523750221357,0.0,0.0549999999999999,0.0710493301434222,14,1.0,1.0,0.0,14,0,2,10,10,2,1,1.0,0,0,0,0,0.0260090178595156,0.0222816180554166,0.0,V7,0,2025-08,sin_switch,0,0,0,0,0.0,0.0260090178595156,0.0260090178595156,0,0,,,,,,
2025-08-15,Matutino,0.0,0.1661587516047928,0.1774650878224677,0.0,0.0174603174603176,0.0207963174925903,0.0,0.1160721073928563,0.07278401394534,9,0.8888888888888888,1.0,0.0,14,0,3,10,2,3,1,0.8571428571428571,0,0,0,0,0.0237818374893196,0.0240414439985606,0.0240414439985606,V7,0,2025-08,sin_switch,0,0,0,0,0.00025960650924100256,0.0240414439985606,0.00025960650924100256,0,0,,,,,,
2025-08-15,Vespertino,0.0,0.796298602750011,0.312254964848413,0.0,0.0399999999999999,0.0208046493074588,0.0,0.0523333333333333,0.02960515642493,10,0.8,1.0,0.0,9,0,4,7,5,4,2,0.4444444444444444,0,0,0,0,0.0247180745898877,0.0,0.0,V7,0,2025-08,sin_switch,0,0,0,0,0.0,0.0247180745898877,0.0247180745898877,0,0,,,,,,
2025-08-15,Nocturno,0.0,0.0204330249506403,0.0097899485198241,0.0,0.0133333333333333,0.0113857478825088,0.0793333333333332,0.0943333333333333,0.0294238612542798,10,0.8,0.8,0.0,18,0,5,14,4,4,2,0.7777777777777778,0,0,0,0,0.0475141231960053,0.0245443938753421,0.0478532205473207,V7,0,2025-08,sin_switch,0,0,0,0,0.0003390973513153969,0.0478532205473207,0.0233088266719786,0,0,,,,,,
2025-08-16,Previa,0.0,0.0,8.881784197001252e-16,0.0,0.0,0.0046539267095689,0.0,0.0,0.0158241563505202,4,1.0,1.0,0.0,4,0,1,0,4,1,1,1.0,0,0,0,0,0.0169109219107391,0.0,0.0,V7,0,2025-08,sin_switch,0,0,0,0,0.0,0.0169109219107391,0.0169109219107391,0,0,,,,,,
2025-08-16,Primera,0.0,0.2614069865266417,0.1106565019489325,0.0,0.0205013239641036,0.0087730303426571,0.0,0.1253502647928206,0.0498833534395523,8,1.0,1.0,0.125,8,0,2,4,4,2,1,1.0,0,0,0,0,0.0519766420598197,0.0231816438277692,0.0231816438277692,V7,0,2025-08,sin_switch,0,0,0,0,0.0,0.0519766420598197,0.028794998232050503,0,0,,,,,,
2025-08-16,Matutino,0.0,0.0,0.0100100970061252,0.0,0.0205013239641036,0.0087730303426571,0.0,0.1223333333333333,0.055578219264589,8,1.0,0.6666666666666666,0.125,10,0,3,9,8,3,1,0.2,0,0,0,0,0.0,0.0,0.0,V7,0,2025-08,sin_switch,0,0,0,0,0.0,0.0,0.0,0,0,,,,,,
2025-08-16,Vespertino,0.0,0.169789973526977,0.0695690193941203,0.0,0.0205013239641036,0.0087730303426571,0.0,0.0307142857142856,0.012229155052655,8,1.0,0.5,0.125,7,0,4,6,3,4,1,0.1428571428571428,0,0,0,0,0.0,0.0231099454286949,0.0546610192780969,V9,0,2025-08,switch_neutro,0,0,0,0,0.0546610192780969,0.0546610192780969,0.0546610192780969,0,1,,,,,,
2025-08-16,Nocturno,0.0,0.0083937839692254,0.0520023319981906,0.0,0.0205013239641036,0.0101667644064713,0.0,0.021,0.0259310003733697,8,1.0,0.4,0.125,8,0,5,6,6,3,2,0.25,0,0,0,0,0.0467652180090371,0.0519101345903178,0.0489790125351769,V7,0,2025-08,sin_switch,0,0,0,0,0.0051449165812806966,0.0519101345903178,0.0051449165812806966,0,0,,,,,,
2025-08-18,Primera,0.0,0.0,0.0959001346223347,0.0,0.0101557006787506,0.0073869986255844,0.0,0.0620311401357501,0.0394179699492512,4,0.0,0.5,0.0,4,1,1,4,4,1,1,0.0,0,0,0,0,0.0,0.0164023130917291,0.0164023130917291,V7,0,2025-08,sin_switch,0,0,0,0,0.0164023130917291,0.0164023130917291,0.0164023130917291,0,0,,,,,,
2025-08-18,Matutino,0.0,0.0,0.0073543138583351,0.0,0.00625,0.002900085141364,0.0,0.0,0.0221333333333332,8,0.0,0.6666666666666666,0.125,12,1,2,12,11,2,1,0.0,0,0,0,0,0.0835138107973275,0.1234583753758192,0.044657218901901,V8,0,2025-08,switch_neutro,0,0,0,0,0.0399445645784917,0.1234583753758192,0.07880115647391821,1,0,,,,,,
2025-08-18,Vespertino,0.0,0.5403028111682886,0.269488281651022,0.0,0.0,0.0034369769296654,0.0,0.0324999999999999,0.0431306320499623,6,0.0,0.75,0.0,6,1,3,6,4,3,1,0.0,0,0,0,0,0.0,0.0,0.0231197359033501,V7,0,2025-08,sin_switch,0,0,0,0,0.0231197359033501,0.0231197359033501,0.0231197359033501,0,0,,,,,,
2025-08-18,Nocturno,0.0,0.305381649533091,0.2760243338274471,0.0,0.0129843002205017,0.0064913366476759,0.0,0.0127875625083858,0.0233734067057522,5,0.0,0.8,0.4,10,3,2,10,7,3,1,0.0,0,0,0,0,0.0460125141669809,0.0228212390334725,0.0228212390334725,V7,0,2025-08,sin_switch,0,0,0,0,0.0,0.0460125141669809,0.0231912751335084,0,0,,,,,,
2025-08-19,Previa,0.0,0.0052494171052206,0.0147770561238949,0.0,0.0114378125419288,0.0102585151117727,0.0,0.0022875625083857,0.0020517030223545,8,1.0,1.0,0.0,8,0,1,0,8,1,1,1.0,0,0,0,0,0.0292834937691037,0.0,0.0,V7,0,2025-08,sin_switch,0,0,0,0,0.0,0.0292834937691037,0.0292834937691037,0,0,,,,,,
2025-08-19,Primera,0.3605561129226107,0.3705840720614608,0.111486285870128,0.0052288541247377,0.0052288541247378,0.0051573760545464,0.0,0.0179999999999999,0.0071246052522227,6,1.0,1.0,0.3333333333333333,10,0,2,6,6,2,1,0.9,0,0,0,0,0.0448969868971858,0.067187863811963,0.0228651074072653,V7,0,2025-08,sin_switch,0,0,0,0,0.0222908769147772,0.067187863811963,0.0443227564046977,0,0,,,,,,
2025-08-19,Matutino,0.4699646872151435,0.4861832915394695,0.1449149947048521,0.0,0.0374999999999999,0.0166509721602218,0.0175,0.0324999999999999,0.0580507794282823,8,0.875,1.0,0.125,8,0,3,4,2,3,1,0.75,0,0,0,0,0.0494687454118642,0.0253672277851522,0.024501050924261,V7,0,2025-08,sin_switch,0,0,0,0,0.0,0.0494687454118642,0.024967694487603196,0,0,,,,,,
2025-08-19,Vespertino,0.0,0.011507282898072,0.0170685919216753,0.0,0.0124999999999999,0.0077206284019737,0.2398502647928208,0.2590000000000001,0.0781893401001823,8,0.875,0.75,0.125,10,0,4,8,2,4,2,0.6,0,0,0,0,0.0894872146797589,0.0238603164394902,0.0238603164394902,V7,0,2025-08,sin_switch,0,0,0,0,0.0,0.0894872146797589,0.0656268982402687,0,0,,,,,,
2025-08-19,Nocturno,0.0,0.0134588894648484,0.0131016724621056,0.0,0.0015464876785729,0.0056841817931928,0.0,0.0305454545454545,0.0430906073078952,5,0.8,0.8,0.2,10,0,5,8,5,4,2,0.5,0,0,0,0,0.0528469064725426,0.0235015768449629,0.0529467869932705,V7,0,2025-08,sin_switch,0,0,0,0,9.988052072790188e-05,0.0529467869932705,0.029445210148307602,0,0,,,,,,
2025-08-20,Previa,0.0,0.2053828119449532,0.0834516375797603,0.0,0.0,0.0052371901428582,0.0,0.0,0.0140474380285716,3,1.0,1.0,0.0,3,0,1,0,3,1,1,1.0,0,0,0,0,0.0,0.0230982248426952,0.0230982248426952,V7,0,2025-08,sin_switch,0,0,0,0,0.0230982248426952,0.0230982248426952,0.0230982248426952,0,0,,,,,,
2025-08-20,Primera,0.0,0.0969277913523631,0.0528707995390253,0.0053605369642814,0.0084535123214271,0.0043666953992904,0.0479999999999999,0.0835721073928563,0.036760959920166,12,1.0,1.0,0.0,12,0,2,10,10,2,1,1.0,0,0,0,0,0.0503720051433338,0.0616579065746005,0.0364280969558188,V7,0,2025-08,sin_switch,0,0,0,0,0.011285901431266697,0.0616579065746005,0.0252298096187817,0,0,,,,,,
2025-08-20,Matutino,0.0,0.3063312275811851,0.1494025738850274,0.0053605369642814,0.0084535123214271,0.0050297642771246,0.0,0.0820454545454546,0.0439322997361239,12,1.0,0.6666666666666666,0.0,12,0,3,10,4,3,1,0.4166666666666667,0,0,0,0,0.0227609870855332,0.0227609870855332,0.0,V7,0,2025-08,sin_switch,0,0,0,0,0.0,0.0227609870855332,0.0227609870855332,0,0,,,,,,
2025-08-20,Vespertino,0.0,0.0083937839692254,0.0066551736009101,1.1102230246251563e-16,0.0053605369642814,0.0044814483474562,0.0,0.0157692307692307,0.0402332489570153,12,1.0,0.5,0.0,13,0,4,11,10,4,2,0.2307692307692307,0,0,0,0,0.0513765172344345,0.0256176371821237,0.0492434340383085,V7,0,2025-08,sin_switch,0,0,0,0,0.0,0.0513765172344345,0.025758880052310803,0,0,,,,,,
2025-08-20,Nocturno,0.0,0.1785803547920039,0.0913382880668879,0.0053605369642814,0.0084535123214271,0.0050297642771246,0.0,0.0607352941176471,0.0311515597933021,12,1.0,0.4,0.0,17,0,5,16,4,5,1,0.2352941176470588,0,0,0,0,0.0,0.0227673852282607,0.0484823009867864,V9,0,2025-08,switch_neutro,0,0,0,0,0.0484823009867864,0.0484823009867864,0.0484823009867864,0,1,,,,,,
2025-08-21,Previa,0.0,0.0,0.1036823338548865,0.0,0.0,0.0113894786966434,0.0,0.0,0.03412126239551,4,1.0,1.0,0.0,4,0,1,0,4,1,1,1.0,0,0,0,0,0.0,0.0,0.0,V7,0,2025-08,sin_switch,0,0,0,0,0.0,0.0,0.0,0,0,,,,,,
2025-08-21,Primera,0.0,0.2088424134312747,0.0940039637459202,0.0,0.0267513239641036,0.012942463342154,0.0,0.0923814049285708,0.0427167995418361,8,1.0,1.0,0.25,8,1,1,8,8,2,2,1.0,0,0,0,0,0.103551099468644,0.0931432983381074,0.0460236641725914,V7,0,2025-08,sin_switch,0,0,0,0,0.0,0.103551099468644,0.05752743529605261,0,0,,,,,,
2025-08-21,Matutino,0.0,0.0,0.1956558626347025,0.0,0.0584535123214271,0.0270456497498237,0.0,0.0808333333333332,0.0416020571131476,9,0.8888888888888888,1.0,0.2222222222222222,9,1,2,9,1,3,1,0.8888888888888888,0,0,0,0,0.046217667904117,0.0473201952128474,0.0504702197528868,V7,0,2025-08,sin_switch,0,0,0,0,0.004252551848769798,0.0504702197528868,0.004252551848769798,0,0,,,,,,
2025-08-21,Vespertino,0.3501510471108204,0.5129869953829171,0.1659848387349376,0.0,0.0417868456547603,0.0182738968695422,0.0691666666666667,0.0899999999999999,0.0482185148441439,5,0.8,1.0,0.0,12,0,4,8,8,3,2,0.3333333333333333,0,0,0,0,0.051323578788149,0.0499645200387783,0.0543269447758159,V7,0,2025-08,sin_switch,0,0,0,0,0.0030033659876669005,0.0543269447758159,0.004362424737037601,0,0,,,,,,
2025-08-21,Nocturno,0.0,0.0089257420525683,0.0078077525535329,0.0064378125419288,0.0084535123214271,0.009625548786093,0.0,0.0955000000000001,0.0409120129558211,2,1.0,0.4,1.0,6,0,5,5,3,4,2,0.3333333333333333,0,0,0,0,0.0,0.0,0.086976860663549,V9,0,2025-08,switch_neutro,0,0,0,0,0.086976860663549,0.086976860663549,0.086976860663549,0,1,,,,,,
2025-08-22,Previa,0.0047113214262557,0.010052577131236,0.0082179431910666,0.0053605369642814,0.0114378125419288,0.0063211692505162,0.0010721073928563,0.0022875625083857,0.0012642338501032,8,1.0,1.0,0.0,8,0,1,0,8,1,1,1.0,0,0,0,0,0.0480693451985925,0.0,0.0,V7,0,2025-08,sin_switch,0,0,0,0,0.0,0.0480693451985925,0.0480693451985925,0,0,,,,,,
2025-08-22,Primera,0.0,0.1064648779922938,0.1039168567629365,0.0074999999999999,0.0124999999999999,0.0039449334595148,0.0,0.0218181818181817,0.0116543717190283,8,1.0,1.0,0.25,16,0,2,8,8,2,1,1.0,0,0,0,0,0.0491658956348376,0.0551001446318192,0.026511280734593,V7,0,2025-08,sin_switch,0,0,0,0,0.005934248996981598,0.0551001446318192,0.0285888638972262,0,0,,,,,,
2025-08-22,Matutino,0.0,0.0,0.0538824292327564,0.026388888888889,0.0388888888888889,0.0115833333333333,0.0378461538461538,0.0915,0.0374187659255687,18,0.8888888888888888,1.0,0.0,20,0,3,16,4,3,1,0.7,0,1,1,0,0.0229990912971172,0.0,0.0,V7,1,2025-08,sin_switch,0,1,1,0,0.0,0.0229990912971172,0.0229990912971172,0,0,,,,,,
2025-08-22,Vespertino,0.0,0.0732241548695382,0.0434781650746676,0.0013888888888888,0.0138888888888888,0.0051646501441153,0.0,0.0183333333333334,0.0135564310736396,18,0.8888888888888888,0.75,0.0,9,1,3,9,4,3,1,0.0,0,0,0,0,0.0,0.0479865623893182,0.0239160446964839,V8,0,2025-08,switch_neutro,0,0,0,0,0.0479865623893182,0.0479865623893182,0.0479865623893182,1,0,,,,,,
2025-08-22,Nocturno,0.0089257420525683,0.1196684298289438,0.1203501145752877,0.0074999999999999,0.0124999999999999,0.0039449334595148,0.0,0.0349090909090908,0.0169967674977875,8,1.0,0.4,0.25,11,1,4,11,4,5,2,0.0909090909090909,0,0,0,0,0.0287798534694276,0.0568644743688086,0.07861288490758,V9,0,2025-08,switch_neutro,0,0,0,0,0.0498330314381524,0.07861288490758,0.0498330314381524,0,1,,,,,,
2025-08-23,Previa,0.0,0.0,8.881784197001252e-16,0.0070156997794982,0.0153135114221747,0.0082548035179426,0.0014031399558996,0.0030627022844349,0.0162698431656152,6,1.0,1.0,0.0,6,0,1,0,6,1,1,1.0,0,0,0,0,0.0430754624066209,0.0,0.0,V7,0,2025-08,sin_switch,0,0,0,0,0.0,0.0430754624066209,0.0430754624066209,0,0,,,,,,
2025-08-23,Primera,0.1653476168761951,0.1992395312916839,0.0910430574359186,0.0,0.0084535123214271,0.0082584555677809,0.0,0.0313092975357144,0.034657349578486,10,1.0,1.0,0.0,5,0,2,4,4,2,1,1.0,0,0,0,0,0.0765464995229262,0.0497516942523231,0.0225836019165347,V7,0,2025-08,sin_switch,0,0,0,0,0.0,0.0765464995229262,0.0539628976063915,0,0,,,,,,
2025-08-23,Matutino,0.0588827388839012,0.1992395312916839,0.1860368929363879,0.0,0.0084535123214271,0.0076849120736218,0.0,0.0009937327673157,0.006618828660215,10,1.0,0.6666666666666666,0.0,11,1,2,11,4,3,1,0.3636363636363636,0,0,0,0,0.0722266260690446,0.0236068915581954,0.0245094763019121,V7,0,2025-08,sin_switch,0,0,0,0,0.0,0.0722266260690446,0.04861973451084921,0,0,,,,,,
2025-08-23,Vespertino,0.0,0.2800410009774214,0.1290035974692438,0.0,0.0184535123214271,0.0084263516955167,0.0,0.0436421783214293,0.0377446930754734,10,1.0,0.5,0.0,7,0,4,6,2,3,1,0.7142857142857143,0,0,0,0,0.0237104297518461,0.0235276895880127,0.0246913358056579,V7,0,2025-08,sin_switch,0,0,0,0,0.000980906053811799,0.0246913358056579,0.0011636462176452013,0,0,,,,,,
2025-08-23,Nocturno,0.6646062500455132,0.68699088156293,0.2100052168783033,0.0,0.0253490331128315,0.0138117784140532,0.0,0.0352614522142862,0.0303429132103826,6,0.8333333333333334,0.8,0.0,7,0,5,6,6,3,2,0.1428571428571428,0,0,0,0,0.0226001522756235,0.0288712635380913,0.0257585905463489,V7,0,2025-08,sin_switch,0,0,0,0,0.006271111262467797,0.0288712635380913,0.006271111262467797,0,0,,,,,,
2025-08-25,Primera,0.0,0.2116406777378046,0.0846562710951218,0.0,0.0,0.0,0.0,0.0,5.551115123125783e-17,2,0.0,0.5,0.0,2,1,1,2,2,1,1,0.0,0,0,0,0,0.0,0.0191217347413724,0.0191217347413724,V7,0,2025-08,sin_switch,0,0,0,0,0.0191217347413724,0.0191217347413724,0.0191217347413724,0,0,,,,,,
2025-08-25,Matutino,0.0,0.0287805084319279,0.0430863045556483,0.003446533946162,0.0052288541247377,0.0017833161515219,0.0,0.0285721073928563,0.0251909312424893,6,0.0,0.6666666666666666,0.3333333333333333,8,1,2,8,7,2,1,0.0,0,0,0,0,0.0,0.0734359199690161,0.0250367078219104,V8,0,2025-08,switch_neutro,0,0,0,0,0.0734359199690161,0.0734359199690161,0.0734359199690161,1,0,,,,,,
2025-08-25,Vespertino,0.0,0.0528456156069072,0.0594836282435073,0.0,0.01737868964286,0.0089402481732669,0.0,0.0,0.0246322734961118,7,0.0,0.75,0.2857142857142857,5,1,3,5,4,3,2,0.0,0,0,0,0,0.0,0.0477528420963375,0.0260899731573579,V8,0,2025-08,switch_neutro,0,0,0,0,0.0477528420963375,0.0477528420963375,0.0477528420963375,1,0,,,,,,
2025-08-25,Nocturno,0.0,0.0,0.2747059834207637,0.0,0.0213907869998222,0.0135241061169,0.0,0.0190721073928563,0.0129204517634407,7,0.0,0.8,0.0,14,3,2,14,13,2,1,0.0,0,0,0,0,0.0775499540274599,0.1022907895295359,0.054467472600071,V7,0,2025-08,sin_switch,0,0,0,0,0.024740835502075995,0.1022907895295359,0.04782331692946489,0,0,,,,,,
2025-08-26,Previa,0.0,0.011507282898072,0.0056373942852263,0.0053605369642814,0.0184535123214271,0.0140497267235546,0.0010721073928563,0.0036907024642854,0.0183811971864592,8,1.0,1.0,0.0,8,0,1,0,8,1,1,1.0,0,0,0,0,0.0454160261324927,0.0,0.0,V7,0,2025-08,sin_switch,0,0,0,0,0.0,0.0454160261324927,0.0454160261324927,0,0,,,,,,
2025-08-26,Primera,0.0,0.0196800406874455,0.013272838332772,0.0071428571428571,0.018580669684786,0.0085258530427074,0.0683333333333332,0.1110721073928563,0.0511949093294322,14,1.0,1.0,0.1428571428571428,14,0,2,12,12,2,1,1.0,0,0,0,0,0.0497308370482951,0.0591321406830387,0.037881345685431,V7,0,2025-08,sin_switch,0,0,0,0,0.009401303634743605,0.0591321406830387,0.0212507949976077,0,0,,,,,,
2025-08-26,Matutino,0.0,0.0188001451698287,0.0545129216817435,0.0071428571428571,0.0125033941071385,0.007503471151351,0.0,0.0913578216785706,0.0466498756920647,14,1.0,0.6666666666666666,0.1428571428571428,10,0,3,7,1,3,1,0.8,0,0,0,0,0.0,0.0477734153756754,0.0473703045143084,V8,0,2025-08,switch_neutro,0,0,0,0,0.0477734153756754,0.0477734153756754,0.0477734153756754,1,0,,,,,,
2025-08-26,Vespertino,0.0,0.0627570534214312,0.026545174075186,0.0071428571428571,0.018580669684786,0.0085258530427074,0.0047875625083857,0.0073814049285708,0.0065174838437367,14,1.0,0.5,0.1428571428571428,14,0,4,12,0,2,0,1.0,1,1,0,0,0.0,0.0,0.0488241117611992,V9,0,2025-08,switch_perdedor,0,1,0,0,0.0488241117611992,0.0488241117611992,0.0488241117611992,0,1,,,,,,
2025-08-26,Nocturno,0.0,0.0378676368668129,0.05427221185188,0.0071428571428571,0.018580669684786,0.0085258530427074,0.0,0.0982124374916141,0.0425459829339637,14,1.0,0.4,0.1428571428571428,6,0,5,5,5,3,2,0.1666666666666666,0,0,0,0,0.0,0.0468441307287965,0.0,V8,0,2025-08,switch_neutro,0,0,0,0,0.0468441307287965,0.0468441307287965,0.0468441307287965,1,0,,,,,,
2025-08-27,Previa,0.0,0.2001333948397325,0.0792362291601948,0.0153135114221747,0.0153135114221747,0.0079020146032802,0.0030627022844349,0.0030627022844349,0.017593180014482,6,1.0,1.0,0.0,6,0,1,0,6,1,1,1.0,0,0,0,0,0.0313223435924168,0.0,0.0,V7,0,2025-08,sin_switch,0,0,0,0,0.0,0.0313223435924168,0.0313223435924168,0,0,,,,,,
2025-08-27,Primera,0.1574674324408675,0.2621489978110256,0.0885988564642372,0.0017513239641036,0.0114378125419288,0.0056655531534823,0.0,0.0617539255746746,0.0485190711543995,8,1.0,1.0,0.0,11,0,2,9,9,2,1,0.8181818181818182,0,0,0,0,0.0731325156969243,0.0468736123478658,0.0220302231234755,V7,0,2025-08,sin_switch,0,0,0,0,0.0,0.0731325156969243,0.05110229257344881,0,0,,,,,,
2025-08-27,Matutino,0.0,0.0510025544485737,0.1304011371133124,0.0017513239641036,0.0114378125419288,0.0079011762153814,0.0,0.0158333333333332,0.0082668178749611,8,1.0,0.6666666666666666,0.0,9,0,3,8,3,3,1,0.4444444444444444,0,0,0,0,0.0,0.0,0.0512624891517331,V9,0,2025-08,switch_neutro,0,0,0,0,0.0512624891517331,0.0512624891517331,0.0512624891517331,0,1,,,,,,
2025-08-27,Vespertino,0.0134588894648484,0.2960409122265144,0.2289096963141088,0.0017513239641036,0.0114378125419288,0.0079011762153814,0.0,0.0501907024642854,0.0386707065404931,8,1.0,0.5,0.0,10,0,4,7,2,4,1,0.4,0,0,0,0,0.0216288740218103,0.0461981078102767,0.0220782312773926,V7,0,2025-08,sin_switch,0,0,0,0,0.024569233788466403,0.0461981078102767,0.024569233788466403,0,0,,,,,,
2025-08-27,Nocturno,0.2960409122265144,0.3815875858079831,0.1500989880664945,0.0,0.05125,0.0258563294211402,0.0,0.0570769230769231,0.0374232563723091,8,0.875,0.8,0.0,13,0,5,11,1,5,2,0.6923076923076923,0,0,0,0,0.0337102987506304,0.0254975737058019,0.0738043995994111,V9,0,2025-08,switch_neutro,0,0,0,0,0.0400941008487807,0.0738043995994111,0.0483068258936092,0,1,,,,,,
2025-08-28,Previa,0.0,0.011507282898072,0.0505597411226838,0.0,0.0,0.0052371901428582,0.0,0.0,0.0140474380285716,3,1.0,1.0,0.0,3,0,1,0,3,1,1,1.0,0,0,0,0,0.0,0.0211290365218214,0.0211290365218214,V7,0,2025-08,sin_switch,0,0,0,0,0.0211290365218214,0.0211290365218214,0.0211290365218214,0,0,,,,,,
2025-08-28,Primera,0.0,0.211724049184574,0.107244170583641,0.0107176798214242,0.030953512321427,0.0110046384871507,0.0560721073928563,0.1357149645357134,0.0637038435341196,8,1.0,1.0,0.25,8,0,2,6,6,2,1,1.0,0,0,0,0,0.0584187851210735,0.0228125119595583,0.0228125119595583,V7,0,2025-08,sin_switch,0,0,0,0,0.0,0.0584187851210735,0.0356062731615152,0,0,,,,,,
2025-08-28,Matutino,0.0134588894648484,0.239810590132202,0.1141108525504656,0.0107176798214242,0.0156044792085955,0.0105184245128164,0.0,0.015,0.0139056454781749,8,1.0,0.6666666666666666,0.25,6,0,3,4,2,3,1,0.6666666666666666,0,1,0,0,0.0493227473363496,0.0252086073516372,0.0485736939095592,V7,1,2025-08,sin_switch,0,1,1,0,0.0,0.0493227473363496,0.0241141399847124,0,0,,,,,,
2025-08-28,Vespertino,0.0,0.0083937839692254,0.0061003747980771,0.0107176798214242,0.030953512321427,0.0112791572660392,0.0,0.066,0.0355750082374505,8,1.0,0.5,0.25,10,0,4,8,4,4,1,0.4,0,0,0,0,0.0222162732722595,0.0222162732722595,0.0461439419685267,V7,0,2025-08,sin_switch,0,0,0,0,0.023927668696267196,0.0461439419685267,0.023927668696267196,0,0,,,,,,
2025-08-28,Nocturno,0.0,0.0420304043583525,0.0325620472516005,0.030953512321427,0.0327403579761874,0.012027776836313,0.0073846153846154,0.0443076923076923,0.0368306706090681,8,1.0,0.4,0.25,10,0,5,8,4,4,2,0.6,0,0,0,0,0.0,0.0,0.02386835650431,V7,0,2025-08,sin_switch,0,0,0,0,0.02386835650431,0.02386835650431,0.02386835650431,0,0,,,,,,
2025-08-29,Previa,0.0,0.0,0.0867560379372101,0.0,0.0153135114221747,0.0093357845290976,0.0,0.0030627022844349,0.017452739409838,6,1.0,1.0,0.0,6,0,1,0,6,1,1,1.0,0,0,0,0,0.0225422250952443,0.0,0.0,V7,0,2025-08,sin_switch,0,0,0,0,0.0,0.0225422250952443,0.0225422250952443,0,0,,,,,,
2025-08-29,Primera,0.2026763862381839,0.2088424134312747,0.1863085469182047,0.0114378125419289,0.0114378125419289,0.0045501588376702,0.0,0.0675,0.0330096572786005,2,1.0,1.0,1.0,6,0,2,5,5,2,1,0.6666666666666666,0,0,0,0,0.0215300257231294,0.0474114703523202,0.0436710347036481,V7,0,2025-08,sin_switch,0,0,0,0,0.025881444629190797,0.0474114703523202,0.025881444629190797,0,0,,,,,,
2025-08-29,Matutino,0.0,0.6195829973544607,0.248159121076668,0.0114378125419289,0.0114378125419289,0.0045501588376702,0.0,0.0483326545119056,0.0343728442207483,2,1.0,0.6666666666666666,1.0,7,0,3,6,1,3,1,0.5714285714285714,0,0,0,0,0.022992130375533,0.0511768632542236,0.0229560162651594,V7,0,2025-08,sin_switch,0,0,0,0,0.028184732878690597,0.0511768632542236,0.028220846989064196,0,0,,,,,,
2025-08-29,Vespertino,0.0,0.6139547704219366,0.2578036749873415,0.0124999999999999,0.0239378125419288,0.0086917474812673,0.02,0.0703502647928207,0.035394882736287,8,0.75,1.0,0.0,8,1,3,8,2,4,2,0.75,0,0,0,0,0.0468985347292039,0.0236031052754517,0.0,V7,0,2025-08,sin_switch,0,0,0,0,0.0,0.0468985347292039,0.0468985347292039,0,0,,,,,,
2025-08-29,Nocturno,0.0,0.0693824620360565,0.0926420045415751,0.0114378125419288,0.0142513239641036,0.0053451183138179,0.0,0.0679292502499993,0.0329102218457788,2,1.0,0.4,1.0,8,0,5,6,4,4,2,0.5,0,0,0,0,0.0,0.0,0.1072478380939785,V9,0,2025-08,switch_neutro,0,0,0,0,0.1072478380939785,0.1072478380939785,0.1072478380939785,0,1,,,,,,
2025-08-30,Previa,0.0,0.0,0.1036823338548865,0.0,0.0232486760358963,0.0092994704143585,0.0,0.0696497352071793,0.0278598940828717,4,1.0,1.0,0.0,4,0,1,0,4,1,1,1.0,0,0,0,0,0.0,0.0,0.0,V7,0,2025-08,sin_switch,0,0,0,0,0.0,0.0,0.0,0,0,,,,,,
2025-08-30,Primera,0.1792247252051044,0.1926836146699528,0.057559104083753,0.0052288541247378,0.0052288541247378,0.0075709891599008,0.0,0.0572875625083858,0.0390166185945167,6,1.0,1.0,0.3333333333333333,8,0,2,6,6,2,1,1.0,0,0,0,0,0.0754396105009249,0.0486324890464212,0.0238382467496807,V7,0,2025-08,sin_switch,0,0,0,0,0.0,0.0754396105009249,0.0516013637512442,0,0,,,,,,
2025-08-30,Matutino,0.2966931169439206,0.3745095091150716,0.1416067688832409,0.0052288541247378,0.0052288541247378,0.0075709891599008,0.0,0.0119281188809529,0.0107674049769895,6,1.0,0.6666666666666666,0.3333333333333333,7,1,2,7,5,3,1,0.1428571428571428,0,0,0,0,0.048831057394987,0.0696599215344449,0.0,V7,0,2025-08,sin_switch,0,0,0,0,0.020828864139457906,0.0696599215344449,0.0696599215344449,0,0,,,,,,
2025-08-30,Vespertino,0.0,0.0,0.0453236675496372,0.0,0.0949999999999999,0.0415226484436721,0.0,0.0927875625083857,0.0564066681496633,10,0.9,1.0,0.0,10,0,4,6,1,4,2,0.9,0,0,0,0,0.02063918096138,0.0213115739123426,0.0473293964143069,V7,0,2025-08,sin_switch,0,0,0,0,0.026690215452926897,0.0473293964143069,0.026690215452926897,0,0,,,,,,
2025-08-30,Nocturno,0.0,0.4236252071688406,0.1694500828675362,0.0,0.065,0.0297618738801085,0.0,0.0447124374916141,0.0222264864161734,10,0.9,0.8,0.0,6,0,5,4,1,4,1,0.5,0,0,0,0,0.0232636693873524,0.0,0.0257594802179068,V7,0,2025-08,sin_switch,0,0,0,0,0.0024958108305544006,0.0257594802179068,0.0257594802179068,0,0,,,,,,
2025-09-01,Primera,0.0,0.0204330249506403,0.0081732099802561,0.0,0.0232486760358963,0.0092994704143585,0.0,0.1246497352071792,0.0498598940828717,4,0.0,0.5,0.0,4,1,1,4,4,1,1,0.0,0,0,0,0,0.0251949647380995,0.0183029467472988,0.0183029467472988,V7,0,2025-09,sin_switch,0,0,0,0,0.0,0.0251949647380995,0.006892017990800699,0,0,,,,,,
2025-09-01,Matutino,0.0,0.0,0.0021589987059084,0.0,0.00625,0.0025895629640619,0.0,0.0,0.0130933844892171,8,0.0,0.6666666666666666,0.125,9,1,2,9,7,2,1,0.0,0,0,0,0,0.0458273568962624,0.0833003623678209,0.0274148118752212,V8,0,2025-09,switch_neutro,0,0,0,0,0.037473005471558504,0.0833003623678209,0.0558855504925997,1,0,,,,,,
2025-09-01,Vespertino,0.0,0.0819233400985757,0.0367362068379117,0.0,0.0055555555555555,0.0025486382790834,0.0,0.0247875625083857,0.0138970521878548,9,0.0,0.75,0.1111111111111111,9,1,3,9,2,3,1,0.0,0,0,0,0,0.0,0.0872492072029584,0.0489816969481749,V8,0,2025-09,switch_neutro,0,0,0,0,0.0872492072029584,0.0872492072029584,0.0872492072029584,1,0,,,,,,
2025-09-01,Nocturno,0.0,0.0,0.0482240878210887,0.0,0.0267513239641036,0.0130356177193813,0.0,0.1009999999999999,0.0418069277889875,8,0.0,0.8,0.0,8,1,4,8,2,4,1,0.0,0,0,0,0,0.0,0.0264479664967503,0.0483044866500479,V9,0,2025-09,switch_neutro,0,0,0,0,0.0483044866500479,0.0483044866500479,0.0483044866500479,0,1,,,,,,
2025-09-02,Previa,0.0,0.0,0.0847256962667472,0.0,0.0,0.0131054187311883,0.0,0.0,0.0026210837462376,8,1.0,1.0,0.0,8,0,1,0,8,1,1,1.0,0,0,0,0,0.0296736757584367,0.0,0.0,V7,0,2025-09,sin_switch,0,0,0,0,0.0,0.0296736757584367,0.0296736757584367,0,0,,,,,,
2025-09-02,Primera,0.0070580629018488,0.0394952715505017,0.0389662441100088,0.0124999999999999,0.0156044792085955,0.0050537980323046,0.0378571428571428,0.0835721073928563,0.0325705445623275,8,1.0,1.0,0.25,14,0,2,12,12,2,1,0.8571428571428571,0,1,0,0,0.0712055003389218,0.0968899291326438,0.0482727880416153,V7,1,2025-09,sin_switch,0,1,1,0,0.025684428793722,0.0968899291326438,0.0486171410910285,0,0,,,,,,
2025-09-02,Matutino,0.0510025544485737,0.4320743872093961,0.167849281295536,0.0,0.0419933680974845,0.0170998344271415,0.0,0.1320169314594873,0.059881342066034,9,0.8888888888888888,1.0,0.0,9,0,3,7,1,3,1,0.8888888888888888,0,0,0,0,0.0466428459940521,0.0247054554536898,0.0247054554536898,V7,0,2025-09,sin_switch,0,0,0,0,0.0,0.0466428459940521,0.0219373905403623,0,0,,,,,,
2025-09-02,Vespertino,0.0,0.426001150520217,0.1812538805346674,0.0,0.0343955207914044,0.0191190319280269,0.0,0.0980627022844349,0.0472451640959034,6,0.8333333333333334,1.0,0.0,6,0,4,3,1,4,2,0.8333333333333334,0,0,0,0,0.0279080766462221,0.0306913548656881,0.0306913548656881,V7,0,2025-09,sin_switch,0,0,0,0,0.002783278219466001,0.0306913548656881,0.002783278219466001,0,0,,,,,,
2025-09-02,Nocturno,0.0,0.0235823822111163,0.0641031430170881,0.0,0.0180066319025156,0.0085311462914541,0.0,0.0411595623285351,0.023707319651629,6,0.8333333333333334,0.8,0.0,5,0,5,4,2,4,2,0.6,0,0,0,0,0.0,0.0315586787014364,0.0205477173624877,V8,0,2025-09,switch_neutro,0,0,0,0,0.0315586787014364,0.0315586787014364,0.0315586787014364,1,0,,,,,,
2025-09-03,Previa,0.0,0.0052494171052206,0.0067827837689806,0.0,0.0,0.0,0.0,0.0,0.0,4,1.0,1.0,0.0,4,0,1,0,4,1,1,1.0,0,1,0,0,0.0,0.0200570970904889,0.0200570970904889,V7,1,2025-09,sin_switch,0,1,1,0,0.0200570970904889,0.0200570970904889,0.0200570970904889,0,0,,,,,,
2025-09-03,Primera,0.0,0.0089257420525683,0.1025412171278983,0.0,0.0042021883573234,0.0041847860195378,0.0,0.0303502647928206,0.0130721334720118,4,1.0,1.0,0.25,8,1,1,8,8,2,2,0.5,0,0,0,0,0.062312427337215,0.0475127758595477,0.0237162977220296,V7,0,2025-09,sin_switch,0,0,0,0,0.0,0.062312427337215,0.0385961296151854,0,0,,,,,,
2025-09-03,Matutino,0.0,0.2960700510168026,0.1491071261134625,0.0,0.0107486760358963,0.0044399549517602,0.0,0.0581433096904756,0.0362028775842256,4,1.0,0.6666666666666666,0.25,5,0,3,3,1,3,1,0.8,0,0,0,0,0.0462503816477621,0.0439623776715952,0.021577817999659,V7,0,2025-09,sin_switch,0,0,0,0,0.0,0.0462503816477621,0.0246725636481031,0,0,,,,,,
2025-09-03,Vespertino,0.0,0.4217218476260473,0.2050027600172003,0.0,0.0,0.0008579700172724,0.0,0.1222875625083859,0.0491425652889893,2,1.0,0.5,0.5,8,0,4,7,6,4,2,0.25,0,0,0,0,0.0248982136125699,0.0234056837336973,0.0,V7,0,2025-09,sin_switch,0,0,0,0,0.0,0.0248982136125699,0.0248982136125699,0,0,,,,,,
2025-09-03,Nocturno,0.0,0.0891649479377303,0.0436817250778533,0.0,0.0017513239641037,0.0094479963975432,0.0,0.0518939393939392,0.0306383275212531,2,1.0,0.4,0.5,11,0,5,10,5,4,1,0.2727272727272727,0,0,0,0,0.0,0.0238346980072389,0.0709065525133538,V9,0,2025-09,switch_neutro,0,0,0,0,0.0709065525133538,0.0709065525133538,0.0709065525133538,0,1,,,,,,
2025-09-04,Previa,0.0,0.2278592820621305,0.0897419552088348,0.0,0.0,0.0,0.0,0.0,0.0,2,1.0,1.0,0.0,2,0,1,0,2,1,1,1.0,0,0,0,0,0.0,0.0275555251432275,0.0275555251432275,V7,0,2025-09,sin_switch,0,0,0,0,0.0275555251432275,0.0275555251432275,0.0275555251432275,0,0,,,,,,
2025-09-04,Primera,0.0,0.0680299360951917,0.0263860878968896,0.0,0.0192513239641036,0.0107734321708442,0.0,0.0923814049285708,0.0435691751522372,10,1.0,1.0,0.1,10,1,1,10,10,2,2,1.0,0,0,0,0,0.0574511748974477,0.0235381248156519,0.0,V7,0,2025-09,sin_switch,0,0,0,0,0.0,0.0574511748974477,0.0574511748974477,0,0,,,,,,
2025-09-04,Matutino,0.0,0.0439444915467248,0.1859638752788255,0.0,0.03,0.0119535976043166,0.0,0.0540480715952373,0.0311429905418571,10,1.0,0.6666666666666666,0.1,8,1,2,8,2,3,1,0.75,0,0,0,0,0.0322797272117117,0.0322797272117117,0.0,V7,0,2025-09,sin_switch,0,0,0,0,0.0,0.0322797272117117,0.0322797272117117,0,0,,,,,,
2025-09-04,Vespertino,0.0053189154537864,0.556931486929642,0.262881087780664,0.0,0.0414378125419289,0.0161173794374424,0.0,0.0127124374916143,0.0322256763892421,10,1.0,0.5,0.1,6,0,4,5,3,4,2,0.5,0,1,0,0,0.0236359471629359,0.023666624783434,0.0,V7,1,2025-09,sin_switch,0,1,1,0,3.0677620498100605e-05,0.023666624783434,0.023666624783434,0,0,,,,,,
2025-09-04,Nocturno,0.556931486929642,0.7105023481590145,0.2386102608144611,0.0,0.0419070246428542,0.0186427507712036,0.0,0.0559999999999999,0.0331899397692851,10,1.0,0.4,0.1,8,0,5,7,4,4,1,0.25,0,0,0,0,0.0226884116988845,0.0327260755671642,0.0228191746040921,V7,0,2025-09,sin_switch,0,0,0,0,0.010037663868279697,0.0327260755671642,0.010037663868279697,0,0,,,,,,
2025-09-05,Previa,0.0,0.0,8.881784197001252e-16,0.0,0.0,0.0113894786966434,0.0,0.0,0.03412126239551,4,1.0,1.0,0.0,4,0,1,0,4,1,1,1.0,0,0,0,0,0.0,0.0,0.0,V7,0,2025-09,sin_switch,0,0,0,0,0.0,0.0,0.0,0,0,,,,,,
2025-09-05,Primera,0.0,0.1764298227750078,0.0716777345868373,0.0,0.011146844755508,0.0054200434851327,0.0,0.1136907024642854,0.0463115575112538,6,1.0,1.0,0.1666666666666666,10,0,2,9,9,2,1,0.6,0,0,0,0,0.0682120557080348,0.0456977087807288,0.0220595446830264,V7,0,2025-09,sin_switch,0,0,0,0,0.0,0.0682120557080348,0.046152511025008405,0,0,,,,,,
2025-09-05,Matutino,0.0,0.0220654469379892,0.0143478869217476,0.0,0.011146844755508,0.0058569116740995,0.0,0.0359999999999999,0.0587407805061069,6,1.0,0.6666666666666666,0.1666666666666666,10,0,3,9,5,3,1,0.3,0,0,0,0,0.0,0.0,0.0218808398031176,V7,0,2025-09,sin_switch,0,0,0,0,0.0218808398031176,0.0218808398031176,0.0218808398031176,0,0,,,,,,
2025-09-05,Vespertino,0.0,0.097205072373093,0.0393323080259309,0.0,0.011146844755508,0.006019874415812,0.0,0.0955959169166659,0.0474682370674981,6,1.0,0.5,0.1666666666666666,9,0,4,8,3,4,1,0.2222222222222222,0,0,0,0,0.0,0.0261733636012804,0.0,V7,0,2025-09,sin_switch,0,0,0,0,0.0261733636012804,0.0261733636012804,0.0261733636012804,0,0,,,,,,
2025-09-05,Nocturno,0.0,0.0,0.0,0.0,0.011146844755508,0.0068947751870898,0.0,0.0074999999999999,0.0262161762440723,6,1.0,0.4,0.1666666666666666,7,0,5,6,3,5,1,0.1428571428571428,0,0,0,0,0.0,0.0476481422026479,0.0721730548507936,V9,0,2025-09,switch_neutro,0,0,0,0,0.0721730548507936,0.0721730548507936,0.0721730548507936,0,1,,,,,,
2025-09-06,Previa,0.0,0.0,0.1257446176472794,0.0,0.0254692121009253,0.0101876848403701,0.0,0.037593842420185,0.015037536968074,6,1.0,1.0,0.0,6,0,1,0,6,1,1,1.0,0,0,0,0,0.0227684963721212,0.0,0.0,V7,0,2025-09,sin_switch,0,0,0,0,0.0,0.0227684963721212,0.0227684963721212,0,0,,,,,,
2025-09-06,Primera,0.0,0.0204330249506403,0.0529542765252399,0.0,0.0057978116426765,0.0039201702766369,0.0,0.0355702591701847,0.0270605246291455,5,1.0,1.0,0.2,6,0,2,3,3,2,1,1.0,0,0,0,0,0.0234246636285656,0.0228763605915374,0.0,V7,0,2025-09,sin_switch,0,0,0,0,0.0,0.0234246636285656,0.0234246636285656,0,0,,,,,,
2025-09-06,Matutino,0.0,0.0544440509592538,0.024252182825998,0.0,0.0194801780888413,0.0090733252790943,0.0,0.0534031399558997,0.0263438146048018,6,0.8333333333333334,1.0,0.1666666666666666,6,0,3,5,4,3,1,0.3333333333333333,0,0,0,0,0.046958390059101,0.0525896482530597,0.0853004958247975,V9,0,2025-09,switch_neutro,1,0,0,1,0.0383421057656965,0.0853004958247975,0.0383421057656965,0,1,,,,,,
2025-09-06,Vespertino,0.0,0.4522913771239807,0.2358820977995561,0.0,0.0070156997794982,0.0034246729792866,0.015,0.019090909090909,0.0110098537429758,6,1.0,0.5,0.0,8,1,3,8,4,4,1,0.25,0,0,0,0,0.0293358551176989,0.024062848360083,0.0225594982740297,V7,0,2025-09,sin_switch,0,0,0,0,0.0,0.0293358551176989,0.006776356843669201,0,0,,,,,,
2025-09-06,Nocturno,0.0009162608691353,0.0009162608691353,0.0429841392553029,0.0,0.0070156997794982,0.0047172792459902,0.0,0.1134530597738088,0.0497306101323075,6,1.0,0.4,0.0,9,0,5,7,4,5,2,0.2222222222222222,0,0,0,0,0.0,0.0211056720169481,0.0239201179171147,V7,0,2025-09,sin_switch,0,0,0,0,0.0239201179171147,0.0239201179171147,0.0239201179171147,0,0,,,,,,
2025-09-08,Primera,0.0,0.0,8.881784197001252e-16,0.0,0.0130929753571457,0.0064142217679682,0.0,0.0626185950714291,0.0306767212669917,3,0.0,0.5,0.0,3,1,1,3,3,1,1,0.0,0,0,0,0,0.0,0.0159739812238796,0.0159739812238796,V7,0,2025-09,sin_switch,0,0,0,0,0.0159739812238796,0.0159739812238796,0.0159739812238796,0,0,,,,,,
2025-09-08,Matutino,0.0,0.0072928622717576,0.0446425035741277,0.0,0.011146844755508,0.0058447305318164,0.0,0.1129519284047624,0.0437469028520723,6,0.0,0.6666666666666666,0.1666666666666666,7,1,2,7,6,2,1,0.0,0,0,0,0,0.0210149736087755,0.0218594005162265,0.0218594005162265,V7,0,2025-09,sin_switch,0,0,0,0,0.0008444269074509986,0.0218594005162265,0.0008444269074509986,0,0,,,,,,
2025-09-08,Vespertino,0.0848944688640624,0.1011130731883884,0.0547635074190924,0.0,0.0021859337896781,0.0027485827233734,0.0,0.0285721073928564,0.0287321618299319,9,0.0,0.75,0.2222222222222222,9,1,3,9,5,3,1,0.0,0,0,0,0,0.019349769223372,0.0738566231832241,0.029505119540469,V8,0,2025-09,switch_neutro,0,0,0,0,0.054506853959852095,0.0738566231832241,0.054506853959852095,1,0,,,,,,
2025-09-08,Nocturno,0.0,0.3930948687060551,0.2131057881895851,0.0,0.0020833333333333,0.001657125866495,0.0,0.0914999999999999,0.04104526472903,8,0.0,0.8,0.125,8,1,4,8,3,4,1,0.0,0,0,0,0,0.0220094781482222,0.0228010394099668,0.0501525961932281,V7,0,2025-09,sin_switch,0,0,0,0,0.0281431180450059,0.0501525961932281,0.0281431180450059,0,0,,,,,,
2025-09-09,Previa,0.0,0.0,8.881784197001252e-16,0.0,0.0,0.0,0.0,0.0,0.0,2,1.0,1.0,0.0,2,0,1,0,2,1,1,1.0,0,0,0,0,0.0,0.0285689383382658,0.0285689383382658,V7,0,2025-09,sin_switch,0,0,0,0,0.0285689383382658,0.0285689383382658,0.0285689383382658,0,0,,,,,,
2025-09-09,Primera,0.0786031918386296,0.2636511157789778,0.0914448260874437,0.0,0.0029843002205017,0.0042328913732545,0.0,0.0854031399558995,0.0374990415423993,5,1.0,1.0,0.2,6,0,2,4,4,2,1,1.0,0,0,0,0,0.0526388662338228,0.0449810084579741,0.0211884533221759,V7,0,2025-09,sin_switch,0,0,0,0,0.0,0.0526388662338228,0.0314504129116469,0,0,,,,,,
2025-09-09,Matutino,0.0,0.0382840512623152,0.0148475637682252,0.0,0.0029843002205017,0.0042328913732545,0.1136435359642848,0.1496907024642854,0.0583507235456918,5,1.0,0.6666666666666666,0.2,10,0,3,8,8,3,2,0.2,0,0,0,0,0.0696223012729074,0.026038615708842,0.026038615708842,V7,0,2025-09,sin_switch,0,0,0,0,0.0,0.0696223012729074,0.0435836855640654,0,0,,,,,,
2025-09-09,Vespertino,0.0,0.4909169532169191,0.1969958656185539,0.0,0.0060772755776473,0.0051712284407566,0.0,0.1293328807857147,0.0525143766966728,7,0.7142857142857143,1.0,0.1428571428571428,7,0,4,5,2,4,2,0.7142857142857143,0,0,0,0,0.0288567978492843,0.023847927948176,0.023847927948176,V7,0,2025-09,sin_switch,0,0,0,0,0.0,0.0288567978492843,0.005008869901108298,0,0,,,,,,
2025-09-09,Nocturno,0.0,0.0162186043243259,0.0724087122293189,0.0,0.0070156997794982,0.0033727912829866,0.1441428571428571,0.1541428571428571,0.04786945470629,6,1.0,0.4,0.0,14,0,5,12,4,5,2,0.1428571428571428,0,0,0,0,0.0223762015246594,0.0237914298593415,0.045898371478638,V7,0,2025-09,sin_switch,0,0,0,0,0.023522169953978597,0.045898371478638,0.023522169953978597,0,0,,,,,,
2025-09-10,Previa,0.0,0.0089257420525683,0.0035702968210273,0.0,0.0101557006787506,0.0040622802715002,0.0,0.03453114013575,0.0138124560543,4,1.0,1.0,0.0,4,0,1,0,4,1,1,1.0,0,0,0,0,0.0,0.0,0.0,V7,0,2025-09,sin_switch,0,0,0,0,0.0,0.0,0.0,0,0,,,,,,
2025-09-10,Primera,0.0,0.2694709988730723,0.1081789734453056,0.0,0.0103605369642814,0.0070949003526853,0.0,0.0461538461538461,0.0198286225893596,10,1.0,1.0,0.1,10,0,2,9,9,2,1,1.0,0,0,0,0,0.0520501845861336,0.0579060067077696,0.0259974327569639,V7,0,2025-09,sin_switch,0,0,0,0,0.0058558221216360035,0.0579060067077696,0.03190857395080571,0,0,,,,,,
2025-09-10,Matutino,0.0,0.0,0.077054769888686,0.0,0.0103605369642814,0.0070949003526853,0.0,0.0822875625083857,0.0543901725012898,10,1.0,0.6666666666666666,0.1,12,0,3,9,2,3,1,0.5,0,0,0,0,0.0,0.0432432353071149,0.0434653114913876,V9,0,2025-09,switch_neutro,0,0,0,0,0.0434653114913876,0.0434653114913876,0.0434653114913876,0,1,,,,,,
2025-09-10,Vespertino,0.0,0.0083937839692254,0.0060395653004517,0.0,0.0090464876785728,0.0093316245245822,0.0,0.1041907024642855,0.053757054933986,5,0.8,1.0,0.0,8,0,4,6,2,4,2,0.75,0,0,0,0,0.0,0.079115398691017,0.0571126988567479,V8,0,2025-09,switch_neutro,0,0,0,0,0.079115398691017,0.079115398691017,0.079115398691017,1,0,,,,,,
2025-09-10,Nocturno,0.0,0.4993107371861445,0.2002479922858398,0.0,0.0103605369642814,0.0073211345366208,0.0,0.0517875625083857,0.0556300509008298,10,1.0,0.4,0.1,10,0,5,9,8,3,1,0.1,0,0,0,0,0.0229909882285773,0.0,0.0,V7,0,2025-09,sin_switch,0,0,0,0,0.0,0.0229909882285773,0.0229909882285773,0,0,,,,,,
2025-09-11,Previa,0.0,0.0235114665960844,0.0216287456469959,0.0,0.0267513239641036,0.0168512808580936,0.0,0.0053502647928207,0.0287718707729162,8,1.0,1.0,0.0,8,0,1,0,8,1,1,1.0,0,0,0,0,0.0228217350409083,0.0,0.0,V7,0,2025-09,sin_switch,0,0,0,0,0.0,0.0228217350409083,0.0228217350409083,0,0,,,,,,
2025-09-11,Primera,0.0,0.0786031918386296,0.0827846479732194,0.0,0.011111111111111,0.0080571066456994,0.0,0.0365384615384615,0.0367553097510096,9,1.0,1.0,0.2222222222222222,13,0,2,9,9,2,1,0.8461538461538461,0,0,0,0,0.0454719200290852,0.0515476005173794,0.0240853702978028,V7,0,2025-09,sin_switch,0,0,0,0,0.006075680488294204,0.0515476005173794,0.0274622302195766,0,0,,,,,,
2025-09-11,Matutino,0.0,0.0,0.0223795926883613,0.0,0.011111111111111,0.0080571066456994,0.0,0.0109519284047625,0.0185858986850014,9,1.0,0.6666666666666666,0.2222222222222222,3,0,3,2,2,3,2,0.3333333333333333,0,0,0,0,0.0230773702734909,0.057372849404969,0.023037402569612,V8,0,2025-09,switch_neutro,0,0,0,0,0.034295479131478096,0.057372849404969,0.034335446835357,1,0,,,,,,
2025-09-11,Vespertino,0.0,0.0993806151536826,0.051218860240258,0.0,0.011111111111111,0.0117567745874783,0.0,0.1156208958417192,0.0521585195187706,9,1.0,0.5,0.2222222222222222,9,0,4,7,3,4,2,0.4444444444444444,0,0,0,0,0.0,0.0,0.0211703767801672,V7,0,2025-09,sin_switch,0,0,0,0,0.0211703767801672,0.0211703767801672,0.0211703767801672,0,0,,,,,,
2025-09-11,Nocturno,0.0,0.0061660271930907,0.0024664108772363,0.0,0.011111111111111,0.0128351519310947,0.0,0.0035384615384616,0.0059890169614855,9,1.0,0.4,0.2222222222222222,13,0,5,9,0,2,0,0.8461538461538461,1,0,0,0,0.048800915777166,0.0243934320967579,0.0490502685186156,V7,0,2025-09,sin_switch,0,0,0,0,0.0002493527414496044,0.0490502685186156,0.024656836421857703,0,0,,,,,,
2025-09-12,Previa,0.0,0.0134588894648484,0.0131600017800631,0.0,0.0,0.0076567557110873,0.0,0.0,0.0015313511422174,6,1.0,1.0,0.0,6,0,1,0,6,1,1,1.0,0,0,0,0,0.0545268355578691,0.0,0.0,V7,0,2025-09,sin_switch,0,0,0,0,0.0,0.0545268355578691,0.0545268355578691,0,0,,,,,,
2025-09-12,Primera,0.0,0.1019218505106804,0.0922831905961657,0.0,0.0198068795196592,0.0081491318306839,0.0254031399558996,0.0494031399558996,0.0185811883069755,9,1.0,1.0,0.1111111111111111,6,0,2,4,4,2,1,1.0,0,0,0,0,0.0804925578232478,0.0578962961889106,0.0251822544171698,V7,0,2025-09,sin_switch,0,0,0,0,0.0,0.0804925578232478,0.055310303406077996,0,0,,,,,,
2025-09-12,Matutino,0.010052577131236,0.0610551315798097,0.1408815323701503,0.0,0.0198068795196592,0.0081491318306839,0.0,0.0359090909090908,0.0373517120910683,9,1.0,0.6666666666666666,0.1111111111111111,11,0,3,10,10,2,1,0.0909090909090909,0,0,0,0,0.0462328922745615,0.0226731901588287,0.0688034781520047,V7,0,2025-09,sin_switch,0,0,0,0,0.0225705858774432,0.0688034781520047,0.046130287993176006,0,0,,,,,,
2025-09-12,Vespertino,0.1191772640771384,0.1281030061297068,0.0524077482696851,0.0,0.0198068795196592,0.0078264517583259,0.0,0.0275757575757575,0.0170611026078284,9,1.0,0.5,0.1111111111111111,11,0,4,10,8,4,1,0.0909090909090909,0,0,0,0,0.0,0.0,0.0329629049110108,V9,0,2025-09,switch_neutro,0,0,0,0,0.0329629049110108,0.0329629049110108,0.0329629049110108,0,1,,,,,,
2025-09-12,Nocturno,0.0,0.0162186043243259,0.2977107805939045,0.0,0.0169933680974844,0.0092988731891946,0.0,0.0511666666666666,0.0262676879807379,9,1.0,0.4,0.1111111111111111,9,0,5,8,3,4,1,0.2222222222222222,0,0,0,0,0.0,0.048905758402042,0.0695642844653395,V9,0,2025-09,switch_neutro,0,0,0,0,0.0695642844653395,0.0695642844653395,0.0695642844653395,0,1,,,,,,
2025-09-13,Previa,0.0134588894648484,0.0171352144121961,0.0093461940636137,0.0,0.0,0.0,0.0,0.0,0.0,6,1.0,1.0,0.0,6,0,1,0,6,1,1,1.0,0,0,0,0,0.0322425821539459,0.0,0.0,V7,0,2025-09,sin_switch,0,0,0,0,0.0,0.0322425821539459,0.0322425821539459,0,0,,,,,,
2025-09-13,Primera,0.0,0.0324372086486528,0.0912614433030103,0.0,0.0044676798214242,0.0039763343842151,0.055,0.1160721073928563,0.0402508026715026,8,1.0,1.0,0.125,8,0,2,6,6,2,1,1.0,0,0,0,0,0.0774025879057503,0.0507998538550446,0.0257136115929856,V7,0,2025-09,sin_switch,0,0,0,0,0.0,0.0774025879057503,0.0516889763127647,0,0,,,,,,
2025-09-13,Matutino,0.0,0.0325633737758304,0.0497772036196348,0.0,0.0044676798214242,0.0039763343842151,0.0,0.1256202170202912,0.0511921322272452,8,1.0,0.6666666666666666,0.125,7,0,3,5,2,3,1,0.5714285714285714,0,0,0,0,0.0228018109757534,0.0511735032442801,0.0241561647062742,V7,0,2025-09,sin_switch,0,0,0,0,0.028371692268526698,0.0511735032442801,0.028371692268526698,0,0,,,,,,
2025-09-13,Vespertino,0.0,0.010052577131236,0.0508851508278767,0.0105893910890192,0.0166666666666667,0.0094306122838357,0.0,0.0841666666666667,0.0533287363231334,6,1.0,0.5,0.3333333333333333,12,0,4,8,4,3,1,0.6666666666666666,0,0,0,0,0.0451201814626142,0.022631650709968,0.0239862431489821,V7,0,2025-09,sin_switch,0,0,0,0,0.0,0.0451201814626142,0.0224885307526462,0,0,,,,,,
2025-09-13,Nocturno,0.0,0.0162186043243259,0.2432198062264607,0.0003605369642813,0.003453512321427,0.002402722353976,0.0,0.0739999999999999,0.062556374575258,8,0.75,0.8,0.25,12,0,5,10,5,5,2,0.3333333333333333,0,0,0,0,0.0743223249359013,0.0,0.0515518414878921,V7,0,2025-09,sin_switch,0,0,0,0,0.0,0.0743223249359013,0.0743223249359013,0,0,,,,,,
2025-09-15,Primera,0.0,0.011507282898072,0.0046029131592288,0.0,0.0101557006787506,0.0073869986255844,0.0,0.0620311401357501,0.0394179699492512,4,0.0,0.5,0.0,4,1,1,4,4,1,1,0.0,0,0,0,0,0.0,0.0135929468255634,0.0135929468255634,V7,0,2025-09,sin_switch,0,0,0,0,0.0135929468255634,0.0135929468255634,0.0135929468255634,0,0,,,,,,
2025-09-15,Matutino,0.0,0.280348347492418,0.113377696130219,0.0,0.0052288541247377,0.002034023975004,0.0,0.0285721073928563,0.0214350979509014,6,0.0,0.6666666666666666,0.3333333333333333,9,1,2,9,8,2,1,0.0,0,0,0,0,0.0232279128101411,0.0788080457901733,0.0228517750456116,V8,0,2025-09,switch_neutro,0,0,0,0,0.0555801329800322,0.0788080457901733,0.05595627074456169,1,0,,,,,,
2025-09-15,Vespertino,0.0,0.0452332517604805,0.0264759589489186,0.0,0.00625,0.0037515933324814,0.0,0.002,0.0193871225432513,8,0.0,0.75,0.25,8,1,3,8,2,3,1,0.0,0,0,0,0,0.0,0.0897045677266947,0.0520214522291019,V8,0,2025-09,switch_neutro,0,0,0,0,0.0897045677266947,0.0897045677266947,0.0897045677266947,1,0,,,,,,
2025-09-15,Nocturno,0.0,0.2446480766856336,0.1265323483413687,0.0,0.0055555555555555,0.0049690399499995,0.0,0.0285721073928564,0.0173029820037612,9,0.0,0.8,0.2222222222222222,10,1,4,10,4,3,1,0.0,0,0,0,0,0.0,0.0742686571341134,0.0281932588006375,V8,0,2025-09,switch_neutro,0,0,0,0,0.0742686571341134,0.0742686571341134,0.0742686571341134,1,0,,,,,,
2025-09-16,Previa,0.0,0.0204330249506403,0.0083173242720919,0.0153135114221747,0.0153135114221747,0.0079020146032802,0.0030627022844349,0.0030627022844349,0.017593180014482,6,1.0,1.0,0.0,6,0,1,0,6,1,1,1.0,0,0,0,0,0.0535577564472713,0.0,0.0,V7,0,2025-09,sin_switch,0,0,0,0,0.0,0.0535577564472713,0.0535577564472713,0,0,,,,,,
2025-09-16,Primera,0.2630996718704566,0.2687143279154176,0.081344947988566,0.0053605369642814,0.0084535123214271,0.006206131209021,0.0560721073928563,0.1186907024642854,0.0638379681455935,8,1.0,1.0,0.0,8,0,2,6,6,2,1,1.0,0,0,0,0,0.0916610923479694,0.0449426810625597,0.02359417918245,V7,0,2025-09,sin_switch,0,0,0,0,0.0,0.0916610923479694,0.06806691316551941,0,0,,,,,,
2025-09-16,Matutino,0.0,0.0614903151479353,0.0315569525803299,0.0053605369642814,0.0184535123214271,0.007623208957994,0.0,0.0504755116547626,0.0343536449989118,8,1.0,0.6666666666666666,0.0,7,0,3,5,2,3,1,0.7142857142857143,0,0,0,0,0.0230880069121026,0.0511835749483434,0.0738973262347092,V9,0,2025-09,switch_neutro,0,0,0,0,0.0508093193226066,0.0738973262347092,0.0508093193226066,0,1,,,,,,
2025-09-16,Vespertino,0.0,0.0729975980460073,0.0617187800378705,0.0053605369642814,0.0184535123214271,0.0098551095850628,0.0,0.0344988305987563,0.014550541854987,8,1.0,0.5,0.0,6,1,3,6,4,4,2,0.3333333333333333,0,0,0,0,0.0413812324477236,0.059236761914617,0.0258363199886635,V7,0,2025-09,sin_switch,0,0,0,0,0.0178555294668934,0.059236761914617,0.0334004419259535,0,0,,,,,,
2025-09-16,Nocturno,0.0,0.1429290355794812,0.0591704921310273,0.0053605369642814,0.0184535123214271,0.0101324232522873,0.0,0.0285721073928564,0.0136191802009403,8,1.0,0.4,0.0,11,1,4,11,6,3,1,0.0,0,0,0,0,0.0220652185888775,0.0673888202323467,0.0283214461200409,V8,0,2025-09,switch_neutro,0,0,0,0,0.0453236016434692,0.0673888202323467,0.0453236016434692,1,0,,,,,,
2025-09-17,Previa,0.0082094723596277,0.0171352144121961,0.0092205443759188,0.0,0.0153135114221747,0.007502057830922,0.0,0.0030627022844349,0.0015004115661844,6,1.0,1.0,0.0,6,0,1,0,6,1,1,1.0,0,0,0,0,0.0282548292563452,0.0,0.0,V7,0,2025-09,sin_switch,0,0,0,0,0.0,0.0282548292563452,0.0282548292563452,0,0,,,,,,
2025-09-17,Primera,0.0,0.0860318530416535,0.1125432247908886,0.0044676798214242,0.0062499999999999,0.0026863969044038,0.0,0.0549999999999999,0.0569448712138281,16,1.0,1.0,0.125,16,0,2,10,10,2,1,1.0,0,0,0,0,0.0,0.0445655418570601,0.0,V8,0,2025-09,switch_neutro,0,0,0,0,0.0445655418570601,0.0445655418570601,0.0445655418570601,1,0,,,,,,
2025-09-17,Matutino,0.0,0.0235114665960844,0.0193587627172217,0.0044676798214242,0.0062499999999999,0.0026863969044038,0.0102706310488983,0.0197694616476546,0.0092234637287852,16,1.0,0.6666666666666666,0.125,4,0,3,2,2,3,2,0.5,0,0,0,1,0.0256067250693282,0.0770569318866514,0.0230756052061445,V8,0,2025-09,switch_neutro,0,0,0,0,0.0514502068173232,0.0770569318866514,0.0539813266805069,1,0,,,,,,
2025-09-17,Vespertino,0.0,0.1931433763399974,0.0860598409252794,0.0044676798214242,0.0062499999999999,0.0026863969044038,0.0041416877416133,0.0074999999999998,0.0105295846770867,16,1.0,0.5,0.125,6,0,4,4,2,4,1,0.3333333333333333,0,0,0,0,0.0,0.0497770893837811,0.0485737003753831,V8,0,2025-09,switch_neutro,0,0,0,0,0.0497770893837811,0.0497770893837811,0.0497770893837811,1,0,,,,,,
2025-09-17,Nocturno,0.0,0.010052577131236,0.0113066076638156,0.0044676798214242,0.0062499999999999,0.0026863969044038,0.0,0.0537850354642863,0.0250675391773173,16,1.0,0.4,0.125,7,0,5,5,1,3,1,0.8571428571428571,0,0,0,0,0.0270934058264512,0.0296711555068532,0.031749501774704,V7,0,2025-09,sin_switch,0,0,0,0,0.004656095948252802,0.031749501774704,0.004656095948252802,0,0,,,,,,
2025-09-18,Previa,0.0,0.0,8.881784197001252e-16,0.0,0.0232486760358963,0.0092994704143585,0.0,0.0696497352071793,0.0278598940828717,4,1.0,1.0,0.0,4,0,1,0,4,1,1,1.0,0,0,0,0,0.0,0.0,0.0,V7,0,2025-09,sin_switch,0,0,0,0,0.0,0.0,0.0,0,0,,,,,,
2025-09-18,Primera,0.0,0.1559967978243674,0.2025969746502545,0.0084535123214272,0.0142513239641037,0.0057864719578256,0.0614031399558996,0.0614031399558996,0.0525550909256319,2,1.0,1.0,1.0,6,0,2,4,4,2,1,1.0,0,0,0,0,0.0895399171658951,0.0,0.0223243902408722,V7,0,2025-09,sin_switch,0,0,0,0,0.0,0.0895399171658951,0.0895399171658951,0,0,,,,,,
2025-09-18,Matutino,0.0,0.1999166713787064,0.1632932282110573,0.0084535123214272,0.0142513239641037,0.0057864719578256,0.0,0.0580968600441004,0.0284922019646886,2,1.0,0.6666666666666666,1.0,5,0,3,3,2,3,1,0.6,0,0,0,0,0.0254537766782493,0.027863270348691,0.0328157339200967,V7,0,2025-09,sin_switch,0,0,0,0,0.007361957241847399,0.0328157339200967,0.007361957241847399,0,0,,,,,,
2025-09-18,Vespertino,0.0,0.1311862297119557,0.053778441127009,0.0084535123214271,0.0142513239641036,0.0057864719578256,0.0,0.09,0.0427413277242029,2,1.0,0.5,1.0,8,0,4,6,4,3,1,0.25,0,0,0,0,0.0219717873850009,0.0199961199361731,0.075998102178965,V9,0,2025-09,switch_neutro,0,0,0,0,0.054026314793964095,0.075998102178965,0.05600198224279189,0,1,,,,,,
2025-09-18,Nocturno,0.0,0.0134588894648484,0.0087403503793192,0.0114378125419288,0.0267513239641036,0.0117636388382654,0.0,0.031070259170185,0.0192259520777477,2,1.0,0.4,1.0,6,0,5,4,3,5,2,0.3333333333333333,0,0,0,0,0.022703573284667,0.0,0.0879702824748902,V9,0,2025-09,switch_neutro,0,0,0,0,0.06526670919022319,0.0879702824748902,0.0879702824748902,0,1,,,,,,
2025-09-19,Previa,0.0,0.0151836078454197,0.0059624738679292,0.0,0.0153135114221747,0.0061944877877005,0.0,0.0030627022844349,0.0012388975575401,6,1.0,1.0,0.0,6,0,1,0,6,1,1,1.0,0,0,0,0,0.0281042694576948,0.0,0.0,V7,0,2025-09,sin_switch,0,0,0,0,0.0,0.0281042694576948,0.0281042694576948,0,0,,,,,,
2025-09-19,Primera,0.1434700812873846,0.1523958233399529,0.0477237236322315,0.0178605369642813,0.0239378125419288,0.0073759953350996,0.0,0.062618595071429,0.0444479457880406,8,1.0,1.0,0.25,7,0,2,4,4,2,1,1.0,0,0,0,0,0.1214068763704063,0.0469904701985709,0.0469904701985709,V7,0,2025-09,sin_switch,0,0,0,0,0.0,0.1214068763704063,0.0744164061718354,0,0,,,,,,
2025-09-19,Matutino,0.0,0.0047113214262557,0.0049933362657574,0.0156044792085955,0.030953512321427,0.0102431140103756,0.0,0.0151666666666665,0.0371094763231073,8,1.0,0.6666666666666666,0.25,9,0,3,7,4,3,1,0.5555555555555556,0,0,0,0,0.0479672004933966,0.0479672004933966,0.0244088136282203,V7,0,2025-09,sin_switch,0,0,0,0,0.0,0.0479672004933966,0.023558386865176303,0,0,,,,,,
2025-09-19,Vespertino,0.0,0.010052577131236,0.0517185974731723,0.0625033941071385,0.068453512321427,0.0213625718412863,0.0,0.0115909090909089,0.0232215814634787,10,0.8,1.0,0.2,11,0,4,9,2,4,1,0.4545454545454545,0,0,0,0,0.0,0.0,0.0224406642724373,V7,0,2025-09,sin_switch,0,0,0,0,0.0224406642724373,0.0224406642724373,0.0224406642724373,0,0,,,,,,
2025-09-19,Nocturno,0.0,0.1057148977448445,0.0550594670688615,0.0384535123214271,0.0384535123214271,0.0150828508651444,0.0,0.0,0.0178234315086574,10,0.8,0.8,0.2,11,2,3,11,9,4,2,0.0,0,0,0,0,0.0491750048121268,0.023463165204306,0.0,V7,0,2025-09,sin_switch,0,0,0,0,0.0,0.0491750048121268,0.0491750048121268,0,0,,,,,,
2025-09-20,Previa,0.0,0.0,0.0056373942852263,0.0,0.0082978116426765,0.0082610225436217,0.0,0.0016595623285352,0.0174692591163196,5,1.0,1.0,0.0,5,0,1,0,5,1,1,1.0,0,0,0,0,0.0205620940142639,0.0,0.0,V7,0,2025-09,sin_switch,0,0,0,0,0.0,0.0205620940142639,0.0205620940142639,0,0,,,,,,
2025-09-20,Primera,0.0,0.2335626138417454,0.0997977508502578,0.0,0.0055555555555555,0.002333340491567,0.0,0.0299999999999999,0.0292460907330808,9,1.0,1.0,0.1111111111111111,9,0,2,6,6,2,1,1.0,0,0,1,1,0.0541665011261558,0.0566036818327215,0.0227090685692342,V7,0,2025-09,sin_switch,0,0,0,0,0.002437180706565699,0.0566036818327215,0.0338946132634873,0,0,,,,,,
2025-09-20,Matutino,0.0,0.3592609764962189,0.1455442878827248,0.0,0.0055555555555555,0.0044481103447968,0.0046153846153845,0.1793333333333333,0.0881027864578022,9,1.0,0.6666666666666666,0.1111111111111111,12,0,3,10,4,3,1,0.5,0,0,0,0,0.0520568720735338,0.0,0.0,V7,0,2025-09,sin_switch,0,0,0,0,0.0,0.0520568720735338,0.0520568720735338,0,0,,,,,,
2025-09-20,Vespertino,0.0,0.0676950127628028,0.0388022292278923,0.0,0.0055555555555555,0.0044481103447968,0.0224031399558997,0.0274999999999998,0.0153486234150861,9,1.0,0.5,0.1111111111111111,6,0,4,4,2,4,2,0.6666666666666666,0,0,0,0,0.022247624678211,0.0738796921838021,0.0216156026259018,V8,0,2025-09,switch_neutro,0,0,0,0,0.0516320675055911,0.0738796921838021,0.052264089557900295,1,0,,,,,,
2025-09-20,Nocturno,0.0,0.0072928622717576,0.0051443454788359,0.0,0.0376553360515915,0.0161604226526392,0.0,0.1494682112889602,0.0628210038388303,7,0.8571428571428571,0.8,0.1428571428571428,11,0,5,8,2,4,2,0.8181818181818182,0,0,0,0,0.0236444921539262,0.0380092802630222,0.0380092802630222,V7,0,2025-09,sin_switch,0,0,0,0,0.014364788109096,0.0380092802630222,0.014364788109096,0,0,,,,,,
2025-09-22,Primera,0.0,0.0,0.0080596518514479,0.0,0.0,2.775557561562892e-17,0.0,0.0,0.0,4,0.0,0.5,0.0,4,1,1,4,4,1,1,0.0,0,0,0,0,0.0,0.0174295020182101,0.0174295020182101,V7,0,2025-09,sin_switch,0,0,0,0,0.0174295020182101,0.0174295020182101,0.0174295020182101,0,0,,,,,,
2025-09-22,Matutino,0.0,0.0162186043243259,0.1079852277939657,0.0,0.0070156997794982,0.0028882599445488,0.0,0.0677293689511016,0.0349312690626493,6,0.0,0.6666666666666666,0.0,6,2,1,6,6,2,2,0.0,0,0,0,0,0.0,0.0,0.0,V7,0,2025-09,sin_switch,0,0,0,0,0.0,0.0,0.0,0,0,,,,,,
2025-09-22,Vespertino,0.0819233400985757,0.1021403300131602,0.0416315362371173,0.0,0.0142513239641036,0.0092050781975131,0.0,0.0,0.0151834465440996,8,0.0,0.75,0.0,10,2,2,10,6,2,1,0.0,0,0,1,0,0.0524025486525923,0.071356630998589,0.0241862966670154,V7,0,2025-09,sin_switch,0,0,0,0,0.018954082345996694,0.071356630998589,0.047170334331573596,0,0,,,,,,
2025-09-22,Nocturno,0.0039983855902585,0.0039983855902585,0.0075397542377567,0.0,0.0084535123214271,0.0038570834103925,0.0,0.0649999999999999,0.0325226758564525,10,0.0,0.8,0.0,6,1,4,6,4,3,2,0.0,0,0,0,0,0.0,0.0250009983977885,0.0485889007861573,V9,0,2025-09,switch_neutro,0,0,0,0,0.0485889007861573,0.0485889007861573,0.0485889007861573,0,1,,,,,,
2025-09-23,Previa,0.0,0.0089257420525683,0.0113227915748325,0.0,0.0,0.0046539267095689,0.0,0.0,0.0158241563505202,4,1.0,1.0,0.0,4,0,1,0,4,1,1,1.0,0,0,0,0,0.0168286928634464,0.0,0.0,V7,0,2025-09,sin_switch,0,0,0,0,0.0,0.0168286928634464,0.0168286928634464,0,0,,,,,,
2025-09-23,Primera,0.0162186043243259,0.0860318530416535,0.0648091190496858,0.0,0.0083333333333333,0.0041807902454164,0.0,0.0642875625083858,0.0256176866236526,6,1.0,1.0,0.1666666666666666,10,0,2,8,8,2,1,0.6,0,0,0,0,0.0473950172751988,0.0548964013058374,0.0252513507587599,V7,0,2025-09,sin_switch,0,0,0,0,0.007501384030638603,0.0548964013058374,0.0296450505470775,0,0,,,,,,
2025-09-23,Matutino,0.0,0.0162186043243259,0.0093204779577101,0.0,0.0214285714285713,0.0106306832829046,0.0449999999999999,0.0539292502499991,0.0297745476447654,7,0.8571428571428571,1.0,0.0,12,0,3,10,6,3,1,0.3333333333333333,0,0,0,0,0.0250510953759536,0.023862591669276,0.0,V7,0,2025-09,sin_switch,0,0,0,0,0.0,0.0250510953759536,0.0250510953759536,0,0,,,,,,
2025-09-23,Vespertino,0.0,0.011507282898072,0.0099409111373219,0.0,0.0058274863271144,0.0040198067104389,0.0,0.1125,0.0628120960518819,6,1.0,0.5,0.1666666666666666,8,0,4,7,2,4,1,0.375,0,0,0,0,0.0232944809188746,0.0273252808269374,0.0219690360883997,V7,0,2025-09,sin_switch,0,0,0,0,0.0040307999080628,0.0273252808269374,0.005356244738537699,0,0,,,,,,
2025-09-23,Nocturno,0.0,0.2483409846358153,0.1015091869611268,0.0,0.0083333333333333,0.0056447457306012,0.0,0.0556595623285351,0.0419437662132717,6,1.0,0.4,0.1666666666666666,5,0,5,4,4,3,2,0.2,0,0,0,0,0.0213189350447918,0.0219722566262457,0.0213189350447918,V7,0,2025-09,sin_switch,0,0,0,0,0.0006533215814539008,0.0219722566262457,0.0006533215814539008,0,0,,,,,,
2025-09-24,Previa,0.0,0.0,0.080053357935893,0.0,0.0,0.0052371901428582,0.0,0.0,0.0140474380285716,3,1.0,1.0,0.0,3,0,1,0,3,1,1,1.0,0,0,0,0,0.0,0.0228124411796062,0.0228124411796062,V7,0,2025-09,sin_switch,0,0,0,0,0.0228124411796062,0.0228124411796062,0.0228124411796062,0,0,,,,,,
2025-09-24,Primera,0.0162186043243259,0.280348347492418,0.1282002699211909,0.0053605369642814,0.0142513239641036,0.0054899541797082,0.0285721073928564,0.0457149645357135,0.0162939486622367,8,1.0,1.0,0.0,8,0,2,6,6,2,1,1.0,0,0,0,0,0.0843286358138239,0.0617279991794198,0.0268829196613577,V7,0,2025-09,sin_switch,0,0,0,0,0.0,0.0843286358138239,0.0574457161524662,0,0,,,,,,
2025-09-24,Matutino,0.0,0.4032867915306486,0.1727713267689067,0.0053605369642814,0.0184535123214271,0.006957844194799,0.0,0.027,0.0344955282316897,8,1.0,0.6666666666666666,0.0,10,0,3,7,3,3,1,0.6,0,0,0,0,0.0686148481814168,0.044409136140553,0.0221196783027018,V7,0,2025-09,sin_switch,0,0,0,0,0.0,0.0686148481814168,0.046495169878715006,0,0,,,,,,
2025-09-24,Vespertino,0.0,0.0,0.0733176257369996,0.0,0.0653490331128314,0.0294003042417449,0.039025974025974,0.0669047619047619,0.0251447617245494,6,0.8333333333333334,1.0,0.0,14,0,4,12,6,4,2,0.5714285714285714,0,0,0,0,0.0231652203914763,0.0229958754008392,0.052902308115379,V7,0,2025-09,sin_switch,0,0,0,0,0.0297370877239027,0.052902308115379,0.0299064327145398,0,0,,,,,,
2025-09-24,Nocturno,0.0,0.0246123882935513,0.0228524843007194,0.0,0.0353490331128315,0.0153947901051135,0.0,0.0450968600441002,0.0304528919287817,6,0.8333333333333334,0.8,0.0,5,0,5,4,3,5,2,0.2,0,0,0,0,0.0227920043055915,0.0545267867751356,0.023126124191507,V8,0,2025-09,switch_neutro,0,0,0,0,0.0317347824695441,0.0545267867751356,0.0317347824695441,1,0,,,,,,
2025-09-25,Previa,0.0,0.0089257420525683,0.0064923579731534,0.0,0.0101557006787506,0.0073869986255844,0.0,0.03453114013575,0.0220256502206202,4,1.0,1.0,0.0,4,0,1,0,4,1,1,1.0,0,0,0,0,0.0,0.0,0.0,V7,0,2025-09,sin_switch,0,0,0,0,0.0,0.0,0.0,0,0,,,,,,
2025-09-25,Primera,0.0,0.0704160572005037,0.0472699644293511,0.0167021883573235,0.0184890340120839,0.0064041692435139,0.0,0.0229688598642499,0.031559444107817,4,1.0,1.0,0.5,3,0,2,2,2,2,1,1.0,0,0,0,0,0.0716141531048376,0.0243110635022132,0.0243110635022132,V7,0,2025-09,sin_switch,0,0,0,0,0.0,0.0716141531048376,0.0473030896026244,0,0,,,,,,
2025-09-25,Matutino,0.0,0.0656431227073497,0.0344454639899021,0.0167021883573235,0.0232486760358964,0.0071388514463925,0.0,0.0856595623285352,0.0418586057328251,4,1.0,0.6666666666666666,0.5,5,0,3,4,4,3,2,0.2,0,0,0,1,0.0,0.0,0.0226205814577233,V7,0,2025-09,sin_switch,1,0,0,1,0.0226205814577233,0.0226205814577233,0.0226205814577233,0,0,,,,,,
2025-09-25,Vespertino,0.0,0.0,0.2272307260775242,0.0232486760358963,0.0232486760358963,0.0133295952151036,0.0346435359642849,0.06,0.0248390076594165,4,1.0,0.5,0.5,8,0,4,6,6,3,2,0.25,0,0,0,0,0.0246892741263448,0.0,0.0481150671115739,V7,0,2025-09,sin_switch,0,0,0,0,0.0234257929852291,0.0481150671115739,0.0481150671115739,0,0,,,,,,
2025-09-25,Nocturno,0.0,0.0,0.0,0.0232486760358963,0.0482486760358964,0.0197046166003007,0.0,0.0684031399558997,0.0379387278912947,4,1.0,0.4,0.5,6,0,5,5,1,5,2,0.5,0,0,0,0,0.0,0.0237783767276994,0.0749771794989434,V9,0,2025-09,switch_neutro,0,0,0,0,0.0749771794989434,0.0749771794989434,0.0749771794989434,0,1,,,,,,
2025-09-26,Previa,0.0,0.0,0.0081732099802561,0.0,0.0,0.0,0.0,0.0,0.0,4,1.0,1.0,0.0,4,0,1,0,4,1,1,1.0,0,0,0,0,0.0,0.0200959967609132,0.0200959967609132,V7,0,2025-09,sin_switch,0,0,0,0,0.0200959967609132,0.0200959967609132,0.0200959967609132,0,0,,,,,,
2025-09-26,Primera,0.0,0.0,1.2308996192977872e-05,1.1102230246251563e-16,1.1102230246251563e-16,0.0052253309260623,0.0,0.1007149645357134,0.0498293714999099,2,1.0,1.0,1.0,14,0,2,10,10,2,1,1.0,0,1,1,1,0.0219737278500364,0.0,0.0,V7,1,2025-09,sin_switch,0,1,1,0,0.0,0.0219737278500364,0.0219737278500364,0,0,,,,,,
2025-09-26,Matutino,0.0,0.0305747745950553,0.0170499383051326,1.1102230246251563e-16,1.1102230246251563e-16,0.0052253309260623,0.0,0.0496595623285353,0.0295761168110113,2,1.0,0.6666666666666666,1.0,5,0,3,3,3,3,2,0.4,0,0,1,0,0.0207807304282755,0.0211313989078017,0.0561400608672618,V9,0,2025-09,switch_neutro,1,0,0,1,0.0353593304389863,0.0561400608672618,0.0353593304389863,0,1,,,,,,
2025-09-26,Vespertino,0.0,0.0790933256582935,0.0548348910239903,0.0,0.0,0.0052253309260622,0.0,0.1276907024642852,0.0501116450498226,14,1.0,0.5,0.0,5,0,4,4,4,3,2,0.2,0,0,0,0,0.0,0.0237936340803075,0.0,V7,0,2025-09,sin_switch,0,0,0,0,0.0237936340803075,0.0237936340803075,0.0237936340803075,0,0,,,,,,
2025-09-26,Nocturno,0.0,0.0162186043243259,0.0064874417297303,0.0,0.0,0.0052253309260622,0.0,0.0522625835833325,0.0814793571197878,14,1.0,0.4,0.0,9,0,5,8,8,3,2,0.1111111111111111,0,0,0,0,0.0466755612003959,0.0235794449997965,0.0228409472621656,V7,0,2025-09,sin_switch,0,0,0,0,0.0,0.0466755612003959,0.0238346139382303,0,0,,,,,,
2025-09-27,Previa,0.0,0.0089257420525683,0.0091525010708646,0.0,0.0,0.0030467102036251,0.0,0.0,0.010359342040725,4,1.0,1.0,0.0,4,0,1,0,4,1,1,1.0,0,1,1,1,0.0190598778790302,0.0,0.0,V7,1,2025-09,sin_switch,1,1,1,1,0.0,0.0190598778790302,0.0190598778790302,0,0,,,,,,
2025-09-27,Primera,0.0,0.088462961045832,0.0435226225107343,0.0,0.011146844755508,0.0076192407764897,0.0,0.0206208958417191,0.0088580867913525,6,1.0,1.0,0.1666666666666666,9,1,1,9,9,2,2,0.4444444444444444,0,0,0,0,0.0916040952978814,0.0475697508535994,0.0242556652570425,V7,0,2025-09,sin_switch,0,0,0,0,0.0,0.0916040952978814,0.0673484300408389,0,0,,,,,,
2025-09-27,Matutino,0.0089257420525683,0.2153608639887663,0.1201296410324991,0.0,0.011146844755508,0.0076192407764897,0.0,0.0535457708249476,0.0267837260461428,6,1.0,0.6666666666666666,0.1666666666666666,6,0,3,5,4,3,1,0.3333333333333333,0,0,0,0,0.0219997689214103,0.0223571606220364,0.0,V7,0,2025-09,sin_switch,0,0,0,0,0.0003573917006260974,0.0223571606220364,0.0223571606220364,0,0,,,,,,
2025-09-27,Vespertino,0.0338919144154887,0.4861832915394695,0.188714568289578,0.0,0.0457978116426764,0.0252106623309011,0.0,0.0025,0.005245982334835,5,0.8,1.0,0.2,8,0,4,4,2,4,2,0.75,0,0,0,0,0.0269848421145579,0.0432160896718526,0.0215172325136054,V7,0,2025-09,sin_switch,0,0,0,0,0.0162312475572947,0.0432160896718526,0.021698857158247202,0,0,,,,,,
2025-09-27,Nocturno,0.0,0.0123732825203628,0.0065402572309412,0.0,0.0157978116426765,0.0124621768331517,0.0,0.043,0.0372132163494957,5,0.8,0.8,0.2,10,1,4,10,4,5,2,0.2,0,0,0,0,0.0469460829884707,0.0512779843266804,0.051936334772311,V7,0,2025-09,sin_switch,0,0,0,0,0.004990251783840299,0.051936334772311,0.004990251783840299,0,0,,,,,,
2025-09-29,Primera,0.0,0.2116406777378046,0.1036823338548864,0.0,0.0,0.0,0.0,0.0,5.551115123125783e-17,2,0.0,0.5,0.0,2,1,1,2,2,1,1,0.0,0,1,0,0,0.0,0.0193848517656273,0.0193848517656273,V7,1,2025-09,sin_switch,1,1,1,1,0.0193848517656273,0.0193848517656273,0.0193848517656273,0,0,,,,,,
2025-09-29,Matutino,0.0,0.3695645498627504,0.1761638058573622,0.0,0.0099999999999999,0.0039323773003882,0.0,0.0519928956618686,0.0301303260346157,5,0.0,0.6666666666666666,0.2,5,1,2,5,3,2,1,0.0,0,0,0,0,0.0,0.023557996812592,0.023557996812592,V7,0,2025-09,sin_switch,0,0,0,0,0.023557996812592,0.023557996812592,0.023557996812592,0,0,,,,,,
2025-09-29,Vespertino,0.2743084854265039,0.2804745126195946,0.1096757420351844,0.0,0.0,0.0008753720206544,0.0,0.0574999999999999,0.023647473376159,5,0.0,0.75,0.0,5,1,3,5,4,3,2,0.0,0,0,0,0,0.0,0.0236026942753407,0.0482567531941641,V9,0,2025-09,switch_neutro,0,0,0,0,0.0482567531941641,0.0482567531941641,0.0482567531941641,0,1,,,,,,
2025-09-29,Nocturno,0.0052272451907491,0.0214458495150751,0.0185632559069363,0.0,0.0,0.0012640539461151,0.0,0.024,0.011922248110151,8,0.0,0.8,0.0,8,1,4,8,5,4,1,0.0,0,0,0,0,0.0,0.0708956644619455,0.0327692770183404,V8,0,2025-09,switch_neutro,0,0,0,0,0.0708956644619455,0.0708956644619455,0.0708956644619455,1,0,,,,,,
2025-09-30,Previa,0.0,0.011507282898072,0.0046029131592288,0.0,0.0,1.1102230246251563e-16,0.0,0.0,0.0,3,1.0,1.0,0.0,3,0,1,0,3,1,1,1.0,0,0,0,0,0.0,0.0270383099068277,0.0270383099068277,V7,0,2025-09,sin_switch,0,0,0,0,0.0270383099068277,0.0270383099068277,0.0270383099068277,0,0,,,,,,
2025-09-30,Primera,0.0,0.0223846315174167,0.0287980974341893,0.0,0.0088025454342586,0.0058740485939422,0.0,0.098120895841719,0.056166915573152,6,1.0,1.0,0.0,9,0,2,8,8,2,1,0.7777777777777778,0,0,0,0,0.0233080811494197,0.022449863902971,0.0,V7,0,2025-09,sin_switch,0,0,0,0,0.0,0.0233080811494197,0.0233080811494197,0,0,,,,,,
2025-09-30,Matutino,0.0,0.0162186043243259,0.0064874417297303,0.0,0.0088025454342586,0.0058740485939422,0.0,0.0478571428571429,0.0237617792950003,6,1.0,0.6666666666666666,0.0,7,0,3,6,3,3,1,0.4285714285714285,0,0,0,0,0.0,0.0502881990520466,0.0723561679655633,V9,0,2025-09,switch_neutro,0,0,0,0,0.0723561679655633,0.0723561679655633,0.0723561679655633,0,1,,,,,,
2025-09-30,Vespertino,0.0,0.0663560585433451,0.0501313525597571,0.0,0.0113083924404774,0.0066385774000735,0.0,0.0313643151850641,0.0195713000041332,7,0.8571428571428571,0.75,0.0,11,0,4,10,2,4,2,0.6363636363636364,0,0,0,0,0.0226253425488276,0.0479921569025716,0.0693595834898475,V9,0,2025-09,switch_neutro,0,0,0,0,0.0467342409410199,0.0693595834898475,0.0467342409410199,0,1,,,,,,
2025-09-30,Nocturno,0.0,0.011507282898072,0.0611297370563267,0.0088025454342586,0.012494152993781,0.0040979296445391,0.0814999999999999,0.0952875625083857,0.0330150968909542,6,1.0,0.4,0.0,10,0,5,8,4,4,1,0.2,0,0,0,0,0.0236132550857809,0.0471082155176485,0.0231949422638576,V7,0,2025-09,sin_switch,0,0,0,0,0.023494960431867603,0.0471082155176485,0.023913273253790904,0,0,,,,,,
2025-10-01,Previa,0.0,0.0089257420525683,0.0065785646443579,0.0,0.0,0.0030467102036251,0.0,0.0,0.010359342040725,4,1.0,1.0,0.0,4,0,1,0,4,1,1,1.0,0,0,0,0,0.0190887798581221,0.0,0.0,V7,0,2025-10,sin_switch,0,0,0,0,0.0,0.0190887798581221,0.0190887798581221,0,0,,,,,,
2025-10-01,Primera,0.0,0.0204330249506403,0.0081732099802561,0.0,0.0,0.0016808753429293,0.0,0.0433502647928207,0.0177358078141285,4,1.0,1.0,0.25,10,1,1,10,10,2,2,0.4,0,0,1,0,0.0580027807911879,0.0233766661391694,0.0467334826239319,V7,0,2025-10,sin_switch,0,0,0,0,0.0,0.0580027807911879,0.034626114652018494,0,0,,,,,,
2025-10-01,Matutino,0.0,0.0162186043243259,0.0064874417297303,0.0,0.0042021883573234,0.0039365701968206,0.0,0.0856595623285352,0.0355143584724872,4,1.0,0.6666666666666666,0.25,5,0,3,4,4,3,2,0.2,0,0,0,0,0.0,0.0432331896102063,0.0228054738981901,V8,0,2025-10,switch_neutro,0,0,0,0,0.0432331896102063,0.0432331896102063,0.0432331896102063,1,0,,,,,,
2025-10-01,Vespertino,0.0,0.0204330249506403,0.0081732099802561,0.0,0.0107486760358962,0.0047567947662389,0.0,0.035,0.0196413036355443,4,1.0,0.5,0.25,6,1,3,6,4,4,2,0.3333333333333333,0,0,0,0,0.03001283404098,0.0522687105706456,0.0520995835142667,V7,0,2025-10,sin_switch,0,0,0,0,0.022255876529665604,0.0522687105706456,0.022255876529665604,0,0,,,,,,
2025-10-01,Nocturno,0.0,0.011507282898072,0.0046029131592288,0.0,0.0107486760358962,0.0123981763154445,0.0,0.035,0.0282922051034344,4,1.0,0.4,0.25,8,1,4,8,4,4,1,0.25,0,0,0,0,0.0,0.0502863075822918,0.0450370682800972,V8,0,2025-10,switch_neutro,0,0,0,0,0.0502863075822918,0.0502863075822918,0.0502863075822918,1,0,,,,,,
2025-10-02,Previa,0.0,0.0,8.881784197001252e-16,0.0,0.0,0.0,0.0,0.0,0.0,2,1.0,1.0,0.0,2,0,1,0,2,1,1,1.0,0,0,0,0,0.0,0.0285689383382658,0.0285689383382658,V7,0,2025-10,sin_switch,0,0,0,0,0.0285689383382658,0.0285689383382658,0.0285689383382658,0,0,,,,,,
2025-10-02,Primera,0.0,0.0695361616828886,0.0518195547160179,0.0,0.0107486760358963,0.0044399549517602,0.0,0.0613092975357144,0.0394423612101189,4,1.0,1.0,0.25,5,0,2,4,4,2,1,1.0,0,0,0,0,0.0246076668832847,0.0438342360909779,0.0220674500553071,V7,0,2025-10,sin_switch,0,0,0,0,0.0192265692076932,0.0438342360909779,0.021766786035670796,0,0,,,,,,
2025-10-02,Matutino,0.0,0.225671997648571,0.1202047582139448,0.0,0.0107486760358963,0.0044399549517602,0.0,0.0057385477857136,0.0238985402905175,4,1.0,0.6666666666666666,0.25,5,0,3,4,3,3,1,0.4,0,0,0,0,0.0457093132081404,0.0234896311292708,0.048348753918638,V7,0,2025-10,sin_switch,0,0,0,0,0.002639440710497598,0.048348753918638,0.0248591227893672,0,0,,,,,,
2025-10-02,Vespertino,0.0,0.0204330249506403,0.0529757117756402,0.0,0.0107486760358962,0.0076728269205669,0.0,0.0899999999999999,0.046228973123063,4,1.0,0.5,0.25,8,0,4,7,1,4,1,0.125,0,0,0,0,0.0236348125513155,0.0502622913831099,0.0,V7,0,2025-10,sin_switch,0,0,0,0,0.0266274788317944,0.0502622913831099,0.0502622913831099,0,0,,,,,,
2025-10-02,Nocturno,0.0,0.0162186043243259,0.0757718630681919,0.0,0.0181044792085955,0.0093720995891624,0.0,0.0401954840162329,0.0288308584504066,2,1.0,0.4,0.5,11,0,5,10,3,5,1,0.0909090909090909,0,0,0,0,0.0,0.0253090671665838,0.0747419380927288,V9,0,2025-10,switch_neutro,0,0,0,0,0.0747419380927288,0.0747419380927288,0.0747419380927288,0,1,,,,,,
2025-10-03,Previa,0.0,0.0,8.881784197001252e-16,0.0,0.0101557006787506,0.0073869986255844,0.0,0.03453114013575,0.0220256502206202,4,1.0,1.0,0.0,4,0,1,0,4,1,1,1.0,0,0,0,0,0.0,0.0,0.0,V7,0,2025-10,sin_switch,0,0,0,0,0.0,0.0,0.0,0,0,,,,,,
2025-10-03,Primera,0.2891473528660579,0.2891473528660579,0.086801588129848,0.020953512321427,0.0374999999999999,0.0119563635558501,0.0303502647928207,0.0861907024642855,0.03186536042024,8,1.0,1.0,0.25,8,1,1,8,8,2,2,1.0,0,0,0,0,0.1493252734839381,0.0478135184445329,0.0470820524393965,V7,0,2025-10,sin_switch,0,0,0,0,0.0,0.1493252734839381,0.10224322104454159,0,0,,,,,,
2025-10-03,Matutino,0.0,0.010052577131236,0.1797761201853831,0.020953512321427,0.0374999999999999,0.0119563635558501,0.0,0.1720169314594873,0.068835226865052,8,1.0,0.6666666666666666,0.25,9,0,3,7,7,3,2,0.2222222222222222,0,0,0,0,0.0231947942851481,0.0235478973828178,0.0235478973828178,V7,0,2025-10,sin_switch,0,0,0,0,0.00035310309766969916,0.0235478973828178,0.00035310309766969916,0,0,,,,,,
2025-10-03,Vespertino,0.0,0.0513257078651951,0.023528020794223,0.020953512321427,0.0374999999999998,0.0119563635558501,0.0,0.0468181818181817,0.0412693665029676,8,1.0,0.5,0.25,11,0,4,9,9,3,2,0.1818181818181818,0,0,0,0,0.0501147159298205,0.0,0.0247743740739211,V7,0,2025-10,sin_switch,0,0,0,0,0.0,0.0501147159298205,0.0501147159298205,0,0,,,,,,
2025-10-03,Nocturno,0.0,0.1535708612293724,0.0749009758291685,0.020953512321427,0.0374999999999998,0.0119563635558501,0.0,0.0171435359642849,0.0191382922583405,8,1.0,0.4,0.25,9,1,4,9,6,4,2,0.3333333333333333,0,0,0,0,0.0510059334069638,0.0483551470227525,0.0463765639892436,V7,0,2025-10,sin_switch,0,0,0,0,0.0,0.0510059334069638,0.0046293694177202,0,0,,,,,,
2025-10-04,Previa,0.0,0.0162186043243259,0.0074322981982761,0.0,0.0153135114221747,0.007502057830922,0.0,0.0030627022844349,0.0015004115661844,6,1.0,1.0,0.0,6,0,1,0,6,1,1,1.0,0,0,0,0,0.0282624532356311,0.0,0.0,V7,0,2025-10,sin_switch,0,0,0,0,0.0,0.0282624532356311,0.0282624532356311,0,0,,,,,,
2025-10-04,Primera,0.1064648779922938,0.1403567924077826,0.0829328624860266,0.0,0.0053605369642814,0.0056878388942933,0.0,0.0732149645357135,0.0316302176850617,12,1.0,1.0,0.0,9,0,2,7,7,2,1,1.0,0,0,0,0,0.0514126760794042,0.0309414595092564,0.0,V7,0,2025-10,sin_switch,0,0,0,0,0.0,0.0514126760794042,0.0514126760794042,0,0,,,,,,
2025-10-04,Matutino,0.0,0.0175073645380825,0.011569103293952,0.0,0.0135621874580711,0.0066374003345317,0.0,0.0322875625083857,0.0173210213782174,6,0.8333333333333334,1.0,0.3333333333333333,9,0,3,7,2,3,1,0.6666666666666666,0,0,0,0,0.0240421345489082,0.0738916924839956,0.0835414341996854,V9,0,2025-10,switch_neutro,0,0,0,0,0.0594992996507772,0.0835414341996854,0.0594992996507772,0,1,,,,,,
2025-10-04,Vespertino,0.0,0.6249139162036288,0.2976387861172249,0.0,0.0053605369642814,0.0060656688196009,0.0,0.1225006788214277,0.0723686032811821,12,1.0,0.5,0.0,8,0,4,7,3,4,2,0.5,0,0,0,0,0.0267109571382348,0.0,0.0,V7,0,2025-10,sin_switch,0,0,0,0,0.0,0.0267109571382348,0.0267109571382348,0,0,,,,,,
2025-10-04,Nocturno,0.0,0.1994166031056137,0.0887210690625902,0.0,0.0703605369642814,0.0296828992184709,0.0,0.0138333333333332,0.0239225701602176,10,0.9,0.8,0.0,9,0,5,8,2,5,2,0.4444444444444444,0,0,0,0,0.023899475088126,0.0200642159941835,0.0467319866021069,V7,0,2025-10,sin_switch,0,0,0,0,0.022832511513980903,0.0467319866021069,0.026667770607923403,0,0,,,,,,
2025-10-06,Primera,0.0,0.0089257420525683,0.0075326691721207,0.0,0.0153135114221747,0.007502057830922,0.0,0.0580627022844348,0.0284447987367993,6,0.0,0.5,0.0,6,1,1,6,6,1,1,0.0,0,0,0,0,0.0,0.0181711534046369,0.0181711534046369,V7,0,2025-10,sin_switch,0,0,0,0,0.0181711534046369,0.0181711534046369,0.0181711534046369,0,0,,,,,,
2025-10-06,Matutino,0.0725729635768051,0.0860318530416535,0.0301021405944005,0.0107176798214242,0.0125,0.003698595185438,0.0324999999999999,0.0553333333333332,0.0180848914147599,8,0.0,0.6666666666666666,0.25,8,1,2,8,6,2,1,0.0,0,0,0,0,0.0,0.0486306748717795,0.0255208928124102,V8,0,2025-10,switch_neutro,0,0,0,0,0.0486306748717795,0.0486306748717795,0.0486306748717795,1,0,,,,,,
2025-10-06,Vespertino,0.0,0.2746069547685286,0.1373116405855446,0.0,0.0,0.0005076574134027,0.0,0.065,0.0261067041198233,8,0.0,0.75,0.125,13,1,3,13,4,3,1,0.0,0,0,0,0,0.021482582319632,0.0758552321674564,0.0237702303197263,V8,0,2025-10,switch_neutro,0,0,0,0,0.0543726498478244,0.0758552321674564,0.0543726498478244,1,0,,,,,,
2025-10-06,Nocturno,0.0,0.5633654937675567,0.29267865549887,0.0,0.0055555555555555,0.0035211999537969,0.0,0.0324999999999999,0.0197681677033696,9,0.0,0.8,0.1111111111111111,11,1,4,11,2,4,1,0.0,0,0,0,0,0.0222878339048154,0.0229205725759,0.0222070596961572,V7,0,2025-10,sin_switch,0,0,0,0,0.0006327386710846018,0.0229205725759,0.0007135128797428024,0,0,,,,,,
2025-10-07,Previa,0.0,0.0314022121697457,0.0134959857519712,0.0,0.0060772755776474,0.0087795503806178,0.0,0.0012154551155294,0.0017559100761235,7,1.0,1.0,0.0,7,0,1,0,7,1,1,1.0,0,0,0,0,0.0365395221639934,0.0,0.0,V7,0,2025-10,sin_switch,0,0,0,0,0.0,0.0365395221639934,0.0365395221639934,0,0,,,,,,
2025-10-07,Primera,0.0,0.0089257420525683,0.1020712896407697,0.0,0.0017823201785757,0.0012637225473281,0.0036907024642854,0.0036907024642854,0.0291415597717355,7,1.0,1.0,0.1428571428571428,8,0,2,4,4,2,1,1.0,0,0,0,0,0.0246307659481265,0.0289554309489784,0.0,V7,0,2025-10,sin_switch,0,0,0,0,0.0043246650008519,0.0289554309489784,0.0289554309489784,0,0,,,,,,
2025-10-07,Matutino,0.3859827069677255,0.4137085941901235,0.1327060611009959,0.0,0.0017823201785757,0.0012637225473281,0.0166666666666666,0.0670169314594872,0.0335403792939341,7,1.0,0.6666666666666666,0.1428571428571428,8,1,2,8,6,3,1,0.25,0,0,0,0,0.0232908862812995,0.0279724633605075,0.0222129884516789,V7,0,2025-10,sin_switch,0,0,0,0,0.004681577079207997,0.0279724633605075,0.0057594749088286,0,0,,,,,,
2025-10-07,Vespertino,0.0,0.1256271786168588,0.0490320780262443,0.0,0.0451132006128286,0.0183320833511682,0.0,0.046929740829815,0.0393903299491385,6,0.8333333333333334,1.0,0.0,7,0,4,6,2,4,2,0.7142857142857143,0,0,0,0,0.0323139006980817,0.0557257664863038,0.0327168942910783,V7,0,2025-10,sin_switch,0,0,0,0,0.023411865788222096,0.0557257664863038,0.023411865788222096,0,0,,,,,,
2025-10-07,Nocturno,0.0,0.1242372289454927,0.0484816748109633,0.0,0.0151132006128287,0.0066955444213572,0.0,0.1080116678324168,0.0558728735607849,6,0.8333333333333334,0.8,0.0,13,0,5,10,6,5,1,0.3846153846153846,0,0,0,0,0.0486341147188666,0.0,0.0,V7,0,2025-10,sin_switch,0,0,0,0,0.0,0.0486341147188666,0.0486341147188666,0,0,,,,,,
2025-10-08,Previa,0.0,0.0,8.881784197001252e-16,0.0,0.0,0.0,0.0,0.0,0.0,2,1.0,1.0,0.0,2,0,1,0,2,1,1,1.0,0,0,0,0,0.0,0.0285689383382658,0.0285689383382658,V7,0,2025-10,sin_switch,0,0,0,0,0.0285689383382658,0.0285689383382658,0.0285689383382658,0,0,,,,,,
2025-10-08,Primera,0.0,0.0162186043243259,0.007945460986939,0.0,0.0029843002205017,0.0011937200882007,0.0,0.0070588235294117,0.0295655934584812,5,1.0,1.0,0.2,17,0,2,15,15,2,1,0.5882352941176471,0,0,0,0,0.0,0.1020732589427317,0.0,V8,0,2025-10,switch_neutro,0,0,0,0,0.1020732589427317,0.1020732589427317,0.1020732589427317,1,0,,,,,,
2025-10-08,Matutino,0.3501510471108204,0.3590767891633888,0.1921061367672219,0.0,0.0275058470062188,0.010766130704707,0.0,0.0499999999999999,0.0325688546143952,7,0.8571428571428571,1.0,0.0,9,0,3,8,6,3,1,0.3333333333333333,0,0,0,0,0.0697694201134619,0.0461855183597063,0.0493493837652876,V7,0,2025-10,sin_switch,0,0,0,0,0.0,0.0697694201134619,0.023583901753755604,0,0,,,,,,
2025-10-08,Vespertino,0.0,0.0305747745950553,0.0381803368944657,0.0,0.0029843002205017,0.0013532903391696,0.0,0.0011145510835914,0.0028795831900147,5,1.0,0.5,0.2,17,0,4,15,0,2,0,0.5882352941176471,1,0,0,0,0.0244753131463963,0.0,0.0490776984434126,V7,0,2025-10,sin_switch,0,0,0,0,0.0246023852970163,0.0490776984434126,0.0490776984434126,0,0,,,,,,
2025-10-08,Nocturno,0.0,0.067979778915963,0.0368726386746316,0.0,0.0029843002205017,0.0015726564616345,0.0,0.1076907024642853,0.0417485977411241,5,1.0,0.4,0.2,5,0,5,4,4,3,2,0.2,0,0,0,0,0.0226499546926572,0.0234202338381837,0.0221889452202105,V7,0,2025-10,sin_switch,0,0,0,0,0.0007702791455265028,0.0234202338381837,0.001231288617973201,0,0,,,,,,
2025-10-09,Previa,0.0,0.0,8.881784197001252e-16,0.0,0.0,0.0,0.0,0.0,0.0,2,1.0,1.0,0.0,2,0,1,0,2,1,1,1.0,0,0,0,0,0.0,0.0285689383382658,0.0285689383382658,V7,0,2025-10,sin_switch,0,0,0,0,0.0285689383382658,0.0285689383382658,0.0285689383382658,0,0,,,,,,
2025-10-09,Primera,0.0,0.0162186043243259,0.0850182990484916,0.0,0.0042021883573234,0.0034471942229764,0.0,0.1141666666666666,0.0585389287486027,4,1.0,1.0,0.25,8,0,2,7,7,2,1,0.75,0,0,0,0,0.0239296591043343,0.0219978857584046,0.0,V7,0,2025-10,sin_switch,1,0,0,1,0.0,0.0239296591043343,0.0239296591043343,0,0,,,,,,
2025-10-09,Matutino,0.150234375732114,0.3313509019409917,0.1706413065921483,0.0,0.0065464876785729,0.0035511554799641,0.0,0.1235638716856786,0.0550968657862107,1,1.0,0.6666666666666666,1.0,7,0,3,5,5,3,2,0.2857142857142857,0,0,0,0,0.0,0.0,0.0458933213743288,V9,0,2025-10,switch_neutro,0,0,0,0,0.0458933213743288,0.0458933213743288,0.0458933213743288,0,1,,,,,,
2025-10-09,Vespertino,0.5129869953829171,0.5244942782809892,0.1603315640756072,0.0,0.0065464876785727,0.0038328161204798,0.0,0.0244372977155651,0.0345256821718458,1,1.0,0.5,1.0,4,0,4,3,2,4,2,0.5,0,0,0,0,0.0,0.0786781121291531,0.046796295981019,V8,0,2025-10,switch_neutro,0,0,0,0,0.0786781121291531,0.0786781121291531,0.0786781121291531,1,0,,,,,,
2025-10-09,Nocturno,0.6576321145597213,0.6576321145597213,0.2074092057837588,0.0,0.0440498817857114,0.0203328597622379,0.0,0.0272875625083857,0.0218430879029839,5,0.8,0.8,0.2,9,0,5,8,1,4,2,0.6666666666666666,0,0,0,0,0.025510789436063,0.0272050847373917,0.0248565207434854,V7,0,2025-10,sin_switch,0,0,0,0,0.0016942953013287,0.0272050847373917,0.002348563993906299,0,0,,,,,,
2025-10-10,Previa,0.0,0.0,8.881784197001252e-16,0.0,0.0,0.0,0.0,0.0,0.0,4,1.0,1.0,0.0,4,0,1,0,4,1,1,1.0,0,0,0,0,0.0166349445959084,0.0202799905058976,0.0202799905058976,V7,0,2025-10,sin_switch,0,0,0,0,0.003645045909989198,0.0202799905058976,0.003645045909989198,0,0,,,,,,
2025-10-10,Primera,0.0,0.0,0.0032608565999613,0.0,0.0055555555555555,0.0023671706559782,0.004,0.0625000000000001,0.034754280311927,9,1.0,1.0,0.1111111111111111,12,0,2,10,10,2,1,0.8333333333333334,0,0,0,0,0.0,0.0265399429195054,0.0,V7,0,2025-10,sin_switch,0,0,0,0,0.0265399429195054,0.0265399429195054,0.0265399429195054,0,0,,,,,,
2025-10-10,Matutino,0.0,0.0204330249506403,0.0123722694047355,0.0,0.0055555555555555,0.0023671706559782,0.0,0.0051185950714291,0.0200813068337869,9,1.0,0.6666666666666666,0.1111111111111111,3,0,3,2,1,3,1,0.6666666666666666,0,0,0,0,0.0,0.0490067657677442,0.0742522483741722,V9,0,2025-10,switch_neutro,0,0,0,0,0.0742522483741722,0.0742522483741722,0.0742522483741722,0,1,,,,,,
2025-10-10,Vespertino,0.0,0.0204330249506403,0.076370787917779,0.0344444444444443,0.0399999999999999,0.0136246158043405,0.0,0.2016907024642853,0.0913057523985687,10,0.8,1.0,0.0,16,0,4,12,7,4,2,0.5625,0,0,0,0,0.0233313086193744,0.0242270313184379,0.0242270313184379,V7,0,2025-10,sin_switch,0,0,0,0,0.0008957226990634996,0.0242270313184379,0.0008957226990634996,0,0,,,,,,
2025-10-10,Nocturno,0.0,0.0162186043243259,0.0106854242196498,0.0044444444444444,0.01,0.0065207862297253,0.0,0.06,0.0536212766096272,10,0.8,0.8,0.0,12,0,5,10,6,4,2,0.5,0,0,0,0,0.049855191357894,0.0,0.0472237604860956,V7,0,2025-10,sin_switch,0,0,0,0,0.0,0.049855191357894,0.049855191357894,0,0,,,,,,
2025-10-11,Previa,0.0,0.0,8.881784197001252e-16,0.0,0.0254692121009253,0.0101876848403701,0.0,0.037593842420185,0.015037536968074,6,1.0,1.0,0.0,6,0,1,0,6,1,1,1.0,0,0,0,0,0.0183640072483145,0.0,0.0,V7,0,2025-10,sin_switch,0,0,0,0,0.0,0.0183640072483145,0.0183640072483145,0,0,,,,,,
2025-10-11,Primera,0.0162186043243259,0.1608739459257862,0.0824858616157543,1.1102230246251563e-16,0.0142513239641037,0.006801943051111,0.0,0.0030627022844349,0.0261894185925825,2,1.0,1.0,1.0,6,0,2,3,3,2,1,1.0,0,0,0,0,0.0440035782348354,0.0456271761772257,0.0464502587131815,V7,0,2025-10,sin_switch,0,0,0,0,0.0024466804783460985,0.0464502587131815,0.0024466804783460985,0,0,,,,,,
2025-10-11,Matutino,0.3627526196508031,0.3798166797746347,0.1143562872010905,1.1102230246251563e-16,0.0142513239641037,0.006801943051111,0.0,0.0522875625083858,0.0202741856117146,2,1.0,0.6666666666666666,1.0,8,0,3,7,7,3,2,0.125,0,0,0,0,0.0,0.0488929059001078,0.0269571774165643,V8,0,2025-10,switch_neutro,0,0,0,0,0.0488929059001078,0.0488929059001078,0.0488929059001078,1,0,,,,,,
2025-10-11,Vespertino,0.0,0.0162186043243259,0.0312763996798151,0.0,0.0803193584283935,0.0317448106538122,0.0,0.0417850354642864,0.0225505183904899,7,0.8571428571428571,1.0,0.0,7,0,4,4,1,4,2,0.8571428571428571,0,0,0,0,0.0214861886723112,0.0203369472549823,0.0451087207469468,V7,0,2025-10,sin_switch,0,0,0,0,0.0236225320746356,0.0451087207469468,0.0247717734919645,0,0,,,,,,
2025-10-11,Nocturno,0.2433610946523376,0.3039145377504644,0.0929093683459736,0.0,0.034521546785717,0.017133013168594,0.0,0.0431666666666665,0.0366808092313665,7,0.8571428571428571,0.8,0.0,10,0,5,9,6,5,2,0.2,0,0,0,0,0.078135384221996,0.047429910720792,0.0781215522347938,V7,0,2025-10,sin_switch,0,0,0,0,0.0,0.078135384221996,0.030705473501203992,0,0,,,,,,
2025-10-13,Primera,0.0,0.0,0.0078145837242836,0.0114378125419288,0.0184535123214271,0.0075725540873339,0.0572875625083859,0.0861907024642856,0.0321289454180861,8,0.0,0.5,0.0,8,1,1,8,8,1,1,0.0,0,0,0,0,0.0216095237002613,0.0,0.0,V7,0,2025-10,sin_switch,0,0,0,0,0.0,0.0216095237002613,0.0216095237002613,0,0,,,,,,
2025-10-13,Matutino,0.010052577131236,0.0439444915467248,0.1054725095479218,0.0052288541247377,0.0052288541247377,0.0042587495494967,0.0285721073928563,0.0649999999999999,0.0393857893427311,6,0.0,0.6666666666666666,0.3333333333333333,12,1,2,12,10,2,1,0.0,0,0,0,0,0.0703479644564068,0.081666810562034,0.0224163504918079,V7,0,2025-10,sin_switch,0,0,0,0,0.011318846105627195,0.081666810562034,0.059250460070226094,0,0,,,,,,
2025-10-13,Vespertino,0.0204330249506403,0.4727244020746211,0.2075640624041735,0.0,0.0,0.0034490329880873,0.0,0.0649999999999999,0.0454278487102001,9,0.0,0.75,0.0,9,1,3,9,3,3,1,0.0,0,0,0,0,0.0,0.0460887975794661,0.0465273113761106,V9,0,2025-10,switch_neutro,0,0,0,0,0.0465273113761106,0.0465273113761106,0.0465273113761106,0,1,,,,,,
2025-10-13,Nocturno,0.0,0.1242015772412239,0.0497439775243215,0.0,0.0038461538461538,0.0015253603284359,0.0,0.0325,0.0205413846803165,13,0.0,0.8,0.0769230769230769,13,1,4,13,4,4,1,0.0,0,0,0,0,0.0450577901384951,0.0757521131645033,0.0249916902527374,V8,0,2025-10,switch_neutro,0,0,0,0,0.030694323026008198,0.0757521131645033,0.0507604229117659,1,0,,,,,,
2025-10-14,Previa,0.0,0.0,8.881784197001252e-16,0.0,0.0101557006787506,0.0073869986255844,0.0,0.03453114013575,0.0220256502206202,4,1.0,1.0,0.0,4,0,1,0,4,1,1,1.0,0,0,0,0,0.0,0.0,0.0,V7,0,2025-10,sin_switch,0,0,0,0,0.0,0.0,0.0,0,0,,,,,,
2025-10-14,Primera,0.0,0.0,0.0155662531433724,0.0070156997794982,0.0070156997794982,0.0021047099338494,0.0254031399558996,0.0974031399558996,0.0456509583768284,6,1.0,1.0,0.0,6,0,2,4,4,2,1,1.0,0,0,0,0,0.0472907808445025,0.0481898144377029,0.0249172707044222,V7,0,2025-10,sin_switch,0,0,0,0,0.000899033593200399,0.0481898144377029,0.0232725437332807,0,0,,,,,,
2025-10-14,Matutino,0.0,0.1661587516047928,0.1317550527364162,0.0070156997794982,0.0070156997794982,0.0021047099338494,0.0,0.0109090909090908,0.0293644499117414,6,1.0,0.6666666666666666,0.0,11,0,3,10,8,3,1,0.1818181818181818,0,0,0,0,0.0232235592149935,0.0,0.0463976489160676,V7,0,2025-10,sin_switch,0,0,0,0,0.023174089701074103,0.0463976489160676,0.0463976489160676,0,0,,,,,,
2025-10-14,Vespertino,0.0,0.1258449740069744,0.0526056585143647,0.0070156997794982,0.0070156997794982,0.0021047099338494,0.0,0.0811907024642853,0.0386102690073565,6,1.0,0.5,0.0,15,0,4,14,4,4,1,0.0666666666666666,0,0,0,0,0.0,0.0223468325611882,0.0228434613972538,V7,0,2025-10,sin_switch,0,0,0,0,0.0228434613972538,0.0228434613972538,0.0228434613972538,0,0,,,,,,
2025-10-14,Nocturno,0.1196789468138836,0.1258449740069744,0.0411240395191514,0.0,0.0117868456547604,0.0060686619385775,0.0237362637362638,0.0809285714285713,0.0382069725605851,5,0.8,0.8,0.0,14,0,5,12,8,3,1,0.4285714285714285,0,0,0,0,0.0496022069364679,0.0,0.0469538519061968,V7,0,2025-10,sin_switch,0,0,0,0,0.0,0.0496022069364679,0.0496022069364679,0,0,,,,,,
2025-10-15,Previa,0.0,0.1912076527871642,0.0781003944664128,0.0153135114221747,0.0153135114221747,0.0079020146032802,0.0030627022844349,0.0030627022844349,0.017593180014482,6,1.0,1.0,0.0,6,0,1,0,6,1,1,1.0,0,0,0,0,0.0315359173102414,0.0,0.0,V7,0,2025-10,sin_switch,0,0,0,0,0.0,0.0315359173102414,0.0315359173102414,0,0,,,,,,
2025-10-15,Primera,0.0,0.0134588894648484,0.0072400131995263,0.0,0.0062499999999999,0.006497822220681,0.0,0.0849999999999998,0.0454791680453746,8,1.0,1.0,0.125,12,0,2,10,10,2,1,1.0,0,0,0,0,0.021797460226125,0.0243259477781667,0.0,V7,0,2025-10,sin_switch,0,0,0,0,0.0025284875520417,0.0243259477781667,0.0243259477781667,0,0,,,,,,
2025-10-15,Matutino,0.0,0.1067633473343185,0.0827520142519327,0.0,0.0444444444444445,0.0230878286831051,0.0018571428571427,0.0258571428571426,0.0321201272188664,9,0.8888888888888888,1.0,0.1111111111111111,14,0,3,12,2,3,1,0.8571428571428571,0,0,0,0,0.0236788970025142,0.0209637912201775,0.0505951433768391,V7,0,2025-10,sin_switch,0,0,0,0,0.026916246374324895,0.0505951433768391,0.029631352156661597,0,0,,,,,,
2025-10-15,Vespertino,0.0,0.1196789468138836,0.0507189685233499,0.0,0.0308822569863732,0.0138286925078355,0.0054545454545453,0.0649999999999999,0.0669361383081123,9,0.8888888888888888,0.75,0.1111111111111111,22,0,4,20,8,4,1,0.5454545454545454,0,0,0,0,0.0241330718898193,0.0,0.0,V7,0,2025-10,sin_switch,0,0,0,0,0.0,0.0241330718898193,0.0241330718898193,0,0,,,,,,
2025-10-15,Nocturno,0.0,0.0204330249506403,0.0487288281793074,0.0,0.0158822569863732,0.00987603515166,0.0,0.0658564640357151,0.0276601190286547,9,0.8888888888888888,0.6,0.1111111111111111,7,1,4,7,2,5,2,0.4285714285714285,0,0,0,0,0.0243190377508614,0.0588098060471988,0.028180851020456,V8,0,2025-10,switch_neutro,0,0,0,0,0.034490768296337404,0.0588098060471988,0.034490768296337404,1,0,,,,,,
2025-10-16,Previa,0.0,0.0,8.881784197001252e-16,0.0,0.0,0.0,0.0,0.0,0.0,2,1.0,1.0,0.0,2,0,1,0,2,1,1,1.0,0,0,0,0,0.0,0.0285689383382658,0.0285689383382658,V7,0,2025-10,sin_switch,0,0,0,0,0.0285689383382658,0.0285689383382658,0.0285689383382658,0,0,,,,,,
2025-10-16,Primera,0.0204330249506403,0.3632912097897032,0.176956985744016,0.0142513239641036,0.0142513239641036,0.007904480798517,0.0972875625083857,0.1426907024642854,0.0491880426618781,8,1.0,1.0,0.0,8,0,2,6,6,2,1,1.0,0,0,0,0,0.1196415641260778,0.0309119585279349,0.0309119585279349,V7,0,2025-10,sin_switch,0,0,0,0,0.0,0.1196415641260778,0.08872960559814291,0,0,,,,,,
2025-10-16,Matutino,0.0,0.0162186043243259,0.0115481694439893,0.0142513239641036,0.0184535123214271,0.0078122543375612,0.0722875625083858,0.1049999999999999,0.0380893192114101,8,1.0,0.6666666666666666,0.0,8,0,3,6,4,3,1,0.25,0,0,0,0,0.026927088900167,0.0,0.0,V7,0,2025-10,sin_switch,0,0,0,0,0.0,0.026927088900167,0.026927088900167,0,0,,,,,,
2025-10-16,Vespertino,0.0,0.0162186043243259,0.0107173128406605,0.0142513239641036,0.0249999999999999,0.0083376725713361,0.0,0.0822625835833326,0.0821651892637966,8,1.0,0.5,0.0,9,0,4,8,6,4,1,0.1111111111111111,0,0,0,0,0.0,0.0,0.0,V7,0,2025-10,sin_switch,0,0,0,0,0.0,0.0,0.0,0,0,,,,,,
2025-10-16,Nocturno,0.0,0.1314217526814092,0.0704465815891593,0.0142513239641036,0.0249999999999999,0.0083376725713361,0.1049999999999999,0.1180000000000001,0.0390957227773802,8,1.0,0.4,0.0,10,0,5,8,2,5,2,0.2,0,0,0,0,0.0,0.0,0.0,V7,0,2025-10,sin_switch,0,0,0,0,0.0,0.0,0.0,0,0,,,,,,
2025-10-17,Previa,0.0,0.0,8.881784197001252e-16,0.0,0.0184535123214271,0.0115881491507731,0.0,0.0361907024642853,0.0266254228878754,5,1.0,1.0,0.0,5,0,1,0,5,1,1,1.0,0,0,0,0,0.0,0.0,0.0,V7,0,2025-10,sin_switch,0,0,0,0,0.0,0.0,0.0,0,0,,,,,,
2025-10-17,Primera,0.0223846315174167,0.0970582219025191,0.1101598334824378,0.0044444444444444,0.01,0.0039849286302723,0.0199999999999999,0.0274999999999999,0.018784794705046,10,1.0,1.0,0.2,12,0,2,10,10,2,1,1.0,0,0,0,0,0.0707181011570905,0.078096888340614,0.0247701904627309,V7,0,2025-10,sin_switch,0,0,0,0,0.0073787871835235,0.078096888340614,0.0533266978778831,0,0,,,,,,
2025-10-17,Matutino,0.0248400072357428,0.0248400072357428,0.0389987234685044,0.0044444444444444,0.01,0.0047812223047196,0.0,0.063143535964285,0.0397844677500204,10,1.0,0.6666666666666666,0.2,10,0,3,8,2,3,1,0.8,0,0,0,0,0.0,0.0486318949507395,0.0497649940235534,V9,0,2025-10,switch_neutro,0,0,0,0,0.0497649940235534,0.0497649940235534,0.0497649940235534,0,1,,,,,,
2025-10-17,Vespertino,0.0,0.1370329143801392,0.0746107130833022,0.0044444444444444,0.0054545454545456,0.0040590588816061,0.0,0.0672727272727271,0.0389816013871166,10,1.0,0.5,0.2,11,0,4,9,1,4,1,0.7272727272727273,0,0,0,0,0.0236235018800604,0.0291754955130444,0.0294684312555804,V7,0,2025-10,sin_switch,0,0,0,0,0.005844929375519999,0.0294684312555804,0.005844929375519999,0,0,,,,,,
2025-10-17,Nocturno,0.0,0.0083937839692254,0.0219946201367126,0.0044444444444444,0.01,0.0075412671333988,0.0,0.0040714285714285,0.0183841889023751,10,1.0,0.4,0.2,14,0,5,12,3,5,1,0.5714285714285714,0,0,0,0,0.0,0.044536769941496,0.0805095166496626,V9,0,2025-10,switch_neutro,0,0,0,0,0.0805095166496626,0.0805095166496626,0.0805095166496626,0,1,,,,,,
2025-10-18,Previa,0.0,0.011507282898072,0.0046029131592288,0.0153135114221747,0.0254692121009253,0.0080334974994188,0.0030627022844349,0.037593842420185,0.0163111722917175,6,1.0,1.0,0.0,6,0,1,0,6,1,1,1.0,0,0,0,0,0.0747592024556564,0.0,0.0,V7,0,2025-10,sin_switch,0,0,0,0,0.0,0.0747592024556564,0.0747592024556564,0,0,,,,,,
2025-10-18,Primera,0.0134588894648484,0.0501105187398147,0.0919810947106563,0.0,0.0114378125419288,0.0080646907255993,0.0,0.0674999999999999,0.0496769390696984,12,1.0,1.0,0.0,12,0,2,10,10,2,1,1.0,0,0,0,0,0.021931155665735,0.0250872787412493,0.0,V7,0,2025-10,sin_switch,0,0,0,0,0.0031561230755143,0.0250872787412493,0.0250872787412493,0,0,,,,,,
2025-10-18,Matutino,0.0,0.254188573501688,0.1626980256432231,0.0,0.0114378125419288,0.0080646907255993,0.0,0.1302124374916143,0.059919063577915,12,1.0,0.6666666666666666,0.0,6,0,3,5,4,3,1,0.3333333333333333,0,0,0,0,0.0219358962329578,0.0,0.0,V7,0,2025-10,sin_switch,0,0,0,0,0.0,0.0219358962329578,0.0219358962329578,0,0,,,,,,
2025-10-18,Vespertino,0.0,0.2583883504442026,0.1085036911349368,0.0,0.0114378125419288,0.0080646907255993,0.0,0.0227124374916142,0.0157704381893138,12,1.0,0.5,0.0,6,1,3,6,5,3,2,0.0,0,0,0,0,0.0336309731422357,0.056873699345747,0.0229537973214923,V7,0,2025-10,sin_switch,0,0,0,0,0.023242726203511303,0.056873699345747,0.0339199020242547,0,0,,,,,,
2025-10-18,Nocturno,0.0,0.0439444915467248,0.0473994296384585,0.0,0.0084535123214271,0.0067339131407842,0.0,0.0414999999999999,0.0236081144371174,12,1.0,0.4,0.0,5,0,5,3,1,4,2,0.8,0,0,0,0,0.0231212787015788,0.0751617483465151,0.0238202470963068,V8,0,2025-10,switch_neutro,0,0,0,0,0.05204046964493629,0.0751617483465151,0.05204046964493629,1,0,,,,,,
2025-10-20,Primera,0.0,0.0,0.1036823338548865,0.0,0.0,0.0,0.0,0.0,5.551115123125783e-17,2,0.0,0.5,0.0,2,1,1,2,2,1,1,0.0,0,0,0,0,0.0,0.0183237361067581,0.0183237361067581,V7,0,2025-10,sin_switch,0,0,0,0,0.0183237361067581,0.0183237361067581,0.0183237361067581,0,0,,,,,,
2025-10-20,Matutino,0.1926238091069478,0.1973351305332036,0.1142256253229965,0.0,0.0093544792085956,0.0050619354899619,0.0,0.0572875625083857,0.0254315802450578,8,0.0,0.6666666666666666,0.125,8,1,2,8,7,2,1,0.0,0,0,0,0,0.0,0.0460563603906216,0.0235286712319683,V8,0,2025-10,switch_neutro,0,0,0,0,0.0460563603906216,0.0460563603906216,0.0460563603906216,1,0,,,,,,
2025-10-20,Vespertino,0.2161352757030323,0.2250610177556007,0.0845789138009953,0.0,0.0055555555555555,0.003925431836929,0.0,0.0634278926071436,0.0266991831331636,9,0.0,0.75,0.1111111111111111,7,1,3,7,6,3,2,0.0,0,0,0,0,0.0,0.0229026540368518,0.0471565122078842,V9,0,2025-10,switch_neutro,0,0,0,0,0.0471565122078842,0.0471565122078842,0.0471565122078842,0,1,,,,,,
2025-10-20,Nocturno,0.568438769827714,0.7015766061064461,0.2092242639000758,0.0,0.0166666666666666,0.0103747041197424,0.0,0.0332875625083858,0.036801983565794,6,0.0,0.8,0.3333333333333333,8,1,4,8,6,3,2,0.0,0,0,0,0,0.0,0.0261694454426076,0.0263244288183714,V7,0,2025-10,sin_switch,0,0,0,0,0.0263244288183714,0.0263244288183714,0.0263244288183714,0,0,,,,,,
2025-10-21,Previa,0.0,0.0,0.097399610353662,0.0,0.0114378125419288,0.0085026217156843,0.0,0.0022875625083857,0.0017005243431368,12,1.0,1.0,0.0,12,0,1,0,12,1,1,1.0,0,0,0,0,0.0212799379514851,0.0204724038469886,0.0,V7,0,2025-10,sin_switch,0,0,0,0,0.0,0.0212799379514851,0.0212799379514851,0,0,,,,,,
2025-10-21,Primera,0.0,0.3195815176128871,0.1468455094852223,0.005,0.005,0.0015,0.0549999999999999,0.0825,0.0497368072960056,20,1.0,1.0,0.1,20,0,2,8,8,2,1,1.0,0,0,0,0,0.0465568657274045,0.0556087142957629,0.0329639783757816,V7,0,2025-10,sin_switch,0,0,0,0,0.009051848568358396,0.0556087142957629,0.0226447359199813,0,0,,,,,,
2025-10-21,Matutino,0.0338919144154887,0.3605314949302247,0.1719369770015874,0.005,0.005,0.0015,0.0,0.0174999999999999,0.0209191727221704,20,1.0,0.6666666666666666,0.1,3,0,3,2,2,3,2,0.3333333333333333,0,0,0,0,0.0480175949993906,0.0494622587519066,0.0,V7,0,2025-10,sin_switch,0,0,0,0,0.0014446637525159997,0.0494622587519066,0.0494622587519066,0,0,,,,,,
2025-10-21,Vespertino,0.0338919144154887,0.3815875858079831,0.1785355042686685,0.0,0.0376470588235293,0.0167685236593735,0.0,0.0398333333333333,0.023768369508481,17,0.9411764705882352,0.75,0.0,9,0,4,8,6,4,1,0.1111111111111111,0,0,0,0,0.0234463930686494,0.0,0.0272359646739822,V7,0,2025-10,sin_switch,0,0,0,0,0.0037895716053327998,0.0272359646739822,0.0272359646739822,0,0,,,,,,
2025-10-21,Nocturno,0.0,0.5071355575412451,0.2013303758008193,0.0,0.0226470588235294,0.0111329926348578,0.0,0.004,0.0263161735770141,17,0.9411764705882352,0.6,0.0,10,0,5,9,3,4,1,0.2,0,0,0,0,0.0,0.0,0.0279263244921189,V7,0,2025-10,sin_switch,0,0,0,0,0.0279263244921189,0.0279263244921189,0.0279263244921189,0,0,,,,,,
2025-10-22,Previa,0.0,0.0,8.881784197001252e-16,0.0,0.0,0.0,0.0,0.0,0.0,2,1.0,1.0,0.0,2,0,1,0,2,1,1,1.0,0,0,1,1,0.0,0.0285689383382658,0.0285689383382658,V7,0,2025-10,sin_switch,0,0,0,0,0.0285689383382658,0.0285689383382658,0.0285689383382658,0,0,,,,,,
2025-10-22,Primera,0.3840429615263092,0.4473065922155186,0.1618154139204557,0.0084535123214272,0.0114378125419289,0.0062059296586485,0.0,0.0289031399558996,0.0120590997234521,2,1.0,1.0,1.0,6,1,1,6,6,2,2,1.0,0,0,0,0,0.0441236191705715,0.0467975698330855,0.0219490263736656,V7,0,2025-10,sin_switch,0,0,0,0,0.0026739506625140033,0.0467975698330855,0.024848543459419902,0,0,,,,,,
2025-10-22,Matutino,0.0,0.0162186043243259,0.0358815262228206,0.0084535123214272,0.0114378125419289,0.0062059296586485,0.0,0.0636426308690478,0.0288774093432735,2,1.0,0.6666666666666666,1.0,5,0,3,4,4,3,2,0.2,0,0,0,0,0.0219294586881535,0.021852950034348,0.0532686888832554,V9,0,2025-10,switch_neutro,0,0,0,0,0.0313392301951019,0.0532686888832554,0.0314157388489074,0,1,,,,,,
2025-10-22,Vespertino,0.0,0.0,0.2491479964714745,0.0084535123214271,0.0114378125419288,0.0062059296586484,0.0,0.0805627022844348,0.043433237717722,2,1.0,0.5,1.0,6,0,4,5,5,3,2,0.1666666666666666,0,0,0,0,0.0,0.0,0.0482118524525407,V9,0,2025-10,switch_neutro,0,0,0,0,0.0482118524525407,0.0482118524525407,0.0482118524525407,0,1,,,,,,
2025-10-22,Nocturno,0.0,0.0,0.2636449033590096,0.0084535123214271,0.0114378125419288,0.0062059296586484,0.0,0.1074292502499991,0.0447698585676263,2,1.0,0.4,1.0,10,0,5,9,4,4,1,0.1,0,0,0,0,0.0,0.0257892613511351,0.0514243257487728,V9,0,2025-10,switch_neutro,0,0,0,0,0.0514243257487728,0.0514243257487728,0.0514243257487728,0,1,,,,,,
2025-10-23,Previa,0.0,0.0,8.881784197001252e-16,0.0,0.0,0.0,0.0,0.0,0.0,2,1.0,1.0,0.0,2,0,1,0,2,1,1,1.0,0,0,0,0,0.0,0.0285689383382658,0.0285689383382658,V7,0,2025-10,sin_switch,0,0,0,0,0.0285689383382658,0.0285689383382658,0.0285689383382658,0,0,,,,,,
2025-10-23,Primera,0.0,0.0113414562229072,0.0077340052011292,0.0242513239641036,0.0284535123214271,0.0097151491022557,0.02,0.0903502647928207,0.0447611585441399,10,1.0,1.0,0.2,10,1,1,10,10,2,2,1.0,0,0,0,0,0.1510842939489819,0.0481814763047399,0.0235032678603123,V7,0,2025-10,sin_switch,0,0,0,0,0.0,0.1510842939489819,0.1275810260886696,0,0,,,,,,
2025-10-23,Matutino,0.0,0.0,0.1259734280581787,0.0242513239641036,0.0284535123214271,0.0097151491022557,0.0,0.0486426308690478,0.0245161782991401,10,1.0,0.6666666666666666,0.2,5,0,3,4,4,3,2,0.2,0,0,0,0,0.0252362281558541,0.0254412529007363,0.0,V7,0,2025-10,sin_switch,0,0,0,0,0.00020502474488219916,0.0254412529007363,0.0254412529007363,0,0,,,,,,
2025-10-23,Vespertino,0.0,0.0605534430981267,0.055711721506293,0.0242513239641036,0.0284535123214271,0.0098770577237111,0.0,0.0690968600441003,0.0293274101306237,10,1.0,0.5,0.2,5,0,4,4,3,4,2,0.4,0,0,0,0,0.0227215034516266,0.0246329363562916,0.0,V7,0,2025-10,sin_switch,0,0,0,0,0.0019114329046650003,0.0246329363562916,0.0246329363562916,0,0,,,,,,
2025-10-23,Nocturno,0.0,0.0767720474224527,0.030708818968981,0.0242513239641036,0.0284535123214271,0.0098770577237111,0.0,0.0085,0.021294852347271,10,1.0,0.4,0.2,5,0,5,4,3,4,2,0.2,0,0,0,0,0.02569086378788,0.0501338204949997,0.0,V7,0,2025-10,sin_switch,0,0,0,0,0.024442956707119698,0.0501338204949997,0.0501338204949997,0,0,,,,,,
2025-10-24,Previa,0.0,0.2053828119449532,0.0839141530954102,0.0070156997794982,0.0153135114221747,0.0051999201956706,0.0014031399558996,0.0030627022844349,0.0010399840391341,6,1.0,1.0,0.0,6,0,1,0,6,1,1,1.0,0,0,0,0,0.0474857266790504,0.0,0.0,V7,0,2025-10,sin_switch,0,0,0,0,0.0,0.0474857266790504,0.0474857266790504,0,0,,,,,,
2025-10-24,Primera,0.0,0.0204330249506403,0.0254983375152917,0.0072711458752621,0.0124999999999999,0.0085514831043575,0.0378571428571428,0.0678571428571427,0.0329885417682907,8,1.0,1.0,0.25,14,0,2,12,12,2,1,0.8571428571428571,0,0,0,0,0.0476949687792881,0.0964552283041309,0.0473968438332414,V8,0,2025-10,switch_neutro,0,0,0,0,0.04876025952484281,0.0964552283041309,0.049058384470889504,1,0,,,,,,
2025-10-24,Matutino,0.0061660271930907,0.0134588894648484,0.0728633591757373,0.0072711458752621,0.0224999999999999,0.0082923839322516,0.0356435359642849,0.0549999999999999,0.0238354274266606,8,1.0,0.6666666666666666,0.25,10,0,3,8,2,3,1,0.8,0,0,0,0,0.0521108347598863,0.0490898599979374,0.0472698470151187,V7,0,2025-10,sin_switch,0,0,0,0,0.0,0.0521108347598863,0.0048409877447676,0,0,,,,,,
2025-10-24,Vespertino,0.0916840350607506,0.1079026393850766,0.0663957038518819,0.0072711458752621,0.0239378125419288,0.0095978888164999,0.0,0.0193092975357145,0.0280304159290231,8,1.0,0.5,0.25,5,0,4,4,3,4,2,0.4,0,0,0,0,0.0222808494153238,0.0536322389468157,0.0,V8,0,2025-10,switch_neutro,0,0,0,0,0.0313513895314919,0.0536322389468157,0.0536322389468157,1,0,,,,,,
2025-10-24,Nocturno,0.0,0.0223846315174167,0.0389065527684303,0.0072711458752621,0.0267513239641036,0.010289447338009,0.0,0.0119755244755245,0.0149190900469183,8,1.0,0.4,0.25,13,1,4,13,3,4,2,0.4615384615384615,0,0,0,0,0.0487270494526286,0.0535157374445943,0.077618053945107,V7,0,2025-10,sin_switch,0,0,0,0,0.028891004492478396,0.077618053945107,0.028891004492478396,0,0,,,,,,
2025-10-25,Previa,0.0,0.2116406777378046,0.1036823338548864,0.0,0.0,0.0,0.0,0.0,0.0,2,1.0,1.0,0.0,2,0,1,0,2,1,1,1.0,0,0,0,0,0.0,0.0277069951252776,0.0277069951252776,V7,0,2025-10,sin_switch,0,0,0,0,0.0277069951252776,0.0277069951252776,0.0277069951252776,0,0,,,,,,
2025-10-25,Primera,0.0,0.1853907523981952,0.0881439249849956,0.0,0.0142513239641036,0.0081999364251501,0.0,0.0303502647928207,0.0121401059171283,8,1.0,1.0,0.0,8,1,1,8,8,2,2,1.0,0,0,0,0,0.1073380436029332,0.04844074661857,0.0234411128741954,V7,0,2025-10,sin_switch,0,0,0,0,0.0,0.1073380436029332,0.0838969307287378,0,0,,,,,,
2025-10-25,Matutino,0.0,0.0188001451698287,0.0737609480516487,0.0,0.0142513239641036,0.0081999364251501,0.0,0.0902124374916141,0.0443952266379391,8,1.0,0.6666666666666666,0.0,6,0,3,5,5,3,2,0.1666666666666666,0,0,0,0,0.0,0.0227537025824558,0.0212289232681964,V7,0,2025-10,sin_switch,0,0,0,0,0.0227537025824558,0.0227537025824558,0.0227537025824558,0,0,,,,,,
2025-10-25,Vespertino,0.0,0.0,0.0246685612942212,0.0,0.0142513239641036,0.00819993642515,0.0,0.0490968600441003,0.034302276171715,8,1.0,0.5,0.0,5,0,4,4,3,4,2,0.4,0,0,0,0,0.0,0.0735753063132111,0.0,V8,0,2025-10,switch_neutro,0,0,0,0,0.0735753063132111,0.0735753063132111,0.0735753063132111,1,0,,,,,,
2025-10-25,Nocturno,0.0,0.0089257420525683,0.0516021098063642,0.0,0.0157978116426765,0.0103949213774299,0.0,0.0359242424242424,0.0397206585576503,5,0.8,0.8,0.2,9,0,5,8,5,4,2,0.1111111111111111,0,0,0,0,0.0576225136413746,0.0264035739793154,0.0557349315833411,V7,0,2025-10,sin_switch,0,0,0,0,0.0,0.0576225136413746,0.0312189396620592,0,0,,,,,,
2025-10-27,Primera,0.0,0.0089257420525683,0.0078077525535329,0.0,0.0101557006787506,0.0073869986255844,0.0,0.0620311401357501,0.0394179699492512,4,0.0,0.5,0.0,4,1,1,4,4,1,1,0.0,0,0,0,0,0.0,0.0135346552605414,0.0135346552605414,V7,0,2025-10,sin_switch,0,0,0,0,0.0135346552605414,0.0135346552605414,0.0135346552605414,0,0,,,,,,
2025-10-27,Matutino,0.0,0.0830132169592143,0.0386485225973797,0.0,0.0017823201785757,0.0056092780516026,0.0,0.0019542291750525,0.0138582185934745,7,0.0,0.6666666666666666,0.1428571428571428,10,2,1,10,10,2,2,0.0,0,0,0,0,0.0432866722074641,0.0425295519149478,0.0,V7,0,2025-10,sin_switch,0,0,0,0,0.0,0.0432866722074641,0.0432866722074641,0,0,,,,,,
2025-10-27,Vespertino,0.0,0.0830132169592143,0.040668004691406,0.0,0.00125,0.0027237066216797,0.002,0.0247875625083857,0.012988773082092,8,0.0,0.75,0.125,8,1,3,8,2,3,1,0.0,0,0,0,0,0.0,0.0552401048419195,0.0552401048419195,V8,0,2025-10,switch_neutro,0,0,0,0,0.0552401048419195,0.0552401048419195,0.0552401048419195,1,0,,,,,,
2025-10-27,Nocturno,0.0,0.0525554716266638,0.2469774770371707,0.0,0.025,0.0164741215651035,0.0285721073928564,0.1186907024642854,0.0613149515902731,4,0.0,0.8,0.5,10,1,4,10,8,3,2,0.0,0,0,0,0,0.04851521582344,0.0234477017035862,0.099096142294089,V9,0,2025-10,switch_neutro,0,0,0,0,0.050580926470649004,0.099096142294089,0.0756484405905028,0,1,,,,,,
2025-10-28,Previa,0.0,0.0,8.881784197001252e-16,0.0153135114221747,0.0254692121009253,0.0080334974994188,0.0030627022844349,0.037593842420185,0.0163111722917175,6,1.0,1.0,0.0,6,0,1,0,6,1,1,1.0,0,0,0,0,0.0722537899929932,0.0,0.0,V7,0,2025-10,sin_switch,0,0,0,0,0.0,0.0722537899929932,0.0722537899929932,0,0,,,,,,
2025-10-28,Primera,0.0,0.010052577131236,0.0148826990813687,0.0166666666666667,0.0236823664461649,0.0077782462315071,0.0872875625083858,0.0997875625083859,0.0365764067780488,6,1.0,1.0,0.3333333333333333,8,0,2,6,6,2,1,0.75,0,0,0,0,0.1202815302991825,0.0237148614818534,0.0237148614818534,V7,0,2025-10,sin_switch,0,0,0,0,0.0,0.1202815302991825,0.09656666881732909,0,0,,,,,,
2025-10-28,Matutino,0.0,0.2897653437465939,0.1312510429736573,0.0166666666666667,0.0236823664461649,0.0077782462315071,0.0,0.1323502647928206,0.0614235565142309,6,1.0,0.6666666666666666,0.3333333333333333,10,0,3,9,6,3,1,0.1,0,0,0,0,0.0479569031278562,0.0249384796522656,0.0,V7,0,2025-10,sin_switch,0,0,0,0,0.0,0.0479569031278562,0.0479569031278562,0,0,,,,,,
2025-10-28,Vespertino,0.0,0.0,0.0,0.0166666666666667,0.0194801780888415,0.0069420676492737,0.0,0.0574999999999999,0.0271590126185986,6,1.0,0.5,0.3333333333333333,8,0,4,7,7,3,2,0.125,0,0,0,0,0.0473450618488544,0.0447779360985098,0.0471147481506364,V7,0,2025-10,sin_switch,0,0,0,0,0.0,0.0473450618488544,0.0025671257503445954,0,0,,,,,,
2025-10-28,Nocturno,0.0,0.0085304226127123,0.0077112788863507,0.0166666666666667,0.0236823664461649,0.0077782462315071,0.0,0.0614768692976183,0.0272586047656245,6,1.0,0.4,0.3333333333333333,9,0,5,8,7,3,1,0.1111111111111111,0,0,0,0,0.0,0.0,0.0729110936081664,V9,0,2025-10,switch_neutro,0,0,0,0,0.0729110936081664,0.0729110936081664,0.0729110936081664,0,1,,,,,,
2025-10-29,Previa,0.0,0.0,8.881784197001252e-16,0.0,0.0101557006787506,0.0049752569286751,0.0,0.03453114013575,0.0169167347138256,4,1.0,1.0,0.0,4,0,1,0,4,1,1,1.0,0,0,0,0,0.0,0.0,0.0,V7,0,2025-10,sin_switch,0,0,0,0,0.0,0.0,0.0,0,0,,,,,,
2025-10-29,Primera,0.0860318530416535,0.0949575950942218,0.1085262984696516,0.0,0.0,1.1102230246251563e-16,0.0,0.0549999999999999,0.0329660931398744,14,1.0,1.0,0.0,14,0,2,12,12,2,1,1.0,0,0,0,0,0.0,0.0759084917224941,0.0221551578477487,V8,0,2025-10,switch_neutro,0,0,0,0,0.0759084917224941,0.0759084917224941,0.0759084917224941,1,0,,,,,,
2025-10-29,Matutino,0.0,0.0,0.0074322981982761,0.0,0.01375,0.0193003390234408,0.0,0.0235,0.0359630182083995,10,0.9,1.0,0.0,10,0,3,7,2,3,1,0.8,0,0,0,0,0.0,0.0258954617679825,0.04960176246032,V9,0,2025-10,switch_neutro,0,0,0,0,0.04960176246032,0.04960176246032,0.04960176246032,0,1,,,,,,
2025-10-29,Vespertino,0.0162186043243259,0.0540862411911389,0.0338729145374191,0.0,0.0593220027182581,0.0261616659896934,0.0,0.0645454545454545,0.0328657122442571,7,0.8571428571428571,1.0,0.1428571428571428,11,0,4,10,6,4,2,0.4545454545454545,0,0,0,0,0.0251179187901799,0.0250204401683549,0.0530954983253605,V7,0,2025-10,sin_switch,0,0,0,0,0.0279775795351806,0.0530954983253605,0.0280750581570056,0,0,,,,,,
2025-10-29,Nocturno,0.0,0.011507282898072,0.0703118717466286,0.0,0.05,0.025298221281347,0.0,0.0183181818181819,0.0083053429020023,11,0.8181818181818182,1.0,0.0,10,0,5,9,2,5,2,0.7,0,0,0,0,0.027427487816193,0.0425433395672594,0.0455885665162455,V7,0,2025-10,sin_switch,0,0,0,0,0.018161078700052503,0.0455885665162455,0.018161078700052503,0,0,,,,,,
2025-10-30,Previa,0.0,0.0,0.0056373942852263,0.0,0.0,0.0052371901428582,0.0,0.0,0.0140474380285716,3,1.0,1.0,0.0,3,0,1,0,3,1,1,1.0,0,0,0,0,0.0,0.0,0.0,V7,0,2025-10,sin_switch,0,0,0,0,0.0,0.0,0.0,0,0,,,,,,
2025-10-30,Primera,0.0830132169592143,0.3606388078101821,0.1273335505728499,0.0184535123214272,0.0184535123214272,0.0086335687456325,0.0,0.0445968600441003,0.0297776677282846,2,1.0,1.0,1.0,5,0,2,3,3,2,1,0.8,0,0,0,0,0.045914422791752,0.0510643776748841,0.0446106128022423,V7,0,2025-10,sin_switch,0,0,0,0,0.0051499548831321,0.0510643776748841,0.0064537648726418,0,0,,,,,,
2025-10-30,Matutino,0.0039983855902585,0.0202169899145845,0.043594535915773,0.0184535123214272,0.0184535123214272,0.0086335687456325,0.0,0.073062702284435,0.0321202281016371,2,1.0,0.6666666666666666,1.0,6,0,3,5,3,3,1,0.3333333333333333,0,0,0,0,0.0288302091976061,0.0259847482539198,0.0537606384950249,V7,0,2025-10,sin_switch,0,0,0,0,0.024930429297418802,0.0537606384950249,0.027775890241105102,0,0,,,,,,
2025-10-30,Vespertino,0.0,0.5666667831277623,0.2436933517818609,0.0184535123214271,0.0184535123214271,0.0086335687456325,0.0,0.0815,0.0501743268022226,2,1.0,0.5,1.0,10,0,4,8,8,3,2,0.2,0,0,0,0,0.0,0.0268166619623184,0.0,V7,0,2025-10,sin_switch,0,0,0,0,0.0268166619623184,0.0268166619623184,0.0268166619623184,0,0,,,,,,
2025-10-30,Nocturno,0.0,0.0720607259961987,0.0467300040390554,0.0,0.0065464876785727,0.0133203448802179,0.0,0.1006818181818182,0.0456227892248005,1,1.0,0.4,1.0,10,0,5,8,8,3,2,0.2,0,0,0,1,0.0701933138630907,0.0,0.0699289480351745,V7,0,2025-10,sin_switch,0,0,0,0,0.0,0.0701933138630907,0.0701933138630907,0,0,,,,,,
2025-10-31,Previa,0.0,0.0,8.881784197001252e-16,0.0,0.0101557006787506,0.0073869986255844,0.0,0.03453114013575,0.0220256502206202,4,1.0,1.0,0.0,4,0,1,0,4,1,1,1.0,0,0,0,0,0.0,0.0,0.0,V7,0,2025-10,sin_switch,0,0,0,0,0.0,0.0,0.0,0,0,,,,,,
2025-10-31,Primera,0.0,0.0061660271930907,0.0051032011694824,0.0,0.0142513239641036,0.0071723334799628,0.0,0.0464285714285713,0.0485804707356391,8,1.0,1.0,0.0,14,0,2,11,11,2,1,0.9285714285714286,0,0,0,1,0.0,0.0471262816729141,0.0,V8,0,2025-10,switch_neutro,0,0,0,0,0.0471262816729141,0.0471262816729141,0.0471262816729141,1,0,,,,,,
2025-10-31,Matutino,0.0,0.0,0.0080596518514479,0.0,0.0433333333333334,0.0187071749286309,0.0,0.0711907024642853,0.0412060947625373,15,0.8666666666666667,1.0,0.1333333333333333,15,0,3,12,1,3,1,0.8666666666666667,0,0,0,0,0.0230872736246102,0.0,0.0247344528169886,V7,0,2025-10,sin_switch,0,0,0,0,0.0016471791923784,0.0247344528169886,0.0247344528169886,0,0,,,,,,
2025-10-31,Vespertino,0.0,0.1178953583789219,0.0596457077541001,0.0,0.0197711458752621,0.0112089248590952,0.0,0.0480011694012437,0.0385015558631651,15,0.8666666666666667,0.75,0.1333333333333333,7,0,4,6,4,4,1,0.2857142857142857,0,0,0,0,0.0,0.0471236092175145,0.0,V8,0,2025-10,switch_neutro,0,0,0,0,0.0471236092175145,0.0471236092175145,0.0471236092175145,1,0,,,,,,
2025-10-31,Nocturno,0.0,0.0089257420525683,0.0075326691721207,0.0,0.0114378125419288,0.0077801995751425,0.0,0.0654292502499992,0.0259990006027587,8,1.0,0.4,0.0,8,0,5,7,1,5,1,0.25,0,0,0,0,0.0241602109649902,0.0525349286009883,0.0470144320722392,V7,0,2025-10,sin_switch,0,0,0,0,0.028374717635998102,0.0525349286009883,0.028374717635998102,0,0,,,,,,
2025-11-01,Previa,0.0,0.2116406777378046,0.1036823338548864,0.0,0.0,0.0,0.0,0.0,0.0,2,1.0,1.0,0.0,2,0,1,0,2,1,1,1.0,0,1,0,0,0.0,0.0277069951252776,0.0277069951252776,V7,1,2025-11,sin_switch,1,1,1,1,0.0277069951252776,0.0277069951252776,0.0277069951252776,0,0,,,,,,
2025-11-01,Primera,0.0,0.0916587495165188,0.0684433591113616,0.0,0.0042021883573234,0.0040339827185571,0.0,0.0599999999999999,0.0243421606052983,4,1.0,1.0,0.25,4,0,2,3,3,2,1,1.0,0,0,0,0,0.0242998696494744,0.0212135700988428,0.0,V7,0,2025-11,sin_switch,0,0,0,0,0.0,0.0242998696494744,0.0242998696494744,0,0,,,,,,
2025-11-01,Matutino,0.0,0.4550566677370167,0.2278177328950545,0.0,0.0059890340120838,0.00409296563422,0.0,0.0359999999999999,0.0201525338136667,4,1.0,0.6666666666666666,0.25,5,0,3,4,4,3,2,0.2,0,0,0,0,0.0,0.0,0.0,V7,0,2025-11,sin_switch,0,0,0,0,0.0,0.0,0.0,0,0,,,,,,
2025-11-01,Vespertino,0.0,0.0,0.0249019289086102,0.0,0.0107486760358962,0.0042446823888548,0.0,0.0475000000000001,0.0646255005182591,4,1.0,0.5,0.25,8,0,4,6,3,4,1,0.5,0,0,0,0,0.0230001888861486,0.0254903443329534,0.0263315441267666,V7,0,2025-11,sin_switch,0,0,0,0,0.003331355240617999,0.0263315441267666,0.003331355240617999,0,0,,,,,,
2025-11-01,Nocturno,0.0,0.1331378362787321,0.0957577595562457,0.0,0.0107486760358962,0.0042446823888548,0.0,0.0751197264404753,0.0531237242264976,4,1.0,0.4,0.25,9,0,5,7,1,5,1,0.4444444444444444,0,0,0,0,0.0494246976303606,0.052826213031715,0.0245264844043035,V7,0,2025-11,sin_switch,0,0,0,0,0.003401515401354402,0.052826213031715,0.0282997286274115,0,0,,,,,,
2025-11-03,Primera,0.0,0.0,0.1036823338548865,0.0,0.0,0.0064142217679682,0.0,0.0,0.0306767212669917,3,0.0,0.5,0.0,3,1,1,3,3,1,1,0.0,0,0,0,0,0.0,0.0175043589741245,0.0175043589741245,V7,0,2025-11,sin_switch,0,0,0,0,0.0175043589741245,0.0175043589741245,0.0175043589741245,0,0,,,,,,
2025-11-03,Matutino,0.0,0.2703327285792101,0.1377069575641879,0.0,0.00625,0.0113409582415371,0.0,0.0553333333333332,0.0635564092145314,8,0.0,0.6666666666666666,0.125,8,1,2,8,5,2,1,0.0,0,0,0,0,0.0233093324800956,0.0224278189798156,0.0,V7,0,2025-11,sin_switch,0,0,0,0,0.0,0.0233093324800956,0.0233093324800956,0,0,,,,,,
2025-11-03,Vespertino,0.0,0.1064648779922938,0.1714077054113834,0.0069444444444444,0.0125,0.0078868470679376,0.0,0.0097124374916142,0.025060316317513,8,0.0,0.75,0.25,6,1,3,6,4,3,1,0.0,0,0,0,0,0.0,0.0291713848895976,0.0291713848895976,V7,0,2025-11,sin_switch,0,0,0,0,0.0291713848895976,0.0291713848895976,0.0291713848895976,0,0,,,,,,
2025-11-03,Nocturno,0.0,0.1169192319544061,0.0472118055418624,0.0,0.0132201327205046,0.0080733629894879,0.0,0.0159278926071435,0.0063711570428574,7,0.0,0.8,0.1428571428571428,7,1,4,7,1,4,1,0.0,0,0,0,0,0.0,0.0394892713577946,0.0394892713577946,V8,0,2025-11,switch_neutro,0,0,0,0,0.0394892713577946,0.0394892713577946,0.0394892713577946,1,0,,,,,,
2025-11-04,Previa,0.0,0.0089257420525683,0.0081352897378621,0.0,0.0114378125419288,0.0104432856260432,0.0,0.0022875625083857,0.0020886571252086,14,1.0,1.0,0.0,14,0,1,0,14,1,1,1.0,0,0,0,0,0.0204375256242776,0.0195428888542047,0.0,V7,0,2025-11,sin_switch,0,0,0,0,0.0,0.0204375256242776,0.0204375256242776,0,0,,,,,,
2025-11-04,Primera,0.1941788672788389,0.1941788672788389,0.1694835518875573,0.0052288541247377,0.0105893910890192,0.0091518728528964,0.015,0.0499999999999999,0.0351198746167037,6,1.0,1.0,0.3333333333333333,18,0,2,4,4,2,1,1.0,0,0,0,0,0.0974189671744171,0.0491900140491081,0.0240134413363063,V7,0,2025-11,sin_switch,0,0,0,0,0.0,0.0974189671744171,0.0734055258381108,0,0,,,,,,
2025-11-04,Matutino,0.3940955386575453,0.4030212807101136,0.1582743669367537,0.0052288541247377,0.0105893910890192,0.0091518728528964,0.0,0.0589999999999999,0.023630728808832,6,1.0,0.6666666666666666,0.3333333333333333,10,1,2,10,2,3,1,0.7,0,0,0,0,0.0464340480122067,0.0728152177072436,0.0,V7,0,2025-11,sin_switch,1,0,0,1,0.0263811696950369,0.0728152177072436,0.0728152177072436,0,0,,,,,,
2025-11-04,Vespertino,0.0,0.0046145507324517,0.0018458202929807,0.0052288541247378,0.0105893910890192,0.0091518728528964,0.0,0.0324999999999999,0.0181803587742239,6,1.0,0.5,0.3333333333333333,6,1,3,6,4,4,2,0.3333333333333333,0,0,0,0,0.0336088916920212,0.0575678758672338,0.0271932471951682,V7,0,2025-11,sin_switch,0,0,0,0,0.023958984175212604,0.0575678758672338,0.030374628672065602,0,0,,,,,,
2025-11-04,Nocturno,0.0,0.0,0.0525057238083673,0.0052288541247378,0.0105893910890192,0.0091518728528964,0.0,0.0045959169166659,0.0111843457397287,6,1.0,0.4,0.3333333333333333,9,1,4,9,1,5,1,0.5555555555555556,0,0,0,1,0.0228198414483046,0.0747463900374538,0.0720114053697957,V8,0,2025-11,switch_neutro,0,0,0,0,0.051926548589149205,0.0747463900374538,0.051926548589149205,1,0,,,,,,
2025-11-05,Previa,0.0,0.1964570698923848,0.1176928569856192,0.0114378125419288,0.0184535123214271,0.0079985635318431,0.0022875625083857,0.0036907024642854,0.0015997127063686,8,1.0,1.0,0.0,8,0,1,0,8,1,1,1.0,0,0,0,0,0.0695646383773396,0.0215957168622082,0.0215957168622082,V7,0,2025-11,sin_switch,0,0,0,0,0.0,0.0695646383773396,0.0479689215151314,0,0,,,,,,
2025-11-05,Primera,0.0,0.09277465329939,0.0948369044684149,0.0,0.0132201327205045,0.0058042440926589,0.0,0.0474999999999998,0.0350209919887168,7,1.0,1.0,0.1428571428571428,6,0,2,5,5,2,1,1.0,0,0,0,0,0.0545060898179327,0.0695986886860842,0.0408635094568262,V7,0,2025-11,sin_switch,0,0,0,0,0.015092598868151494,0.0695986886860842,0.028735179229257994,0,0,,,,,,
2025-11-05,Matutino,0.0,0.0,0.2413457572120538,0.0,0.0132201327205045,0.0065904383662898,0.0,0.0438328807857147,0.0284625891357533,7,1.0,0.6666666666666666,0.1428571428571428,7,0,3,5,2,3,1,0.7142857142857143,0,0,0,0,0.0240928376241124,0.0460237875597652,0.0,V7,0,2025-11,sin_switch,0,0,0,0,0.021930949935652803,0.0460237875597652,0.0460237875597652,0,0,,,,,,
2025-11-05,Vespertino,0.0,0.010052577131236,0.007770327755629,0.0,0.0714285714285712,0.0359384384558858,0.0250000000000001,0.0307149645357136,0.0250698620948173,7,0.8571428571428571,1.0,0.1428571428571428,12,0,4,6,2,4,2,0.8333333333333334,0,0,0,0,0.02202265603611,0.0208605987663625,0.0496393399916787,V7,0,2025-11,sin_switch,0,0,0,0,0.027616683955568704,0.0496393399916787,0.028778741225316203,0,0,,,,,,
2025-11-05,Nocturno,0.0,0.0204330249506403,0.0534292133866808,0.0,0.02143196553571,0.0237094272000645,0.0,0.0172142857142857,0.0282133612081727,8,0.875,0.8,0.125,7,0,5,5,1,5,2,0.5714285714285714,0,0,0,0,0.0252484415363403,0.0532566965053525,0.022804434238736,V7,0,2025-11,sin_switch,0,0,0,0,0.028008254969012204,0.0532566965053525,0.0304522622666165,0,0,,,,,,
2025-11-06,Previa,0.0,0.0,0.0081093021621629,0.0,0.0101557006787506,0.0073869986255844,0.0,0.03453114013575,0.0220256502206202,4,1.0,1.0,0.0,4,0,1,0,4,1,1,1.0,0,0,0,0,0.0,0.0,0.0,V7,0,2025-11,sin_switch,0,0,0,0,0.0,0.0,0.0,0,0,,,,,,
2025-11-06,Primera,0.0,0.4071195137564238,0.218835429179821,0.0184535123214272,0.0184535123214272,0.0055360536964281,0.0020311401357501,0.0583404376714647,0.0268132732573501,2,1.0,1.0,1.0,4,0,2,2,2,2,1,1.0,0,0,0,0,0.0230759320377149,0.0474970782778286,0.0455473596625644,V7,0,2025-11,sin_switch,0,0,0,0,0.024421146240113698,0.0474970782778286,0.024421146240113698,0,0,,,,,,
2025-11-06,Matutino,0.0,0.2756616440585482,0.1284409618422517,0.0184535123214272,0.0184535123214272,0.0056209176885382,0.0,0.1168092975357144,0.0691935530672651,2,1.0,0.6666666666666666,1.0,5,0,3,4,3,3,1,0.4,0,0,0,0,0.0,0.0,0.0463143773333119,V9,0,2025-11,switch_neutro,0,0,0,0,0.0463143773333119,0.0463143773333119,0.0463143773333119,0,1,,,,,,
2025-11-06,Vespertino,0.3837014904094502,0.401288822675407,0.1199150991921373,0.0184535123214271,0.0184535123214271,0.0056209176885382,0.0,0.0796907024642855,0.0421951841884041,2,1.0,0.5,1.0,8,1,3,8,4,4,2,0.25,0,0,0,0,0.0,0.0262148442118938,0.0251955110800835,V7,0,2025-11,sin_switch,0,0,0,0,0.0262148442118938,0.0262148442118938,0.0262148442118938,0,0,,,,,,
2025-11-06,Nocturno,0.0,0.011507282898072,0.040753802208052,0.0184535123214271,0.0184535123214271,0.0056209176885382,0.0,0.1976666666666666,0.0823580392143795,2,1.0,0.4,1.0,9,0,5,8,4,5,2,0.2222222222222222,0,0,0,0,0.0234967328179053,0.0,0.0493145446979023,V7,0,2025-11,sin_switch,0,0,0,0,0.025817811879997002,0.0493145446979023,0.0493145446979023,0,0,,,,,,
2025-11-07,Previa,0.0,0.1964570698923848,0.0789846479735363,0.0070156997794982,0.0070156997794982,0.0068263576004671,0.0014031399558996,0.0014031399558996,0.0107291311231054,6,1.0,1.0,0.0,6,0,1,0,6,1,1,1.0,0,0,0,0,0.0254873871445455,0.0,0.0,V7,0,2025-11,sin_switch,0,0,0,0,0.0,0.0254873871445455,0.0254873871445455,0,0,,,,,,
2025-11-07,Primera,0.0,0.0830132169592143,0.0394443391497898,0.0,0.0062967785095581,0.0038753710458711,0.0,0.0835721073928563,0.0580003795673126,11,1.0,1.0,0.0909090909090909,11,0,2,8,8,2,1,1.0,0,0,0,0,0.0445146784176424,0.0233873261680382,0.0,V7,0,2025-11,sin_switch,0,0,0,0,0.0,0.0445146784176424,0.0445146784176424,0,0,,,,,,
2025-11-07,Matutino,0.0,0.0,0.0802026052001078,0.0,0.0062967785095581,0.0038753710458711,0.0,0.1461907024642854,0.0764022907531138,11,1.0,0.6666666666666666,0.0909090909090909,10,0,3,9,6,3,1,0.4,0,0,0,0,0.0,0.0,0.0,V7,0,2025-11,sin_switch,0,0,0,0,0.0,0.0,0.0,0,0,,,,,,
2025-11-07,Vespertino,0.0,0.104281936197462,0.0486331935519086,0.0,0.0062967785095581,0.0038753710458711,0.0,0.0328092975357146,0.0327902006782784,11,1.0,0.5,0.0909090909090909,5,0,4,4,3,4,2,0.4,0,0,0,0,0.0215716169255418,0.0778385885713243,0.0,V8,0,2025-11,switch_neutro,0,0,0,0,0.056266971645782496,0.0778385885713243,0.0778385885713243,1,0,,,,,,
2025-11-07,Nocturno,0.0672211587728996,0.338769929339926,0.2033599130105428,0.0,0.0062967785095581,0.0038753710458711,0.0,0.0969090909090909,0.0493121915088445,11,1.0,0.4,0.0909090909090909,11,1,4,11,10,4,2,0.0909090909090909,0,0,1,0,0.0236428815585487,0.0475114006886354,0.0251821442466072,V7,0,2025-11,sin_switch,0,0,0,0,0.0238685191300867,0.0475114006886354,0.0238685191300867,0,0,,,,,,
2025-11-08,Previa,0.0,0.0134588894648484,0.0102199077783959,0.0,0.0153135114221747,0.0075660890296032,0.0,0.0030627022844349,0.010741203001487,6,1.0,1.0,0.0,6,0,1,0,6,1,1,1.0,0,0,0,0,0.0247318918619198,0.0,0.0,V7,0,2025-11,sin_switch,0,0,0,0,0.0,0.0247318918619198,0.0247318918619198,0,0,,,,,,
2025-11-08,Primera,0.0,0.0134588894648484,0.0082823630727788,0.0,0.0,0.0032071108839841,0.0,0.0,0.0008124560543,1,1.0,1.0,1.0,4,0,2,2,2,2,1,1.0,0,1,0,0,0.0,0.023804975658799,0.0482805042520192,V9,0,2025-11,switch_perdedor,1,1,0,1,0.0482805042520192,0.0482805042520192,0.0482805042520192,0,1,,,,,,
2025-11-08,Matutino,0.0,0.0204330249506403,0.0146694440160958,0.0,0.0,0.0032071108839841,0.0,0.0292875625083857,0.0215409332530744,1,1.0,0.6666666666666666,1.0,10,1,2,10,6,3,1,0.1,0,0,0,0,0.0487853440642424,0.0231378523830716,0.0267411784481914,V7,0,2025-11,sin_switch,0,0,0,0,0.0,0.0487853440642424,0.0256474916811708,0,0,,,,,,
2025-11-08,Vespertino,0.0,0.0204330249506403,0.0185482716072208,0.0,0.0042021883573234,0.0034471942229763,0.0422727272727272,0.0483333333333333,0.023560031523978,4,0.75,1.0,0.0,8,0,4,6,4,3,1,0.25,0,0,0,0,0.0,0.0497758655093186,0.0539051175010282,V9,0,2025-11,switch_neutro,0,0,0,0,0.0539051175010282,0.0539051175010282,0.0539051175010282,0,1,,,,,,
2025-11-08,Nocturno,0.0,0.0884215054813344,0.0758092872601233,0.0,0.0,0.0032071108839841,0.0,0.035,0.0374092025871228,1,1.0,0.4,1.0,16,1,4,16,5,5,1,0.1875,0,0,0,0,0.0219198266552429,0.0250847653982823,0.0235915060349565,V7,0,2025-11,sin_switch,0,0,0,0,0.0031649387430394,0.0250847653982823,0.0031649387430394,0,0,,,,,,
2025-11-10,Primera,0.0,0.0,0.0936722368487612,0.0,0.0,2.775557561562892e-17,0.0,0.0,0.0,4,0.0,0.5,0.0,4,1,1,4,4,1,1,0.0,0,0,0,0,0.0,0.0194552252883281,0.0194552252883281,V7,0,2025-11,sin_switch,0,0,0,0,0.0194552252883281,0.0194552252883281,0.0194552252883281,0,0,,,,,,
2025-11-10,Matutino,0.0,0.0162186043243259,0.0147239258222185,0.0089285714285714,0.0125,0.0037838607322173,0.0,0.0285721073928563,0.0247484691894455,8,0.0,0.6666666666666666,0.25,9,1,2,9,7,2,1,0.0,0,0,0,0,0.0433031195120487,0.0777621938038904,0.0255014864728499,V8,0,2025-11,switch_neutro,0,0,0,0,0.0344590742918417,0.0777621938038904,0.052260707331040504,1,0,,,,,,
2025-11-10,Vespertino,0.0,0.2284294723613076,0.0918592974501298,0.0,0.00125,0.0011275708287273,0.0,0.065,0.0266334352967049,8,0.0,0.75,0.125,10,1,3,10,4,3,1,0.0,0,0,0,0,0.0,0.0692929803839292,0.0268432078780553,V8,0,2025-11,switch_neutro,0,0,0,0,0.0692929803839292,0.0692929803839292,0.0692929803839292,1,0,,,,,,
2025-11-10,Nocturno,0.0,0.1121917619151009,0.0641796314254738,0.0,0.0033696217658773,0.0029850512154452,0.0,0.025,0.0126853731233102,7,0.0,0.8,0.2857142857142857,10,2,3,10,4,4,2,0.0,0,0,0,0,0.0,0.0229720708219479,0.0229720708219479,V7,0,2025-11,sin_switch,0,0,0,0,0.0229720708219479,0.0229720708219479,0.0229720708219479,0,0,,,,,,
2025-11-11,Previa,0.0,0.0224764701171764,0.0111379644131919,0.0,0.0053605369642814,0.0138964628160096,0.0,0.0010721073928563,0.0115819441384983,18,1.0,1.0,0.0,18,0,1,0,18,1,1,1.0,0,0,0,0,0.0205249766501125,0.0435949194731968,0.0,V7,0,2025-11,sin_switch,0,0,0,0,0.023069942823084298,0.0435949194731968,0.0435949194731968,0,0,,,,,,
2025-11-11,Primera,0.0,0.0601630958710508,0.0563218886039423,0.0008928571428571,0.0071428571428571,0.0034253775744207,0.0,0.0549999999999999,0.0446651346055333,14,1.0,1.0,0.1428571428571428,18,0,2,11,11,2,1,1.0,0,0,0,0,0.0,0.0491166452033556,0.0,V8,0,2025-11,switch_neutro,0,0,0,0,0.0491166452033556,0.0491166452033556,0.0491166452033556,1,0,,,,,,
2025-11-11,Matutino,0.0,0.0061660271930907,0.0332571012552184,0.0,0.0217891083928529,0.0185665243240877,0.0,0.1977625835833324,0.0955635834747413,20,0.9,1.0,0.0,20,0,3,13,2,3,1,0.9,0,0,0,0,0.0220996960016468,0.0,0.0,V7,0,2025-11,sin_switch,0,0,0,0,0.0,0.0220996960016468,0.0220996960016468,0,0,,,,,,
2025-11-11,Vespertino,0.0,0.0863861879300511,0.0405126321892159,0.0,0.0199999999999999,0.0086037880854723,0.0,0.0883333333333334,0.049315684956909,20,0.9,0.75,0.0,9,1,3,9,7,4,2,0.1111111111111111,0,0,0,0,0.0,0.026363219505046,0.0243871403787906,V7,0,2025-11,sin_switch,0,0,0,0,0.026363219505046,0.026363219505046,0.026363219505046,0,0,,,,,,
2025-11-11,Nocturno,0.0,0.0,0.0733387943499282,0.0012499999999999,0.0062499999999999,0.0034965349261773,0.0,0.0520000000000001,0.0227378539004894,16,1.0,0.4,0.125,8,1,4,8,4,4,1,0.0,0,0,0,0,0.0232228856441659,0.0784517480509153,0.0227195537744725,V8,0,2025-11,switch_neutro,0,0,0,0,0.0552288624067494,0.0784517480509153,0.0557321942764428,1,0,,,,,,
2025-11-12,Previa,0.0,0.0052494171052206,0.0020997668420882,0.0,0.0,0.0159203312298939,0.0,0.0,0.0155561627869659,10,1.0,1.0,0.0,10,0,1,0,10,1,1,1.0,0,0,0,0,0.0255797120421738,0.0,0.0,V7,0,2025-11,sin_switch,0,0,0,0,0.0,0.0255797120421738,0.0255797120421738,0,0,,,,,,
2025-11-12,Primera,0.0,0.0162186043243259,0.1396317188017057,0.0,0.0033333333333332,0.0079511442228737,0.0825,0.0825,0.0820525782508009,15,1.0,1.0,0.0666666666666666,18,0,2,8,8,2,1,1.0,0,0,0,0,0.0493666668131419,0.0342947950883559,0.0342947950883559,V7,0,2025-11,sin_switch,0,0,0,0,0.0,0.0493666668131419,0.015071871724785996,0,0,,,,,,
2025-11-12,Matutino,0.0,0.1099226276609535,0.0491331961611796,0.018095238095238,0.0214285714285713,0.0112568232884451,0.0126447053655286,0.0620478453214282,0.0460338683701757,14,0.8571428571428571,1.0,0.0,14,0,3,4,2,3,1,0.8571428571428571,0,0,0,0,0.04737218098624,0.024756338166532,0.024756338166532,V7,0,2025-11,sin_switch,0,0,0,0,0.0,0.04737218098624,0.022615842819708,0,0,,,,,,
2025-11-12,Vespertino,0.0,0.0204330249506403,0.036136307330689,0.0,0.0900560224089637,0.039796666433014,0.0124675324675325,0.0847994652406417,0.0364843464085428,17,0.8823529411764706,1.0,0.0,22,0,4,12,4,4,2,0.8181818181818182,0,0,0,0,0.0226141143665488,0.0212972350546917,0.0504100088843216,V7,0,2025-11,sin_switch,1,0,0,1,0.027795894517772802,0.0504100088843216,0.0291127738296299,0,0,,,,,,
2025-11-12,Nocturno,0.0,0.0584031986856841,0.027596882492261,0.0,0.0695454416111625,0.0292879757356498,0.0,0.0707272727272727,0.0332279155507682,17,0.8823529411764706,0.8,0.0,11,1,4,11,9,4,2,0.0909090909090909,0,0,0,0,0.023609899724755,0.0,0.0265438637369134,V7,0,2025-11,sin_switch,0,0,0,0,0.0029339640121584,0.0265438637369134,0.0265438637369134,0,0,,,,,,
2025-11-13,Previa,0.0,0.0,0.0980449395696601,0.0,0.0254692121009253,0.0101876848403701,0.0,0.037593842420185,0.015037536968074,6,1.0,1.0,0.0,6,0,1,0,6,1,1,1.0,0,0,0,0,0.0223278317583085,0.0,0.0,V7,0,2025-11,sin_switch,0,0,0,0,0.0,0.0223278317583085,0.0223278317583085,0,0,,,,,,
2025-11-13,Primera,0.0,0.0,0.0,0.0,0.0130929753571457,0.0050844833191031,0.0,0.1242781573999642,0.0519818894289817,7,1.0,1.0,0.0,7,0,2,4,4,2,1,1.0,0,0,0,0,0.0453135134979684,0.0273729945948823,0.0273729945948823,V7,0,2025-11,sin_switch,0,0,0,0,0.0,0.0453135134979684,0.0179405189030861,0,0,,,,,,
2025-11-13,Matutino,0.0119107404489016,0.0135889466756982,0.0046997322940239,0.0,0.0497035123214271,0.0195291198518687,0.0,0.0733333333333332,0.0508437052622614,8,0.875,1.0,0.0,8,0,3,5,1,3,1,0.875,0,0,0,0,0.0219655187884988,0.0477437739187667,0.0689506972129526,V9,0,2025-11,switch_neutro,0,0,0,0,0.04698517842445381,0.0689506972129526,0.04698517842445381,0,1,,,,,,
2025-11-13,Vespertino,0.0,0.0089257420525683,0.0075326691721207,0.0,0.0420291017418814,0.0218652309742971,0.0,0.121183598126154,0.0530379356305111,9,0.7777777777777778,1.0,0.0,9,0,4,6,1,4,1,0.7777777777777778,0,0,0,0,0.0228013292800196,0.0510290922236097,0.0736043290700474,V9,0,2025-11,switch_neutro,0,0,0,0,0.050802999790027795,0.0736043290700474,0.050802999790027795,0,1,,,,,,
2025-11-13,Nocturno,0.0,0.0,8.881784197001252e-16,0.0,0.0120291017418814,0.0078721280542868,0.0,0.0799999999999998,0.0417129968132681,9,0.7777777777777778,0.8,0.0,6,0,5,5,4,4,2,0.1666666666666666,0,0,0,0,0.0212738326694109,0.0275123448583346,0.0212738326694109,V7,0,2025-11,sin_switch,0,0,0,0,0.006238512188923698,0.0275123448583346,0.006238512188923698,0,0,,,,,,
2025-11-14,Previa,0.0,0.0,8.881784197001252e-16,0.0,0.0153135114221747,0.0075660890296032,0.0,0.0030627022844349,0.010741203001487,6,1.0,1.0,0.0,6,0,1,0,6,1,1,1.0,0,0,0,0,0.0248992148049396,0.0,0.0,V7,0,2025-11,sin_switch,0,0,0,0,0.0,0.0248992148049396,0.0248992148049396,0,0,,,,,,
2025-11-14,Primera,0.0,0.0162186043243259,0.0475015779481088,0.0,0.0099059915097359,0.0050893150613048,0.0,0.0285721073928564,0.0502791361588166,11,1.0,1.0,0.0909090909090909,11,0,2,6,6,2,1,1.0,0,0,1,1,0.0231957824369513,0.0265540020633721,0.0,V7,0,2025-11,sin_switch,0,0,0,0,0.0033582196264207997,0.0265540020633721,0.0265540020633721,0,0,,,,,,
2025-11-14,Matutino,0.0,0.0969277913523631,0.0514100229838438,0.0,0.0099059915097359,0.0050893150613048,0.0,0.0576185950714291,0.0295557644255467,11,1.0,0.6666666666666666,0.0909090909090909,3,0,3,2,2,3,2,0.3333333333333333,0,0,0,0,0.0,0.074062196986704,0.0,V8,0,2025-11,switch_neutro,0,0,0,0,0.074062196986704,0.074062196986704,0.074062196986704,1,0,,,,,,
2025-11-14,Vespertino,0.0,0.5244942782809892,0.209041840181547,0.0,0.0099059915097359,0.0050893150613048,0.02,0.078,0.0582570346507692,11,1.0,0.5,0.0909090909090909,12,0,4,10,6,4,2,0.5,0,0,0,0,0.0243588075523244,0.0,0.0,V7,0,2025-11,sin_switch,0,0,0,0,0.0,0.0243588075523244,0.0243588075523244,0,0,,,,,,
2025-11-14,Nocturno,0.0,0.0,0.007945460986939,0.0,0.0392307692307691,0.0187524473783509,0.0,0.0391666666666666,0.0196553395655869,13,0.8461538461538461,0.8,0.0769230769230769,10,0,5,8,3,4,2,0.7,0,0,0,0,0.0294817728657574,0.0491070563305818,0.0223519208088926,V7,0,2025-11,sin_switch,0,0,0,0,0.0196252834648244,0.0491070563305818,0.0267551355216892,0,0,,,,,,
2025-11-15,Previa,0.0,0.011507282898072,0.0046029131592288,0.0,0.0,0.0065678723238137,0.0,0.0,0.0013135744647627,20,1.0,1.0,0.0,20,0,1,0,20,1,1,1.0,0,0,0,0,0.0421209898583574,0.0466504310974742,0.0,V7,0,2025-11,sin_switch,0,0,0,0,0.004529441239116805,0.0466504310974742,0.0466504310974742,0,0,,,,,,
2025-11-15,Primera,0.0,1.0166844284903125,0.4659033351439773,0.0,0.0084535123214271,0.0052307936672227,0.0,0.0011907024642855,0.0119138715551343,14,1.0,1.0,0.0,14,0,2,2,2,2,1,1.0,0,0,0,0,0.0463031013447751,0.0,0.0,V7,0,2025-11,sin_switch,0,0,0,0,0.0,0.0463031013447751,0.0463031013447751,0,0,,,,,,
2025-11-15,Matutino,0.0,0.797011872247988,0.3693465938080275,0.0,0.0084535123214271,0.0052307936672227,0.0,0.0306907024642854,0.024720065681604,14,1.0,0.6666666666666666,0.0,14,1,2,14,12,2,1,0.0,0,0,0,0,0.0831851546839638,0.0772576785372041,0.0545424275838729,V7,0,2025-11,sin_switch,0,0,0,0,0.0,0.0831851546839638,0.0286427271000909,0,0,,,,,,
2025-11-15,Vespertino,0.0,1.0510837740898342,0.4756292463332146,0.0,0.0084535123214271,0.0052307936672227,0.0,0.0236363636363636,0.0185751259142868,14,1.0,0.5,0.0,11,1,3,11,7,4,2,0.3636363636363636,0,0,0,0,0.0255985894419637,0.0236099031675232,0.0,V7,0,2025-11,sin_switch,0,0,0,0,0.0,0.0255985894419637,0.0255985894419637,0,0,,,,,,
2025-11-15,Nocturno,0.2257586924558783,0.2419772967802043,0.1540274547533126,0.0,0.0084535123214271,0.0052307936672227,0.0,0.0434292502499992,0.0310712460018653,14,1.0,0.4,0.0,15,1,4,15,4,5,1,0.2666666666666666,0,0,0,0,0.0,0.0486204869590534,0.0245764570570766,V8,0,2025-11,switch_neutro,0,0,0,0,0.0486204869590534,0.0486204869590534,0.0486204869590534,1,0,,,,,,
2025-11-17,Primera,0.0,0.0271877915434322,0.0177787531713105,0.0,0.0,0.0160100740683853,0.0,0.0,0.0768970920335413,16,0.0,0.5,0.0,16,1,1,16,16,1,1,0.0,0,0,0,0,0.1103501623759028,0.1063974224698251,0.0538779290415802,V7,0,2025-11,sin_switch,0,0,0,0,0.0,0.1103501623759028,0.056472233334322594,0,0,,,,,,
2025-11-17,Matutino,0.0,0.0162186043243259,0.0507637053205687,0.0,0.0038461538461538,0.0019266232883876,0.0,0.0285721073928563,0.020611588053949,13,0.0,0.6666666666666666,0.0769230769230769,13,1,2,13,5,2,1,0.0,0,0,0,0,0.0798592470214265,0.1047360219024827,0.0472556908736352,V7,0,2025-11,sin_switch,0,0,0,0,0.024876774881056204,0.1047360219024827,0.057480331028847496,0,0,,,,,,
2025-11-17,Vespertino,0.0,0.108993257623716,0.0631721936248791,0.0,0.0053605369642814,0.0059591690054867,0.0,0.0161497352071792,0.0121399299284727,10,0.0,0.75,0.0,4,1,3,4,3,3,2,0.0,0,0,0,0,0.0224028961532032,0.0279270878627127,0.0279270878627127,V7,0,2025-11,sin_switch,0,0,0,0,0.005524191709509501,0.0279270878627127,0.005524191709509501,0,0,,,,,,
2025-11-17,Nocturno,0.0,0.0235114665960844,0.2438200311353004,0.0,0.0231765012855365,0.0190246850521655,0.0,0.0469278926071436,0.0350015799906169,7,0.0,0.8,0.2857142857142857,7,2,3,7,3,4,2,0.0,0,0,0,0,0.0,0.0,0.0270982518872065,V7,0,2025-11,sin_switch,0,0,0,0,0.0270982518872065,0.0270982518872065,0.0270982518872065,0,0,,,,,,
2025-11-18,Previa,0.0,0.0204330249506403,0.0083173242720919,0.0,0.0,0.0030467102036251,0.0,0.0,0.010359342040725,4,1.0,1.0,0.0,4,0,1,0,4,1,1,1.0,0,0,0,0,0.0190614366396256,0.0,0.0,V7,0,2025-11,sin_switch,0,0,0,0,0.0,0.0190614366396256,0.0190614366396256,0,0,,,,,,
2025-11-18,Primera,0.010052577131236,0.0778493552327255,0.0386817631341521,0.0017513239641037,0.0053605369642815,0.0070140247622475,0.0766435359642848,0.0842875625083857,0.0378521520664507,2,1.0,1.0,1.0,10,0,2,8,8,2,1,0.6,0,0,0,0,0.0870565693611251,0.0,0.0,V7,0,2025-11,sin_switch,0,0,0,0,0.0,0.0870565693611251,0.0870565693611251,0,0,,,,,,
2025-11-18,Matutino,0.0,0.0277258872223979,0.0362921739074863,0.0017513239641037,0.0114378125419289,0.0075017235384926,0.0,0.0159999999999999,0.0370911901059149,2,1.0,0.6666666666666666,1.0,10,0,3,9,3,3,1,0.3,0,0,0,0,0.0317768602701272,0.0230097701991533,0.0506887553638344,V7,0,2025-11,sin_switch,0,0,0,0,0.0189118950937072,0.0506887553638344,0.027678985164681102,0,0,,,,,,
2025-11-18,Vespertino,0.0,0.0162186043243259,0.0539848723794204,0.0017513239641036,0.0114378125419288,0.0075017235384926,0.0,0.0155011694012437,0.0339066752936947,2,1.0,0.5,1.0,7,0,4,5,4,3,1,0.2857142857142857,0,0,0,0,0.0259920465301854,0.0244924607709119,0.074825817168663,V9,0,2025-11,switch_neutro,0,0,0,0,0.0488337706384776,0.074825817168663,0.050333356397751106,0,1,,,,,,
2025-11-18,Nocturno,0.0,0.0324372086486528,0.0163054828188114,0.0017513239641036,0.0084535123214271,0.0067764401133593,0.0,0.0726907024642854,0.0327173913441571,2,1.0,0.4,1.0,8,0,5,7,3,4,1,0.125,0,0,0,0,0.0224089746645649,0.0206333105667881,0.0821870375767847,V9,0,2025-11,switch_neutro,0,0,0,0,0.05977806291221979,0.0821870375767847,0.06155372700999659,0,1,,,,,,
2025-11-19,Previa,0.0,0.2116406777378046,0.1036823338548864,0.0,0.0130929753571457,0.0052371901428582,0.0,0.0351185950714292,0.0140474380285716,3,1.0,1.0,0.0,3,0,1,0,3,1,1,1.0,0,0,0,0,0.0,0.0,0.0,V7,0,2025-11,sin_switch,0,0,0,0,0.0,0.0,0.0,0,0,,,,,,
2025-11-19,Primera,0.010052577131236,0.0765412695358218,0.1397899426604732,0.0,0.011146844755508,0.0055641724284622,0.0,0.0096497352071792,0.0256173121732876,6,1.0,1.0,0.1666666666666666,4,0,2,3,3,2,1,1.0,0,0,0,0,0.0520785185039009,0.0475606002600197,0.0230496468233261,V7,0,2025-11,sin_switch,0,0,0,0,0.0,0.0520785185039009,0.0290288716805748,0,0,,,,,,
2025-11-19,Matutino,0.0,0.0366516292749663,0.0184568273916893,0.0,0.0374622155712507,0.0171401233052308,0.0472875625083858,0.0996969696969697,0.0355352401975792,7,0.8571428571428571,1.0,0.1428571428571428,8,0,3,6,6,3,2,0.25,0,0,0,1,0.0486514965393729,0.051760233461031,0.028148345090357,V7,0,2025-11,sin_switch,0,0,0,0,0.003108736921658098,0.051760233461031,0.023611888370674,0,0,,,,,,
2025-11-19,Vespertino,0.0162186043243259,0.0162186043243259,0.0276552620179685,0.0,0.0124622155712507,0.007785286266577,0.0,0.0789210145428214,0.0420322107845299,7,0.8571428571428571,0.75,0.1428571428571428,7,0,4,6,6,3,2,0.1428571428571428,0,0,0,0,0.0249584318488869,0.0235004504585489,0.0249584318488869,V7,0,2025-11,sin_switch,0,0,0,0,0.0,0.0249584318488869,0.001457981390338002,0,0,,,,,,
2025-11-19,Nocturno,0.0,0.0162186043243259,0.014915481944182,0.0,0.0025377844287491,0.0040873947023713,0.0489999999999999,0.0562875625083858,0.0380184209861516,4,1.0,0.4,0.25,10,0,5,8,2,4,1,0.2,0,0,0,0,0.0237243469016154,0.0502994599153083,0.0267878801034018,V7,0,2025-11,sin_switch,0,0,0,0,0.0265751130136929,0.0502994599153083,0.0265751130136929,0,0,,,,,,
2025-11-20,Previa,0.0,0.0,8.881784197001252e-16,0.0,0.0,0.0,0.0,0.0,0.0,2,1.0,1.0,0.0,2,0,1,0,2,1,1,1.0,0,0,0,0,0.0,0.0285689383382658,0.0285689383382658,V7,0,2025-11,sin_switch,0,0,0,0,0.0285689383382658,0.0285689383382658,0.0285689383382658,0,0,,,,,,
2025-11-20,Primera,0.0,0.0,0.0081093021621629,0.0,0.0,1.1102230246251563e-16,0.0,0.0616595623285352,0.0303126646274521,5,1.0,1.0,0.0,5,0,2,3,3,2,1,1.0,0,0,0,0,0.0,0.0226492435200522,0.0226492435200522,V7,0,2025-11,sin_switch,0,0,0,0,0.0226492435200522,0.0226492435200522,0.0226492435200522,0,0,,,,,,
2025-11-20,Matutino,0.0,0.5228179191235718,0.2255771688628774,0.0,0.0,0.0026185950714291,0.0,0.041142630869048,0.0247132373056444,5,1.0,0.6666666666666666,0.0,3,0,3,2,1,3,1,0.6666666666666666,0,0,0,0,0.0249243888525849,0.0221683147757817,0.0,V7,0,2025-11,sin_switch,0,0,0,0,0.0,0.0249243888525849,0.0249243888525849,0,0,,,,,,
2025-11-20,Vespertino,0.0,0.011507282898072,0.0046029131592288,0.0,0.0,0.0032071108839841,0.0,0.0653502647928206,0.033885837059886,5,1.0,0.5,0.0,8,1,3,8,4,4,1,0.125,0,0,0,0,0.0202919507196933,0.0901241617615967,0.0255463417854485,V8,0,2025-11,switch_neutro,0,0,0,0,0.0698322110419034,0.0901241617615967,0.0698322110419034,1,0,,,,,,
2025-11-20,Nocturno,0.0,0.0,0.0482915460400627,0.0,0.0,0.0032071108839841,0.0,0.0132875625083858,0.0127387455532036,5,1.0,0.4,0.0,12,1,4,12,8,4,1,0.0,0,0,0,1,0.0,0.0458114215869913,0.0449161867060802,V8,0,2025-11,switch_neutro,0,0,0,0,0.0458114215869913,0.0458114215869913,0.0458114215869913,1,0,,,,,,
2025-11-21,Previa,0.0,0.0,8.881784197001252e-16,0.0,0.0,0.0,0.0,0.0,0.0,2,1.0,1.0,0.0,2,0,1,0,2,1,1,1.0,0,0,0,0,0.0,0.0285689383382658,0.0285689383382658,V7,0,2025-11,sin_switch,0,0,0,0,0.0285689383382658,0.0285689383382658,0.0285689383382658,0,0,,,,,,
2025-11-21,Primera,0.0,0.0317744811735476,0.1513032609588115,0.0,0.0084535123214271,0.004980145617988,0.0,0.1322875625083857,0.0573825042681443,10,1.0,1.0,0.0,10,0,2,8,8,2,1,1.0,0,0,0,0,0.0494366668360546,0.0236651496419753,0.0,V7,0,2025-11,sin_switch,0,0,0,0,0.0,0.0494366668360546,0.0494366668360546,0,0,,,,,,
2025-11-21,Matutino,0.0,0.0383109867415196,0.0296080372046795,0.0,0.0084535123214271,0.004980145617988,0.0,0.0520311401357501,0.0300706158185543,10,1.0,0.6666666666666666,0.0,4,0,3,3,3,3,2,0.25,0,0,0,1,0.0216260008495388,0.0744025442696071,0.0,V8,0,2025-11,switch_neutro,0,0,0,0,0.0527765434200683,0.0744025442696071,0.0744025442696071,1,0,,,,,,
2025-11-21,Vespertino,0.0,0.1996348660853071,0.0836187142651505,0.0,0.0215464876785728,0.0120718311228499,0.0,0.0375968600441002,0.017388721151581,5,0.8,1.0,0.0,5,0,4,4,2,4,2,0.2,0,0,0,0,0.0230867075885706,0.0504018271652765,0.0434272765787989,V7,0,2025-11,sin_switch,0,0,0,0,0.027315119576705897,0.0504018271652765,0.027315119576705897,0,0,,,,,,
2025-11-21,Nocturno,0.0,0.0455951473985463,0.0258946938963304,0.0,0.0084535123214271,0.004980145617988,0.0,0.0617614522142861,0.0279542047570003,10,1.0,0.4,0.0,7,0,5,6,3,5,1,0.1428571428571428,0,0,0,0,0.0227437691725307,0.0549271022340627,0.0247237328753946,V8,0,2025-11,switch_neutro,0,0,0,0,0.032183333061531996,0.0549271022340627,0.032183333061531996,1,0,,,,,,
2025-11-22,Previa,0.0,0.0,0.0973103007857574,0.0,0.0070156997794982,0.0056695495195051,0.0,0.0014031399558996,0.001133909903901,6,1.0,1.0,0.0,6,0,1,0,6,1,1,1.0,0,1,1,1,0.0300951021342637,0.0,0.0,V7,1,2025-11,sin_switch,1,1,1,1,0.0,0.0300951021342637,0.0300951021342637,0,0,,,,,,
2025-11-22,Primera,0.1798520639582843,0.1841262901476028,0.055274301413969,1.1102230246251563e-16,0.0142513239641037,0.007559029377914,0.0,0.1011907024642855,0.0541075990125462,2,1.0,1.0,1.0,8,0,2,7,7,2,1,0.625,0,0,0,0,0.0211141400094013,0.0,0.0217965919600195,V7,0,2025-11,sin_switch,0,0,0,0,0.0006824519506181993,0.0217965919600195,0.0217965919600195,0,0,,,,,,
2025-11-22,Matutino,0.0,0.1255458551291539,0.0610134778174313,1.1102230246251563e-16,0.0142513239641037,0.007559029377914,0.0,0.0895169314594872,0.0374991937488533,2,1.0,0.6666666666666666,1.0,9,0,3,8,1,3,1,0.5555555555555556,0,0,0,0,0.0252768611562815,0.0,0.0553434147412644,V9,0,2025-11,switch_neutro,0,0,0,0,0.030066553584982898,0.0553434147412644,0.0553434147412644,0,1,,,,,,
2025-11-22,Vespertino,0.4713556741329903,0.5449273032316295,0.1612064418142461,0.0,0.0142513239641036,0.0075590293779139,0.0,0.0894031399558996,0.0457704342903148,8,1.0,0.5,0.0,6,0,4,4,4,3,2,0.3333333333333333,0,1,0,0,0.042785763029452,0.0306438440469458,0.0245318429158244,V7,1,2025-11,sin_switch,1,1,1,1,0.0,0.042785763029452,0.0182539201136276,0,0,,,,,,
2025-11-22,Nocturno,0.5611459075559555,0.6079392864753368,0.202184872080552,0.0,0.0142513239641036,0.0075590293779139,0.0,0.13,0.0645183400154336,8,1.0,0.4,0.0,8,0,5,7,4,5,2,0.125,0,0,0,0,0.0442218496610511,0.0299844268968408,0.02621200865459,V7,0,2025-11,sin_switch,0,0,0,0,0.0,0.0442218496610511,0.018009841006461105,0,0,,,,,,
2025-11-24,Primera,0.0,0.0,8.881784197001252e-16,0.0,0.0,0.0,0.0,0.0,5.551115123125783e-17,2,0.0,0.5,0.0,2,1,1,2,2,1,1,0.0,0,0,0,0,0.0,0.0130689037433995,0.0130689037433995,V7,0,2025-11,sin_switch,0,0,0,0,0.0130689037433995,0.0130689037433995,0.0130689037433995,0,0,,,,,,
2025-11-24,Matutino,0.0,0.044518469499108,0.0173558657341006,0.0,0.0084535123214271,0.0046279877076263,0.0,0.0572875625083858,0.0387348052167855,9,0.0,0.6666666666666666,0.0,9,2,1,9,9,2,2,0.0,0,0,0,0,0.0239526835904641,0.0,0.0,V7,0,2025-11,sin_switch,0,0,0,0,0.0,0.0239526835904641,0.0239526835904641,0,0,,,,,,
2025-11-24,Vespertino,0.0,0.194338436619283,0.0876826089930499,0.0,0.0055555555555555,0.0025486382790834,0.0,0.025,0.0412846031780085,9,0.0,0.75,0.1111111111111111,8,1,3,8,6,3,2,0.0,0,0,0,0,0.0,0.021499779623953,0.0449670167094545,V9,0,2025-11,switch_neutro,0,0,0,0,0.0449670167094545,0.0449670167094545,0.0449670167094545,0,1,,,,,,
2025-11-24,Nocturno,0.0,0.0,0.0195786618754386,0.0,0.0032176798214242,0.0022544201676202,0.0,0.001,0.0012540821559691,10,0.0,0.8,0.1,13,2,3,13,10,3,2,0.0,0,0,0,0,0.053500233637011,0.0501771212038458,0.0,V7,0,2025-11,sin_switch,0,0,0,0,0.0,0.053500233637011,0.053500233637011,0,0,,,,,,
2025-11-25,Previa,0.0,0.0089257420525683,0.0078077525535329,0.0,0.0101557006787506,0.0040622802715002,0.0,0.03453114013575,0.0138124560543,4,1.0,1.0,0.0,4,0,1,0,4,1,1,1.0,0,0,0,0,0.0,0.0,0.0,V7,0,2025-11,sin_switch,0,0,0,0,0.0,0.0,0.0,0,0,,,,,,
2025-11-25,Primera,0.0,0.0748052035187321,0.0423599138697971,0.0,0.0,0.0026185950714291,0.0,0.0020311401357501,0.0307187875849088,1,1.0,1.0,1.0,4,0,2,2,2,2,1,1.0,0,1,0,0,0.0,0.0215587115501076,0.0255509708540034,V7,1,2025-11,sin_switch,0,1,1,0,0.0255509708540034,0.0255509708540034,0.0255509708540034,0,0,,,,,,
2025-11-25,Matutino,0.0,0.011507282898072,0.074939298706331,0.0,0.0065464876785729,0.0032071108839841,0.0,0.035,0.0222816255041858,1,1.0,0.6666666666666666,1.0,4,0,3,2,2,3,2,0.5,0,0,0,0,0.0218768508712781,0.0233399663804743,0.0580683909791286,V9,0,2025-11,switch_neutro,0,0,0,0,0.0361915401078505,0.0580683909791286,0.0361915401078505,0,1,,,,,,
2025-11-25,Vespertino,0.0,0.0,0.0110828020922132,0.0,0.0065464876785727,0.0030704325459131,0.0,0.0235638716856785,0.0213849532735533,1,1.0,0.5,1.0,7,1,3,7,5,4,2,0.2857142857142857,0,0,0,0,0.0436629330811192,0.0220547674639505,0.0960482191927524,V9,0,2025-11,switch_neutro,0,0,0,0,0.0523852861116332,0.0960482191927524,0.0739934517288019,0,1,,,,,,
2025-11-25,Nocturno,0.0,0.0546497052589565,0.029271343740929,0.0,0.0017513239641037,0.0044815154881035,0.0,0.1349292502499992,0.0539083061049639,2,1.0,0.4,0.5,8,0,5,7,4,5,1,0.25,0,0,0,0,0.023142542255685,0.047513345952596,0.0237255915305887,V7,0,2025-11,sin_switch,0,0,0,0,0.024370803696911,0.047513345952596,0.024370803696911,0,0,,,,,,
2025-11-26,Previa,0.0,0.0,8.881784197001252e-16,0.0,0.0254692121009253,0.0099799011939637,0.0,0.037593842420185,0.017693467750838,6,1.0,1.0,0.0,6,0,1,0,6,1,1,1.0,0,0,0,0,0.0186865999404251,0.0,0.0,V7,0,2025-11,sin_switch,0,0,0,0,0.0,0.0186865999404251,0.0186865999404251,0,0,,,,,,
2025-11-26,Primera,0.0,0.1446553416014602,0.0661212083929154,0.0,1.1102230246251563e-16,0.0026261160619634,0.0171428571428571,0.0835721073928563,0.0476247181201403,2,1.0,1.0,1.0,12,0,2,10,10,2,1,1.0,0,0,0,0,0.0220416844052404,0.0,0.0,V7,0,2025-11,sin_switch,0,0,0,0,0.0,0.0220416844052404,0.0220416844052404,0,0,,,,,,
2025-11-26,Matutino,0.0,0.0089257420525683,0.0081387143000438,0.0,1.1102230246251563e-16,0.0055661579830328,0.0,0.1149999999999999,0.0718641134031149,2,1.0,0.6666666666666666,1.0,16,0,3,12,2,3,1,0.75,0,0,0,0,0.0,0.0,0.0464893269617811,V9,0,2025-11,switch_neutro,0,0,0,0,0.0464893269617811,0.0464893269617811,0.0464893269617811,0,1,,,,,,
2025-11-26,Vespertino,0.0,0.0942076148467725,0.0421815019638699,0.0714285714285712,0.0714285714285712,0.023370915183798,0.0763571428571427,0.0853578216785705,0.0453566826699197,14,0.8571428571428571,1.0,0.0,14,0,4,12,2,4,2,0.8571428571428571,0,0,0,0,0.0209698247794885,0.0,0.0,V7,0,2025-11,sin_switch,0,0,0,0,0.0,0.0209698247794885,0.0209698247794885,0,0,,,,,,
2025-11-26,Nocturno,0.0,0.0,0.0069742269697279,0.0414285714285713,0.0414285714285713,0.0137756149762253,0.0,0.0426511988720221,0.024996392345456,14,0.8571428571428571,0.8,0.0,11,0,5,9,1,5,1,0.6363636363636364,0,0,0,0,0.0,0.0,0.0,V7,0,2025-11,sin_switch,0,0,0,0,0.0,0.0,0.0,0,0,,,,,,
2025-11-27,Previa,0.0,0.0,0.194171374039459,0.0,0.0267513239641036,0.0189140531987977,0.0,0.0053502647928207,0.0290287254713489,12,1.0,1.0,0.0,12,0,1,0,12,1,1,1.0,0,0,0,0,0.0218577523024494,0.0440296249501354,0.0218577523024494,V7,0,2025-11,sin_switch,0,0,0,0,0.022171872647685997,0.0440296249501354,0.022171872647685997,0,0,,,,,,
2025-11-27,Primera,0.0,0.011507282898072,0.0615154759146672,0.0065510131547575,0.0083333333333333,0.0082865465639591,0.0276907024642854,0.0549999999999999,0.0455494123523907,12,1.0,1.0,0.1666666666666666,14,0,2,4,4,2,1,1.0,0,0,0,0,0.0495528379406856,0.0483039857172053,0.0226009927598402,V7,0,2025-11,sin_switch,0,0,0,0,0.0,0.0495528379406856,0.0269518451808454,0,0,,,,,,
2025-11-27,Matutino,0.1941788672788389,0.1941788672788389,0.2616982848588208,0.0065510131547575,0.0083333333333333,0.0082865465639591,0.0,0.0203314851106619,0.0177100471784011,12,1.0,0.6666666666666666,0.1666666666666666,6,0,3,5,1,3,1,0.6666666666666666,0,0,1,1,0.0245529241854154,0.0,0.0,V7,0,2025-11,sin_switch,1,0,0,1,0.0,0.0245529241854154,0.0245529241854154,0,0,,,,,,
2025-11-27,Vespertino,0.3868026763857877,0.3940955386575453,0.1425646551483854,0.0065510131547575,0.0083333333333333,0.0082865465639591,0.0,0.0649999999999999,0.053410287802455,12,1.0,0.5,0.1666666666666666,6,0,4,4,4,3,2,0.3333333333333333,0,0,0,0,0.0225752121275982,0.0273853296617441,0.0246005614228082,V7,0,2025-11,sin_switch,0,0,0,0,0.0048101175341459,0.0273853296617441,0.0048101175341459,0,0,,,,,,
2025-11-27,Nocturno,0.0,0.038516517042197,0.0238461863522825,0.0065510131547575,0.0083333333333333,0.0082865465639591,0.0,0.0179999999999999,0.0501182375127556,12,1.0,0.4,0.1666666666666666,7,0,5,5,1,4,1,0.2857142857142857,0,0,0,0,0.0251499525434571,0.027728095232807,0.030398234007947,V7,0,2025-11,sin_switch,0,0,0,0,0.005248281464489902,0.030398234007947,0.005248281464489902,0,0,,,,,,
2025-11-28,Previa,0.0,0.0204330249506403,0.0100100970061252,0.0,0.0,0.0,0.0,0.0,0.0,4,1.0,1.0,0.0,4,0,1,0,4,1,1,1.0,0,0,0,0,0.0,0.0200485891125701,0.0200485891125701,V7,0,2025-11,sin_switch,0,0,0,0,0.0200485891125701,0.0200485891125701,0.0200485891125701,0,0,,,,,,
2025-11-28,Primera,0.2980586158016081,0.5201086424573971,0.1732684536317505,0.0184535123214272,0.0184535123214272,0.0055360536964281,0.0,0.055,0.0234887560756305,2,1.0,1.0,1.0,4,0,2,2,2,2,1,1.0,0,0,0,0,0.0215657515392644,0.0500241968777649,0.0215657515392644,V7,0,2025-11,sin_switch,0,0,0,0,0.0284584453385005,0.0500241968777649,0.0284584453385005,0,0,,,,,,
2025-11-28,Matutino,0.0,0.011507282898072,0.0056373942852263,0.0184535123214272,0.0184535123214272,0.0070301923064179,0.0,0.0,0.0168667463638008,2,1.0,0.6666666666666666,1.0,6,0,3,2,2,3,2,0.6666666666666666,0,0,0,0,0.0295055756289608,0.0294730388497513,0.0540102584998861,V7,0,2025-11,sin_switch,0,0,0,0,0.024504682870925304,0.0540102584998861,0.024537219650134803,0,0,,,,,,
2025-11-28,Vespertino,0.0,0.0139718023999897,0.0062391925597334,0.0184535123214271,0.0184535123214271,0.0077113730472223,0.0,0.025,0.0235324057017838,2,1.0,0.5,1.0,8,1,3,8,6,4,2,0.125,0,0,0,0,0.0459157502573074,0.0214251950219186,0.0697780769240451,V7,0,2025-11,sin_switch,0,0,0,0,0.023862326666737696,0.0697780769240451,0.0483528819021265,0,0,,,,,,
2025-11-28,Nocturno,0.0,0.1373522569050465,0.0549409027620185,0.0184535123214271,0.0184535123214271,0.0091995274951039,0.0,0.0600000000000001,0.0342452596892686,2,1.0,0.4,1.0,10,0,5,6,2,5,1,0.4,0,0,0,0,0.0252905006688786,0.0215175387716845,0.0898311628232029,V9,0,2025-11,switch_neutro,0,0,0,0,0.0645406621543243,0.0898311628232029,0.0683136240515184,0,1,,,,,,
2025-11-29,Previa,0.0,0.1912076527871642,0.0764830611148656,0.0153135114221747,0.0153135114221747,0.0045940534266524,0.0030627022844349,0.0030627022844349,0.0009188106853304,6,1.0,1.0,0.0,6,0,1,0,6,1,1,1.0,0,0,0,0,0.0517260246782313,0.0,0.0,V7,0,2025-11,sin_switch,0,0,0,0,0.0,0.0517260246782313,0.0517260246782313,0,0,,,,,,
2025-11-29,Primera,0.0119443781350074,0.2250610177556007,0.1290938311616088,0.0,0.0169933680974844,0.007321446679888,0.0,0.1172875625083857,0.0726722666261849,9,1.0,1.0,0.1111111111111111,9,0,2,6,6,2,1,1.0,0,0,0,0,0.0517749157136173,0.0,0.0,V7,0,2025-11,sin_switch,0,0,0,0,0.0,0.0517749157136173,0.0517749157136173,0,0,,,,,,
2025-11-29,Matutino,0.336692157645972,0.4205671043113241,0.1298239840118674,0.0,0.0028135114221747,0.001378333473964,0.0,0.1837676255412085,0.0847952355690117,6,1.0,0.6666666666666666,0.0,13,0,3,10,4,3,1,0.6923076923076923,0,0,0,0,0.0552237790952225,0.0,0.0247177378183498,V7,0,2025-11,sin_switch,0,0,0,0,0.0,0.0552237790952225,0.0552237790952225,0,0,,,,,,
2025-11-29,Vespertino,0.0083937839692254,0.0083937839692254,0.0065373215552653,0.0,0.044521546785717,0.0297016590929457,0.0,0.032,0.030753088827831,7,0.8571428571428571,1.0,0.0,15,0,4,12,2,4,1,0.6,0,0,0,0,0.0226028764024473,0.0212352250308863,0.0674031766802395,V9,0,2025-11,switch_neutro,0,0,0,0,0.0448003002777922,0.0674031766802395,0.046167951649353195,0,1,,,,,,
2025-11-29,Nocturno,0.0,0.0223655863692151,0.0640997719485055,0.0,0.044521546785717,0.017662709980601,0.0,0.0535006788214278,0.029729436297863,7,0.8571428571428571,0.8,0.0,10,0,5,6,2,5,1,0.4,0,0,0,0,0.0225125030908206,0.0219575322991403,0.0680681157915253,V9,0,2025-11,switch_neutro,0,0,0,0,0.0455556127007047,0.0680681157915253,0.046110583492385004,0,1,,,,,,
2025-12-01,Primera,0.0,0.0,0.090099478582721,0.0,0.0082978116426765,0.0082610225436217,0.0,0.0291595623285352,0.0413082372933945,5,0.0,0.5,0.0,5,1,1,5,5,1,1,0.0,0,0,0,0,0.0,0.0169583122472079,0.0169583122472079,V7,0,2025-12,sin_switch,0,0,0,0,0.0169583122472079,0.0169583122472079,0.0169583122472079,0,0,,,,,,
2025-12-01,Matutino,0.0930059885274454,0.1949278390381259,0.0636970073200281,0.0,0.0,0.0045414095402897,0.0,0.0019542291750525,0.0205339339977158,9,0.0,0.6666666666666666,0.0,9,2,1,9,9,2,2,0.0,0,0,0,0,0.0428380622613642,0.0210994630122343,0.0,V7,0,2025-12,sin_switch,0,0,0,0,0.0,0.0428380622613642,0.0428380622613642,0,0,,,,,,
2025-12-01,Vespertino,0.0162186043243259,0.2672694673868756,0.1435196045432193,0.0125,0.0125,0.00375,0.0,0.067,0.0261012330315928,8,0.0,0.75,0.25,9,1,3,9,4,3,1,0.0,0,0,0,0,0.0,0.0478559480918178,0.0249607919234524,V8,0,2025-12,switch_neutro,0,0,0,0,0.0478559480918178,0.0478559480918178,0.0478559480918178,1,0,,,,,,
2025-12-01,Nocturno,0.3929687035788776,0.4598930649357058,0.1367228723438403,0.0,0.0060772755776474,0.004146738329005,0.0,0.0287154551155294,0.0194638496791942,7,0.0,0.8,0.0,7,1,4,7,2,4,1,0.0,0,0,0,0,0.0,0.0486358152562899,0.0236516208580895,V8,0,2025-12,switch_neutro,0,0,0,0,0.0486358152562899,0.0486358152562899,0.0486358152562899,1,0,,,,,,
2025-12-02,Previa,0.0,0.0,8.881784197001252e-16,0.0,0.0101557006787506,0.0073869986255844,0.0,0.03453114013575,0.0220256502206202,4,1.0,1.0,0.0,4,0,1,0,4,1,1,1.0,0,0,0,0,0.0,0.0,0.0,V7,0,2025-12,sin_switch,0,0,0,0,0.0,0.0,0.0,0,0,,,,,,
2025-12-02,Primera,0.0162186043243259,0.0162186043243259,0.1222705803649707,0.0,0.01,0.0045044651598001,0.0,0.0479999999999999,0.0407558101207837,5,1.0,1.0,0.2,5,0,2,4,4,2,1,1.0,0,0,0,0,0.026873269706569,0.0449522769722244,0.020852347152628,V7,0,2025-12,sin_switch,0,0,0,0,0.018079007265655398,0.0449522769722244,0.024099929819596397,0,0,,,,,,
2025-12-02,Matutino,0.0,0.0162186043243259,0.0333805842279189,0.0,0.01,0.0045044651598001,0.0,0.1099214716950546,0.049488457568008,5,1.0,0.6666666666666666,0.2,13,0,3,12,10,3,1,0.0769230769230769,0,0,0,0,0.0528113696313904,0.0,0.0,V7,0,2025-12,sin_switch,0,0,0,0,0.0,0.0528113696313904,0.0528113696313904,0,0,,,,,,
2025-12-02,Vespertino,0.0,0.0382840512623152,0.0282797932831942,0.0,0.0192021883573234,0.0102647888903798,0.0,0.0397875625083857,0.0247035261224627,4,0.75,1.0,0.5,8,0,4,6,3,4,1,0.25,0,0,0,0,0.045428012557742,0.0471723268783072,0.0746576217237026,V7,0,2025-12,sin_switch,0,0,0,0,0.029229609165960603,0.0746576217237026,0.029229609165960603,0,0,,,,,,
2025-12-02,Nocturno,0.0,0.0,0.0543304337143389,0.0,0.0107978116426764,0.0063873076972686,0.0,0.0836435359642848,0.037521533478203,5,1.0,0.4,0.2,10,0,5,8,2,5,1,0.2,0,0,0,0,0.0223648541091098,0.0516815021793032,0.0237364235259683,V7,0,2025-12,sin_switch,0,0,0,0,0.0293166480701934,0.0516815021793032,0.0293166480701934,0,0,,,,,,
2025-12-03,Previa,0.0,0.0,0.0980449395696601,0.0,0.0101557006787506,0.0040622802715002,0.0,0.03453114013575,0.0138124560543,4,1.0,1.0,0.0,4,0,1,0,4,1,1,1.0,0,0,0,0,0.0,0.0,0.0,V7,0,2025-12,sin_switch,0,0,0,0,0.0,0.0,0.0,0,0,,,,,,
2025-12-03,Primera,0.2276685585606745,0.2276685585606745,0.0737761657411931,0.0,0.0176878125419288,0.0093399083435804,0.0,0.0622875625083857,0.0284572261820626,8,1.0,1.0,0.125,8,0,2,4,4,2,1,1.0,0,0,0,0,0.0770132688131097,0.071509435741051,0.0460616228582638,V7,0,2025-12,sin_switch,0,0,0,0,0.0,0.0770132688131097,0.030951645954845904,0,0,,,,,,
2025-12-03,Matutino,0.0,0.011507282898072,0.0768874162207786,0.0,0.0176878125419288,0.0093399083435804,0.0952875625083857,0.0955006788214277,0.0415761573545735,8,1.0,0.6666666666666666,0.125,10,0,3,8,4,3,1,0.4,0,0,0,0,0.0710376012843694,0.0254644141740683,0.0254644141740683,V7,0,2025-12,sin_switch,0,0,0,0,0.0,0.0710376012843694,0.045573187110301096,0,0,,,,,,
2025-12-03,Vespertino,0.0,0.0134398443166467,0.0089732040138995,0.0,0.1058822569863733,0.0435222528175245,0.0,0.0272875625083858,0.0132131592396112,9,0.8888888888888888,1.0,0.1111111111111111,8,1,3,8,4,4,2,0.5,0,0,0,0,0.0210283710060458,0.019989382173587,0.0485002432505174,V7,0,2025-12,sin_switch,0,0,0,0,0.027471872244471597,0.0485002432505174,0.028510861076930398,0,0,,,,,,
2025-12-03,Nocturno,0.0,0.1266395328171938,0.0543853692620804,0.0,0.0758822569863733,0.0319666022390694,0.0,0.0499999999999999,0.0484838946002493,9,0.8888888888888888,0.8,0.1111111111111111,12,0,5,11,8,5,1,0.1666666666666666,0,0,0,0,0.0209418906411588,0.0,0.0349016573252834,V7,0,2025-12,sin_switch,0,0,0,0,0.0139597666841246,0.0349016573252834,0.0349016573252834,0,0,,,,,,
2025-12-04,Previa,0.0,0.011507282898072,0.0056373942852263,0.0153135114221747,0.0254692121009253,0.0080334974994188,0.0030627022844349,0.037593842420185,0.0163111722917175,6,1.0,1.0,0.0,6,0,1,0,6,1,1,1.0,0,0,0,0,0.0756214421051505,0.0,0.0,V7,0,2025-12,sin_switch,0,0,0,0,0.0,0.0756214421051505,0.0756214421051505,0,0,,,,,,
2025-12-04,Primera,0.0,0.0186597094093663,0.0453450212284524,0.0031044792085956,0.0142513239641037,0.0071816831409245,0.0,0.0699999999999999,0.0326530080679049,2,1.0,1.0,1.0,6,0,2,3,3,2,1,1.0,0,0,0,0,0.0203387356776046,0.0,0.025787073607511,V7,0,2025-12,sin_switch,0,0,0,0,0.005448337929906399,0.025787073607511,0.025787073607511,0,0,,,,,,
2025-12-04,Matutino,0.0,0.0134588894648484,0.0277189351499392,0.0031044792085956,0.0142513239641037,0.0071816831409245,0.0,0.0522875625083857,0.0310804972019912,2,1.0,0.6666666666666666,1.0,8,1,2,8,4,3,1,0.125,0,0,0,0,0.0518017814183563,0.0479379924302125,0.0280701768133291,V7,0,2025-12,sin_switch,0,0,0,0,0.0,0.0518017814183563,0.0237316046050272,0,0,,,,,,
2025-12-04,Vespertino,0.0162186043243259,0.1096263696826476,0.0474771776099147,0.0031044792085955,0.0142513239641036,0.0073430782695947,0.0,0.0982218426000357,0.0394882038188462,2,1.0,0.5,1.0,4,0,4,3,2,4,2,0.5,0,0,0,0,0.0,0.0,0.0629974673407513,V9,0,2025-12,switch_neutro,0,0,0,0,0.0629974673407513,0.0629974673407513,0.0629974673407513,0,1,,,,,,
2025-12-04,Nocturno,0.0,0.0162186043243259,0.0110148983086193,0.0031044792085955,0.0142513239641036,0.0103330685593206,0.0,0.0204361283143212,0.018342675661808,2,1.0,0.4,1.0,4,0,5,3,3,3,2,0.25,0,1,0,0,0.0223877965654953,0.0226176388406596,0.0627334839478834,V9,0,2025-12,switch_perdedor,0,1,0,0,0.0403456873823881,0.0627334839478834,0.0403456873823881,0,1,,,,,,
2025-12-05,Previa,0.0,0.0,8.881784197001252e-16,0.0,0.0,0.0113894786966434,0.0,0.0,0.03412126239551,4,1.0,1.0,0.0,4,0,1,0,4,1,1,1.0,0,0,0,0,0.0,0.0,0.0,V7,0,2025-12,sin_switch,0,0,0,0,0.0,0.0,0.0,0,0,,,,,,
2025-12-05,Primera,0.0,0.0,0.0746717536906664,0.0,0.0029843002205017,0.0037206458550305,0.0614031399558996,0.1199999999999998,0.0404858025000162,5,1.0,1.0,0.2,6,0,2,4,4,2,1,1.0,0,0,0,0,0.0767157552627414,0.0456670828644596,0.0222417053077858,V7,0,2025-12,sin_switch,0,0,0,0,0.0,0.0767157552627414,0.0544740499549556,0,0,,,,,,
2025-12-05,Matutino,0.1941788672788389,0.1941788672788389,0.1525320592689065,0.0,0.0029843002205017,0.0037206458550305,0.0,0.0209530597738087,0.0117292322174873,5,1.0,0.6666666666666666,0.2,9,1,2,9,5,3,1,0.2222222222222222,0,0,0,0,0.0501939464835934,0.0459816883271071,0.0,V7,0,2025-12,sin_switch,0,0,0,0,0.0,0.0501939464835934,0.0501939464835934,0,0,,,,,,
2025-12-05,Vespertino,0.0,0.4618223380528903,0.2059685567344865,0.0,0.0070156997794982,0.0037904784384151,0.0166666666666666,0.0207692307692307,0.0209015880407633,6,1.0,0.5,0.0,8,1,3,8,4,4,1,0.25,0,0,0,0,0.0480230887882899,0.0461855360469173,0.0219555221131172,V7,0,2025-12,sin_switch,0,0,0,0,0.0,0.0480230887882899,0.026067566675172696,0,0,,,,,,
2025-12-05,Nocturno,0.0,0.0134588894648484,0.0053835557859393,0.0,0.0029843002205017,0.0057312126709215,0.1192875625083857,0.1326666666666666,0.0434563722727893,5,0.8,0.8,0.0,10,0,5,8,4,5,1,0.2,0,0,0,0,0.024063553167767,0.0245030807638795,0.0245030807638795,V7,0,2025-12,sin_switch,0,0,0,0,0.0004395275961125017,0.0245030807638795,0.0004395275961125017,0,0,,,,,,
2025-12-06,Previa,0.0,0.0,0.1006166182406258,0.0,0.0101557006787506,0.0040622802715002,0.0,0.03453114013575,0.0138124560543,4,1.0,1.0,0.0,4,0,1,0,4,1,1,1.0,0,0,0,0,0.0,0.0,0.0,V7,0,2025-12,sin_switch,0,0,0,0,0.0,0.0,0.0,0,0,,,,,,
2025-12-06,Primera,0.0,0.011507282898072,0.0884885801224609,0.0,0.0053605369642814,0.0038034812328861,0.0,0.0301185950714291,0.0257637847482567,10,1.0,1.0,0.0,7,0,2,5,5,2,1,1.0,0,0,0,0,0.0469369485527576,0.0568102172306242,0.019443417670739,V7,0,2025-12,sin_switch,0,0,0,0,0.0098732686778666,0.0568102172306242,0.0373667995598852,0,0,,,,,,
2025-12-06,Matutino,0.0,0.3197076827400646,0.1533157682132986,0.0,0.0053605369642814,0.0038034812328861,0.0,0.0751197264404753,0.0635755443579539,10,1.0,0.6666666666666666,0.0,9,0,3,8,5,3,1,0.4444444444444444,0,0,0,0,0.0227815981563837,0.0,0.0,V7,0,2025-12,sin_switch,0,0,0,0,0.0,0.0227815981563837,0.0227815981563837,0,0,,,,,,
2025-12-06,Vespertino,0.0,0.0105581640399172,0.0078846173688,0.0,0.0660680344642898,0.0272183267181922,0.0,0.0417850354642864,0.0367626235829815,7,0.8571428571428571,1.0,0.0,7,0,4,5,1,4,2,0.8571428571428571,0,0,0,0,0.0244497225992416,0.0239709958643116,0.0475830946557797,V7,0,2025-12,sin_switch,0,0,0,0,0.0231333720565381,0.0475830946557797,0.0236120987914681,0,0,,,,,,
2025-12-06,Nocturno,0.0,0.1943039738351561,0.1021558993146013,0.0,0.0414285714285713,0.016569598518146,0.0,0.0154999999999999,0.0213576522364259,7,0.8571428571428571,0.8,0.0,5,0,5,4,2,4,1,0.4,0,0,0,0,0.0,0.0243480661787467,0.0464391598922972,V9,0,2025-12,switch_neutro,0,0,0,0,0.0464391598922972,0.0464391598922972,0.0464391598922972,0,1,,,,,,
2025-12-09,Primera,0.0,0.0204330249506403,0.0083173242720919,0.0,0.0101557006787506,0.0073869986255844,0.0,0.0620311401357501,0.0394179699492512,4,0.0,0.5,0.0,4,1,1,4,4,1,1,0.0,0,0,0,0,0.0,0.0135354730975093,0.0135354730975093,V7,0,2025-12,sin_switch,0,0,0,0,0.0135354730975093,0.0135354730975093,0.0135354730975093,0,0,,,,,,
2025-12-09,Matutino,0.0,0.0134588894648484,0.0308064294557957,0.0,0.0017513239641036,0.0050779969508502,0.0,0.0019542291750525,0.0280656781350817,8,0.0,0.6666666666666666,0.0,8,2,1,8,8,2,2,0.0,0,0,0,0,0.0209223014437035,0.0188573556712032,0.0,V7,0,2025-12,sin_switch,0,0,0,0,0.0,0.0209223014437035,0.0209223014437035,0,0,,,,,,
2025-12-09,Vespertino,0.0049273564623097,0.0049273564623097,0.0063999636055847,0.0,0.0053490331128315,0.0059666210544715,0.0,0.0942781573999643,0.0378045191574323,6,0.0,0.75,0.1666666666666666,7,1,3,7,5,3,1,0.0,0,0,0,0,0.0,0.026999127502778,0.026999127502778,V7,0,2025-12,sin_switch,0,0,0,0,0.026999127502778,0.026999127502778,0.026999127502778,0,0,,,,,,
2025-12-09,Nocturno,0.0,0.011507282898072,0.0062807585579397,0.0028135114221747,0.0430066319025155,0.0201228757475563,0.0,0.0045721073928564,0.002332246665432,6,0.0,0.8,0.0,8,3,2,8,6,2,1,0.0,0,0,0,0,0.0273962454514611,0.0231864727721974,0.0231864727721974,V7,0,2025-12,sin_switch,0,0,0,0,0.0,0.0273962454514611,0.004209772679263701,0,0,,,,,,
2025-12-10,Previa,0.0061660271930907,0.0061660271930907,0.0088008969993618,0.0,0.0114378125419288,0.0076514298836335,0.0,0.0022875625083857,0.0015302859767267,8,1.0,1.0,0.0,8,0,1,0,8,1,1,1.0,0,0,0,0,0.0307555771215063,0.0,0.0,V7,0,2025-12,sin_switch,0,0,0,0,0.0,0.0307555771215063,0.0307555771215063,0,0,,,,,,
2025-12-10,Primera,0.0,0.177960262954512,0.1338705670449775,0.0,0.0055555555555554,0.0024947654616622,0.0474999999999998,0.0549999999999999,0.0245281407113495,9,1.0,1.0,0.1111111111111111,18,0,2,10,10,2,1,1.0,0,0,0,0,0.02437561259421,0.084203453997685,0.0316627814088819,V8,0,2025-12,switch_neutro,0,0,0,0,0.059827841403475,0.084203453997685,0.059827841403475,1,0,,,,,,
2025-12-10,Matutino,0.0,0.0,0.0870131231561394,0.0,0.0527777777777778,0.0228031701283228,0.0,0.0803578216785706,0.0440565422262985,12,0.9166666666666666,1.0,0.0833333333333333,12,0,3,7,1,3,1,0.9166666666666666,0,0,0,0,0.0231642515253309,0.0435566179784185,0.0692897850988363,V9,0,2025-12,switch_neutro,0,0,0,0,0.046125533573505406,0.0692897850988363,0.046125533573505406,0,1,,,,,,
2025-12-10,Vespertino,0.0,0.1362576596503864,0.0887604040030238,0.0,0.011111111111111,0.0205796458689729,0.0029999999999998,0.0033846153846153,0.0231169271851863,10,0.9,1.0,0.1,20,0,4,12,2,4,2,0.9,0,0,0,0,0.027237434609012,0.0229186975403895,0.0229186975403895,V7,0,2025-12,sin_switch,0,0,0,0,0.0,0.027237434609012,0.0043187370686225,0,0,,,,,,
2025-12-10,Nocturno,0.0,0.0204330249506403,0.0307656324252916,0.0,0.0111111111111111,0.0197906647323584,0.0,0.0836666666666666,0.0405686168459368,10,0.9,0.8,0.1,10,0,5,7,4,4,1,0.3,0,0,0,0,0.0,0.0,0.0,V7,0,2025-12,sin_switch,0,0,0,0,0.0,0.0,0.0,0,0,,,,,,
2025-12-11,Previa,0.0,0.0,8.881784197001252e-16,0.0,0.0,0.0,0.0,0.0,0.0,2,1.0,1.0,0.0,2,0,1,0,2,1,1,1.0,0,0,0,0,0.0,0.0285689383382658,0.0285689383382658,V7,0,2025-12,sin_switch,0,0,0,0,0.0285689383382658,0.0285689383382658,0.0285689383382658,0,0,,,,,,
2025-12-11,Primera,0.0162186043243259,0.0162186043243259,0.0536877658679372,0.0142513239641037,0.0184535123214272,0.0070654640779129,0.0,0.070562702284435,0.0456988482438475,2,1.0,1.0,1.0,6,0,2,5,5,2,1,0.8333333333333334,0,0,0,0,0.0614847769568835,0.0393863379946951,0.0416360865747968,V7,0,2025-12,sin_switch,0,0,0,0,0.0,0.0614847769568835,0.022098438962188403,0,0,,,,,,
2025-12-11,Matutino,0.0,0.0204330249506403,0.0350643143133287,0.0142513239641037,0.0184535123214272,0.008097768386921,0.0,0.03,0.0198144167492033,2,1.0,0.6666666666666666,1.0,9,0,3,8,5,3,1,0.3333333333333333,0,1,0,0,0.0383326515343397,0.0260336412306164,0.0491395130665783,V7,1,2025-12,sin_switch,1,1,1,1,0.010806861532238601,0.0491395130665783,0.0231058718359619,0,0,,,,,,
2025-12-11,Vespertino,0.0,0.2007035851389096,0.0891962770888717,0.0142513239641036,0.0184535123214271,0.0148293697905489,0.0,0.0475968600441002,0.0241429804837926,2,1.0,0.5,1.0,5,0,4,4,4,3,2,0.2,0,0,0,0,0.0237461758594343,0.023582378421482,0.0522730730069621,V7,0,2025-12,sin_switch,0,0,0,0,0.0285268971475278,0.0522730730069621,0.0286906945854801,0,0,,,,,,
2025-12-11,Nocturno,0.0,0.0162376494725275,0.0089597303807598,0.0142513239641036,0.0184535123214271,0.0148293697905489,0.0112875625083856,0.0138814049285707,0.0289682271100516,2,1.0,0.4,1.0,8,1,4,8,2,3,1,0.5,0,0,0,0,0.054571439969452,0.0483802826286613,0.0763577475165556,V7,0,2025-12,sin_switch,0,0,0,0,0.021786307547103596,0.0763577475165556,0.027977464887894293,0,0,,,,,,
2025-12-12,Previa,0.0,0.0,8.881784197001252e-16,0.0,0.0,0.0,0.0,0.0,0.0,2,1.0,1.0,0.0,2,0,1,0,2,1,1,1.0,0,0,0,0,0.0,0.0285689383382658,0.0285689383382658,V7,0,2025-12,sin_switch,0,0,0,0,0.0285689383382658,0.0285689383382658,0.0285689383382658,0,0,,,,,,
2025-12-12,Primera,0.0,0.0892162023703333,0.0372203612842083,0.0136823664461649,0.0166666666666667,0.0069966008647188,0.0,0.0614031399558996,0.0405549633118517,6,1.0,1.0,0.3333333333333333,6,0,2,4,4,2,1,1.0,0,0,0,0,0.0722764790220356,0.0462428938249327,0.0462428938249327,V7,0,2025-12,sin_switch,0,0,0,0,0.0,0.0722764790220356,0.0260335851971029,0,0,,,,,,
2025-12-12,Matutino,0.3840429615263092,0.5363207457584886,0.1667041725101037,0.0136823664461649,0.0166666666666667,0.0069966008647188,0.0,0.0122875625083858,0.008970677066135,6,1.0,0.6666666666666666,0.3333333333333333,8,1,2,8,2,3,1,0.5,0,0,0,0,0.045657036788853,0.0738698986102522,0.0,V7,0,2025-12,sin_switch,0,0,0,0,0.028212861821399197,0.0738698986102522,0.0738698986102522,0,0,,,,,,
2025-12-12,Vespertino,0.0,0.011507282898072,0.0101014567030281,0.0136823664461649,0.0166666666666667,0.0063951191762789,0.0,0.0422875625083858,0.0253764372113817,6,1.0,0.5,0.3333333333333333,8,0,4,6,4,3,1,0.25,0,0,0,0,0.0231908567795744,0.0224981151093065,0.0457948526742981,V7,0,2025-12,sin_switch,0,0,0,0,0.0226039958947237,0.0457948526742981,0.0232967375649916,0,0,,,,,,
2025-12-12,Nocturno,0.0,0.0,0.0525687010725636,0.0136823664461649,0.0166666666666667,0.0091809521042142,0.0,0.0591889905097393,0.0512530393520523,6,1.0,0.4,0.3333333333333333,11,0,5,9,6,4,2,0.4545454545454545,0,0,0,0,0.0455617425774856,0.0,0.0462201500831214,V7,0,2025-12,sin_switch,0,0,0,0,0.0006584075056357969,0.0462201500831214,0.0462201500831214,0,0,,,,,,
2025-12-13,Previa,0.0,0.1912076527871642,0.0810862059662238,0.0,0.0,0.0113894786966434,0.0,0.0,0.03412126239551,4,1.0,1.0,0.0,4,0,1,0,4,1,1,1.0,0,0,0,0,0.0,0.0,0.0,V7,0,2025-12,sin_switch,0,0,0,0,0.0,0.0,0.0,0,0,,,,,,
2025-12-13,Primera,0.0,0.0162186043243259,0.012736085097244,1.1102230246251563e-16,0.0031044792085956,0.0064241032158877,0.0,0.0572875625083858,0.0331230533599272,2,1.0,1.0,1.0,8,1,1,8,8,2,2,1.0,0,0,0,0,0.0273196100888669,0.0,0.0224764625961347,V7,0,2025-12,sin_switch,0,0,0,0,0.0,0.0273196100888669,0.0273196100888669,0,0,,,,,,
2025-12-13,Matutino,0.0,0.090823410572697,0.0423857770543003,1.1102230246251563e-16,0.0031044792085956,0.0064241032158877,0.073286393107142,0.1337875625083857,0.0507158962669528,2,1.0,0.6666666666666666,1.0,10,0,3,8,8,3,2,0.2,0,0,0,0,0.0735873225791989,0.0,0.0,V7,0,2025-12,sin_switch,0,0,0,0,0.0,0.0735873225791989,0.0735873225791989,0,0,,,,,,
2025-12-13,Vespertino,0.0,0.0916676592416747,0.0430550951703371,0.0,0.0031044792085955,0.0064241032158877,0.0,0.05,0.0453625580658178,8,1.0,0.5,0.0,10,0,4,6,5,4,2,0.5,0,1,0,0,0.0214526047657188,0.045862255500255,0.0455789589017469,V7,1,2025-12,sin_switch,0,1,1,0,0.0244096507345362,0.045862255500255,0.0244096507345362,0,0,,,,,,
2025-12-13,Nocturno,0.0,0.0724044186702901,0.0430559895913308,0.0,0.0449622155712506,0.0221160951560677,0.0,0.0143333333333333,0.0316444834581532,7,0.8571428571428571,0.8,0.1428571428571428,9,0,5,7,5,4,2,0.4444444444444444,0,0,0,0,0.0251280731716134,0.0468534002417078,0.02228652454636,V7,0,2025-12,sin_switch,0,0,0,0,0.0217253270700944,0.0468534002417078,0.024566875695347802,0,0,,,,,,
2025-12-15,Primera,0.0,0.0,8.881784197001252e-16,0.0,0.0,0.0,0.0,0.0,5.551115123125783e-17,2,0.0,0.5,0.0,2,1,1,2,2,1,1,0.0,0,0,0,0,0.0,0.0130689037433995,0.0130689037433995,V7,0,2025-12,sin_switch,0,0,0,0,0.0130689037433995,0.0130689037433995,0.0130689037433995,0,0,,,,,,
2025-12-15,Matutino,0.0,0.0260476809956013,0.0349633951888143,0.0,0.0,4.965068306494546e-17,0.0,0.0291595623285353,0.0299400544295619,1,0.0,0.6666666666666666,1.0,5,2,1,5,5,2,2,0.0,0,0,0,0,0.0,0.0,0.0,V7,0,2025-12,sin_switch,0,0,0,0,0.0,0.0,0.0,0,0,,,,,,
2025-12-15,Vespertino,0.0338919144154887,0.4821849059492109,0.1806709012200106,0.0,0.0067021883573234,0.0044000281402807,0.0,0.0,0.0124436466313387,4,0.0,0.75,0.5,4,1,3,4,3,3,2,0.0,0,0,0,0,0.0,0.0221790136094138,0.0438168428873127,V9,0,2025-12,switch_neutro,0,0,0,0,0.0438168428873127,0.0438168428873127,0.0438168428873127,0,1,,,,,,
2025-12-15,Nocturno,0.5583861926964779,0.6329054588382572,0.2012358571313093,0.0,0.0084535123214271,0.0047552358064552,0.0,0.0572875625083857,0.0333132525732913,8,0.0,0.8,0.0,8,2,3,8,5,4,2,0.0,0,0,0,0,0.0,0.024244234959641,0.0238887002060709,V7,0,2025-12,sin_switch,0,0,0,0,0.024244234959641,0.024244234959641,0.024244234959641,0,0,,,,,,
2025-12-16,Previa,0.0,0.011507282898072,0.0056373942852263,0.0153135114221747,0.0254692121009253,0.0080334974994188,0.0030627022844349,0.037593842420185,0.0163111722917175,6,1.0,1.0,0.0,6,0,1,0,6,1,1,1.0,0,0,0,0,0.0756214421051505,0.0,0.0,V7,0,2025-12,sin_switch,0,0,0,0,0.0,0.0756214421051505,0.0756214421051505,0,0,,,,,,
2025-12-16,Primera,0.0,0.0367114348379713,0.0921015407022264,0.0,0.0052288541247378,0.002427192294389,0.0,0.1122875625083857,0.0490503954522547,6,1.0,1.0,0.3333333333333333,12,0,2,8,8,2,1,1.0,0,0,0,0,0.0237764087243865,0.0242247392405049,0.0,V7,0,2025-12,sin_switch,1,0,0,1,0.0004483305161183983,0.0242247392405049,0.0242247392405049,0,0,,,,,,
2025-12-16,Matutino,0.0,0.0,0.066824689009652,0.0,0.0160680344642899,0.006356812338515,0.0,0.0275,0.0206266240772442,7,0.8571428571428571,1.0,0.0,8,0,3,6,2,3,1,0.75,0,0,0,0,0.0448462463043548,0.0753311133394961,0.0870904573572459,V9,0,2025-12,switch_neutro,0,0,0,0,0.0422442110528911,0.0870904573572459,0.0422442110528911,0,1,,,,,,
2025-12-16,Vespertino,0.0162186043243259,0.0305747745950544,0.0404688334934606,0.0052288541247378,0.0052288541247378,0.0041344457328057,0.0,0.0212845448844706,0.0139296033595779,6,1.0,0.5,0.3333333333333333,6,1,3,6,4,4,2,0.1666666666666666,0,0,0,0,0.04118829330375,0.0546429150197041,0.0499237081315563,V7,0,2025-12,sin_switch,0,0,0,0,0.013454621715954102,0.0546429150197041,0.013454621715954102,0,0,,,,,,
2025-12-16,Nocturno,0.0,0.1169192319544061,0.0626601013423163,0.0,0.0,0.0061205818160477,0.0259999999999998,0.0699999999999999,0.034290988139516,12,1.0,0.4,0.0,12,0,5,10,10,3,2,0.1666666666666666,0,0,0,0,0.0520341236530826,0.0248043008098984,0.0490433185475984,V7,0,2025-12,sin_switch,0,0,0,0,0.0,0.0520341236530826,0.027229822843184204,0,0,,,,,,
2025-12-17,Previa,0.0,0.0,0.0056373942852263,0.0,0.0101557006787506,0.0040622802715002,0.0,0.03453114013575,0.0138124560543,4,1.0,1.0,0.0,4,0,1,0,4,1,1,1.0,0,0,0,0,0.0,0.0,0.0,V7,0,2025-12,sin_switch,0,0,0,0,0.0,0.0,0.0,0,0,,,,,,
2025-12-17,Primera,0.0,0.0,0.0024664108772363,0.0052288541247377,0.0136823664461649,0.0053533223426601,0.0,0.0075000000000001,0.0115063702479294,6,1.0,1.0,0.3333333333333333,6,0,2,5,5,2,1,0.8333333333333334,0,0,0,0,0.0276982890956147,0.0510144218385569,0.0512350389833618,V7,0,2025-12,sin_switch,0,0,0,0,0.023536749887747097,0.0512350389833618,0.023536749887747097,0,0,,,,,,
2025-12-17,Matutino,0.0162186043243259,0.0769142225832624,0.0298906476999268,0.0052288541247377,0.0136823664461649,0.0053533223426601,0.0,0.1543333333333334,0.076324099840857,6,1.0,0.6666666666666666,0.3333333333333333,10,0,3,9,4,3,1,0.3,0,0,0,0,0.0217580076912381,0.0,0.0,V7,0,2025-12,sin_switch,0,0,0,0,0.0,0.0217580076912381,0.0217580076912381,0,0,,,,,,
2025-12-17,Vespertino,0.0,0.0338919144154887,0.0423236463114514,0.0052288541247378,0.0136823664461649,0.0053533223426601,0.0449999999999999,0.0455627022844348,0.0466468141668192,6,1.0,0.5,0.3333333333333333,6,0,4,4,4,3,2,0.3333333333333333,0,0,0,0,0.0236928811026594,0.0241150252817158,0.0236928811026594,V7,0,2025-12,sin_switch,0,0,0,0,0.00042214417905640095,0.0241150252817158,0.00042214417905640095,0,0,,,,,,
2025-12-17,Nocturno,0.6314507530714213,0.6429580359694933,0.1999867057363354,0.005,0.0084535123214271,0.0032501332271777,0.0550000000000001,0.1401907024642855,0.0530773113856052,2,1.0,0.4,1.0,8,0,5,6,2,4,2,0.75,0,0,0,0,0.0,0.0780838027920543,0.0243477435174573,V8,0,2025-12,switch_neutro,0,0,0,0,0.0780838027920543,0.0780838027920543,0.0780838027920543,1,0,,,,,,
2025-12-18,Previa,0.0,0.0,0.0048655812972977,0.0,0.0,0.0,0.0,0.0,0.0,2,1.0,1.0,0.0,2,0,1,0,2,1,1,1.0,0,0,0,0,0.0,0.0308861961930558,0.0308861961930558,V8,0,2025-12,switch_neutro,0,0,0,0,0.0308861961930558,0.0308861961930558,0.0308861961930558,1,0,,,,,,
2025-12-18,Primera,0.1801217105623509,0.2746069547685286,0.0847192408901509,0.0166666666666667,0.0302288541247378,0.0095001430978276,0.0,0.0330627022844348,0.014919143625516,6,1.0,1.0,0.3333333333333333,6,1,1,6,6,2,2,1.0,0,0,0,0,0.1283520113842236,0.0503414811970008,0.0266866841643239,V7,0,2025-12,sin_switch,0,0,0,0,0.0,0.1283520113842236,0.10166532721989971,0,0,,,,,,
2025-12-18,Matutino,0.0,0.111018410733795,0.0547581459193979,0.0166666666666667,0.0302288541247378,0.0095001430978276,0.0,0.045,0.0448711121274446,6,1.0,0.6666666666666666,0.3333333333333333,8,0,3,6,6,3,2,0.25,0,0,0,0,0.0235224185597882,0.0240695288962357,0.0235224185597882,V7,0,2025-12,sin_switch,0,0,0,0,0.0005471103364474983,0.0240695288962357,0.0005471103364474983,0,0,,,,,,
2025-12-18,Vespertino,0.0,0.3216002538574178,0.2545888608646614,0.0072711458752621,0.0374999999999998,0.0156409978007214,0.0041666666666666,0.0172875625083858,0.0181957055711197,8,0.75,1.0,0.0,8,1,3,8,2,4,2,0.75,0,0,0,0,0.0264514700065,0.022147704289113,0.0,V7,0,2025-12,sin_switch,0,0,0,0,0.0,0.0264514700065,0.0264514700065,0,0,,,,,,
2025-12-18,Nocturno,0.0,0.1373522569050465,0.0814984376345154,0.0074999999999999,0.0074999999999999,0.0062215474437356,0.0214285714285714,0.0257619047619047,0.026956417331948,8,0.75,0.8,0.0,14,1,4,14,8,4,2,0.4285714285714285,0,0,0,0,0.0759966005823001,0.0488554901410956,0.0539389848981734,V7,0,2025-12,sin_switch,0,0,0,0,0.0,0.0759966005823001,0.027141110441204493,0,0,,,,,,
2025-12-19,Previa,0.0,0.011507282898072,0.0046029131592288,0.0153135114221747,0.0254692121009253,0.0080334974994188,0.0030627022844349,0.037593842420185,0.0163111722917175,6,1.0,1.0,0.0,6,0,1,0,6,1,1,1.0,0,0,0,0,0.0747592024556564,0.0,0.0,V7,0,2025-12,sin_switch,0,0,0,0,0.0,0.0747592024556564,0.0747592024556564,0,0,,,,,,
2025-12-19,Primera,0.0672211587728996,0.150234375732114,0.0616885356596126,0.0052288541247377,0.0236823664461649,0.0093924783440956,0.0951447053655286,0.2182074076499635,0.0712740068144324,6,1.0,1.0,0.3333333333333333,14,0,2,8,8,2,1,0.8571428571428571,0,0,0,0,0.0964268933456982,0.027947416027581,0.027947416027581,V7,0,2025-12,sin_switch,0,0,0,0,0.0,0.0964268933456982,0.06847947731811721,0,0,,,,,,
2025-12-19,Matutino,0.3501510471108204,0.3501510471108204,0.1218449519816237,0.0052288541247377,0.0236823664461649,0.0093924783440956,0.0,0.0585457708249477,0.0266533902801566,6,1.0,0.6666666666666666,0.3333333333333333,6,0,3,3,2,3,1,0.6666666666666666,0,0,0,1,0.0219082213729345,0.0513875607217271,0.0,V7,0,2025-12,sin_switch,1,0,0,1,0.0294793393487926,0.0513875607217271,0.0513875607217271,0,0,,,,,,
2025-12-19,Vespertino,0.0,0.7479821623920202,0.3034600371690779,0.0249999999999999,0.043453512321427,0.0150750334709655,0.0947875625083858,0.0983333333333335,0.0340246762532545,8,0.75,1.0,0.25,8,0,4,6,2,4,2,0.75,0,0,0,0,0.0483951589841496,0.0,0.0,V7,0,2025-12,sin_switch,0,0,0,0,0.0,0.0483951589841496,0.0483951589841496,0,0,,,,,,
2025-12-19,Nocturno,0.0,0.1667403981291482,0.0661998874319402,0.0184535123214271,0.0184535123214271,0.0077113730472223,0.1170000000000001,0.1253076923076923,0.0484577437436231,2,1.0,0.4,1.0,10,0,5,8,2,5,1,0.6,0,0,0,0,0.0537670699588644,0.0,0.0250084469877007,V7,0,2025-12,sin_switch,0,0,0,0,0.0,0.0537670699588644,0.0537670699588644,0,0,,,,,,
2025-12-20,Previa,0.0,0.0,0.1036823338548865,0.0,0.0130929753571457,0.0052371901428582,0.0,0.0351185950714292,0.0140474380285716,3,1.0,1.0,0.0,3,0,1,0,3,1,1,1.0,0,0,0,0,0.0,0.0,0.0,V7,0,2025-12,sin_switch,0,0,0,0,0.0,0.0,0.0,0,0,,,,,,
2025-12-20,Primera,0.0061660271930907,0.2075779511806823,0.1426851044245911,0.0083333333333334,0.0194801780888415,0.0096247340099875,0.0,0.0627124374916141,0.0415677359339699,6,1.0,1.0,0.3333333333333333,6,0,2,4,4,2,1,1.0,0,0,0,0,0.0568950200599294,0.0478873499311015,0.0263100970210039,V7,0,2025-12,sin_switch,0,0,0,0,0.0,0.0568950200599294,0.030584923038925498,0,0,,,,,,
2025-12-20,Matutino,0.0,0.18957538844497,0.0755460882278003,0.0083333333333334,0.0194801780888415,0.0104774995379348,0.0,0.0046907024642856,0.0144762812385821,6,1.0,0.6666666666666666,0.3333333333333333,8,0,3,6,2,3,1,0.5,0,0,0,0,0.0724871839413023,0.0479803226339545,0.0759456695966315,V7,0,2025-12,sin_switch,0,0,0,0,0.003458485655329205,0.0759456695966315,0.027965346962677003,0,0,,,,,,
2025-12-20,Vespertino,0.0375436649837253,0.499694051471149,0.2710509279403952,0.0083333333333334,0.0194801780888415,0.0108586405882444,0.0,0.0641907024642854,0.0347248406800114,6,1.0,0.5,0.3333333333333333,8,0,4,7,7,3,2,0.125,0,0,0,0,0.0,0.0241758096247992,0.0,V7,0,2025-12,sin_switch,0,0,0,0,0.0241758096247992,0.0241758096247992,0.0241758096247992,0,0,,,,,,
2025-12-20,Nocturno,0.5917206821510108,0.6780651395103616,0.2046410994867946,0.0083333333333334,0.0302288541247377,0.011914490710886,0.0,0.0832857142857144,0.0538571288712798,6,1.0,0.4,0.3333333333333333,7,0,5,6,4,4,2,0.4285714285714285,0,0,0,0,0.0225825884765094,0.0522491720902248,0.0257096647536325,V7,0,2025-12,sin_switch,0,0,0,0,0.029666583613715405,0.0522491720902248,0.029666583613715405,0,0,,,,,,
2025-12-22,Primera,0.0,0.0,8.881784197001252e-16,0.0,0.0,0.0,0.0,0.0,5.551115123125783e-17,2,0.0,0.5,0.0,2,1,1,2,2,1,1,0.0,0,0,0,0,0.0,0.0130689037433995,0.0130689037433995,V7,0,2025-12,sin_switch,0,0,0,0,0.0130689037433995,0.0130689037433995,0.0130689037433995,0,0,,,,,,
2025-12-22,Matutino,0.0,0.0,0.048083489425329,0.0032967032967032,0.0071428571428571,0.0027655578028581,0.0,0.0553333333333332,0.0254912746885023,14,0.0,0.6666666666666666,0.1428571428571428,10,1,2,10,9,2,1,0.0,0,0,0,0,0.0798984943818156,0.0976901983436083,0.0459821807212148,V7,0,2025-12,sin_switch,0,0,0,0,0.017791703961792707,0.0976901983436083,0.0517080176223935,0,0,,,,,,
2025-12-22,Vespertino,0.0,0.0769959836362659,0.0345201527774784,0.0,0.0069070246428543,0.0085953415960802,0.0,0.0377218426000355,0.0377944839938115,5,0.0,0.75,0.4,4,1,3,4,3,3,2,0.0,0,0,0,0,0.0,0.0255081625049636,0.0482169733320781,V9,0,2025-12,switch_neutro,0,0,0,0,0.0482169733320781,0.0482169733320781,0.0482169733320781,0,1,,,,,,
2025-12-22,Nocturno,0.0,0.0162186043243259,0.007945460986939,0.0,0.0214378125419288,0.0086514971813705,0.0,0.0064278926071436,0.0264384033606033,10,0.0,0.8,0.2,7,1,4,7,4,3,1,0.0,0,0,0,0,0.0205348608513743,0.0557744445645226,0.0352107998962593,V8,0,2025-12,switch_neutro,0,0,0,0,0.0352395837131483,0.0557744445645226,0.0352395837131483,1,0,,,,,,
2025-12-23,Previa,0.0061660271930907,0.0171352144121961,0.0107808251765237,0.0070156997794982,0.0153135114221747,0.0082548035179426,0.0014031399558996,0.0030627022844349,0.0162698431656152,6,1.0,1.0,0.0,6,0,1,0,6,1,1,1.0,0,0,0,0,0.0430055367197336,0.0,0.0,V7,0,2025-12,sin_switch,0,0,0,0,0.0,0.0430055367197336,0.0430055367197336,0,0,,,,,,
2025-12-23,Primera,0.0,0.0089257420525683,0.0078077525535329,0.0,0.0042021883573234,0.0039365701968206,0.0,0.0849999999999999,0.0339999999999999,4,1.0,1.0,0.25,4,0,2,3,3,2,1,1.0,0,0,0,0,0.0217901838613062,0.0242613272757078,0.0242613272757078,V7,0,2025-12,sin_switch,0,0,0,0,0.0024711434144015984,0.0242613272757078,0.0024711434144015984,0,0,,,,,,
2025-12-23,Matutino,0.0,0.0089257420525683,0.0075326691721207,0.0,0.0042021883573234,0.0039365701968206,0.0,0.0186426308690479,0.032008280145471,4,1.0,0.6666666666666666,0.25,5,0,3,3,3,3,2,0.4,0,0,0,0,0.0,0.0255740452177919,0.0217867631456069,V7,0,2025-12,sin_switch,0,0,0,0,0.0255740452177919,0.0255740452177919,0.0255740452177919,0,0,,,,,,
2025-12-23,Vespertino,0.0061660271930907,0.0338919144154887,0.2249168107852538,0.0,0.0107486760358962,0.0044399549517601,0.0,0.0750968600441003,0.0320024752226416,4,1.0,0.5,0.25,5,0,4,4,4,3,2,0.2,0,0,0,0,0.0228910037097691,0.0,0.0466736112261763,V7,0,2025-12,sin_switch,0,0,0,0,0.023782607516407196,0.0466736112261763,0.0466736112261763,0,0,,,,,,
2025-12-23,Nocturno,0.0,0.0,0.0142023469660138,0.0,0.0107486760358962,0.0044399549517601,0.0,0.0315721073928564,0.0177831944404188,4,1.0,0.4,0.25,8,0,5,3,3,3,2,0.625,0,0,0,0,0.0209878632287168,0.0433549222455484,0.0707097516628815,V9,0,2025-12,switch_neutro,0,0,0,0,0.049721888434164696,0.0707097516628815,0.049721888434164696,0,1,,,,,,
2025-12-24,Previa,0.0,0.0,0.0936722368487612,0.0,0.0,0.0,0.0,0.0,0.0,4,1.0,1.0,0.0,4,0,1,0,4,1,1,1.0,0,0,0,0,0.0,0.0250630051829378,0.0250630051829378,V7,0,2025-12,sin_switch,0,0,0,0,0.0250630051829378,0.0250630051829378,0.0250630051829378,0,0,,,,,,
2025-12-24,Primera,0.0,0.0,0.0074322981982761,0.0,0.0,0.0040910016257109,0.0614031399558996,0.0734031399558996,0.0386069300614194,6,1.0,1.0,0.0,6,0,2,4,4,2,1,1.0,0,0,0,0,0.0707107135861378,0.0474985021775439,0.0226906564782901,V7,0,2025-12,sin_switch,0,0,0,0,0.0,0.0707107135861378,0.0480200571078477,0,0,,,,,,
2025-12-24,Nocturno,0.0,0.0640627545247358,0.1255182131075506,0.0,0.0088025454342586,0.0048503540850183,0.0,0.0077124374916142,0.0176575745085363,6,1.0,0.4,0.0,6,0,5,4,0,3,0,0.8333333333333334,1,0,0,0,0.0245311580123044,0.0245207931799769,0.0489815670135136,V7,0,2025-12,sin_switch,0,0,0,0,0.024450409001209195,0.0489815670135136,0.024460773833536696,0,0,,,,,,
2025-12-26,Primera,0.0,0.0,0.0919147944140055,0.0114378125419288,0.0267513239641036,0.0097760494245158,0.0572875625083859,0.1153502647928208,0.0439835675950952,8,0.0,0.5,0.0,8,1,1,8,8,1,1,0.0,0,0,0,0,0.0255570301457396,0.0,0.0,V7,0,2025-12,sin_switch,0,0,0,0,0.0,0.0255570301457396,0.0255570301457396,0,0,,,,,,
2025-12-26,Matutino,0.0,0.2378955199305572,0.1846164738629587,0.0,0.0160336441426794,0.0089413947152649,0.0,0.0861907024642854,0.04319036407745,7,0.0,0.6666666666666666,0.1428571428571428,10,1,2,10,7,2,1,0.0,0,0,0,0,0.0,0.0238167381719708,0.0,V7,0,2025-12,sin_switch,0,0,0,0,0.0238167381719708,0.0238167381719708,0.0238167381719708,0,0,,,,,,
2025-12-26,Vespertino,0.0,0.143352042179611,0.0653121142363896,0.0,0.0088025454342586,0.0068637292975299,0.0,0.0419999999999999,0.0205757138393786,6,0.0,0.75,0.0,8,2,2,8,7,2,1,0.0,0,0,0,0,0.0249618901369276,0.0453938753860387,0.0233774430772675,V7,0,2025-12,sin_switch,0,0,0,0,0.0204319852491111,0.0453938753860387,0.022016432308771202,0,0,,,,,,
2025-12-26,Nocturno,0.0,0.1816360934419263,0.0932517115245228,0.0,0.0125,0.0060287845893992,0.0,0.0285721073928564,0.0172935852382974,8,0.0,0.8,0.25,8,1,4,8,7,3,2,0.0,0,0,0,1,0.0,0.0221346486088276,0.0440114491964625,V9,1,2025-12,switch_ganador,0,0,1,0,0.0440114491964625,0.0440114491964625,0.0440114491964625,0,1,,,,,,
2025-12-27,Previa,0.0,0.0,0.1036823338548865,0.0,0.0,0.0,0.0,0.0,0.0,2,1.0,1.0,0.0,2,0,1,0,2,1,1,1.0,0,0,0,0,0.0,0.0311576729333868,0.0311576729333868,V8,0,2025-12,switch_neutro,0,0,0,0,0.0311576729333868,0.0311576729333868,0.0311576729333868,1,0,,,,,,
2025-12-27,Primera,0.0,0.109025642303707,0.125921137310038,0.0184535123214272,0.0184535123214272,0.0074506033791702,0.0,0.0,0.029898302674148,2,1.0,1.0,1.0,4,0,2,3,3,2,1,1.0,0,0,0,0,0.0702496235540939,0.0504038561105404,0.0459451045741706,V7,0,2025-12,sin_switch,0,0,0,0,0.0,0.0702496235540939,0.024304518979923306,0,0,,,,,,
2025-12-27,Matutino,0.0,0.1844657874958999,0.1043344738684482,0.0,0.0065464876785729,0.0035511554799641,0.0,0.0314031399558996,0.023726273855746,1,1.0,0.6666666666666666,1.0,6,1,2,6,1,3,1,0.5,0,0,0,0,0.0500817761498807,0.049300627904124,0.032860652590958,V7,0,2025-12,sin_switch,0,0,0,0,0.0,0.0500817761498807,0.017221123558922698,0,0,,,,,,
2025-12-27,Vespertino,0.0,0.097402467872901,0.0402431432469859,0.0,0.0065464876785727,0.0035511554799641,0.0,0.0851595623285352,0.0405681797422643,1,1.0,0.5,1.0,5,0,4,3,1,3,1,0.8,0,0,0,0,0.0421972457871017,0.0220613604014609,0.0661499492792312,V7,0,2025-12,sin_switch,0,0,0,0,0.023952703492129496,0.0661499492792312,0.04408858887777029,0,0,,,,,,
2025-12-27,Nocturno,0.0,0.0072928622717576,0.0035727582660401,0.0,0.0082978116426765,0.0032163267370057,0.0,0.1251907024642853,0.0536921395899754,1,1.0,0.4,1.0,5,0,5,4,4,3,2,0.2,0,0,0,0,0.0,0.0,0.0755899341102361,V9,0,2025-12,switch_neutro,0,0,0,0,0.0755899341102361,0.0755899341102361,0.0755899341102361,0,1,,,,,,
2025-12-29,Primera,0.0,0.0162186043243259,0.0064874417297303,0.0,0.0184535123214271,0.0074829534219522,0.0,0.0911907024642853,0.0386476906231688,5,0.0,0.5,0.0,5,1,1,5,5,1,1,0.0,0,0,0,0,0.0186308432758291,0.017171194797222,0.017171194797222,V7,0,2025-12,sin_switch,0,0,0,0,0.0,0.0186308432758291,0.0014596484786070993,0,0,,,,,,
2025-12-29,Matutino,0.0,0.0860586723843148,0.1356403529957435,0.0,0.0022560577556858,0.0034455861380586,0.0,0.0649999999999999,0.030908566650292,6,0.0,0.6666666666666666,0.1666666666666666,7,1,2,7,4,2,1,0.0,0,0,0,0,0.0,0.0251251033074266,0.0251251033074266,V7,0,2025-12,sin_switch,0,0,0,0,0.0251251033074266,0.0251251033074266,0.0251251033074266,0,0,,,,,,
2025-12-29,Vespertino,0.0,0.1978300797738672,0.0961378124882761,0.0,0.0017823201785757,0.0015789132639526,0.0,0.0059278926071436,0.0124118371791368,7,0.0,0.75,0.1428571428571428,7,1,3,7,3,3,1,0.0,0,0,0,0,0.0,0.0359503235502887,0.0359503235502887,V8,0,2025-12,switch_neutro,0,0,0,0,0.0359503235502887,0.0359503235502887,0.0359503235502887,1,0,,,,,,
2025-12-29,Nocturno,0.0,0.0060578746166566,0.0040291701583391,0.0,0.0,0.0078399781019982,0.0,0.0899999999999999,0.0415614857410994,10,0.0,0.8,0.0,9,2,3,9,7,4,2,0.0,0,0,0,0,0.0251574130396789,0.0,0.0226667191998964,V7,0,2025-12,sin_switch,0,0,0,0,0.0,0.0251574130396789,0.0251574130396789,0,0,,,,,,
2025-12-30,Previa,0.0,0.0,0.1062540125258522,0.0,0.0130929753571457,0.0064142217679682,0.0,0.0351185950714292,0.0172045276816843,3,1.0,1.0,0.0,3,0,1,0,3,1,1,1.0,0,0,0,0,0.0,0.0,0.0,V7,0,2025-12,sin_switch,0,0,0,0,0.0,0.0,0.0,0,0,,,,,,
2025-12-30,Primera,0.0,0.0072330567087535,0.0578624480132643,0.0,0.0093544792085955,0.005022629156603,0.0285721073928564,0.0628578216785706,0.0266877686960303,8,1.0,1.0,0.125,8,0,2,6,6,2,1,1.0,0,1,0,0,0.0668417425435517,0.0577746555986413,0.020599273386931,V7,1,2025-12,sin_switch,1,1,1,1,0.0,0.0668417425435517,0.0462424691566207,0,0,,,,,,
2025-12-30,Matutino,0.0,0.0525554716266638,0.0212360884352609,0.0,0.0093544792085955,0.005022629156603,0.0,0.0316666666666665,0.0129848712785749,8,1.0,0.6666666666666666,0.125,9,1,2,9,6,2,1,0.0,0,0,0,0,0.0215842309530317,0.042625936328132,0.0210417053751003,V7,0,2025-12,sin_switch,0,0,0,0,0.021041705375100295,0.042625936328132,0.021584230953031698,0,0,,,,,,
2025-12-30,Vespertino,0.0,0.0633772064349207,0.0350593340958062,0.0,0.0215464876785728,0.00948674314083,0.0,0.0625,0.0335230046832687,5,0.8,1.0,0.0,6,0,4,4,4,3,2,0.3333333333333333,0,0,0,0,0.0230195754771502,0.0750312222046662,0.0931405820581523,V9,0,2025-12,switch_neutro,0,0,0,0,0.07012100658100211,0.0931405820581523,0.07012100658100211,0,1,,,,,,
2025-12-30,Nocturno,0.0,0.2879141964058318,0.1171040953650044,0.0,0.0116105369642813,0.0062454549395369,0.0049999999999997,0.048286393107142,0.0339862204390165,8,1.0,0.4,0.125,10,0,5,8,6,3,1,0.2,0,0,0,0,0.0,0.0,0.0489166544908231,V9,0,2025-12,switch_neutro,0,0,0,0,0.0489166544908231,0.0489166544908231,0.0489166544908231,0,1,,,,,,
2025-12-31,Previa,0.0,0.0053412557049803,0.0145119590299498,0.0053605369642814,0.0053605369642814,0.0063608831313309,0.0010721073928563,0.0010721073928563,0.0012721766262662,8,1.0,1.0,0.0,8,0,1,0,8,1,1,1.0,0,0,0,0,0.0508179898884718,0.0,0.0,V7,0,2025-12,sin_switch,0,0,0,0,0.0,0.0508179898884718,0.0508179898884718,0,0,,,,,,
2025-12-31,Primera,0.0,0.0162186043243259,0.1095475630708741,0.0,0.0017823201785757,0.0027435034701663,0.0,0.0587845448844704,0.0354657727383081,7,1.0,1.0,0.1428571428571428,6,0,2,4,4,2,1,1.0,0,0,0,0,0.0279220110311623,0.0477312346410923,0.0206377735950429,V7,0,2025-12,sin_switch,0,0,0,0,0.019809223609930003,0.0477312346410923,0.027093461046049403,0,0,,,,,,
2025-12-31,Nocturno,0.010052577131236,0.1779602629545129,0.1361298792302,0.0,0.0061111111111111,0.0051363916081729,0.0,0.0080725979726722,0.0110457442793083,10,0.9,0.6,0.0,7,0,5,4,0,3,0,0.8571428571428571,1,1,0,0,0.0244332199921386,0.0244577879155158,0.0488874481927539,V7,1,2025-12,sin_switch,0,1,1,0,0.024454228200615304,0.0488874481927539,0.024454228200615304,0,0,,,,,,
2026-01-02,Primera,0.0,0.0,0.0,0.0,0.0,0.0050778503393753,0.0,0.0,0.031015570067875,4,0.0,0.5,0.0,4,1,1,4,4,1,1,0.0,0,0,0,0,0.0,0.0151010559011389,0.0151010559011389,V7,0,2026-01,,0,0,0,0,0.0151010559011389,0.0151010559011389,0.0151010559011389,0,0,sin_switch,0.029598486988048,0.029598486988048,0.0179731068437703,V7,0.0
2026-01-02,Matutino,0.0,0.0218163945980576,0.008726557839223,0.0031044792085955,0.0031044792085955,0.0052077518161062,0.0,0.0553333333333333,0.0345617860241151,2,0.0,0.6666666666666666,1.0,6,1,2,6,5,2,1,0.0,0,0,0,0,0.0,0.0243543848632308,0.0472184887597124,V9,0,2026-01,,0,0,0,0,0.0472184887597124,0.0472184887597124,0.0472184887597124,0,1,neutro,0.0302569425810327,0.0316480204776963,0.0300436200911634,V7,0.0
2026-01-02,Vespertino,0.0,0.2056913620210725,0.0983263162639669,0.005,0.01,0.0045621237685685,0.0,0.0,0.0262524591574192,10,0.0,0.75,0.2,10,1,3,10,8,3,2,0.0,0,1,0,0,0.0221326969337533,0.0493232378061887,0.0,V7,1,2026-01,,0,1,1,0,0.0271905408724353,0.0493232378061887,0.0493232378061887,0,0,sin_switch,0.0141343018723848,0.017290956801142,0.0082948283482219,V7,1.0
2026-01-02,Nocturno,0.0,0.0162186043243259,0.3592831688813427,0.0,0.0041666666666667,0.0020412414523193,0.0,0.0,0.0159216833280906,12,0.0,0.8,0.0833333333333333,12,1,4,12,3,4,1,0.0,0,0,0,0,0.0463804565555576,0.071822781947542,0.0714853749406008,V7,0,2026-01,,0,0,0,0,0.0254423253919844,0.071822781947542,0.0254423253919844,0,0,sin_switch,0.0199387730067979,0.0231528080838897,0.0169960576751327,V7,0.0
2026-01-03,Previa,0.0,0.1360957026170171,0.0669268276106117,0.0,0.0,0.007502057830922,0.0,0.0,0.0015004115661844,6,1.0,1.0,0.0,6,0,1,0,6,1,1,1.0,0,0,0,0,0.0334731704499951,0.0,0.0,V7,0,2026-01,,0,0,0,0,0.0,0.0334731704499951,0.0334731704499951,0,0,sin_switch,0.0396506288272368,0.0415861655896439,0.0397789224395784,V7,0.0
2026-01-03,Primera,0.0,0.1949337912340185,0.0889080158846956,0.0,0.0083333333333333,0.0046852463351608,0.0,0.0899999999999999,0.0464765397856669,6,1.0,1.0,0.1666666666666666,6,0,2,4,4,2,1,1.0,0,0,0,0,0.0299040232444964,0.044399772634808,0.0221996751451692,V7,0,2026-01,,0,0,0,0,0.0144957493903116,0.044399772634808,0.0222000974896388,0,0,sin_switch,0.0338662679986721,0.0338662679986721,0.0337548823327286,V7,0.0
2026-01-03,Matutino,0.4799667517340493,0.5526206430954792,0.1626650589854214,0.0,0.0083333333333333,0.0046852463351608,0.0,0.0345169314594873,0.0161720790622106,6,1.0,0.6666666666666666,0.1666666666666666,8,1,2,8,6,3,1,0.25,0,0,0,0,0.0222866716412336,0.0283037518684216,0.0215122363834244,V7,0,2026-01,,0,0,0,0,0.006017080227188,0.0283037518684216,0.0067915154849972,0,0,sin_switch,0.0319693450072995,0.0319693450072995,0.0371691698054375,V7,0.0
2026-01-03,Vespertino,0.0,0.0301668117711022,0.0184059186512193,0.0,0.0429843002205017,0.017235636889445,0.0,0.0173092975357145,0.0165744748219814,5,0.8,1.0,0.2,5,0,4,3,1,4,2,0.8,0,0,0,0,0.0251706397488693,0.0484481508710894,0.0432410073065848,V7,0,2026-01,,0,0,0,0,0.02327751112222,0.0484481508710894,0.02327751112222,0,0,sin_switch,0.0283885814474594,0.0333506121547481,0.028723983385055,V7,0.0
2026-01-03,Nocturno,0.0,0.0162186043243259,0.0580300428884893,0.0,0.054460891607147,0.0218966950926028,0.0,0.110143535964285,0.0438066936174902,7,0.8571428571428571,0.8,0.1428571428571428,8,0,5,6,2,4,2,0.75,0,0,0,0,0.0258759107095627,0.0354681831163554,0.0354681831163554,V7,0,2026-01,,0,0,0,0,0.0095922724067926,0.0354681831163554,0.0095922724067926,0,0,sin_switch,0.0230118095773064,0.027888305598616,0.0231113317688653,V7,0.0
2026-01-05,Primera,0.12760878509527,0.12760878509527,0.038282635528581,0.0,0.0153135114221747,0.0098826161939942,0.0,0.0580627022844348,0.0447329392076372,6,0.0,0.5,0.0,6,1,1,6,6,1,1,0.0,0,0,0,0,0.0214063970571577,0.0189874909507974,0.0189874909507974,V7,0,2026-01,,0,0,0,0,0.0,0.0214063970571577,0.0024189061063603,0,0,sin_switch,0.0171138771176057,0.0171138771176057,0.0201303152824577,V7,0.0
2026-01-05,Matutino,0.0,0.0116087916753144,0.0231782267092749,0.0,0.0017823201785757,0.0028921936692976,0.0,0.0553333333333332,0.0400874400572683,7,0.0,0.6666666666666666,0.1428571428571428,10,1,2,10,4,2,1,0.0,0,0,0,0,0.0,0.0690953138784465,0.0266473489225636,V8,0,2026-01,,0,0,0,0,0.0690953138784465,0.0690953138784465,0.0690953138784465,1,0,neutro,0.0170552374668017,0.0219327708488664,0.0080589468007413,V7,0.0
2026-01-05,Vespertino,0.0,0.0615275187181234,0.0243069351416219,0.0,0.0072711458752622,0.0052018707967892,0.025,0.0822875625083858,0.0312118593717612,8,0.0,0.75,0.25,10,1,3,10,8,3,2,0.0,0,0,0,0,0.0,0.0,0.0221979832314395,V7,0,2026-01,,0,0,0,0,0.0221979832314395,0.0221979832314395,0.0221979832314395,0,0,sin_switch,0.0165904401040656,0.0197392204908842,0.0186522872634257,V7,0.0
2026-01-05,Nocturno,0.0,0.0096585886542603,0.0104290668687673,0.0,0.0093287909325354,0.0041586455615498,0.001,0.0045721073928562,0.0074973781086633,9,0.0,0.8,0.2222222222222222,8,2,3,8,6,3,2,0.0,0,0,0,0,0.0218877590789942,0.0227981610861686,0.0227981610861686,V7,0,2026-01,,0,0,0,0,0.0009104020071744,0.0227981610861686,0.0009104020071744,0,0,sin_switch,0.0243388972840786,0.0273003430490129,0.0153447547415811,V7,0.0
2026-01-06,Previa,0.0,0.0089257420525683,0.0091525010708646,0.0,0.0153135114221747,0.0061254045688698,0.0,0.0030627022844349,0.0012250809137739,6,1.0,1.0,0.0,6,0,1,0,6,1,1,1.0,0,0,0,0,0.0280143658347121,0.0,0.0,V7,0,2026-01,,0,0,0,0,0.0,0.0280143658347121,0.0280143658347121,0,0,sin_switch,0.0383295914758126,0.0400183941086492,0.0374444016263082,V7,0.0
2026-01-06,Primera,0.0,0.1124711948961953,0.0544585152017055,0.0,0.0048867993871712,0.0056722424669582,0.0285721073928564,0.1172875625083857,0.0465071362075509,7,1.0,1.0,0.1428571428571428,8,0,2,6,6,2,1,1.0,0,0,0,0,0.0746394166574617,0.0242822833970735,0.0,V7,0,2026-01,,0,0,0,0,0.0,0.0746394166574617,0.0746394166574617,0,0,sin_switch,0.0247641875463664,0.0247641875463664,0.0368199377881502,V13,0.0
2026-01-06,Matutino,0.0,0.3420166490582206,0.2820175069929505,0.0,0.0048867993871712,0.0056722424669582,0.0,0.0555000000000001,0.0406078810084939,7,1.0,0.6666666666666666,0.1428571428571428,10,1,2,10,3,3,1,0.4,0,0,0,0,0.0525122906449625,0.0525941237099247,0.0,V7,0,2026-01,,0,0,0,0,8.183306496219872e-05,0.0525941237099247,0.0525941237099247,0,0,sin_switch,0.0241859028134499,0.0241859028134499,0.0287540835890588,V7,0.0
2026-01-06,Vespertino,0.0338919144154887,0.4704666437401945,0.2155193458795076,0.0,0.0048867993871712,0.0056722424669582,0.0,0.0231900236428577,0.0131788199572634,7,1.0,0.5,0.1428571428571428,7,1,3,7,3,3,1,0.5714285714285714,0,0,0,0,0.0499802880893769,0.0452999526401061,0.0,V7,0,2026-01,,0,0,0,0,0.0,0.0499802880893769,0.0499802880893769,0,0,sin_switch,0.0354107291031081,0.0354107291031081,0.0343321432043302,V7,0.0
2026-01-06,Nocturno,0.0,0.4084586625713644,0.1644348654766065,0.0,0.0048867993871712,0.0056722424669582,0.0,0.0349999999999999,0.0230113795545506,7,1.0,0.4,0.1428571428571428,7,1,4,7,6,3,2,0.0,0,1,0,0,0.0503024100109205,0.0499886437058552,0.046621785513202,V7,1,2026-01,,0,1,1,0,0.0,0.0503024100109205,0.0036806244977184,0,0,sin_switch,0.0292244943307519,0.0317464541484778,0.0223609421054539,V7,1.0
2026-01-07,Previa,0.0,0.0235114665960844,0.1072580083308353,0.0,0.0,0.0084455031302797,0.0,0.0,0.0016891006260559,16,1.0,1.0,0.0,16,0,1,0,16,1,1,1.0,0,0,0,0,0.0200644847436158,0.0409141142814635,0.0,V7,0,2026-01,,0,0,0,0,0.0208496295378477,0.0409141142814635,0.0409141142814635,0,0,sin_switch,0.027302490728387,0.027302490728387,0.0337578221183639,V7,0.0
2026-01-07,Primera,0.0,0.2896337894834007,0.2110079992482402,0.0,0.0017823201785757,0.002422861724956,0.0,0.0479999999999999,0.0744379418792448,7,1.0,1.0,0.1428571428571428,18,0,2,14,14,2,1,1.0,0,0,0,0,0.0223619868365148,0.0530207659875469,0.0221019446015447,V8,0,2026-01,,0,0,0,0,0.0306587791510321,0.0530207659875469,0.0309188213860022,1,0,neutro,0.0208111307361594,0.0179279106797854,0.0213987374046033,V7,0.0
2026-01-07,Matutino,0.0,0.0149566800959393,0.0329826802757722,0.0,0.0017823201785757,0.0040009124011996,0.0054768692976183,0.0133333333333334,0.0342214763275634,7,1.0,0.6666666666666666,0.1428571428571428,8,0,3,2,2,3,2,0.75,0,0,0,0,0.0,0.0484502759067123,0.0445675742687396,V8,0,2026-01,,0,0,0,0,0.0484502759067123,0.0484502759067123,0.0484502759067123,1,0,neutro,0.0250707866315892,0.031995568462777,0.0107155145244662,V7,0.0
2026-01-07,Vespertino,0.0,0.1112909740202239,0.0561402035770624,0.0,0.0932176798214242,0.0441741291268813,0.0,0.0549993211785723,0.0647626727747562,10,0.9,1.0,0.0,7,0,4,5,3,4,2,0.5714285714285714,0,0,0,0,0.0208155478430726,0.0210345799032952,0.0466672851125452,V7,0,2026-01,,0,0,0,0,0.0258517372694725,0.0466672851125452,0.0258517372694725,0,0,sin_switch,0.0162425749484784,0.0186601885538536,0.03408379873454,V13,0.0
2026-01-07,Nocturno,0.0,0.0031202014310443,0.0330499788732669,0.0,0.0075,0.0260483773397738,0.0,0.0916666666666666,0.0597008047762052,10,0.9,0.8,0.0,18,0,5,14,2,4,2,0.8888888888888888,0,0,0,0,0.0477265465351599,0.0262698755911497,0.0262698755911497,V7,0,2026-01,,0,0,0,0,0.0,0.0477265465351599,0.0214566709440101,0,0,sin_switch,0.0194396703566554,0.0246020496676533,0.0257233823050205,V7,0.0
2026-01-08,Previa,0.0338919144154887,0.1406302770845107,0.0651012548984592,0.0,0.0254692121009253,0.0124773147595971,0.0,0.037593842420185,0.01841714628001,6,1.0,1.0,0.0,6,0,1,0,6,1,1,1.0,0,0,0,0,0.0221807625901733,0.0,0.0,V7,0,2026-01,,0,0,0,0,0.0,0.0221807625901733,0.0221807625901733,0,0,sin_switch,0.0298507032921969,0.0298507032921969,0.0385315934447266,V7,0.0
2026-01-08,Primera,0.0,0.0,0.0033655220274344,1.1102230246251563e-16,1.1102230246251563e-16,0.0056187548093284,0.0,0.0299999999999999,0.0386637678861264,2,1.0,1.0,1.0,12,0,2,6,6,2,1,1.0,0,0,0,0,0.0204064010355816,0.0204064010355816,0.0434144803062431,V7,0,2026-01,,0,0,0,0,0.0230080792706614,0.0434144803062431,0.0230080792706614,0,0,sin_switch,0.0428409948787132,0.0401793472789603,0.035024098524307,V7,0.0
2026-01-08,Matutino,0.0,0.0784881047958059,0.0963674134667364,0.0214285714285712,0.0214285714285713,0.0090504132223006,0.0018571428571427,0.0308571428571426,0.0431176296391565,14,0.8571428571428571,1.0,0.0,14,0,3,8,2,3,1,0.8571428571428571,0,0,0,0,0.0464823768388048,0.0230666157328912,0.0230666157328912,V7,0,2026-01,,1,0,0,1,0.0,0.0464823768388048,0.0234157611059136,0,0,sin_switch,0.028670630478627,0.028670630478627,0.0370656527659067,V7,0.0
2026-01-08,Vespertino,0.138851611534716,0.4856368910310555,0.1977954682742133,0.0,0.0035714285714286,0.0061305810967959,0.0,0.0154521546785717,0.0258218736164051,12,1.0,0.5,0.0,5,0,4,2,2,3,2,0.6,0,0,0,0,0.0,0.0236197561747109,0.0,V7,0,2026-01,,0,0,0,0,0.0236197561747109,0.0236197561747109,0.0236197561747109,0,0,sin_switch,0.0305404508471701,0.0305404508471701,0.0329644593536282,V7,0.0
2026-01-08,Nocturno,0.0,0.0,0.005026288565618,0.0,0.0015464876785729,0.0052415730498689,0.0,0.0288333333333332,0.0228201852960514,5,0.8,0.8,0.2,9,0,5,6,2,4,1,0.4444444444444444,0,0,0,0,0.0,0.0495691768543424,0.0752937318602748,V9,0,2026-01,,0,0,0,0,0.0752937318602748,0.0752937318602748,0.0752937318602748,0,1,neutro,0.0207212694960217,0.0277744698239634,0.02376982807277,V7,0.0
2026-01-09,Previa,0.0,0.0,0.0141678204895984,0.0,0.0101557006787506,0.0073869986255844,0.0,0.03453114013575,0.0220256502206202,4,1.0,1.0,0.0,4,0,1,0,4,1,1,1.0,0,0,0,0,0.0,0.0,0.0,V7,0,2026-01,,0,0,0,0,0.0,0.0,0.0,0,0,sin_switch,0.0252017337908632,0.0267346032204305,0.027648183525095,V7,0.0
2026-01-09,Primera,0.1803539589723417,0.1803539589723417,0.0578514354074409,0.0114378125419288,0.0184535123214271,0.0066196390518533,0.0,0.0222727272727272,0.0454458652795675,8,1.0,1.0,0.0,11,0,2,9,9,2,1,0.7272727272727273,0,0,0,0,0.0722169532324513,0.0498238483254602,0.0251035116489701,V7,0,2026-01,,0,0,0,0,0.0,0.0722169532324513,0.0471134415834812,0,0,sin_switch,0.0222980669516806,0.0222980669516806,0.0412933959197689,V13,0.0
2026-01-09,Matutino,0.0735712996134019,0.0865159948020926,0.0285410845494634,0.0114378125419288,0.0184535123214271,0.0085335783311741,0.0,0.0128564640357151,0.0298011074029403,8,1.0,0.6666666666666666,0.0,7,0,3,6,4,3,1,0.4285714285714285,0,0,0,0,0.0237310538915664,0.0237310538915664,0.0486159170667944,V7,0,2026-01,,0,0,0,0,0.024884863175228,0.0486159170667944,0.024884863175228,0,0,sin_switch,0.0336889094943467,0.0365012300562459,0.0358553620643741,V7,0.0
2026-01-09,Vespertino,0.0,0.082032769335691,0.0599346352016639,0.0114378125419288,0.0184535123214271,0.0085335783311741,0.0,0.0714542291750524,0.0332463659164253,8,1.0,0.5,0.0,9,0,4,7,2,4,2,0.5555555555555556,0,0,0,0,0.0,0.0232010530083653,0.0234816537612924,V7,0,2026-01,,0,0,0,0,0.0234816537612924,0.0234816537612924,0.0234816537612924,0,0,sin_switch,0.0312229451112523,0.0364939925391414,0.0287783764485709,V7,0.0
2026-01-09,Nocturno,0.0204330249506403,0.4577778752611472,0.2036061480376075,0.0114378125419288,0.0184535123214271,0.0085335783311741,0.0,0.0674999999999999,0.0368478789133512,8,1.0,0.4,0.0,12,0,5,10,1,4,2,0.6666666666666666,0,0,0,0,0.0,0.0,0.022939177751189,V7,0,2026-01,,0,0,0,0,0.022939177751189,0.022939177751189,0.022939177751189,0,0,sin_switch,0.0301549166139181,0.0352418187472156,0.0322835251755406,V7,0.0
2026-01-10,Previa,0.0,0.0,8.881784197001252e-16,0.0,0.0130929753571457,0.0052371901428582,0.0,0.0351185950714292,0.0140474380285716,3,1.0,1.0,0.0,3,0,1,0,3,1,1,1.0,0,0,0,0,0.0,0.0,0.0,V7,0,2026-01,,0,0,0,0,0.0,0.0,0.0,0,0,sin_switch,0.0278623173780897,0.0296183648054836,0.028470588489307,V7,0.0
2026-01-10,Primera,0.0,0.1683347390902874,0.078922611911356,0.0114378125419289,0.0184535123214272,0.005763353321066,0.0402875625083858,0.1016907024642854,0.037234839832282,2,1.0,1.0,1.0,10,0,2,8,8,2,1,0.4,0,0,0,1,0.0741001133105394,0.0224074412705592,0.0442052523566763,V7,0,2026-01,,0,0,0,0,0.0,0.0741001133105394,0.0516926720399801,0,0,sin_switch,0.0264325442333559,0.0264325442333559,0.034299405858878,V7,0.0
2026-01-10,Matutino,0.0,0.0290443439848342,0.0729759812676534,0.0114378125419289,0.0184535123214272,0.005763353321066,0.0,0.0507614522142862,0.0586791396180114,2,1.0,0.6666666666666666,1.0,7,0,3,6,6,3,2,0.1428571428571428,0,0,0,0,0.0219756214490306,0.0,0.0443010540330571,V7,0,2026-01,,0,0,0,0,0.0223254325840264,0.0443010540330571,0.0443010540330571,0,0,sin_switch,0.0315300087389895,0.0339114411037154,0.0361322450329059,V7,0.0
2026-01-10,Vespertino,0.3814016814523482,0.3826636056807349,0.1319619553347394,0.0114378125419288,0.0142513239641036,0.0054223632306339,0.0,0.1134292502499991,0.0726631455595457,2,1.0,0.5,1.0,10,0,4,9,5,4,1,0.1,0,0,0,0,0.0236980683665064,0.0477413647301018,0.0505665856285719,V7,0,2026-01,,0,0,0,0,0.0268685172620655,0.0505665856285719,0.0268685172620655,0,0,sin_switch,0.0336927558813416,0.0336927558813416,0.0420999570583993,V7,0.0
2026-01-10,Nocturno,0.0,0.0,0.007945460986939,0.0,0.0029843002205017,0.0046010337794862,0.0,0.0445000000000002,0.0325118768611022,5,0.8,0.8,0.0,8,0,5,6,2,4,2,0.75,0,0,1,0,0.0,0.0464988221937202,0.0,V8,1,2026-01,,0,0,1,0,0.0464988221937202,0.0464988221937202,0.0464988221937202,1,0,ganador,0.0148046708152466,0.0226859163367486,0.008278877068259,V7,0.0
2026-01-12,Primera,0.0,0.0,0.0,0.0,0.0,0.0092994704143585,0.0,0.0,0.0498598940828717,4,0.0,0.5,0.0,4,1,1,4,4,1,1,0.0,0,0,0,0,0.0,0.0156849992235795,0.0156849992235795,V7,0,2026-01,,0,0,0,0,0.0156849992235795,0.0156849992235795,0.0156849992235795,0,0,sin_switch,0.0248306509515411,0.0248306509515411,0.0133595206517992,V7,0.0
2026-01-12,Matutino,0.0089257420525683,0.0204330249506403,0.0217382690117316,0.0,0.0083333333333333,0.0034318767136623,0.0,0.0,0.0241634639814698,12,0.0,0.6666666666666666,0.1666666666666666,8,1,2,8,6,2,1,0.0,0,0,0,0,0.0457639715231705,0.0755431177369182,0.0282071740259358,V7,0,2026-01,,0,0,0,0,0.0297791462137477,0.0755431177369182,0.0473359437109824,0,0,sin_switch,0.0294261152482611,0.0317982651094794,0.0183239816958817,V7,0.0
2026-01-12,Vespertino,0.0,0.2118882759297458,0.0907016068315533,0.0,0.0003787878787878,0.0005606593349137,0.0,0.0,0.0206225233062227,11,0.0,0.75,0.0909090909090909,11,1,3,11,6,3,1,0.0,0,0,0,0,0.0713864287865142,0.1086294148671797,0.0478805949815875,V8,0,2026-01,,0,0,0,0,0.0372429860806654,0.1086294148671797,0.0607488198855922,1,0,neutro,0.022143899480197,0.0259393965872399,0.0207795443769973,V7,0.0
2026-01-12,Nocturno,0.0,0.0413784788761262,0.0400308784034579,0.0,0.0008333333333333,0.0008433346845976,0.0,0.024,0.0163068237250544,12,0.0,0.8,0.0833333333333333,18,2,3,18,4,4,1,0.0,0,0,0,0,0.0786689068314546,0.1001954407897447,0.0447856015022104,V7,0,2026-01,,0,0,0,0,0.0215265339582901,0.1001954407897447,0.0554098392875343,0,0,sin_switch,0.0243434627049895,0.0269022389933227,0.0191989896029327,V7,0.0
2026-01-13,Previa,0.0,0.0162186043243259,0.0101847064479667,0.0,0.0184535123214271,0.0074829534219521,0.0,0.0361907024642853,0.0173311902637089,5,1.0,1.0,0.0,5,0,1,0,5,1,1,1.0,0,0,0,0,0.0,0.0,0.0,V7,0,2026-01,,0,0,0,0,0.0,0.0,0.0,0,0,sin_switch,0.025587288218514,0.0272478328512191,0.0303590974338062,V7,0.0
2026-01-13,Primera,0.0,0.0089257420525683,0.0053948075488671,0.0,0.0053605369642815,0.0050040965817057,0.0,0.0693573691309521,0.0409156132810151,2,1.0,1.0,1.0,9,0,2,6,6,2,1,0.8888888888888888,0,0,0,0,0.019374006795755,0.0,0.0237854664030374,V7,0,2026-01,,0,0,0,0,0.0044114596072824,0.0237854664030374,0.0237854664030374,0,0,sin_switch,0.0399545209982933,0.0399545209982933,0.0377439806025427,V7,0.0
2026-01-13,Matutino,0.0,0.0392331701204691,0.0195711688208483,0.0053605369642815,0.0114378125419289,0.0054220752106965,0.0,0.0547868836869579,0.0253710645316152,2,1.0,0.6666666666666666,1.0,7,0,3,5,3,3,1,0.5714285714285714,0,0,0,0,0.0298749888545014,0.0250642853329699,0.0433101776164318,V7,0,2026-01,,0,0,0,0,0.0134351887619304,0.0433101776164318,0.0182458922834619,0,0,sin_switch,0.0432944457355779,0.0408292249287935,0.0358982368986722,V7,0.0
2026-01-13,Vespertino,0.0,0.0254935248708756,0.017172096711176,0.0053605369642814,0.0114378125419288,0.0054220752106965,0.0,0.0183333333333333,0.0335653452850967,2,1.0,0.5,1.0,9,1,3,9,4,4,1,0.1111111111111111,0,0,0,0,0.0491206375992993,0.0696242695111813,0.0495714120788104,V7,0,2026-01,,0,0,0,0,0.0205036319118819,0.0696242695111813,0.0205036319118819,0,0,sin_switch,0.0321526785197735,0.0320575134557634,0.0327984486955552,V7,0.0
2026-01-13,Nocturno,0.0,0.0874516007299623,0.069910309297001,0.0112499999999999,0.0114378125419288,0.0076841535076322,0.0,0.0489999999999999,0.0446628970885219,2,1.0,0.4,1.0,8,0,5,7,2,5,2,0.5,0,0,0,0,0.0,0.0,0.0862895595056195,V9,0,2026-01,,0,0,0,0,0.0862895595056195,0.0862895595056195,0.0862895595056195,0,1,neutro,0.0277919542305957,0.034868590788481,0.0306409372742439,V7,0.0
2026-01-14,Previa,0.0,0.0,8.881784197001252e-16,0.0,0.0,0.0,0.0,0.0,0.0,2,1.0,1.0,0.0,2,0,1,0,2,1,1,1.0,0,0,0,0,0.0,0.0285689383382658,0.0285689383382658,V7,0,2026-01,,0,0,0,0,0.0285689383382658,0.0285689383382658,0.0285689383382658,0,0,sin_switch,0.0336719595009198,0.0341174609152979,0.0190567186059179,V7,0.0
2026-01-14,Primera,0.0,0.1714282169197734,0.0785582780286171,0.0,0.0028135114221747,0.0035455629673234,0.0,0.0272875625083859,0.0299156780365988,6,1.0,1.0,0.0,8,0,2,6,6,2,1,0.75,0,0,0,0,0.0504988974070723,0.0545661830869046,0.041979506843708,V7,0,2026-01,,0,0,0,0,0.0040672856798322,0.0545661830869046,0.0125866762431966,0,0,sin_switch,0.0357382229837996,0.0357382229837996,0.0354532167358573,V7,0.0
2026-01-14,Matutino,0.0,0.0410454048663044,0.0435520375188645,0.0,0.0088025454342586,0.0048141369532869,0.0,0.0669999999999999,0.0327441144454085,6,1.0,0.6666666666666666,0.0,10,0,3,8,2,3,1,0.6,0,0,0,0,0.0,0.050058412963514,0.0477046350725775,V8,0,2026-01,,0,0,0,0,0.050058412963514,0.050058412963514,0.050058412963514,1,0,neutro,0.0175023765436383,0.0234013086814813,0.0108845390189694,V7,0.0
2026-01-14,Vespertino,0.0,0.0,0.007646505335502,0.0,0.0088025454342586,0.0053162657916166,0.0,0.0921907024642854,0.0407185962712448,6,1.0,0.5,0.0,10,0,4,8,2,4,1,0.4,0,0,0,0,0.0236127409375263,0.0306279368421459,0.0252135476854731,V7,0,2026-01,,0,0,0,0,0.0070151959046196,0.0306279368421459,0.0070151959046196,0,0,sin_switch,0.0288015543471172,0.0314299815271702,0.0265700705338323,V7,0.0
2026-01-14,Nocturno,0.0,0.067318405742605,0.0286903608741707,0.0,0.0088025454342586,0.0053162657916166,0.0,0.0458559734558992,0.0258265463220828,6,1.0,0.4,0.0,6,0,5,4,3,4,2,0.5,0,0,0,0,0.0204955796536514,0.0663323589417419,0.0422856394217646,V8,0,2026-01,,1,0,0,1,0.0458367792880905,0.0663323589417419,0.0458367792880905,1,0,neutro,0.0195284377935023,0.020945958172069,0.0111852229566659,V7,0.0
2026-01-15,Previa,0.0,0.0937168706797813,0.0748355835941463,0.0,0.0,0.0,0.0,0.0,0.0,2,1.0,1.0,0.0,2,0,1,0,2,1,1,1.0,0,0,0,0,0.0,0.0313064254431694,0.0313064254431694,V8,0,2026-01,,0,0,0,0,0.0313064254431694,0.0313064254431694,0.0313064254431694,1,0,neutro,0.0388948846685619,0.0490168109751544,0.0266339204118193,V11,0.0
2026-01-15,Primera,0.0,0.0032794924432621,0.0852835231179737,0.030953512321427,0.030953512321427,0.0092860536964281,0.0861907024642855,0.1153502647928207,0.041739569375002,8,1.0,1.0,0.25,8,1,1,8,8,2,2,1.0,0,0,0,0,0.1734722393292072,0.0473665167191835,0.0245622601483342,V7,0,2026-01,,0,0,0,0,0.0,0.1734722393292072,0.1489099791808729,0,0,sin_switch,0.0244331023626226,0.0244331023626226,0.0336687931592296,V7,0.0
2026-01-15,Matutino,0.0,0.0162186043243259,0.0232616890539713,0.030953512321427,0.030953512321427,0.0097026086222559,0.0,0.04203114013575,0.0250336216950279,8,1.0,0.6666666666666666,0.25,4,0,3,2,2,3,2,0.5,0,0,0,0,0.0459205988355868,0.0246879401066094,0.0,V7,0,2026-01,,0,0,0,0,0.0,0.0459205988355868,0.0459205988355868,0,0,sin_switch,0.0285308823145744,0.0311964443888228,0.0442007836276329,V13,0.0
2026-01-15,Vespertino,0.0,0.011507282898072,0.0436679791129293,0.030953512321427,0.030953512321427,0.0105049608918064,0.0,0.0272625835833325,0.0296654606374766,8,1.0,0.5,0.25,9,0,4,8,7,3,1,0.1111111111111111,0,0,1,0,0.0231266448423597,0.0231266448423597,0.0480575126487973,V7,0,2026-01,,0,0,0,0,0.0249308678064375,0.0480575126487973,0.0249308678064375,0,0,sin_switch,0.0227976312581055,0.0283219424459739,0.0303274884366461,V7,0.0
2026-01-15,Nocturno,0.0,0.0134588894648484,0.0107426464310898,0.030953512321427,0.030953512321427,0.0122169047130056,0.0,0.0497614522142861,0.038591039193671,8,1.0,0.4,0.25,7,1,4,7,4,5,1,0.1428571428571428,0,0,0,0,0.0243143390366793,0.0498642441102272,0.0252709853201207,V7,0,2026-01,,0,0,0,0,0.0255499050735478,0.0498642441102272,0.0255499050735478,0,0,sin_switch,0.0244017031919919,0.0300174285838342,0.0327041425241185,V7,0.0
2026-01-16,Previa,0.0,0.0439444915467248,0.067682037857535,0.0,0.0114378125419288,0.0102585151117727,0.0,0.0022875625083857,0.0020517030223545,8,1.0,1.0,0.0,8,0,1,0,8,1,1,1.0,0,0,0,0,0.027836234872322,0.0,0.0,V7,0,2026-01,,0,0,0,0,0.0,0.027836234872322,0.027836234872322,0,0,sin_switch,0.0343099432396715,0.0343099432396715,0.0424043456047912,V7,0.0
2026-01-16,Primera,0.0,0.1591526666537825,0.1331016754537332,0.0,0.0164378125419288,0.007525210549196,0.0,0.0653502647928206,0.0386163442706185,10,1.0,1.0,0.1,10,0,2,4,4,2,1,1.0,0,0,0,0,0.0556600177184918,0.0718119008161056,0.0441453420306922,V7,0,2026-01,,0,0,0,0,0.0161518830976137,0.0718119008161056,0.0276665587854133,0,0,sin_switch,0.0227060802496472,0.0227060802496472,0.0349788806358803,V13,0.0
2026-01-16,Matutino,0.0,0.1622461444832685,0.076818715853613,0.0,0.0164378125419288,0.007525210549196,0.0,0.0320169314594873,0.0210312048109619,10,1.0,0.6666666666666666,0.1,8,1,2,8,5,2,1,0.0,0,0,0,0,0.0235797742548596,0.0235797742548596,0.0,V7,0,2026-01,,0,0,0,0,0.0,0.0235797742548596,0.0235797742548596,0,0,sin_switch,0.0221344409867617,0.0221344409867617,0.0279527299654371,V7,0.0
2026-01-16,Vespertino,0.0,0.0235114665960844,0.230194317013063,0.0,0.0409832670873833,0.0175650165468101,0.0,0.0358092975357146,0.0213498601815405,11,0.9090909090909092,0.75,0.0909090909090909,5,0,4,4,3,4,2,0.4,0,0,0,0,0.0254293344415618,0.050302910638094,0.0222922680326437,V7,0,2026-01,,1,0,0,1,0.0248735761965322,0.050302910638094,0.0280106426054503,0,0,sin_switch,0.0244384696604313,0.027012329605844,0.0269254818889018,V7,0.0
2026-01-16,Nocturno,0.0,0.0235114665960844,0.230194317013063,0.0,0.0439378125419288,0.0192358662412725,0.0,0.0168188606396094,0.018290040347564,12,0.8333333333333334,0.8,0.0833333333333333,11,0,5,9,8,4,1,0.1818181818181818,0,0,0,0,0.0,0.0,0.0516164814888346,V9,0,2026-01,,0,0,0,0,0.0516164814888346,0.0516164814888346,0.0516164814888346,0,1,neutro,0.0208811386019369,0.0288900183149089,0.0218613101816137,V7,0.0
2026-01-17,Previa,0.0,0.0,0.0141678204895984,0.0,0.0,0.0,0.0,0.0,0.0,2,1.0,1.0,0.0,2,0,1,0,2,1,1,1.0,0,0,0,0,0.0,0.0364713817624144,0.0364713817624144,V8,0,2026-01,,0,0,0,0,0.0364713817624144,0.0364713817624144,0.0364713817624144,1,0,neutro,0.0382599190340028,0.044028343114351,0.0278818030423137,V7,0.0
2026-01-17,Primera,0.0,0.0362501847338689,0.021828267743462,0.0,0.0184535123214272,0.0094830059821132,0.016,0.021,0.0241542484011314,2,1.0,1.0,1.0,10,1,1,10,10,2,2,0.8,0,0,0,0,0.053662406345381,0.0242393460888996,0.0242393460888996,V7,0,2026-01,,0,0,0,0,0.0,0.053662406345381,0.0294230602564813,0,0,sin_switch,0.0286019831477089,0.0286019831477089,0.0396094381307978,V13,0.0
2026-01-17,Matutino,0.0,0.0602655944897367,0.0324240522426563,0.0,0.0184535123214272,0.0110634991067261,0.0,0.0922875625083857,0.0375908159710602,2,1.0,0.6666666666666666,1.0,12,0,3,10,10,3,2,0.1666666666666666,0,0,0,0,0.0811728236657155,0.0,0.0234353037928718,V7,0,2026-01,,0,0,0,0,0.0,0.0811728236657155,0.0811728236657155,0,0,sin_switch,0.0316782193449145,0.0290442748055459,0.0399194243335426,V7,0.0
2026-01-17,Vespertino,0.0,0.0443072219558002,0.0232267775827108,0.0,0.0042021883573234,0.0067846267516489,0.0,0.0633583122583866,0.0300738617729824,4,0.75,1.0,0.0,7,0,4,6,5,4,2,0.1428571428571428,0,0,0,0,0.0265356609310708,0.0247645137826115,0.0265356609310708,V7,0,2026-01,,0,0,0,0,0.0,0.0265356609310708,0.0017711471484593,0,0,sin_switch,0.0227290863137504,0.0227290863137504,0.0256226085824017,V7,0.0
2026-01-17,Nocturno,0.0,0.0181167831078381,0.0072467132431352,0.0,0.0082978116426765,0.0116860094664993,0.0,0.0378333333333332,0.0181375916649636,1,1.0,0.4,1.0,18,1,4,18,4,5,2,0.4444444444444444,0,0,0,0,0.0233972334208313,0.0,0.0954472548385415,V9,0,2026-01,,0,0,0,0,0.0720500214177101,0.0954472548385415,0.0954472548385415,0,1,neutro,0.0237053992972171,0.030264936229938,0.0332646949145367,V7,0.0
2026-01-19,Primera,0.0,0.0,0.0,0.0,0.0,0.0,0.0,0.0,5.551115123125783e-17,2,0.0,0.5,0.0,2,1,1,2,2,1,1,0.0,0,0,0,0,0.0,0.0130689037433996,0.0130689037433996,V7,0,2026-01,,0,0,0,0,0.0130689037433996,0.0130689037433996,0.0130689037433996,0,0,sin_switch,0.0317568711520013,0.0335671443579006,0.0187484311240045,V7,0.0
2026-01-19,Matutino,0.0,0.0053412557049803,0.0080204018724956,0.0031044792085955,0.0031044792085955,0.0039801305528078,0.0,0.0287154551155294,0.0182206575989037,2,0.0,0.6666666666666666,1.0,7,1,2,7,6,2,1,0.0,0,0,0,0,0.0,0.0514827094405127,0.0250615717962488,V8,0,2026-01,,0,0,0,0,0.0514827094405127,0.0514827094405127,0.0514827094405127,1,0,neutro,0.0246216570061165,0.0287585619926677,0.0181246395510366,V7,0.0
2026-01-19,Vespertino,0.0223846315174167,0.0318137202758608,0.0116086285226567,0.0,0.0084535123214271,0.0052307936672227,0.0,0.03,0.0227164302695252,8,0.0,0.75,0.0,8,2,2,8,4,3,1,0.0,0,0,0,0,0.0244316285490904,0.0285389810420831,0.0285389810420831,V7,0,2026-01,,0,0,0,0,0.0041073524929927,0.0285389810420831,0.0041073524929927,0,0,sin_switch,0.0242018722927071,0.0266286403700867,0.0082594237818875,V7,0.0
2026-01-19,Nocturno,0.0134588894648484,0.0223846315174167,0.0070605592590768,0.0,0.0551132006128287,0.0227712926352923,0.0,0.1145627022844349,0.064227743129815,6,0.0,0.8,0.1666666666666666,6,1,4,6,4,4,2,0.0,0,0,0,0,0.0469324232054221,0.0282842569504859,0.0282842569504859,V7,0,2026-01,,0,0,0,0,0.0,0.0469324232054221,0.0186481662549361,0,0,sin_switch,0.0200067826248954,0.0225519897225834,0.0201678992236684,V7,0.0
2026-01-20,Previa,0.0,0.0,0.0,0.0,0.0130929753571457,0.0052371901428582,0.0,0.0351185950714292,0.0140474380285716,3,1.0,1.0,0.0,3,0,1,0,3,1,1,1.0,0,0,0,0,0.0,0.0,0.0,V7,0,2026-01,,0,0,0,0,0.0,0.0,0.0,0,0,sin_switch,0.0278623173780897,0.0296183648054836,0.028470588489307,V7,0.0
2026-01-20,Primera,0.0,0.0,0.007945460986939,0.0,0.0,1.1102230246251563e-16,0.0,0.06203114013575,0.0427959606310372,1,1.0,1.0,1.0,4,0,2,3,3,2,1,1.0,0,0,0,0,0.0205434446624844,0.0,0.0272697315870454,V7,0,2026-01,,0,0,0,0,0.0067262869245609,0.0272697315870454,0.0272697315870454,0,0,sin_switch,0.0450977651388777,0.0425231595686124,0.0426657842306785,V7,0.0
2026-01-20,Matutino,0.3964182902926643,0.3964182902926643,0.1218686481435887,0.0,0.0,0.0,0.0,0.0534031399558997,0.048326455691684,1,1.0,0.6666666666666666,1.0,6,0,3,5,4,3,1,0.3333333333333333,0,0,0,0,0.0,0.0520347047015059,0.0467351422975931,V8,0,2026-01,,0,0,0,0,0.0520347047015059,0.0520347047015059,0.0520347047015059,1,0,neutro,0.0280205704886626,0.0307440278488584,0.0261769813600064,V7,0.0
2026-01-20,Vespertino,0.0134588894648484,0.5473102741060805,0.2215488188058825,0.0,0.0042021883573234,0.0040781672115953,0.0,0.0522625835833325,0.0373946386278759,4,0.75,1.0,0.0,9,0,4,8,8,3,2,0.1111111111111111,0,0,0,0,0.0497549497389691,0.0,0.0523964162628256,V7,0,2026-01,,0,0,0,0,0.0026414665238565,0.0523964162628256,0.0523964162628256,0,0,sin_switch,0.0280903055425204,0.0307910746122791,0.0311233786412357,V7,0.0
2026-01-20,Nocturno,0.0,0.0,0.0054709194696894,0.0,0.01,0.0112806616735712,0.0,0.0682875625083857,0.0295625042128887,5,0.8,0.8,0.0,8,0,5,7,4,4,1,0.25,0,0,0,0,0.0,0.047004188087392,0.0463891550023699,V8,0,2026-01,,0,0,0,0,0.047004188087392,0.047004188087392,0.047004188087392,1,0,neutro,0.0173610989805434,0.0233964271717471,0.0112661259639742,V7,0.0
2026-01-21,Previa,0.0,0.010052577131236,0.0103487094947286,0.0,0.0114378125419288,0.0119886408086529,0.0,0.0022875625083857,0.0023977281617305,12,1.0,1.0,0.0,12,0,1,0,12,1,1,1.0,0,0,0,0,0.0222480363390948,0.0199917936586188,0.0,V7,0,2026-01,,0,0,0,0,0.0,0.0222480363390948,0.0222480363390948,0,0,sin_switch,0.0271000602263163,0.0271000602263163,0.0356986562007345,V7,0.0
2026-01-21,Primera,0.4904207734063828,0.5053396977553799,0.1515084030357484,0.0052288541247378,0.0083333333333334,0.003882701104274,0.0549999999999999,0.0847875625083858,0.0461754637837198,6,1.0,1.0,0.3333333333333333,14,0,2,12,12,2,1,1.0,0,0,0,0,0.0252832221384486,0.0467615400113385,0.0457577330697337,V7,0,2026-01,,0,0,0,0,0.0214783178728898,0.0467615400113385,0.0214783178728898,0,0,sin_switch,0.0316532907541873,0.0316532907541873,0.0381732640042901,V7,0.0
2026-01-21,Matutino,0.4565813861637151,0.4967378251957575,0.1489936189454047,0.0,0.0179820374824093,0.0093076052691933,0.0,0.0405627022844349,0.0188638213198693,7,0.8571428571428571,1.0,0.1428571428571428,6,0,3,4,1,3,1,0.8333333333333334,0,0,0,0,0.0673026709723083,0.0485653204009288,0.0,V7,0,2026-01,,0,0,0,0,0.0,0.0673026709723083,0.0673026709723083,0,0,sin_switch,0.0288133567946932,0.0288133567946932,0.0434841520397011,V13,0.0
2026-01-21,Vespertino,0.0,0.2284174467726787,0.0933967382791977,0.0052288541247378,0.0083333333333334,0.004198066921533,0.0,0.0395454545454545,0.0179713547173625,6,1.0,0.5,0.3333333333333333,11,1,3,11,4,4,1,0.4545454545454545,0,0,0,0,0.0288042065451715,0.0552785431885416,0.0460267794593525,V7,0,2026-01,,0,0,0,0,0.02647433664337,0.0552785431885416,0.02647433664337,0,0,sin_switch,0.026680885179429,0.0293356941753157,0.0193412168810992,V7,0.0
2026-01-21,Nocturno,0.0,0.4010205279878809,0.16057750556876,0.0,0.0731044792085955,0.0334199336598815,0.0,0.0760909090909091,0.0331289767438088,11,0.9090909090909092,0.8,0.0,11,0,5,7,1,4,2,0.9090909090909092,0,0,0,0,0.0249171513306908,0.0225105323491084,0.0474504881061794,V7,0,2026-01,,0,0,0,0,0.0225333367754885,0.0474504881061794,0.0249399557570709,0,0,sin_switch,0.0223864853108885,0.0247701130740379,0.0330723920386642,V13,0.0
2026-01-22,Previa,0.0,0.0,0.0069436426135128,0.0,0.0101557006787506,0.0073869986255844,0.0,0.03453114013575,0.0220256502206202,4,1.0,1.0,0.0,4,0,1,0,4,1,1,1.0,0,0,0,0,0.0,0.0,0.0,V7,0,2026-01,,0,0,0,0,0.0,0.0,0.0,0,0,sin_switch,0.02474812483554,0.026248550797514,0.0268288762436318,V7,0.0
2026-01-22,Primera,0.0,0.039722372455837,0.1473531029573641,0.0,0.0059890340120838,0.0052284572706028,0.0,0.1147875625083857,0.0535371230978645,4,1.0,1.0,0.25,12,0,2,11,11,2,1,0.75,0,0,0,0,0.04672925185324,0.023383923165338,0.0,V7,0,2026-01,,0,0,0,0,0.0,0.04672925185324,0.04672925185324,0,0,sin_switch,0.023507405293904,0.023507405293904,0.0357618108921748,V13,0.0
2026-01-22,Matutino,0.0,0.1952338951486014,0.0967345364005128,0.0,0.0107486760358963,0.005872656449355,0.0,0.0705776018983508,0.0378405798084116,4,1.0,0.6666666666666666,0.25,13,0,3,12,1,3,1,0.6923076923076923,0,0,0,0,0.0270272745795721,0.0270272745795721,0.0227539750910404,V7,0,2026-01,,0,0,0,0,0.0,0.0270272745795721,0.0042732994885316,0,0,sin_switch,0.0277910659257163,0.0277910659257163,0.0303150186978271,V7,0.0
2026-01-22,Vespertino,0.0,0.1074748447746474,0.0433129730162593,0.0,0.0582978116426764,0.0251186068003869,0.0,0.0051595623285352,0.0118569113700447,5,0.8,1.0,0.2,5,0,4,4,1,3,1,0.8,0,1,0,0,0.0224120205209848,0.0,0.0469587615636594,V7,1,2026-01,,1,1,1,1,0.0245467410426745,0.0469587615636594,0.0469587615636594,0,0,sin_switch,0.0280745582156247,0.0307279836180776,0.0379212518206678,V7,1.0
2026-01-22,Nocturno,0.0,0.0280886176314743,0.0270946035122692,0.0,0.0282978116426765,0.0144088852035837,0.0,0.0304768692976181,0.0218823157340919,5,0.8,0.8,0.2,9,0,5,5,3,4,1,0.4444444444444444,0,0,0,0,0.0,0.0228577659924839,0.047431105496108,V9,0,2026-01,,0,0,0,0,0.047431105496108,0.047431105496108,0.047431105496108,0,1,neutro,0.024128732893721,0.0351687453971619,0.0249415254793835,V11,0.0
2026-01-23,Previa,0.010052577131236,0.1550740218008215,0.0731283492542067,0.0,0.0114378125419288,0.009767875894047,0.0,0.0022875625083857,0.0019535751788094,10,1.0,1.0,0.0,10,0,1,0,10,1,1,1.0,0,0,1,1,0.0244934772235204,0.0216677796967505,0.0,V7,0,2026-01,,1,0,0,1,0.0,0.0244934772235204,0.0244934772235204,0,0,sin_switch,0.0293216825487083,0.0293216825487083,0.0347900783702563,V7,0.0
2026-01-23,Primera,0.0,0.0612822324851434,0.0788804004443699,0.0,0.0031044792085955,0.0068011265678534,0.0,0.0064285714285714,0.0137763038573024,8,1.0,1.0,0.0,14,0,2,10,10,2,1,0.9285714285714286,0,1,0,0,0.0456577958315042,0.0784841536420828,0.02366131619824,V8,0,2026-01,,1,1,0,1,0.0328263578105786,0.0784841536420828,0.0548228374438428,1,0,perdedor,0.0247006926805392,0.0243751350417823,0.0214988492336232,V7,1.0
2026-01-23,Matutino,0.0,0.0162186043243268,0.0128848787044753,0.0,0.03125,0.0149558873139882,0.0,0.0995244046136489,0.0532588437774539,8,0.875,1.0,0.0,19,0,3,15,2,3,1,0.7894736842105263,0,0,0,0,0.0219959347207782,0.0441225837833982,0.02212664906262,V7,0,2026-01,,0,0,0,0,0.02212664906262,0.0441225837833982,0.02212664906262,0,0,sin_switch,0.0241391297893116,0.0267152946289136,0.0307981706704623,V7,0.0
2026-01-23,Vespertino,0.0,0.0162186043243268,0.0102575460267855,0.0,0.0062499999999999,0.0122487080365059,0.0,0.0145714285714286,0.0155659335613507,8,0.875,0.75,0.0,15,0,4,13,0,3,0,0.8,1,0,0,0,0.0,0.0243831597001425,0.0976619995060763,V9,0,2026-01,,0,0,0,0,0.0976619995060763,0.0976619995060763,0.0976619995060763,0,1,neutro,0.0346933615849387,0.0274879181749818,0.0196476141801023,V7,0.0
2026-01-23,Nocturno,0.0,0.0,0.0,0.0,0.0031044792085955,0.0103588355288252,0.0,0.0020721073928563,0.00125758689255,8,1.0,0.4,0.0,10,2,3,10,6,4,1,0.0,0,0,0,0,0.0481752588503174,0.0690939187119514,0.0642195360524108,V7,0,2026-01,,0,0,0,0,0.020918659861634,0.0690939187119514,0.020918659861634,0,0,sin_switch,0.0255822432605432,0.0282451452279897,0.0221310326563576,V7,0.0
2026-01-24,Previa,0.0061660271930907,0.0134588894648484,0.067893414397557,0.0,0.0070156997794982,0.0074805955934137,0.0,0.0014031399558996,0.0108387922406227,6,1.0,1.0,0.0,6,0,1,0,6,1,1,1.0,0,0,0,0,0.0286186827418343,0.0,0.0,V7,0,2026-01,,0,0,0,0,0.0,0.0286186827418343,0.0286186827418343,0,0,sin_switch,0.0416130794868015,0.0434062958512801,0.0419258041631787,V7,0.0
2026-01-24,Primera,0.0,0.3666655611812324,0.1655978543008469,0.0114378125419289,0.0184535123214272,0.0057744718702343,0.0,0.070562702284435,0.0500012906518424,2,1.0,1.0,1.0,6,0,2,5,5,2,1,0.8333333333333334,0,0,0,0,0.0218035269000722,0.0218035269000722,0.0431509400242965,V7,0,2026-01,,0,0,0,0,0.0213474131242243,0.0431509400242965,0.0213474131242243,0,0,sin_switch,0.0281801422192532,0.0281801422192532,0.0361244001848221,V7,0.0
2026-01-24,Matutino,0.0,0.1345202572608705,0.0589201261534091,0.0114378125419289,0.0184535123214272,0.0057744718702343,0.0,0.021,0.0090673148366596,2,1.0,0.6666666666666666,1.0,8,1,2,8,5,3,1,0.375,0,0,0,0,0.0803592634460456,0.0754104792699669,0.0477344868706891,V7,0,2026-01,,0,0,0,0,0.0,0.0803592634460456,0.0326247765753565,0,0,sin_switch,0.0263278427656459,0.0263278427656459,0.0341049480528014,V7,0.0
2026-01-24,Vespertino,0.0,0.0204330249506403,0.1485259882038264,0.0017513239641037,0.0114378125419288,0.0075017235384925,0.0,0.0853502647928207,0.0509658351362649,2,1.0,0.5,1.0,9,1,3,9,6,4,2,0.3333333333333333,0,0,0,0,0.0225225788173989,0.0232208574449059,0.0462285989543375,V7,0,2026-01,,0,0,0,0,0.0237060201369386,0.0462285989543375,0.0237060201369386,0,0,sin_switch,0.0320133538482437,0.0318870997575428,0.0312966897223159,V7,0.0
2026-01-24,Nocturno,0.0,0.0162186043243259,0.3219896793979216,0.0174999999999999,0.0184535123214271,0.0055771417858889,0.0,0.0535000000000001,0.0381165901321579,2,1.0,0.4,1.0,8,0,5,5,2,4,2,0.75,0,0,0,0,0.0,0.0257134335625713,0.0754329176803397,V9,0,2026-01,,0,0,0,0,0.0754329176803397,0.0754329176803397,0.0754329176803397,0,1,neutro,0.0278364843055804,0.0355211863690679,0.0284397115776346,V7,0.0
2026-01-26,Primera,0.0,0.0,0.0041577234834732,0.0,0.0,2.775557561562892e-17,0.0,0.0,0.0,4,0.0,0.5,0.0,4,1,1,4,4,1,1,0.0,0,0,0,0,0.0,0.0174596424225369,0.0174596424225369,V7,0,2026-01,,0,0,0,0,0.0174596424225369,0.0174596424225369,0.0174596424225369,0,0,sin_switch,0.036351727404697,0.0342042841639902,0.0236339306347095,V7,0.0
2026-01-26,Matutino,0.0,0.0134588894648484,0.0075634055282184,0.0,0.0093544792085956,0.0068189735234417,0.0,0.112620895841719,0.0516093780028415,8,0.0,0.6666666666666666,0.125,8,1,2,8,4,2,1,0.0,0,0,0,0,0.0229636793160992,0.0231866968479284,0.0231866968479284,V7,0,2026-01,,0,0,0,0,0.0002230175318292,0.0231866968479284,0.0002230175318292,0,0,sin_switch,0.0187786008288241,0.0163126774659259,0.0205658054135904,V7,0.0
2026-01-26,Vespertino,0.0,0.0089257420525683,0.0242077103961905,0.0,0.0017823201785757,0.0007129280714303,0.0,0.0,0.0229150250033543,7,0.0,0.75,0.1428571428571428,9,1,3,9,7,3,2,0.0,0,0,0,0,0.0,0.0683642535582029,0.0232361220242707,V8,0,2026-01,,0,0,0,0,0.0683642535582029,0.0683642535582029,0.0683642535582029,1,0,neutro,0.0139809994528019,0.0183208898307892,0.0058399054931283,V7,0.0
2026-01-26,Nocturno,0.032899138819161,0.0695507680941274,0.0273970157036175,0.0,0.0053605369642814,0.0053993411952483,0.0,0.0610721073928564,0.0378045249151709,10,0.0,0.8,0.0,10,1,4,10,2,4,1,0.0,0,0,0,0,0.0,0.0488786150376696,0.0285431823098424,V8,0,2026-01,,0,0,0,0,0.0488786150376696,0.0488786150376696,0.0488786150376696,1,0,neutro,0.0142738623072956,0.0188751950463079,0.011043839947843,V7,0.0
2026-01-27,Previa,0.0,0.0,0.0,0.0,0.0,0.0052371901428582,0.0,0.0,0.0140474380285716,3,1.0,1.0,0.0,3,0,1,0,3,1,1,1.0,0,0,0,0,0.0,0.0,0.0,V7,0,2026-01,,0,0,0,0,0.0,0.0,0.0,0,0,sin_switch,0.0341697989721725,0.0360056615260739,0.028860882017838,V7,0.0
2026-01-27,Primera,0.0,0.0204330249506403,0.0089307155864709,1.1102230246251563e-16,0.0084535123214272,0.0065017459916963,0.0,0.0311907024642854,0.0503874919158372,2,1.0,1.0,1.0,8,0,2,5,5,2,1,1.0,0,0,0,0,0.0387466320755797,0.0191261599272964,0.0418635464598827,V7,0,2026-01,,0,0,0,0,0.003116914384303,0.0418635464598827,0.0227373865325863,0,0,sin_switch,0.0412674402817427,0.0412674402817427,0.039327069180593,V7,0.0
2026-01-27,Matutino,0.0,0.0429421140461361,0.0217737603510191,1.1102230246251563e-16,0.0031044792085956,0.0041367259796188,0.0,0.0149999999999999,0.0189564797953824,2,1.0,0.6666666666666666,1.0,9,0,3,7,4,3,1,0.5555555555555556,0,0,0,0,0.0310864317638489,0.0247466348603489,0.034015208650761,V7,0,2026-01,,0,0,0,0,0.0029287768869121,0.034015208650761,0.009268573790412,0,0,sin_switch,0.0473842658773006,0.0449726116813614,0.0327259731824201,V7,0.0
2026-01-27,Vespertino,0.0,0.1136845638889276,0.0606818060662175,0.0,0.1003267014308177,0.0432594783829147,0.0,0.04,0.016780185397046,9,0.8888888888888888,1.0,0.0,10,0,4,9,4,4,1,0.5,0,0,0,0,0.0197502242265076,0.0,0.0338212159482488,V7,0,2026-01,,0,0,0,0,0.0140709917217412,0.0338212159482488,0.0338212159482488,0,0,sin_switch,0.0213868094532415,0.0238812895791263,0.0393348734577369,V13,0.0
2026-01-27,Nocturno,0.0,0.1502718774810496,0.0625983332546519,0.0,0.0703267014308177,0.0329564957556595,0.0,0.031409090909091,0.020470679685086,9,0.8888888888888888,0.8,0.0,11,0,5,10,2,5,1,0.0909090909090909,0,0,0,0,0.020567714816204,0.0,0.0621651163844933,V9,0,2026-01,,0,0,0,0,0.0415974015682893,0.0621651163844933,0.0621651163844933,0,1,neutro,0.0186920441805065,0.0273359424009324,0.0273261763138043,V7,0.0
2026-01-28,Previa,0.0,0.0800790568175093,0.0360656306948725,0.0,0.0070156997794982,0.0074805955934137,0.0,0.0014031399558996,0.0108387922406227,6,1.0,1.0,0.0,6,0,1,0,6,1,1,1.0,0,0,0,0,0.0296160278674228,0.0,0.0,V7,0,2026-01,,0,0,0,0,0.0,0.0296160278674228,0.0296160278674228,0,0,sin_switch,0.0401977746736714,0.0419342265698138,0.0402407132970433,V7,0.0
2026-01-28,Primera,0.0872901459301225,0.1918612418704137,0.0724337565584686,0.0,0.0124999999999999,0.0088459869088514,0.0,0.0874999999999999,0.0502551557531079,8,1.0,1.0,0.25,8,0,2,5,5,2,1,1.0,0,0,0,0,0.0544504938402873,0.0448609716710898,0.0217611513125935,V7,0,2026-01,,0,0,0,0,0.0,0.0544504938402873,0.0326893425276938,0,0,sin_switch,0.0215579919842821,0.0215579919842821,0.0391911413819824,V13,0.0
2026-01-28,Matutino,0.0134588894648484,0.2255594822170863,0.1008959629584028,0.0,0.0124999999999999,0.0088459869088514,0.006,0.0416666666666667,0.026718730898811,8,1.0,0.6666666666666666,0.25,8,1,2,8,4,3,1,0.25,0,0,0,0,0.028879628040384,0.0498442802978941,0.0,V7,0,2026-01,,0,0,0,0,0.0209646522575101,0.0498442802978941,0.0498442802978941,0,0,sin_switch,0.0223335915577958,0.0223335915577958,0.0282049484182672,V7,0.0
2026-01-28,Vespertino,0.0,0.0162186043243268,0.0604735923723999,0.0,0.0124999999999999,0.0094814479287498,0.0,0.0764043093571433,0.0313850806363061,8,1.0,0.5,0.25,7,0,4,5,5,3,2,0.2857142857142857,0,0,0,0,0.0208749648347126,0.0461114494637285,0.0208749648347126,V7,0,2026-01,,0,0,0,0,0.0252364846290159,0.0461114494637285,0.0252364846290159,0,0,sin_switch,0.0244193983985032,0.0296883526273547,0.0244695738742031,V7,0.0
2026-01-28,Nocturno,0.5705030139161984,0.584489255889002,0.1761272656255315,0.0,0.0124999999999999,0.0094814479287498,0.0,0.022651515151515,0.0411608937514655,8,1.0,0.4,0.25,11,0,5,9,8,4,1,0.1818181818181818,0,1,1,0,0.0,0.0337348947647389,0.0247553346076073,V8,1,2026-01,,1,1,1,1,0.0337348947647389,0.0337348947647389,0.0337348947647389,1,0,neutro,0.0272692327634461,0.029754526330851,0.0307398101267922,V7,1.0
2026-01-29,Previa,0.0,0.0727861945457508,0.1061044255066082,0.0,0.0267513239641036,0.0168512808580936,0.0,0.0053502647928207,0.0287718707729162,8,1.0,1.0,0.0,8,0,1,0,8,1,1,1.0,0,0,0,0,0.0460829086358779,0.0229353935773143,0.0229353935773143,V7,0,2026-01,,0,0,0,0,0.0,0.0460829086358779,0.0231475150585636,0,0,sin_switch,0.0285390676146203,0.0285390676146203,0.0379230398271812,V7,0.0
2026-01-29,Primera,0.5537289280279429,0.5537289280279429,0.18847140083587,0.0,0.0029411764705882,0.0098677312256742,0.0,0.1449999999999999,0.0845276593505498,17,1.0,1.0,0.0588235294117647,17,0,2,9,9,2,1,1.0,0,0,0,0,0.0264958541734901,0.0234922291113541,0.0238148622532965,V7,0,2026-01,,0,0,0,0,0.0,0.0264958541734901,0.003003625062136,0,0,sin_switch,0.0241762841958108,0.0241762841958108,0.0409181003422375,V13,0.0
2026-01-29,Matutino,0.0,0.1938282497344374,0.0780237712881818,0.0,0.0029411764705882,0.0098677312256742,0.0261818181818181,0.036,0.031450490776207,17,1.0,0.6666666666666666,0.0588235294117647,10,1,2,10,4,3,1,0.4,0,0,0,0,0.0236326171730538,0.0469578589746053,0.0,V7,0,2026-01,,0,0,0,0,0.0233252418015515,0.0469578589746053,0.0469578589746053,0,0,sin_switch,0.0223672917277305,0.0197634244566869,0.0176678758508518,V7,0.0
2026-01-29,Vespertino,0.0,0.2100468540587634,0.1045310098002081,0.0,0.0029411764705882,0.0098677312256742,0.0,0.0485707497500008,0.0388680509086424,17,1.0,0.5,0.0588235294117647,7,1,3,7,4,4,2,0.1428571428571428,0,0,0,0,0.0256946991559872,0.0566506994694637,0.0243719990178309,V8,0,2026-01,,0,0,0,0,0.0309560003134765,0.0566506994694637,0.0322787004516328,1,0,neutro,0.0147373952080043,0.014706657065962,0.0118489470127555,V7,0.0
2026-01-29,Nocturno,0.0,0.0277258872223979,0.0712051208405364,0.0,0.0029411764705882,0.0138553427953795,0.0,0.1170000000000001,0.0495584585750419,17,1.0,0.4,0.0588235294117647,8,0,5,4,3,4,2,0.625,0,0,0,0,0.0229378992699119,0.0704200281664272,0.0,V8,0,2026-01,,0,0,0,0,0.0474821288965153,0.0704200281664272,0.0704200281664272,1,0,neutro,0.0140886710324422,0.0179370140897054,0.016665966436878,V7,0.0
2026-01-30,Previa,0.1226368131521686,0.1226368131521686,0.0384086934525491,0.0,0.0,0.0076567557110873,0.0,0.0,0.0015313511422174,6,1.0,1.0,0.0,6,0,1,0,6,1,1,1.0,0,0,0,0,0.030474785095874,0.0,0.0,V7,0,2026-01,,0,0,0,0,0.0,0.030474785095874,0.030474785095874,0,0,sin_switch,0.0384448193586455,0.0404030769612721,0.0371017304944677,V7,0.0
2026-01-30,Primera,0.010052577131236,0.2003855393818847,0.0961133941913761,0.0,0.0017823201785756,0.0026246385678277,0.0,0.0874999999999999,0.0371698567606464,7,1.0,1.0,0.1428571428571428,7,0,2,5,5,2,1,1.0,0,0,0,0,0.0308585299205535,0.0263073907874488,0.0,V7,0,2026-01,,0,0,0,0,0.0,0.0308585299205535,0.0308585299205535,0,0,sin_switch,0.0293037577906775,0.0293037577906775,0.0359991201339838,V7,0.0
2026-01-30,Matutino,0.0,0.0204330249506403,0.0154640730706213,0.0,0.0017823201785756,0.0026246385678277,0.0,0.0686426308690478,0.0323215973216177,7,1.0,0.6666666666666666,0.1428571428571428,5,0,3,4,4,3,2,0.2,0,0,0,0,0.0,0.0672901847517749,0.0226016475301611,V8,0,2026-01,,0,0,0,0,0.0672901847517749,0.0672901847517749,0.0672901847517749,1,0,neutro,0.0140822648423609,0.0202154980833455,0.0132272368772709,V7,0.0
2026-01-30,Vespertino,0.0,0.0204330249506403,0.1310924147076763,0.0,0.0124999999999999,0.0072680499700269,0.0,0.0464999999999999,0.0223120478206658,8,0.875,0.75,0.125,10,0,4,8,3,4,2,0.7,0,0,0,0,0.023651512007252,0.025467700719801,0.0469157214364292,V7,0,2026-01,,0,0,0,0,0.0232642094291771,0.0469157214364292,0.0232642094291771,0,0,sin_switch,0.0246173540172919,0.0297709067225955,0.0265356587864095,V7,0.0
2026-01-30,Nocturno,0.0,0.0421149974599668,0.0787850809944777,0.01,0.0153605369642814,0.0098186084646575,0.0,0.0231818181818181,0.0258647111602984,10,0.8,0.8,0.0,12,0,5,8,4,4,1,0.5833333333333334,0,0,0,0,0.0,0.0,0.0481968511337636,V9,0,2026-01,,0,0,0,0,0.0481968511337636,0.0481968511337636,0.0481968511337636,0,1,neutro,0.0235329944556271,0.037623179926438,0.0268131301418559,V11,0.0
2026-01-31,Previa,0.0,0.1521375599825827,0.0680253393342371,0.0,0.0,0.0052371901428582,0.0,0.0,0.0140474380285716,3,1.0,1.0,0.0,3,0,1,0,3,1,1,1.0,0,0,0,0,0.0,0.0227080100491314,0.0227080100491314,V7,0,2026-01,,0,0,0,0,0.0227080100491314,0.0227080100491314,0.0227080100491314,0,0,sin_switch,0.0426710270081944,0.0450994427807226,0.0312199089890363,V7,0.0
2026-01-31,Primera,0.0,0.0338919144154887,0.0155312263255942,0.0,0.0184535123214271,0.0074065038902164,0.0,0.1311907024642854,0.0615509203990161,8,1.0,1.0,0.0,8,0,2,7,7,2,1,0.875,0,1,0,0,0.0263927928702028,0.0221942547691545,0.0221942547691545,V7,1,2026-01,,0,1,1,0,0.0,0.0263927928702028,0.0041985381010483,0,0,sin_switch,0.0209937365557387,0.0209937365557387,0.0340108276879942,V13,0.0
2026-01-31,Matutino,0.0,0.0136525916537282,0.0097693450633835,0.0,0.0184535123214271,0.0071489069001975,0.0,0.0052861668333328,0.0101596273323534,8,1.0,0.6666666666666666,0.0,5,0,3,4,1,3,1,0.8,0,0,0,0,0.0,0.045877216775681,0.0781517400049842,V9,0,2026-01,,0,0,0,0,0.0781517400049842,0.0781517400049842,0.0781517400049842,0,1,neutro,0.026006938104426,0.0293501680572769,0.0228792304376515,V7,0.0
2026-01-31,Vespertino,0.0,0.0960546154724415,0.0426629726756623,0.0,0.0184535123214271,0.0083563826649594,0.0,0.0422875625083857,0.0195248255081165,8,1.0,0.5,0.0,8,1,3,8,1,4,1,0.375,0,0,0,0,0.0247435424241348,0.0950392550141476,0.0448901174044951,V8,0,2026-01,,0,0,0,0,0.0702957125900128,0.0950392550141476,0.0702957125900128,1,0,neutro,0.0160466214404536,0.0206644015133637,0.020270991386433,V7,0.0
2026-01-31,Nocturno,0.0,0.2210734670722471,0.1196120953197198,0.0142513239641036,0.0184535123214271,0.007262414546273,0.0775,0.0799999999999999,0.0436332924553692,8,1.0,0.4,0.0,12,0,5,10,4,3,1,0.6666666666666666,0,0,0,0,0.0481707642447803,0.0,0.0238555210826497,V7,0,2026-01,,0,0,0,0,0.0,0.0481707642447803,0.0481707642447803,0,0,sin_switch,0.0254115548552262,0.0254115548552262,0.0280446354511096,V7,0.0
2026-02-02,Primera,0.0,0.0338919144154887,0.0154658272472726,0.0114378125419288,0.0114378125419288,0.0162674053039689,0.0572875625083859,0.0572875625083859,0.0766760744510416,12,0.0,0.5,0.0,12,1,1,12,12,1,1,0.0,0,0,0,0,0.0803086845329684,0.070521560320177,0.0231370276249812,V7,0,2026-02,,0,0,0,0,0.0,0.0803086845329684,0.0571716569079872,0,0,sin_switch,0.0186835956450494,0.0186835956450494,0.016936506898487,V7,0.0
2026-02-02,Matutino,0.0,0.0134588894648484,0.0071109220333053,0.0,0.0031044792085955,0.0050201272900609,0.0,0.0247875625083857,0.0324435963002159,9,0.0,0.6666666666666666,0.0,9,1,2,9,3,2,1,0.0,0,0,0,0,0.0,0.0330234678395906,0.0330234678395906,V8,0,2026-02,,0,0,0,0,0.0330234678395906,0.0330234678395906,0.0330234678395906,1,0,neutro,0.0204457133717472,0.0255912175947322,0.0104682975038632,V7,0.0
2026-02-02,Vespertino,0.0,0.0367268274411678,0.0179923974204216,0.0,0.00625,0.003910355185218,0.0,0.002,0.0225250028977556,8,0.0,0.75,0.125,8,1,3,8,2,3,1,0.0,0,0,0,0,0.0,0.0723315666023483,0.0536588692055758,V8,0,2026-02,,0,0,0,0,0.0723315666023483,0.0723315666023483,0.0723315666023483,1,0,neutro,0.0168265278415104,0.024624074544655,0.0110372851470415,V7,0.0
2026-02-02,Nocturno,0.0,0.0629377905939874,0.0419396576190026,0.0034090909090909,0.0089285714285715,0.0038372224764779,0.0,0.0525721073928564,0.0234921720107638,8,0.0,0.8,0.25,17,1,4,17,11,4,2,0.0,0,0,0,0,0.0998239597975038,0.0799728288682929,0.0230070292123215,V7,0,2026-02,,0,0,0,0,0.0,0.0998239597975038,0.0768169305851823,0,0,sin_switch,0.0239941067318569,0.0241369795518616,0.0190797201122755,V7,0.0
2026-02-03,Previa,0.0,0.011507282898072,0.0046029131592288,0.0,0.0082978116426765,0.0068198400531866,0.0,0.0016595623285352,0.0141638268223748,5,1.0,1.0,0.0,5,0,1,0,5,1,1,1.0,0,0,0,0,0.0216505721500943,0.0,0.0,V7,0,2026-02,,0,0,0,0,0.0,0.0216505721500943,0.0216505721500943,0,0,sin_switch,0.0413490155928684,0.0430357193604363,0.0387927652683267,V7,0.0
2026-02-03,Primera,0.4140390732110051,0.4187503946372608,0.1264443582860067,0.0,0.0033333333333332,0.0027588242262077,0.0,0.0,0.0336891673984382,12,1.0,1.0,0.1666666666666666,12,0,2,10,10,2,1,1.0,0,0,0,0,0.0230659747761377,0.0437032672742408,0.0219906354782625,V7,0,2026-02,,0,0,0,0,0.0206372924981031,0.0437032672742408,0.0217126317959783,0,0,sin_switch,0.0300389946442663,0.0300389946442663,0.0479260333702284,V13,0.0
2026-02-03,Matutino,0.3410596421691094,0.4272746921487318,0.1338383219607059,0.0,0.0033333333333332,0.0027588242262077,0.0,0.0778564640357151,0.0310245797188513,12,1.0,0.6666666666666666,0.1666666666666666,7,0,3,5,2,3,1,0.4285714285714285,0,0,0,0,0.0231611234698328,0.0512795389390685,0.0,V7,0,2026-02,,0,0,0,0,0.0281184154692357,0.0512795389390685,0.0512795389390685,0,0,sin_switch,0.0264162518514928,0.0264162518514928,0.035195380930444,V7,0.0
2026-02-03,Vespertino,0.0,0.0509580684515498,0.0197359921501456,0.0,0.0033333333333332,0.0027588242262077,0.0,0.085,0.0337162702346802,12,1.0,0.5,0.1666666666666666,8,0,4,6,1,4,1,0.375,0,0,0,0,0.0241195250672411,0.0407390205960043,0.0266297438095228,V7,0,2026-02,,0,0,0,0,0.0166194955287632,0.0407390205960043,0.0166194955287632,0,0,sin_switch,0.0236976149816024,0.0288954522753341,0.0285892432421766,V7,0.0
2026-02-03,Nocturno,0.0,0.087416777015064,0.0462203827843257,0.0385714285714284,0.0435714285714284,0.0131905527419538,0.0068571428571426,0.0228571428571426,0.0389585459814488,14,0.8571428571428571,0.8,0.1428571428571428,14,0,5,12,2,4,2,0.8571428571428571,0,0,0,0,0.0232887887880618,0.0,0.0,V7,0,2026-02,,0,0,0,0,0.0,0.0232887887880618,0.0232887887880618,0,0,sin_switch,0.0296758561373931,0.0323358224124192,0.0336308012609879,V7,0.0
2026-02-04,Previa,0.1360957026170171,0.1565287275676574,0.04630312057952,0.0,0.0153135114221747,0.007502057830922,0.0,0.0030627022844349,0.0015004115661844,6,1.0,1.0,0.0,6,0,1,0,6,1,1,1.0,0,0,0,0,0.0261373746768658,0.0,0.0,V7,0,2026-02,,0,0,0,0,0.0,0.0261373746768658,0.0261373746768658,0,0,sin_switch,0.0371710842029299,0.0390939038295496,0.0399613492825243,V7,0.0
2026-02-04,Primera,0.4579835647577299,0.4803681962751467,0.1463242266177429,0.0,0.0130929753571457,0.0050844833191031,0.0,0.0866595623285352,0.0425457422192405,7,1.0,1.0,0.0,5,0,2,3,3,2,1,1.0,0,0,0,0,0.0491516298045379,0.0240248152888671,0.0,V7,0,2026-02,,0,0,0,0,0.0,0.0491516298045379,0.0491516298045379,0,0,sin_switch,0.0310586040079862,0.0310586040079862,0.0578639804401668,V13,0.0
2026-02-04,Matutino,0.0,0.0,0.0781518684981884,0.0,0.0130929753571457,0.0050844833191031,0.0,0.0069031399558996,0.0076373886227221,7,1.0,0.6666666666666666,0.0,6,0,3,2,2,3,2,0.6666666666666666,0,0,0,0,0.0237115965894325,0.0275421282643981,0.0240325359718667,V7,0,2026-02,,0,0,0,0,0.0038305316749655,0.0275421282643981,0.0038305316749655,0,0,sin_switch,0.0379893426645147,0.0379893426645147,0.0301706924633594,V7,0.0
2026-02-04,Vespertino,0.0,0.0,0.1806992913350398,0.0,0.0130929753571457,0.0066192269678088,0.0733333333333333,0.085,0.0264164677650143,7,1.0,0.5,0.0,8,0,4,6,6,3,2,0.25,0,0,0,0,0.025830673501576,0.0,0.0488879116502581,V7,0,2026-02,,0,0,0,0,0.023057238148682,0.0488879116502581,0.0488879116502581,0,0,sin_switch,0.0199119085827734,0.0227044777893976,0.0198090715480965,V7,0.0
2026-02-04,Nocturno,0.0,0.4652703230423052,0.2484697643081119,0.0,0.0107486760358962,0.0093107017493124,0.0,0.1084487179487179,0.045205172273347,4,1.0,0.4,0.25,13,0,5,7,6,4,2,0.5384615384615384,0,0,0,0,0.025272097765047,0.0249193826221867,0.0,V7,0,2026-02,,0,0,0,0,0.0,0.025272097765047,0.025272097765047,0,0,sin_switch,0.0323664234099391,0.0323664234099391,0.0367888705399577,V7,0.0
2026-02-05,Previa,0.0,0.0,0.0,0.0,0.0,0.0,0.0,0.0,0.0,2,1.0,1.0,0.0,2,0,1,0,2,1,1,1.0,0,0,0,0,0.0,0.0285689383382655,0.0285689383382655,V7,0,2026-02,,0,0,0,0,0.0285689383382655,0.0285689383382655,0.0285689383382655,0,0,sin_switch,0.0336719595009207,0.0341174609152989,0.0190567186059184,V7,0.0
2026-02-05,Primera,0.0,0.0985249703429573,0.0482671808526181,0.0,0.0,1.1102230246251563e-16,0.0,0.0805968600441002,0.0445841537272121,1,1.0,1.0,1.0,5,0,2,4,4,2,1,0.6,0,0,0,0,0.0195119004558869,0.0,0.0281977366868207,V7,0,2026-02,,0,0,0,0,0.0086858362309337,0.0281977366868207,0.0281977366868207,0,0,sin_switch,0.0392679003551564,0.0392679003551564,0.036375811732786,V7,0.0
2026-02-05,Matutino,0.0064838730388423,0.0068050437407878,0.0055848821907324,0.0,0.0,0.0,0.0,0.0590480715952375,0.0232006666661174,1,1.0,0.6666666666666666,1.0,8,1,2,8,6,3,1,0.25,0,0,0,0,0.0238680055370793,0.0,0.0297250717045686,V7,0,2026-02,,0,0,0,0,0.0058570661674893,0.0297250717045686,0.0297250717045686,0,0,sin_switch,0.0343846395277444,0.0343846395277444,0.0262343864324574,V7,0.0
2026-02-05,Vespertino,0.0413784788761262,0.0413784788761262,0.0127869396021523,0.0,0.0,0.0,0.0,0.0281595623285351,0.0329052189662117,1,1.0,0.5,1.0,5,0,4,4,4,3,2,0.2,0,0,0,0,0.0,0.021629763872198,0.0548012818469059,V9,0,2026-02,,0,0,0,0,0.0548012818469059,0.0548012818469059,0.0548012818469059,0,1,neutro,0.0298409310678995,0.0355538857096726,0.0346116394226345,V7,0.0
2026-02-05,Nocturno,0.0,0.0053412557049803,0.005025155151363,0.0,0.0,0.0093978477995892,0.0,0.0652875625083857,0.0360306715735644,1,1.0,0.4,1.0,8,0,5,6,5,3,1,0.25,0,0,0,0,0.0223973141975312,0.0,0.0788432530338456,V9,0,2026-02,,0,0,0,0,0.0564459388363143,0.0788432530338456,0.0788432530338456,0,1,neutro,0.0299730530373754,0.0366941101767498,0.0356147287313046,V7,0.0
2026-02-06,Previa,0.0,0.0,0.0,0.0,0.0,0.0,0.0,0.0,0.0,2,1.0,1.0,0.0,2,0,1,0,2,1,1,1.0,0,0,0,0,0.0,0.0285689383382655,0.0285689383382655,V7,0,2026-02,,0,0,0,0,0.0285689383382655,0.0285689383382655,0.0285689383382655,0,0,sin_switch,0.0336719595009207,0.0341174609152989,0.0190567186059184,V7,0.0
2026-02-06,Primera,0.0488108387644858,0.0697714883585902,0.0211758762119375,0.0114378125419289,0.0184535123214272,0.005763353321066,0.0,0.1250938424201849,0.0672521690492508,2,1.0,1.0,1.0,6,0,2,4,4,2,1,1.0,0,1,0,0,0.0227367478589912,0.0,0.021965574334231,V7,1,2026-02,,0,1,1,0,0.0,0.0227367478589912,0.0227367478589912,0,0,sin_switch,0.0282153084841574,0.0282153084841574,0.0329459357954217,V7,1.0
2026-02-06,Matutino,0.0,0.1242079090476639,0.0496831636190655,0.0114378125419289,0.0184535123214272,0.005763353321066,0.0,0.0,0.0084133060449888,2,1.0,0.6666666666666666,1.0,4,0,3,2,2,3,2,0.5,0,0,0,0,0.0276994955008601,0.0301914315588968,0.0540813240192843,V7,0,2026-02,,0,0,0,0,0.0263818285184242,0.0540813240192843,0.0263818285184242,0,0,sin_switch,0.0385555774834267,0.0351046658349568,0.0291126798449427,V7,0.0
2026-02-06,Vespertino,0.0,0.0427224517026401,0.0607417092892889,0.0114378125419288,0.0184535123214271,0.0057633533210659,0.0,0.011937297715565,0.031361183339851,2,1.0,0.5,1.0,4,0,4,3,2,4,2,0.5,0,0,0,0,0.0236383143791049,0.0253508936074023,0.0637879262339246,V9,0,2026-02,,0,0,0,0,0.0401496118548196,0.0637879262339246,0.0401496118548196,0,1,neutro,0.035758126214087,0.0365278416570451,0.0268083536142112,V7,0.0
2026-02-06,Nocturno,0.2388930572238576,0.2535859504876532,0.0758780861409679,0.0,0.054521546785717,0.0222404988987191,0.0,0.069635300257107,0.0307809856637438,7,0.8571428571428571,0.8,0.0,7,0,5,5,1,4,2,0.8571428571428571,0,0,0,0,0.0377456850601149,0.0490558753968017,0.0269484714125869,V7,0,2026-02,,0,0,0,0,0.0113101903366868,0.0490558753968017,0.0221074039842148,0,0,sin_switch,0.0323110419871036,0.0323110419871036,0.0335200396777157,V7,0.0
2026-02-07,Previa,0.0,0.0162186043243259,0.0439750894698973,0.0,0.0101557006787506,0.0088836533075265,0.0,0.03453114013575,0.026092323304891,4,1.0,1.0,0.0,4,0,1,0,4,1,1,1.0,0,0,0,0,0.0,0.0,0.0,V7,0,2026-02,,0,0,0,0,0.0,0.0,0.0,0,0,sin_switch,0.0265339272971751,0.0282083699551372,0.03225007618561,V7,0.0
2026-02-07,Primera,0.0,0.1521161347659614,0.0613511713030577,0.0084535123214272,0.0142513239641037,0.0059689422386735,0.0,0.0603502647928206,0.0261952361924449,2,1.0,1.0,1.0,8,1,1,8,8,2,2,0.75,0,0,0,0,0.0727326458882971,0.0463968237144601,0.0237785773063811,V7,0,2026-02,,0,0,0,0,0.0,0.0727326458882971,0.048954068581916,0,0,sin_switch,0.0276186909675146,0.0276186909675146,0.0363213788316345,V7,0.0
2026-02-07,Matutino,0.0,0.2551104186540751,0.1806432901158515,0.0084535123214272,0.0142513239641037,0.0059689422386735,0.0,0.0,0.0100726694864641,2,1.0,0.6666666666666666,1.0,8,1,2,8,6,3,1,0.25,0,0,0,0,0.1009855485721692,0.0737686932547158,0.0472165967288423,V7,0,2026-02,,0,0,0,0,0.0,0.1009855485721692,0.0537689518433269,0,0,sin_switch,0.0228972562050029,0.0228972562050029,0.0290056188462122,V7,0.0
2026-02-07,Vespertino,0.0,0.3041162554354502,0.1506175555502251,0.0084535123214271,0.0142513239641036,0.005529682299811,0.0,0.0142857142857143,0.0074186197076913,2,1.0,0.5,1.0,14,1,3,14,7,4,1,0.2857142857142857,0,0,0,0,0.0732831864623492,0.0475319084445295,0.0243066342125044,V7,0,2026-02,,0,0,0,0,0.0,0.0732831864623492,0.0489765522498448,0,0,sin_switch,0.0258424014849532,0.0258424014849532,0.0316359118948903,V7,0.0
2026-02-07,Nocturno,0.0162186043243259,0.0162186043243259,0.1330777736698755,0.0184535123214271,0.0184535123214271,0.0073684862139463,0.0,0.0177875625083858,0.0083466984725159,2,1.0,0.4,1.0,8,1,4,8,3,4,2,0.625,0,1,0,0,0.0494539486542169,0.023806129137561,0.0763933574204789,V7,1,2026-02,,1,1,1,1,0.0269394087662619,0.0763933574204789,0.0525872282829179,0,0,sin_switch,0.0348283563459819,0.0346049343210763,0.026389502521085,V7,1.0
2026-02-09,Primera,0.0,0.0,0.0056373942852263,0.0,0.0,0.0052371901428582,0.0,0.0,0.0250474380285716,3,0.0,0.5,0.0,3,1,1,3,3,1,1,0.0,0,0,0,0,0.0,0.0161523015792918,0.0161523015792918,V7,0,2026-02,,0,0,0,0,0.0161523015792918,0.0161523015792918,0.0161523015792918,0,0,sin_switch,0.0354268404576703,0.0354268404576703,0.0210082205297566,V7,0.0
2026-02-09,Matutino,0.0,0.0063170517893738,0.0152342192299735,0.0,0.0044676798214242,0.0026191456782393,0.0,0.0,0.0130933844892171,8,0.0,0.6666666666666666,0.125,18,1,2,18,16,2,1,0.0,0,0,1,0,0.0924378090538599,0.1495324116359629,0.059207234163826,V8,1,2026-02,,0,0,1,0,0.057094602582103,0.1495324116359629,0.0903251774721368,1,0,ganador,0.0196136434664367,0.0175781710580389,0.0158277422262656,V7,0.0
2026-02-09,Vespertino,0.0,0.0666108258472117,0.0326881158796078,0.0,0.005,0.0061416584107111,0.0,0.0039278926071436,0.0188714899743331,10,0.0,0.75,0.1,7,1,3,7,3,3,1,0.0,0,0,0,0,0.0,0.0484664635872227,0.0484664635872227,V8,0,2026-02,,0,0,0,0,0.0484664635872227,0.0484664635872227,0.0484664635872227,1,0,neutro,0.0183608985827184,0.0252774833091008,0.0108416308324825,V7,0.0
2026-02-09,Nocturno,0.0,0.1669303607503041,0.0650172500839682,0.0,0.0017823201785757,0.0059302322777802,0.0,0.0165,0.0097780770747787,7,0.0,0.8,0.1428571428571428,8,1,4,8,1,4,2,0.0,0,0,0,0,0.0,0.0270329393397217,0.0485333495506381,V9,0,2026-02,,0,0,0,0,0.0485333495506381,0.0485333495506381,0.0485333495506381,0,1,neutro,0.0237341765557397,0.0321129631262458,0.0230910460798254,V7,0.0
2026-02-10,Previa,0.0,0.0847903782437633,0.0482823871017361,0.0,0.0070156997794982,0.0074805955934137,0.0,0.0014031399558996,0.0108387922406227,6,1.0,1.0,0.0,6,0,1,0,6,1,1,1.0,0,0,0,0,0.0289488475516021,0.0,0.0,V7,0,2026-02,,0,0,0,0,0.0,0.0289488475516021,0.0289488475516021,0,0,sin_switch,0.0403226413733113,0.0420802184047467,0.0409130345256845,V7,0.0
2026-02-10,Primera,0.2865553478379565,0.4445246752928815,0.1451965536504482,0.0,0.0,0.002397328694658,0.0,0.0735721073928563,0.0580032981388741,12,1.0,1.0,0.0,12,0,2,9,9,2,1,0.9166666666666666,0,0,0,0,0.0498908905209639,0.0218093925652481,0.0214848277538794,V7,0,2026-02,,0,0,0,0,0.0,0.0498908905209639,0.0284060627670844,0,0,sin_switch,0.027291417307044,0.027291417307044,0.0423003790132636,V13,0.0
2026-02-10,Matutino,0.0,0.0893133032103801,0.040110919477372,0.0,0.03125,0.0136162787296497,0.0085714285714284,0.1128571428571427,0.0676760677435079,8,0.875,1.0,0.0,14,0,3,8,2,3,1,0.8571428571428571,0,0,0,0,0.0,0.0488114007181724,0.0488114007181724,V8,0,2026-02,,0,0,0,0,0.0488114007181724,0.0488114007181724,0.0488114007181724,1,0,neutro,0.0192553823074629,0.0228184412485635,0.0249047027375458,V7,0.0
2026-02-10,Vespertino,0.0,0.0427224517026401,0.0430365396087996,0.0,0.0215464876785728,0.0084841148962047,0.0,0.014786883686958,0.0204659176384796,5,0.8,1.0,0.0,7,0,4,3,3,3,2,0.5714285714285714,0,0,0,0,0.0440549608996292,0.0519672886553013,0.0706865240667496,V7,0,2026-02,,0,0,0,0,0.0266315631671204,0.0706865240667496,0.0266315631671204,0,0,sin_switch,0.0222969051987024,0.0248021814509464,0.0201277622568251,V7,0.0
2026-02-10,Nocturno,0.1530315923405272,0.159197619533618,0.04785794288704,0.0,0.0,0.0034226677168996,0.0,0.0687875625083858,0.030282106532386,8,1.0,0.4,0.0,9,1,4,9,3,5,2,0.3333333333333333,0,0,0,0,0.024135360613908,0.0550223799947523,0.0553109359182958,V9,0,2026-02,,0,0,0,0,0.0311755753043878,0.0553109359182958,0.0311755753043878,0,1,neutro,0.0196708484232595,0.0320200902404199,0.0225410800200143,V11,0.0
2026-02-11,Previa,0.0,0.0,0.0,0.0,0.0,0.0090403378299317,0.0,0.0,0.017729750894077,2,1.0,1.0,0.0,2,0,1,0,2,1,1,1.0,0,0,0,0,0.0,0.0,0.0,V7,0,2026-02,,0,0,0,0,0.0,0.0,0.0,0,0,sin_switch,0.0341752354219193,0.036168179553148,0.0316205396868302,V7,0.0
2026-02-11,Primera,0.0,0.0072928622717576,0.0051443454788359,0.0142513239641037,0.0184535123214272,0.005511027768307,0.0,0.0507067288285358,0.0313717578198175,2,1.0,1.0,1.0,7,0,2,6,6,2,1,0.4285714285714285,0,0,1,0,0.0661643337857143,0.0435782049244463,0.0444539885512958,V7,0,2026-02,,0,0,0,0,0.0,0.0661643337857143,0.022586128861268,0,0,sin_switch,0.032181134399998,0.032181134399998,0.0436986398866974,V13,0.0
2026-02-11,Matutino,0.0,0.0,0.0,0.0,0.0042021883573234,0.0041847860195378,0.0,0.0274999999999999,0.0213731422973852,4,1.0,0.6666666666666666,0.25,8,0,3,7,7,3,2,0.125,0,0,0,1,0.0519329180677795,0.0455488932598305,0.0745639178782916,V7,0,2026-02,,1,0,0,1,0.0226309998105121,0.0745639178782916,0.0290150246184611,0,0,sin_switch,0.0268565599203524,0.0267539443865969,0.0253699260289296,V7,0.0
2026-02-11,Vespertino,0.0,0.1067482337636089,0.0446631766314485,0.0,0.0042021883573234,0.0041847860195377,0.0,0.0,0.0199476314518383,4,1.0,0.5,0.25,12,1,3,12,10,3,2,0.0,0,0,0,0,0.0732210589528283,0.0478057404485596,0.0734859404068957,V7,0,2026-02,,0,0,0,0,0.0002648814540674,0.0734859404068957,0.0256801999583361,0,0,sin_switch,0.0281028900992997,0.0306660634002802,0.0268143179871281,V7,0.0
2026-02-11,Nocturno,0.0,0.0206046794767127,0.0097819864929796,0.0,0.0042021883573234,0.0046199060773952,0.0,0.0837875625083859,0.0340261175714882,4,1.0,0.4,0.25,10,0,5,9,2,5,2,0.3,0,0,0,0,0.0,0.0448801846338973,0.051436931447703,V9,0,2026-02,,0,0,0,0,0.051436931447703,0.051436931447703,0.051436931447703,0,1,neutro,0.0193216244514717,0.0320951311625245,0.0228061951417047,V11,0.0
2026-02-12,Previa,0.0,0.0,0.0,0.0,0.0,0.0,0.0,0.0,0.0,2,1.0,1.0,0.0,2,0,1,0,2,1,1,1.0,0,0,0,0,0.0,0.0285689383382655,0.0285689383382655,V7,0,2026-02,,0,0,0,0,0.0285689383382655,0.0285689383382655,0.0285689383382655,0,0,sin_switch,0.0336719595009207,0.0341174609152989,0.0190567186059184,V7,0.0
2026-02-12,Primera,0.0,0.1610418768185297,0.0759693471652605,0.0,0.0042021883573234,0.0041847860195378,0.0,0.0420311401357501,0.0247939711658752,4,1.0,1.0,0.25,4,0,2,2,2,2,1,1.0,0,0,0,0,0.0252473738578456,0.0,0.0,V7,0,2026-02,,0,0,0,0,0.0,0.0252473738578456,0.0252473738578456,0,0,sin_switch,0.0352764595523141,0.0352764595523141,0.0347532014064296,V7,0.0
2026-02-12,Matutino,0.0,0.0162186043243259,0.0074322981982761,0.0,0.0107486760358963,0.0044399549517602,0.0,0.1076907024642853,0.0493659117599196,4,1.0,0.6666666666666666,0.25,5,0,3,4,4,3,2,0.2,0,0,0,0,0.0,0.0,0.0221988379762492,V7,0,2026-02,,0,0,0,0,0.0221988379762492,0.0221988379762492,0.0221988379762492,0,0,sin_switch,0.0202047303727915,0.0254518944257784,0.0320857882784513,V13,0.0
2026-02-12,Vespertino,0.0,0.0162186043243259,0.0365229057224874,0.0,0.0107486760358962,0.0044399549517601,0.0,0.0415006788214277,0.0637729332063608,4,0.75,1.0,0.0,10,0,4,8,8,3,2,0.2,0,0,0,0,0.0862163962014229,0.0,0.0581730451772317,V7,0,2026-02,,0,0,0,0,0.0,0.0862163962014229,0.0862163962014229,0,0,sin_switch,0.0277437504779233,0.0277437504779233,0.0309673529084371,V7,0.0
2026-02-12,Nocturno,0.0,0.0296240660059101,0.0120026524431079,0.0,0.0065464876785727,0.0059814156428417,0.0,0.0944530597738088,0.0631004268455719,1,1.0,0.4,1.0,9,0,5,7,4,4,1,0.2222222222222222,0,0,0,0,0.0,0.0,0.0746076354622217,V9,0,2026-02,,0,0,0,0,0.0746076354622217,0.0746076354622217,0.0746076354622217,0,1,neutro,0.0268358871529975,0.0350762021809649,0.0335411540249689,V7,0.0
2026-02-13,Previa,0.0,0.0204330249506403,0.0083173242720919,0.0,0.0101557006787506,0.0073869986255844,0.0,0.03453114013575,0.0220256502206202,4,1.0,1.0,0.0,4,0,1,0,4,1,1,1.0,0,0,0,0,0.0,0.0,0.0,V7,0,2026-02,,0,0,0,0,0.0,0.0,0.0,0,0,sin_switch,0.0250285610144697,0.0265456911957122,0.0272074776963864,V7,0.0
2026-02-13,Primera,0.0,0.1805399735861179,0.075333142639162,1.1102230246251563e-16,0.0142513239641037,0.006801943051111,0.0,0.0729999999999998,0.0302297866350392,2,1.0,1.0,1.0,10,0,2,8,8,2,1,0.9,0,0,0,0,0.0231308640767419,0.0231308640767419,0.0449571919694425,V7,0,2026-02,,0,0,0,0,0.0218263278927006,0.0449571919694425,0.0218263278927006,0,0,sin_switch,0.0384562257790053,0.0360564916723473,0.0450227061740551,V7,0.0
2026-02-13,Matutino,0.0,0.0277258872223979,0.1062274656505974,1.1102230246251563e-16,0.0142513239641037,0.006801943051111,0.0,0.02,0.0563120176634911,2,1.0,0.6666666666666666,1.0,9,0,3,7,1,3,1,0.6666666666666666,0,0,0,0,0.0255220282735279,0.0224636783236301,0.0313649103203748,V7,0,2026-02,,0,0,0,0,0.0058428820468468,0.0313649103203748,0.0089012319967447,0,0,sin_switch,0.0294444625677087,0.0294444625677087,0.0306759357112669,V7,0.0
2026-02-13,Vespertino,0.0,0.2620998261702283,0.1055005534016296,0.0,0.0142513239641036,0.0068019430511109,0.0,0.0310714285714286,0.0378164689370078,8,1.0,0.5,0.0,12,0,4,11,3,4,2,0.5,0,0,0,0,0.0230468915879857,0.024504836882833,0.0958040297268853,V9,0,2026-02,,0,0,0,0,0.0727571381388996,0.0958040297268853,0.0727571381388996,0,1,neutro,0.0187221068882495,0.0299427471857093,0.0221719842770654,V11,0.0
2026-02-13,Nocturno,0.0,0.0162186043243259,0.042388838283564,0.01,0.0284535123214271,0.0094998920297375,0.0,0.0735,0.0318509105782346,10,0.8,0.8,0.0,10,0,5,8,4,4,2,0.6,0,0,0,0,0.0247683521232526,0.0484016921376828,0.0235321464304887,V7,0,2026-02,,0,0,0,0,0.0236333400144302,0.0484016921376828,0.0248695457071941,0,0,sin_switch,0.0261717291717531,0.0314532862148759,0.0276253211446961,V7,0.0
2026-02-14,Previa,0.0,0.0,8.881784197001252e-16,0.0,0.0,0.0,0.0,0.0,0.0,4,1.0,1.0,0.0,4,0,1,0,4,1,1,1.0,0,0,0,0,0.0166349445959084,0.0202799905058976,0.0202799905058976,V7,0,2026-02,,0,0,0,0,0.0036450459099891,0.0202799905058976,0.0036450459099891,0,0,sin_switch,0.0371746334951207,0.0392024935025479,0.0266456400984251,V7,0.0
2026-02-14,Primera,0.0223846315174167,0.0223846315174167,0.0087178743097264,0.0072711458752621,0.0156044792085955,0.0067300621530895,0.0,0.0274999999999999,0.0115103656432447,8,1.0,1.0,0.25,9,0,2,5,5,2,1,1.0,0,0,0,0,0.0713716504202114,0.0547641847028246,0.0271797596163357,V7,0,2026-02,,0,0,0,0,0.0,0.0713716504202114,0.0441918908038757,0,0,sin_switch,0.0357464245267281,0.0357464245267281,0.0368151894795975,V7,0.0
2026-02-14,Matutino,0.0,0.0089257420525683,0.0133101981002092,0.0,0.0263153708157426,0.0126728551004511,0.0,0.1357149645357136,0.0593737006507237,7,0.8571428571428571,1.0,0.1428571428571428,12,0,3,8,3,3,1,0.75,0,0,0,0,0.0,0.0493578736524398,0.0493578736524398,V8,0,2026-02,,0,0,0,0,0.0493578736524398,0.0493578736524398,0.0493578736524398,1,0,neutro,0.0192756281773296,0.0230649549066151,0.0250158234532602,V7,0.0
2026-02-14,Vespertino,0.0005273525079552,0.0089257420525683,0.004429792617121,0.0070179625175907,0.0083333333333334,0.008598740860318,0.0,0.0560789854571784,0.0397513264411011,6,1.0,0.5,0.3333333333333333,4,0,4,3,3,3,2,0.25,0,0,0,0,0.0212757397079293,0.0251087951900302,0.0216393520772751,V7,0,2026-02,,1,0,0,1,0.0038330554821008,0.0251087951900302,0.0038330554821008,0,0,sin_switch,0.0289607534341607,0.0289751224212649,0.0283945449341864,V7,0.0
2026-02-14,Nocturno,0.0,0.0436969599157528,0.0662441663812861,0.0083333333333334,0.0220179625175906,0.0081723243325594,0.0,0.0447124374916142,0.0212578429955306,6,1.0,0.4,0.3333333333333333,6,1,4,6,4,5,1,0.1666666666666666,0,0,0,0,0.0450954180740856,0.0774168004964793,0.0231263233221026,V8,0,2026-02,,0,0,0,0,0.0323213824223937,0.0774168004964793,0.0542904771743767,1,0,neutro,0.0243082639557778,0.0267952107443277,0.0202411487724,V7,0.0
2026-02-16,Primera,0.0,0.0,0.0,0.0,0.0,0.0,0.0,0.0,5.551115123125783e-17,2,0.0,0.5,0.0,2,1,1,2,2,1,1,0.0,0,0,0,0,0.0,0.0130689037433996,0.0130689037433996,V7,0,2026-02,,0,0,0,0,0.0130689037433996,0.0130689037433996,0.0130689037433996,0,0,sin_switch,0.0317568711520013,0.0335671443579006,0.0187484311240045,V7,0.0
2026-02-16,Matutino,0.0,0.0107758398421022,0.0062328220949086,0.0,0.0147035123214271,0.0070196702979342,0.0,0.0019542291750525,0.0382632719981873,8,0.0,0.6666666666666666,0.125,8,2,1,8,8,2,2,0.0,0,1,0,1,0.0222401364508841,0.0,0.0,V7,1,2026-02,,0,1,1,0,0.0,0.0222401364508841,0.0222401364508841,0,0,sin_switch,0.0242028441271967,0.0245433615846655,0.019864915490389,V7,1.0
2026-02-16,Vespertino,0.0,0.0162186043243259,0.0064874417297303,0.0,0.0080013239641036,0.0063583877269899,0.0,0.065,0.0342700587058817,8,0.0,0.75,0.125,8,1,3,8,4,3,1,0.0,0,0,0,0,0.0,0.0333264094966468,0.0333264094966468,V8,0,2026-02,,0,0,0,0,0.0333264094966468,0.0333264094966468,0.0333264094966468,1,0,neutro,0.020439235368245,0.0256764005327238,0.0103814460423316,V7,0.0
2026-02-16,Nocturno,0.0,0.3138509867209338,0.1466447065400689,0.0,0.0184535123214271,0.0157161236031772,0.0,0.0287154551155293,0.0143306822944165,5,0.0,0.8,0.0,7,3,2,7,5,3,1,0.0,0,0,0,0,0.024797888887133,0.0223634815508877,0.0223634815508877,V7,0,2026-02,,0,0,0,0,0.0,0.024797888887133,0.0024344073362452,0,0,sin_switch,0.0201061036873336,0.0226961374614629,0.0180947490482791,V7,0.0
2026-02-17,Previa,0.0,0.0,0.0,0.0,0.0,0.0,0.0,0.0,0.0,2,1.0,1.0,0.0,2,0,1,0,2,1,1,1.0,0,0,0,0,0.0,0.0285689383382655,0.0285689383382655,V7,0,2026-02,,0,0,0,0,0.0285689383382655,0.0285689383382655,0.0285689383382655,0,0,sin_switch,0.0336719595009207,0.0341174609152989,0.0190567186059184,V7,0.0
2026-02-17,Primera,0.0,0.142796179038803,0.0571184716155212,0.0017513239641037,0.0142513239641037,0.0066950810796676,0.0,0.0040725979726721,0.0103919578420308,2,1.0,1.0,1.0,7,0,2,5,5,2,1,0.8571428571428571,0,0,0,0,0.0493855685137781,0.0484863678946611,0.0486623410238521,V7,0,2026-02,,0,0,0,0,0.0,0.0493855685137781,0.000899200619117,0,0,sin_switch,0.0407933936718993,0.0383788093224833,0.0347214754626612,V7,0.0
2026-02-17,Matutino,0.0,0.0162186043243259,0.0517479903744781,0.0017513239641037,0.0142513239641037,0.0066950810796676,0.0,0.0555011694012436,0.0508195903625441,2,1.0,0.6666666666666666,1.0,7,0,3,6,5,3,1,0.2857142857142857,0,0,0,0,0.0213852695942253,0.0,0.0306771171534733,V7,0,2026-02,,0,0,0,0,0.009291847559248,0.0306771171534733,0.0306771171534733,0,0,sin_switch,0.0305408699408455,0.0330345966199642,0.0302079630130032,V7,0.0
2026-02-17,Vespertino,0.1242079090476639,0.1242079090476639,0.0557564479913667,0.0,0.0429843002205017,0.0185384075992931,0.0,0.1042875625083858,0.041613670278434,5,0.8,1.0,0.2,10,0,4,8,2,4,1,0.6,0,0,0,0,0.0263611030887125,0.0508158936491043,0.0738642336631292,V9,0,2026-02,,0,0,0,0,0.0475031305744167,0.0738642336631292,0.0475031305744167,0,1,neutro,0.0207204881558148,0.0273077038969265,0.0306063363092475,V7,0.0
2026-02-17,Nocturno,0.0,0.5617640976636853,0.2239020954135351,0.0017513239641036,0.0142513239641036,0.006889366440942,0.0,0.0481666666666665,0.0381328157079682,2,1.0,0.4,1.0,9,0,5,8,3,5,2,0.2222222222222222,0,0,0,0,0.0,0.0430410647194316,0.046610436378084,V9,0,2026-02,,0,0,0,0,0.046610436378084,0.046610436378084,0.046610436378084,0,1,neutro,0.032842095274301,0.0412932372493978,0.0332280864679498,V7,0.0
2026-02-18,Previa,0.0,0.0338919144154887,0.0883959065066124,0.0,0.0,0.007502057830922,0.0,0.0,0.0015004115661844,6,1.0,1.0,0.0,6,0,1,0,6,1,1,1.0,0,0,0,0,0.0337578789374271,0.0,0.0,V7,0,2026-02,,0,0,0,0,0.0,0.0337578789374271,0.0337578789374271,0,0,sin_switch,0.0417980644724564,0.0437645681700488,0.0415692531180067,V7,0.0
2026-02-18,Primera,0.0,0.0162186043243259,0.007945460986939,0.0,0.0062499999999999,0.0059000571591564,0.0,0.0264278926071436,0.0581351761409672,8,1.0,1.0,0.125,7,0,2,5,5,2,1,1.0,0,0,0,0,0.0228300977917719,0.0447498607802824,0.0221381939470026,V7,0,2026-02,,0,0,0,0,0.0219197629885104,0.0447498607802824,0.0226116668332798,0,0,sin_switch,0.0325895206329196,0.0325895206329196,0.0339042310630257,V7,0.0
2026-02-18,Matutino,0.0,0.0075390916334594,0.009601958739678,0.0,0.0062499999999999,0.0059000571591564,0.0166666666666666,0.0414292502499992,0.0255204510304035,8,1.0,0.6666666666666666,0.125,8,1,2,8,6,3,1,0.25,0,0,0,0,0.0219411542653441,0.0219411542653441,0.0205725141628623,V7,0,2026-02,,0,0,0,0,0.0,0.0219411542653441,0.0013686401024817,0,0,sin_switch,0.0249848274818387,0.0249848274818387,0.0247549315621562,V7,0.0
2026-02-18,Vespertino,0.0338919144154887,0.0501105187398147,0.2100513296695609,0.0,0.0062499999999999,0.0059000571591564,0.0,0.0362124374916144,0.0347851416995124,8,1.0,0.5,0.125,6,1,3,6,3,4,2,0.5,0,0,0,0,0.0274630164266597,0.0537377424525724,0.0489706799795237,V7,0,2026-02,,0,0,0,0,0.0262747260259127,0.0537377424525724,0.0262747260259127,0,0,sin_switch,0.0236938595170336,0.0262770210367228,0.0188859835307521,V7,0.0
2026-02-18,Nocturno,0.0,0.0942614122698577,0.0411538971963459,0.0,0.045,0.0232352531472058,0.0,0.0989999999999999,0.055655989914336,8,0.875,0.8,0.0,16,0,5,10,6,4,2,0.625,0,0,0,0,0.0490986672493599,0.028239159185709,0.0516088663798694,V7,0,2026-02,,0,0,0,0,0.0025101991305095,0.0516088663798694,0.0233697071941604,0,0,sin_switch,0.0266496871378536,0.0266496871378536,0.0233382487967008,V7,0.0
2026-02-19,Previa,0.0,0.0,0.0141678204895984,0.0,0.0,0.0090403378299317,0.0,0.0,0.017729750894077,2,1.0,1.0,0.0,2,0,1,0,2,1,1,1.0,0,0,0,0,0.0,0.0,0.0,V7,0,2026-02,,0,0,0,0,0.0,0.0,0.0,0,0,sin_switch,0.0340965729097325,0.0360967390116406,0.031840972155519,V7,0.0
2026-02-19,Primera,0.0,0.0085242975114709,0.0066258603418109,0.0070156997794982,0.0070156997794982,0.0031684068196902,0.0,0.026937297715565,0.0283492827853922,6,1.0,1.0,0.0,4,0,2,3,3,2,1,1.0,0,0,0,0,0.0,0.0,0.0,V7,0,2026-02,,0,0,0,0,0.0,0.0,0.0,0,0,sin_switch,0.0336515205947942,0.0336515205947942,0.0331706168353107,V7,0.0
2026-02-19,Matutino,0.0,0.0,0.0035765080909897,0.0070156997794982,0.0088025454342586,0.0053300915801382,0.0,0.0275,0.032799305783768,6,1.0,0.6666666666666666,0.0,6,0,3,5,2,3,1,0.6666666666666666,0,0,0,0,0.0232286364976767,0.0510550034816099,0.0767433902825685,V9,0,2026-02,,0,0,0,0,0.0535147537848918,0.0767433902825685,0.0535147537848918,0,1,neutro,0.0241830239020546,0.0325466748990446,0.0288027635747411,V7,0.0
2026-02-19,Vespertino,0.0,0.0,0.2923569220147727,0.0088025454342586,0.013562187458071,0.0134694225971571,0.0,0.0124999999999999,0.0107409807732993,6,1.0,0.5,0.0,8,1,3,8,3,4,1,0.125,0,0,0,0,0.0710868638956391,0.0531867946545898,0.0247609436291447,V7,0,2026-02,,0,0,0,0,0.0,0.0710868638956391,0.0463259202664944,0,0,sin_switch,0.0261238623042439,0.0261238623042439,0.0268761811863369,V7,0.0
2026-02-19,Nocturno,0.0,0.3443915049835979,0.3402006699995623,0.0088025454342586,0.013562187458071,0.0134694225971571,0.0,0.0496595623285351,0.0277206378046327,6,1.0,0.4,0.0,5,0,5,4,2,5,2,0.4,0,0,0,0,0.0,0.0238094585621774,0.0241642257596334,V7,0,2026-02,,0,0,0,0,0.0241642257596334,0.0241642257596334,0.0241642257596334,0,0,sin_switch,0.0276810562718407,0.0302532449093268,0.0241251270353517,V7,0.0
2026-02-20,Previa,0.0,0.0162186043243259,0.0583458164361796,0.0,0.0101557006787506,0.0049752569286751,0.0,0.03453114013575,0.0169167347138256,4,1.0,1.0,0.0,4,0,1,0,4,1,1,1.0,0,0,0,0,0.0,0.0,0.0,V7,0,2026-02,,0,0,0,0,0.0,0.0,0.0,0,0,sin_switch,0.0277307046866147,0.0294689639332203,0.031063798040425,V7,0.0
2026-02-20,Primera,0.0,0.011507282898072,0.0732555043546594,0.0100846572974369,0.0197711458752621,0.0085303404120776,0.0171428571428571,0.1122875625083857,0.0802805762097827,12,1.0,1.0,0.1666666666666666,12,0,2,10,10,2,1,1.0,0,0,0,0,0.0485914207542601,0.0217197582496146,0.0217197582496146,V7,0,2026-02,,0,0,0,0,0.0,0.0485914207542601,0.0268716625046455,0,0,sin_switch,0.0250620700743794,0.0250620700743794,0.0305752387120735,V7,0.0
2026-02-20,Matutino,0.1253927220698676,0.1477773535872844,0.0895341789074294,0.0125033941071385,0.0470249408928555,0.0176379968818652,0.0421428571428572,0.1121435359642849,0.0403460193563266,14,0.8571428571428571,1.0,0.1428571428571428,18,0,3,16,4,3,1,0.6666666666666666,0,0,0,0,0.0696081388842118,0.0227400509274875,0.023584273098886,V7,0,2026-02,,0,0,0,0,0.0,0.0696081388842118,0.0468680879567243,0,0,sin_switch,0.0236240423708338,0.0236240423708338,0.0337041060986595,V13,0.0
2026-02-20,Vespertino,0.0,0.0526038849183896,0.042059785551787,0.005322752535532,0.0220249408928555,0.007820747784941,0.0,0.0749999999999999,0.0433014083757134,14,0.8571428571428571,0.75,0.1428571428571428,8,0,4,6,5,4,2,0.375,0,0,1,0,0.0,0.0275403233383018,0.0,V7,0,2026-02,,0,0,0,0,0.0275403233383018,0.0275403233383018,0.0275403233383018,0,0,sin_switch,0.0197795037103942,0.0251885540389012,0.028139708567368,V7,0.0
2026-02-20,Nocturno,0.0,0.0204330249506403,0.0168209095454773,0.0067021883573235,0.0067021883573235,0.0056785546379713,0.0034285714285714,0.0479285714285714,0.0282654545048783,4,1.0,0.4,0.5,14,0,5,12,6,5,2,0.4285714285714285,0,0,0,0,0.0481521994564488,0.0,0.1006803958710999,V9,0,2026-02,,0,0,0,0,0.0525281964146511,0.1006803958710999,0.1006803958710999,0,1,neutro,0.027645995274147,0.0346739840675995,0.0329759659875412,V7,0.0
2026-02-21,Previa,0.0089257420525683,0.143069838102809,0.0655614171995497,0.0,0.0,0.0050778503393753,0.0,0.0,0.017265570067875,4,1.0,1.0,0.0,4,0,1,0,4,1,1,1.0,0,0,0,0,0.0,0.0,0.0,V7,0,2026-02,,0,0,0,0,0.0,0.0,0.0,0,0,sin_switch,0.0340281946840814,0.0359454289449539,0.0314832261912502,V7,0.0
2026-02-21,Primera,0.0030934778294859,0.1579693274549249,0.0652777613116371,0.0052288541247378,0.0166666666666667,0.0071815007192358,0.0022875625083857,0.0653502647928206,0.0284463509904528,6,1.0,1.0,0.3333333333333333,8,0,2,4,4,2,1,1.0,0,0,0,0,0.0568498395320175,0.0730350855164561,0.0484652805793507,V7,0,2026-02,,0,0,0,0,0.0161852459844386,0.0730350855164561,0.0245698049371054,0,0,sin_switch,0.0325834251748632,0.0325834251748632,0.0372804477852824,V7,0.0
2026-02-21,Matutino,0.0,0.0340075166744888,0.0174085934399033,0.0052288541247378,0.0166666666666667,0.0071815007192358,0.0,0.0125,0.0175339150546733,6,1.0,0.6666666666666666,0.3333333333333333,6,0,3,5,3,3,1,0.5,0,0,0,0,0.023701005631381,0.023701005631381,0.0728944626827229,V9,0,2026-02,,0,0,0,0,0.0491934570513419,0.0728944626827229,0.0491934570513419,0,1,neutro,0.0251393623251498,0.0332809102259237,0.0255847090528836,V7,0.0
2026-02-21,Vespertino,0.0223846315174167,0.0338919144154887,0.01481829615657,0.0052288541247378,0.0166666666666667,0.0077812681060563,0.0,0.0122875625083858,0.0261613777684498,6,1.0,0.5,0.3333333333333333,8,0,4,7,1,4,1,0.5,0,0,0,0,0.0430656923391275,0.0238055453386785,0.0509570092194627,V7,0,2026-02,,0,0,0,0,0.0078913168803352,0.0509570092194627,0.0271514638807842,0,0,sin_switch,0.0294371289090005,0.0322293683418614,0.0222531366439115,V7,0.0
2026-02-21,Nocturno,0.0,0.136252236658529,0.0545008946634116,0.0052288541247378,0.0166666666666667,0.0077812681060563,0.0,0.048120895841719,0.0379218308203087,6,1.0,0.4,0.3333333333333333,9,0,5,8,1,5,1,0.4444444444444444,0,0,0,0,0.0236440035180735,0.0489995346924779,0.0481695442441497,V7,0,2026-02,,0,0,0,0,0.0253555311744043,0.0489995346924779,0.0253555311744043,0,0,sin_switch,0.0283974777205144,0.0338950676078378,0.0193446492463283,V7,0.0
2026-02-23,Primera,0.0,0.0,0.0043727027208989,0.0,0.0,2.775557561562892e-17,0.0,0.0,0.0,4,0.0,0.5,0.0,4,1,1,4,4,1,1,0.0,0,0,0,0,0.0,0.0174566312382472,0.0174566312382472,V7,0,2026-02,,0,0,0,0,0.0174566312382472,0.0174566312382472,0.0174566312382472,0,0,sin_switch,0.0363513789729109,0.034204278661452,0.0236332798636317,V7,0.0
2026-02-23,Matutino,0.0,0.1683347390902874,0.0771406683971883,0.003446533946162,0.0105893910890191,0.0062219940744425,0.0285721073928563,0.0572875625083857,0.0291903045968177,6,0.0,0.6666666666666666,0.3333333333333333,8,1,2,8,4,2,1,0.0,0,0,0,0,0.0,0.0259478396264194,0.0259478396264194,V7,0,2026-02,,0,0,0,0,0.0259478396264194,0.0259478396264194,0.0259478396264194,0,0,sin_switch,0.0246369926631937,0.0270414710882345,0.0158645857563053,V7,0.0
2026-02-23,Vespertino,0.0,0.0,0.0877102201309409,0.0,0.0148798210119062,0.0079082379929612,0.0,0.0572875625083858,0.0324316862378444,3,0.0,0.75,0.6666666666666666,8,3,1,8,8,2,2,0.0,0,0,0,0,0.0220452668189209,0.0,0.0,V7,0,2026-02,,1,0,0,1,0.0,0.0220452668189209,0.0220452668189209,0,0,sin_switch,0.0196467038820772,0.0223517045571446,0.0227347214006353,V7,0.0
2026-02-23,Nocturno,0.0,0.0963008448341424,0.0407056945669636,0.0,0.0184535123214271,0.0090403378299317,0.0,0.0,0.0,5,0.0,0.8,0.0,11,3,2,11,9,3,1,0.0,0,0,0,0,0.05216989699725,0.0465016651955078,0.0,V7,0,2026-02,,0,0,0,0,0.0,0.05216989699725,0.05216989699725,0,0,sin_switch,0.0197712765379698,0.0223543086350534,0.0159345776760369,V7,0.0
2026-02-24,Previa,0.0,0.0204330249506403,0.0642288535405866,0.0,0.0153135114221747,0.0098826161939941,0.0,0.0030627022844349,0.0144898776186817,6,1.0,1.0,0.0,6,0,1,0,6,1,1,1.0,0,0,0,0,0.0230170308073868,0.0,0.0,V7,0,2026-02,,0,0,0,0,0.0,0.0230170308073868,0.0230170308073868,0,0,sin_switch,0.0388255427083689,0.0388255427083689,0.0423774044568869,V7,0.0
2026-02-24,Primera,0.4641495919508207,0.4641495919508207,0.1429926649461162,0.0,0.024703512321427,0.0104907288179554,0.0249999999999999,0.0261907024642854,0.0077564407274783,8,1.0,1.0,0.125,8,1,1,8,8,2,2,0.5,0,0,0,0,0.0458801996423556,0.023466068516656,0.0238303670722901,V7,0,2026-02,,0,0,0,0,0.0,0.0458801996423556,0.0224141311256996,0,0,sin_switch,0.0293703999651818,0.0293703999651818,0.0421335007036734,V13,0.0
2026-02-24,Matutino,0.0,0.3041162554354502,0.1222145350500373,0.0,0.024703512321427,0.0104907288179554,0.0,0.0264292502499992,0.0358834278996248,8,1.0,0.6666666666666666,0.125,8,0,3,7,7,3,2,0.125,0,0,0,0,0.0266832967816476,0.0254501754291623,0.0266832967816476,V7,0,2026-02,,0,0,0,0,0.0,0.0266832967816476,0.0012331213524852,0,0,sin_switch,0.0288318430372366,0.0288318430372366,0.0307298970134848,V7,0.0
2026-02-24,Vespertino,0.0,0.0277258872223979,0.0354603034126992,0.0,0.024703512321427,0.0100838644991552,0.0,0.0041025641025641,0.0092596494257806,8,1.0,0.5,0.125,9,0,4,8,4,4,1,0.1111111111111111,0,0,0,0,0.0,0.0,0.0662163983839728,V9,0,2026-02,,0,0,0,0,0.0662163983839728,0.0662163983839728,0.0662163983839728,0,1,neutro,0.0252299718650724,0.033845301310591,0.024771610698656,V7,0.0
2026-02-24,Nocturno,0.35522946559706,0.5779827019880113,0.204606039683464,0.0,0.024703512321427,0.0100838644991552,0.0,0.0622845448844705,0.0268031087871963,8,1.0,0.4,0.125,6,0,5,3,1,5,2,0.5,0,1,0,0,0.0240673151984486,0.0525999087840728,0.0,V7,1,2026-02,,0,1,1,0,0.0285325935856242,0.0525999087840728,0.0525999087840728,0,0,sin_switch,0.0324035179069283,0.0349514118671352,0.0306640058866544,V7,1.0
2026-02-25,Previa,0.0,0.0204330249506403,0.0413910703950488,0.0,0.0,0.0113795431025077,0.0,0.0,0.0022759086205015,12,1.0,1.0,0.0,12,0,1,0,12,1,1,1.0,0,0,0,0,0.0232871470238882,0.0206883564165538,0.0,V7,0,2026-02,,0,0,0,0,0.0,0.0232871470238882,0.0232871470238882,0,0,sin_switch,0.0277950353487835,0.0277950353487835,0.036376587758315,V7,0.0
2026-02-25,Primera,0.0,0.1663579746416053,0.0747443248565453,0.0034465339461621,0.0052288541247378,0.003478321585869,0.0,0.0301185950714291,0.0309013273399497,6,1.0,1.0,0.3333333333333333,7,0,2,5,5,2,1,1.0,0,0,0,0,0.0536020928426074,0.0516560180267857,0.0249911397166247,V7,0,2026-02,,0,0,0,0,0.0,0.0536020928426074,0.0286109531259826,0,0,sin_switch,0.0377665649756346,0.0377665649756346,0.0380572501289264,V7,0.0
2026-02-25,Matutino,0.0,0.0053412557049803,0.0381623074525927,0.0,0.0017823201785757,0.0036100852308437,0.0600000000000001,0.0903502647928208,0.0302424785263759,7,1.0,0.6666666666666666,0.1428571428571428,8,0,3,6,2,3,1,0.75,0,0,0,0,0.0462534573810029,0.0727145803982587,0.0468039701450761,V7,0,2026-02,,0,0,0,0,0.0264611230172558,0.0727145803982587,0.0264611230172558,0,0,sin_switch,0.0219862797976797,0.0245381787756129,0.0200651272643807,V7,0.0
2026-02-25,Vespertino,0.4950305860553943,0.4967378251957575,0.1581007757229017,0.0,0.0017823201785757,0.0036100852308437,0.0233333333333333,0.135,0.0717211517692731,7,1.0,0.5,0.1428571428571428,12,0,4,10,4,4,1,0.5,0,0,0,0,0.0482616221178094,0.0321754515221467,0.0251800802593223,V7,0,2026-02,,0,0,0,0,0.0,0.0482616221178094,0.023081541858487,0,0,sin_switch,0.0288442804352926,0.0288442804352926,0.0468135334943704,V13,0.0
2026-02-25,Nocturno,0.0,0.090430479664552,0.0628800889505497,0.0,0.0102358325000028,0.005773207048853,0.02,0.0209999999999999,0.0097049429863006,7,1.0,0.4,0.1428571428571428,20,0,5,10,10,3,2,0.5,0,0,0,0,0.0537273449815271,0.0232956587224812,0.1002260724029772,V9,0,2026-02,,0,0,0,0,0.0464987274214501,0.1002260724029772,0.076930413680496,0,1,neutro,0.0247400269032084,0.0326124884656367,0.0252204597221063,V7,0.0
2026-02-26,Previa,0.0,0.0355273871244916,0.0181702337974589,0.0,0.0101557006787506,0.0073869986255844,0.0,0.03453114013575,0.0220256502206202,4,1.0,1.0,0.0,4,0,1,0,4,1,1,1.0,0,0,0,0,0.0,0.0,0.0,V7,0,2026-02,,0,0,0,0,0.0,0.0,0.0,0,0,sin_switch,0.0257361140588225,0.0273042186548743,0.0284463085179463,V7,0.0
2026-02-26,Primera,0.0162186043243259,0.1769326574063425,0.0763267917710455,0.0,0.0109160925198369,0.0078679034803286,0.0035,0.0585000000000001,0.0370385038138886,9,1.0,1.0,0.1111111111111111,10,0,2,8,8,2,1,0.8,0,0,0,0,0.0484212115094781,0.053449799829572,0.0238892309456127,V7,0,2026-02,,0,0,0,0,0.0050285883200939,0.053449799829572,0.0295605688839593,0,0,sin_switch,0.0265423794093216,0.0265423794093216,0.0362288637065496,V7,0.0
2026-02-26,Matutino,0.3049174826382854,0.3049174826382854,0.0939718842504589,0.0,0.0109160925198369,0.0078679034803286,0.0,0.0211497352071793,0.0205924758604959,9,1.0,0.6666666666666666,0.1111111111111111,4,0,3,2,1,3,1,0.75,0,0,0,0,0.0238052818932226,0.0473303325541545,0.0232705151666537,V7,0,2026-02,,0,0,0,0,0.0235250506609319,0.0473303325541545,0.0240598173875008,0,0,sin_switch,0.0378447044874323,0.0378447044874323,0.0390851599202027,V7,0.0
2026-02-26,Vespertino,0.0,0.0162186043243259,0.0092777221407846,0.0,0.0767676767676767,0.0362012235146677,0.0,0.0382575757575757,0.0615494044012495,11,0.9090909090909092,1.0,0.0909090909090909,11,0,4,8,1,4,2,0.9090909090909092,0,0,0,0,0.022896387420651,0.0226552782723789,0.0505276244111504,V7,0,2026-02,,0,0,0,0,0.0276312369904993,0.0505276244111504,0.0278723461387714,0,0,sin_switch,0.0184151774016224,0.0231331913585552,0.0295236513615864,V13,0.0
2026-02-26,Nocturno,0.0,0.0162186043243259,0.0199711713613879,0.0,0.0774999999999999,0.0375991428364484,0.0,0.0314999999999998,0.036671492256428,12,0.8333333333333334,1.0,0.0833333333333333,12,0,5,9,1,5,1,0.8333333333333334,0,0,0,0,0.0213680701669076,0.0199459883452732,0.0567197011599719,V9,0,2026-02,,0,0,0,0,0.0353516309930643,0.0567197011599719,0.0367737128146987,0,1,neutro,0.0208183805373,0.0263999729395835,0.0265896685544025,V7,0.0
2026-02-27,Previa,0.0,0.0,0.0056373942852263,0.0,0.0,0.0052371901428582,0.0,0.0,0.0140474380285716,3,1.0,1.0,0.0,3,0,1,0,3,1,1,1.0,0,0,0,0,0.0,0.0,0.0,V7,0,2026-02,,0,0,0,0,0.0,0.0,0.0,0,0,sin_switch,0.0340462524689039,0.0358792095636127,0.0288718592729748,V7,0.0
2026-02-27,Primera,0.0,0.0204330249506403,0.0203045367439312,0.0114378125419289,0.0142513239641037,0.0055416205715379,0.0,0.0616595623285352,0.0384884965027593,2,1.0,1.0,1.0,5,0,2,4,4,2,1,1.0,0,0,0,0,0.0612414666983145,0.0390266343398895,0.0425033956292885,V7,0,2026-02,,0,0,0,0,0.0,0.0612414666983145,0.0222148323584249,0,0,sin_switch,0.0371664149156137,0.0371664149156137,0.034589956398395,V7,0.0
2026-02-27,Matutino,0.0,0.011507282898072,0.0680155105942978,0.0114378125419289,0.0142513239641037,0.0055416205715379,0.0,0.0230011694012436,0.0204438280582569,2,1.0,0.6666666666666666,1.0,7,1,2,7,5,3,1,0.2857142857142857,0,0,0,0,0.0533793962018994,0.0504794838801607,0.0261484601246928,V7,0,2026-02,,0,0,0,0,0.0,0.0533793962018994,0.0272309360772066,0,0,sin_switch,0.0295837007724153,0.0295837007724153,0.0362202259004484,V7,0.0
2026-02-27,Vespertino,0.0,0.011507282898072,0.0382822066096116,0.0114378125419288,0.0142513239641036,0.0055416205715378,0.0,0.0355695803487571,0.0246005686316114,2,1.0,0.5,1.0,6,0,4,5,3,4,2,0.3333333333333333,0,0,0,0,0.0233164804415978,0.0222730330491611,0.0859258509061173,V9,0,2026-02,,0,0,0,0,0.0626093704645195,0.0859258509061173,0.0636528178569562,0,1,neutro,0.0290948660919256,0.0349479441552932,0.028585079042215,V7,0.0
2026-02-27,Nocturno,0.0,0.1041143086449487,0.0430492154065384,0.0114378125419288,0.0142513239641036,0.0066100092196116,0.0,0.0347124374916143,0.0210222674865489,2,1.0,0.4,1.0,6,0,5,5,3,4,2,0.5,0,0,0,0,0.0228366086825824,0.0220565581743276,0.1167900686737641,V9,0,2026-02,,0,0,0,0,0.0939534599911817,0.1167900686737641,0.0947335104994365,0,1,neutro,0.0282052155620583,0.0336920499052795,0.026457996559271,V7,0.0
2026-02-28,Previa,0.0,0.0,0.0282041629848577,0.0,0.0,0.0131054187311883,0.0,0.0,0.0026210837462376,12,1.0,1.0,0.0,12,0,1,0,12,1,1,1.0,0,0,0,0,0.0234395699550966,0.0206376713984636,0.0,V7,0,2026-02,,0,0,0,0,0.0,0.0234395699550966,0.0234395699550966,0,0,sin_switch,0.0275916631564751,0.0275916631564751,0.0361484440452524,V7,0.0
2026-02-28,Primera,0.0,0.0162186043243259,0.0988687070326784,0.0008333333333333,0.005,0.0027188624963548,0.0199999999999999,0.0399999999999999,0.0135181739244939,20,1.0,1.0,0.1,20,0,2,8,8,2,1,1.0,0,0,0,0,0.0,0.0716286661050126,0.0240110582295567,V8,0,2026-02,,0,0,0,0,0.0716286661050126,0.0716286661050126,0.0716286661050126,1,0,neutro,0.01947965160161,0.0163815436861804,0.0162145714537821,V7,0.0
2026-02-28,Matutino,0.0,0.011507282898072,0.0893017808378414,0.0420454545454546,0.0545454545454545,0.0177272770875185,0.0,0.049705882352941,0.0466428208854975,22,0.9090909090909092,1.0,0.0909090909090909,17,0,3,9,5,3,1,0.7058823529411765,0,0,0,0,0.0218419816011004,0.0,0.0,V7,0,2026-02,,0,0,0,0,0.0,0.0218419816011004,0.0218419816011004,0,0,sin_switch,0.0275601424884945,0.0275601424884945,0.040621895688068,V13,0.0
2026-02-28,Vespertino,0.0,0.3924875898780096,0.1884332003045695,0.0045454545454545,0.0295454545454545,0.0140633950456632,0.0,0.0892142857142855,0.0752649701168819,22,0.9090909090909092,0.75,0.0909090909090909,14,0,4,10,2,4,1,0.7142857142857143,0,0,0,0,0.0237030773189715,0.0,0.0,V7,0,2026-02,,0,0,0,0,0.0,0.0237030773189715,0.0237030773189715,0,0,sin_switch,0.0201466194342558,0.0201466194342558,0.0283825690720839,V7,0.0
2026-02-28,Nocturno,0.5201117393916377,0.5311534198300345,0.1613409629751127,0.0,0.0412500000000001,0.0224419729453229,0.0,0.0154285714285714,0.0491764696601588,8,0.875,0.8,0.0,10,0,5,8,1,5,2,0.5,0,0,0,0,0.0289465473697655,0.0481433707262503,0.050056215760473,V7,0,2026-02,,0,0,0,0,0.0211096683907075,0.050056215760473,0.0211096683907075,0,0,sin_switch,0.0341103019164016,0.0341103019164016,0.0338913659613133,V7,0.0
2026-03-02,Primera,0.0,0.0,0.000584965217433,0.0,0.0082978116426765,0.0082610225436217,0.0,0.0291595623285352,0.0413082372933945,5,0.0,0.5,0.0,5,1,1,5,5,1,1,0.0,0,0,0,0,0.0,0.0145975840426097,0.0145975840426097,V7,0,2026-03,,0,0,0,0,0.0145975840426097,0.0145975840426097,0.0145975840426097,0,0,sin_switch,0.0256819583931147,0.0256819583931147,0.0214169902865389,V7,0.0
2026-03-02,Matutino,0.0225788664627497,0.1683347390902874,0.0782178117556673,0.003446533946162,0.003446533946162,0.0020278647202793,0.0,0.0572875625083857,0.0292364065649913,6,0.0,0.6666666666666666,0.3333333333333333,10,1,2,10,7,2,1,0.0,0,0,0,0,0.0,0.0766215916430106,0.0230001440018079,V8,0,2026-03,,0,0,0,0,0.0766215916430106,0.0766215916430106,0.0766215916430106,1,0,neutro,0.0141674602749957,0.0194099332692603,0.0103474784016449,V7,0.0
2026-03-02,Vespertino,0.0,0.0053412557049803,0.0647402332109347,0.0037499999999999,0.0044444444444444,0.0014603821586772,0.0,0.0322875625083858,0.0256612023553649,10,0.0,0.75,0.2,8,1,3,8,5,3,1,0.0,0,0,0,0,0.0,0.0717157206103661,0.0316931295557891,V8,0,2026-03,,0,0,0,0,0.0717157206103661,0.0717157206103661,0.0717157206103661,1,0,neutro,0.0127240610334468,0.0174339758054166,0.0084810302003359,V7,0.0
2026-03-02,Nocturno,0.0,0.033223008312107,0.0176562950918756,0.0,0.0044676798214242,0.002500409520141,0.0,0.0374278926071436,0.0198764157280664,8,0.0,0.8,0.125,7,1,4,7,6,3,2,0.0,0,0,0,0,0.0,0.0243314104175603,0.0450761150465726,V9,0,2026-03,,0,0,0,0,0.0450761150465726,0.0450761150465726,0.0450761150465726,0,1,neutro,0.0208732344350987,0.0331413493568545,0.0202243330359985,V11,0.0
2026-03-03,Previa,0.0,0.0,0.0,0.0,0.0130929753571457,0.0052371901428582,0.0,0.0351185950714292,0.0140474380285716,3,1.0,1.0,0.0,3,0,1,0,3,1,1,1.0,0,0,0,0,0.0,0.0,0.0,V7,0,2026-03,,0,0,0,0,0.0,0.0,0.0,0,0,sin_switch,0.0278623173780897,0.0296183648054836,0.028470588489307,V7,0.0
2026-03-03,Primera,0.0,0.0,0.0043727027208989,0.0,0.0184535123214272,0.0074065038902165,0.0,0.0376595623285352,0.0196772384914887,2,1.0,1.0,1.0,5,0,2,4,4,2,1,0.8,0,0,0,0,0.0434191154517756,0.0430080847053981,0.047353942640414,V7,0,2026-03,,0,0,0,0,0.0039348271886384,0.047353942640414,0.0043458579350159,0,0,sin_switch,0.0430419107164238,0.0405891289242259,0.0371885838487449,V7,0.0
2026-03-03,Matutino,0.0,0.0736709747624146,0.0315074186736226,0.0,0.0184535123214272,0.0085230719934976,0.0021428571428571,0.029642857142857,0.047314784351149,2,1.0,0.6666666666666666,1.0,14,0,3,12,12,3,2,0.1428571428571428,0,0,0,0,0.0871509112826867,0.0229635668840091,0.0489892640559588,V7,0,2026-03,,0,0,0,0,0.0,0.0871509112826867,0.0641873443986776,0,0,sin_switch,0.0343336016187616,0.0317176892566706,0.0393396737886959,V7,0.0
2026-03-03,Vespertino,0.0,0.0360820553020477,0.0196579047472493,0.0,0.0184535123214271,0.0085230719934975,0.0,0.0117857142857142,0.0217039270138525,2,1.0,0.5,1.0,14,0,4,12,8,4,1,0.2857142857142857,0,0,0,0,0.0255862409801236,0.0,0.0481968842618655,V7,0,2026-03,,0,0,0,0,0.0226106432817418,0.0481968842618655,0.0481968842618655,0,0,sin_switch,0.0301595323116752,0.0329327522283459,0.0265642275707101,V7,0.0
2026-03-03,Nocturno,0.0,0.0876096977265161,0.0944289463370521,0.0,0.0249999999999999,0.0135951362573858,0.0,0.0446435359642849,0.0296270924209884,2,1.0,0.4,1.0,10,1,4,10,4,5,1,0.3,0,0,0,0,0.0472329408374788,0.0497408362229811,0.0479770629655323,V7,0,2026-03,,0,0,0,0,0.0025078953855023,0.0497408362229811,0.0025078953855023,0,0,sin_switch,0.0320378710622111,0.0320565277175207,0.0250113074944082,V7,0.0
2026-03-04,Previa,0.0,0.0,0.0141678204895984,0.0,0.0,0.0,0.0,0.0,0.0,2,1.0,1.0,0.0,2,0,1,0,2,1,1,1.0,0,0,0,0,0.0,0.0364713817624144,0.0364713817624144,V8,0,2026-03,,0,0,0,0,0.0364713817624144,0.0364713817624144,0.0364713817624144,1,0,neutro,0.0382599190340028,0.044028343114351,0.0278818030423137,V7,0.0
2026-03-04,Primera,0.0,0.0,0.0046277972585172,0.0,0.0102358325000028,0.006825412224445,0.0024999999999999,0.0297875625083858,0.0346110327221063,7,1.0,1.0,0.1428571428571428,8,0,2,6,6,2,1,1.0,0,0,0,0,0.0423279645610175,0.0490902996462115,0.0211019649401131,V7,0,2026-03,,0,0,0,0,0.0067623350851939,0.0490902996462115,0.0279883347060984,0,0,sin_switch,0.0306182209890461,0.0306182209890461,0.034496209344372,V7,0.0
2026-03-04,Matutino,0.0,0.0162186043243259,0.025266586642274,0.0,0.0102358325000028,0.006825412224445,0.03,0.1246907024642854,0.0681552896985334,7,1.0,0.6666666666666666,0.1428571428571428,12,0,3,10,4,3,1,0.5,0,0,0,0,0.0218771492951308,0.0,0.0,V7,0,2026-03,,0,0,0,0,0.0,0.0218771492951308,0.0218771492951308,0,0,sin_switch,0.0215131838596235,0.0215131838596235,0.0335773721945487,V13,0.0
2026-03-04,Vespertino,0.4690191412089444,0.600130549926222,0.1785303160615652,0.0382176798214242,0.0514378125419288,0.0170196935685396,0.024,0.046,0.0383780762899275,10,0.8,1.0,0.0,10,0,4,8,2,4,2,0.8,0,0,0,0,0.0268001170370961,0.0244189153137718,0.0246784596823227,V7,0,2026-03,,0,0,0,0,0.0,0.0268001170370961,0.0023812017233242,0,0,sin_switch,0.0332029575688166,0.0332029575688166,0.0427108548559873,V7,0.0
2026-03-04,Nocturno,0.0,0.0,0.0667631824648071,0.0082176798214242,0.0214378125419288,0.0096314831358142,0.0,0.114304515983767,0.0594672783461213,10,0.8,0.8,0.0,7,0,5,6,5,4,2,0.2857142857142857,0,0,0,0,0.0,0.0239455504595081,0.0239455504595081,V7,0,2026-03,,0,0,0,0,0.0239455504595081,0.0239455504595081,0.0239455504595081,0,0,sin_switch,0.0173606537605741,0.0228395668925333,0.0246853485881821,V7,0.0
2026-03-05,Previa,0.0134588894648484,0.0223846315174167,0.0335006287394928,0.0153135114221747,0.0254692121009253,0.0080334974994188,0.0030627022844349,0.037593842420185,0.0163111722917175,6,1.0,1.0,0.0,6,0,1,0,6,1,1,1.0,0,0,0,0,0.075228542859161,0.0,0.0,V7,0,2026-03,,0,0,0,0,0.0,0.075228542859161,0.075228542859161,0,0,sin_switch,0.0240684224229648,0.0240684224229648,0.0328761490188332,V7,0.0
2026-03-05,Primera,0.4464762818596579,0.4579835647577299,0.1368270932774689,0.0,0.0,1.1102230246251563e-16,0.0,0.1071353002571071,0.0496770248149977,1,1.0,1.0,1.0,7,0,2,4,4,2,1,0.8571428571428571,0,0,0,0,0.0232782343782442,0.0446644215929068,0.0214770904006985,V7,0,2026-03,,0,0,0,0,0.0213861872146626,0.0446644215929068,0.0231873311922083,0,0,sin_switch,0.0302556500456013,0.0302556500456013,0.0381941070617938,V7,0.0
2026-03-05,Matutino,0.0825673035717304,0.3135888601211265,0.1247455147682217,0.0,0.0017868456547603,0.0029874405291512,0.0,0.0556595623285351,0.0299176505384732,1,1.0,0.6666666666666666,1.0,5,1,2,5,4,3,1,0.2,0,0,0,0,0.0228396573101271,0.0490473212494012,0.0288233476230648,V7,0,2026-03,,0,0,0,0,0.0262076639392741,0.0490473212494012,0.0262076639392741,0,0,sin_switch,0.0302513756131604,0.0302513756131604,0.0272792208379825,V7,0.0
2026-03-05,Vespertino,0.0,0.3441071860716951,0.1511686652292366,0.0,0.0065464876785727,0.0035511554799641,0.0,0.1292875625083859,0.0637870973458104,1,1.0,0.5,1.0,10,0,4,7,3,4,2,0.6,0,0,0,0,0.0236354795910767,0.0225237980822655,0.0467891823102898,V7,0,2026-03,,0,0,0,0,0.0231537027192131,0.0467891823102898,0.0242653842280243,0,0,sin_switch,0.0374471647440093,0.0375816288849421,0.0395549794665261,V7,0.0
2026-03-05,Nocturno,0.0,0.0077190412739556,0.0030876165095822,0.0,0.0250000000000001,0.0118314326231331,0.0,0.1318502647928207,0.0609366136392641,2,1.0,0.4,0.5,8,0,5,6,2,5,1,0.375,0,0,0,0,0.0232497800539854,0.0,0.0249656514721151,V7,0,2026-03,,0,0,0,0,0.0017158714181296,0.0249656514721151,0.0249656514721151,0,0,sin_switch,0.0237385130940861,0.0290304543886807,0.0293050260064462,V7,0.0
2026-03-06,Previa,0.0,0.0289199424723873,0.0141678204895984,0.0,0.0,0.0,0.0,0.0,0.0,2,1.0,1.0,0.0,2,0,1,0,2,1,1,1.0,0,0,0,0,0.0,0.0342025472640182,0.0342025472640182,V8,0,2026-03,,0,0,0,0,0.0342025472640182,0.0342025472640182,0.0342025472640182,1,0,neutro,0.038052083458392,0.0439759772916064,0.0277641095413191,V7,0.0
2026-03-06,Primera,0.0,0.0089257420525683,0.0044089407917248,1.1102230246251563e-16,0.0084535123214272,0.0066318417308505,0.0,0.0497875625083856,0.0272487157289285,2,1.0,1.0,1.0,8,0,2,6,6,2,1,1.0,0,0,0,0,0.0206240590041205,0.0206240590041205,0.0439005213516791,V7,0,2026-03,,0,0,0,0,0.0232764623475586,0.0439005213516791,0.0232764623475586,0,0,sin_switch,0.0447425210588226,0.0420471984808734,0.0414518987772093,V7,0.0
2026-03-06,Matutino,0.0,0.0162186043243259,0.1445273721500763,1.1102230246251563e-16,0.0114378125419289,0.0084829999234746,0.0,0.0541673454880944,0.0392762714008116,2,1.0,0.6666666666666666,1.0,9,0,3,8,2,3,1,0.5555555555555556,0,0,0,0,0.0263299901209478,0.0211231044062258,0.0352343160594814,V7,0,2026-03,,0,0,0,0,0.0089043259385336,0.0352343160594814,0.0141112116532556,0,0,sin_switch,0.0292636831731674,0.0292636831731674,0.0282524704616653,V7,0.0
2026-03-06,Vespertino,0.0,0.0340429390117726,0.0275195618951887,0.0,0.0114378125419288,0.0076210374158015,0.0,0.0341666666666665,0.0298232121716897,8,1.0,0.5,0.0,9,0,4,8,1,4,1,0.5555555555555556,0,0,0,0,0.022661642089056,0.0294305850200198,0.0535609147506473,V9,0,2026-03,,0,0,0,0,0.0308992726615913,0.0535609147506473,0.0308992726615913,0,1,neutro,0.0197019007061829,0.0309958365064936,0.0217628891582607,V11,0.0
2026-03-06,Nocturno,0.0,0.0162186043243259,0.0748024336922095,0.0,0.0114378125419288,0.0084829999234746,0.0,0.024,0.0127701535295104,8,1.0,0.4,0.0,9,0,5,8,0,4,0,0.5555555555555556,1,0,0,0,0.0244512015842246,0.0244821582908224,0.0489843797463288,V7,0,2026-03,,0,0,0,0,0.0245331781621041,0.0489843797463288,0.0245331781621041,0,0,sin_switch,0.0393473854867061,0.0378294853926396,0.0213949861404641,V7,0.0
2026-03-07,Previa,0.0,0.0,0.040681892843688,0.0,0.0060772755776474,0.0024309102310589,0.0,0.0012154551155294,0.0004861820462117,7,1.0,1.0,0.0,7,0,1,0,7,1,1,1.0,0,0,0,0,0.0346107789356463,0.0,0.0,V7,0,2026-03,,0,0,0,0,0.0,0.0346107789356463,0.0346107789356463,0,0,sin_switch,0.0392269176556113,0.041106382424537,0.039846398590527,V7,0.0
2026-03-07,Primera,0.0,0.0165523672943344,0.0345206562394295,0.0,0.0062499999999999,0.0040379236740868,0.0,0.0297875625083857,0.045828522848877,8,1.0,1.0,0.125,9,0,2,5,5,2,1,1.0,0,0,0,0,0.0232127667577034,0.046502430804422,0.0205232310177299,V7,0,2026-03,,0,0,0,0,0.0232896640467186,0.046502430804422,0.0259791997866921,0,0,sin_switch,0.0326669024418416,0.0326669024418416,0.0335091271282831,V7,0.0
2026-03-07,Matutino,0.0,0.0116807455812564,0.006273601105119,0.0,0.0062499999999999,0.0040379236740868,0.0329830685405126,0.0883164018738459,0.0318118205602276,8,1.0,0.6666666666666666,0.125,4,0,3,2,2,3,2,0.5,0,0,0,0,0.0,0.0721259606550247,0.0229105398822387,V8,0,2026-03,,0,0,0,0,0.0721259606550247,0.0721259606550247,0.0721259606550247,1,0,neutro,0.019104899597385,0.0254910261280204,0.0207825957446172,V7,0.0
2026-03-07,Vespertino,0.4721780015662071,0.4883966058905331,0.1606731078279499,0.0,0.0062499999999999,0.0040379236740868,0.0,0.0724999999999999,0.0472952828190219,8,1.0,0.5,0.125,5,0,4,4,4,3,2,0.2,0,0,0,0,0.0,0.0304982790006552,0.0246541573880577,V8,0,2026-03,,0,0,0,0,0.0304982790006552,0.0304982790006552,0.0304982790006552,1,0,neutro,0.0307811195714863,0.0310174933262631,0.0316111554483556,V7,0.0
2026-03-07,Nocturno,0.5427771266938004,0.556763368666604,0.1825081773990825,0.0,0.0062499999999999,0.0040379236740868,0.0,0.018093842420185,0.0125232566862757,8,1.0,0.4,0.125,6,1,4,6,5,3,2,0.0,0,0,0,0,0.0432392922239053,0.0313771625280353,0.0228483029634372,V7,0,2026-03,,0,0,0,0,0.0,0.0432392922239053,0.0203909892604681,0,0,sin_switch,0.0326101936267447,0.0326101936267447,0.0312335470971204,V7,0.0
2026-03-09,Primera,0.0,0.0289199424723873,0.0132760542759994,0.0,0.0,0.0,0.0,0.0,5.551115123125783e-17,2,0.0,0.5,0.0,2,1,1,2,2,1,1,0.0,0,0,0,0,0.0,0.0144204046584683,0.0144204046584683,V7,0,2026-03,,0,0,0,0,0.0144204046584683,0.0144204046584683,0.0144204046584683,0,0,sin_switch,0.0357178450714488,0.0376937572335438,0.0209824894731473,V7,0.0
2026-03-09,Matutino,0.0,0.0277258872223979,0.043763721799225,0.0125,0.0156044792085955,0.0076966859358573,0.0,0.0572875625083857,0.0452016560619272,8,0.0,0.6666666666666666,0.25,8,1,2,8,6,2,1,0.0,0,0,0,0,0.0,0.0444163235702611,0.0231795825580079,V8,0,2026-03,,0,0,0,0,0.0444163235702611,0.0444163235702611,0.0444163235702611,1,0,neutro,0.0220940205529253,0.0255305784975902,0.0152873969364439,V7,0.0
2026-03-09,Vespertino,0.0,0.0257987422111956,0.0107287160828456,0.0,0.00625,0.002783882181415,0.0,0.025,0.0419923802611855,8,0.0,0.75,0.125,8,1,3,8,6,3,2,0.0,0,0,0,0,0.0,0.0231285601228529,0.0231285601228529,V7,0,2026-03,,0,0,0,0,0.0231285601228529,0.0231285601228529,0.0231285601228529,0,0,sin_switch,0.0217223722586076,0.024861272215501,0.0159067477633709,V7,0.0
2026-03-09,Nocturno,0.0,0.0563750433563683,0.0688595139432432,0.00125,0.0044676798214242,0.0018848077632287,0.0,0.0285721073928564,0.0242537908583063,16,0.0,0.8,0.125,10,1,4,10,8,3,2,0.0,0,0,0,0,0.0671558905601558,0.0464898008788659,0.0432681406322694,V7,0,2026-03,,0,0,0,0,0.0,0.0671558905601558,0.0238877499278864,0,0,sin_switch,0.0227704725912446,0.0257317824448167,0.0136965132960437,V7,0.0
2026-03-10,Previa,0.0,0.0089257420525683,0.0278232753789678,0.0,0.0060772755776474,0.008143882290685,0.0,0.0012154551155294,0.001628776458137,7,1.0,1.0,0.0,7,0,1,0,7,1,1,1.0,0,0,0,0,0.037068197894463,0.0,0.0,V7,0,2026-03,,0,0,0,0,0.0,0.037068197894463,0.037068197894463,0,0,sin_switch,0.0372579488989223,0.0389846494261118,0.0392202603354731,V7,0.0
2026-03-10,Primera,0.2398738760803693,0.4665078622692009,0.1519131860157407,0.0031044792085954,0.0083333333333333,0.0051274639826703,0.0,0.0275,0.0294701646378925,12,1.0,1.0,0.1666666666666666,10,0,2,6,6,2,1,1.0,0,0,0,0,0.0709982815357398,0.0466258854878887,0.0225044194564364,V7,0,2026-03,,0,0,0,0,0.0,0.0709982815357398,0.0484938620793033,0,0,sin_switch,0.0242870935705047,0.0242870935705047,0.0462738337821412,V13,0.0
2026-03-10,Matutino,0.0162186043243268,0.0162186043243268,0.0116822188270306,0.0233425744466906,0.0285714285714284,0.0095904017348906,0.0,0.0267582417582418,0.0274797250394784,14,0.8571428571428571,1.0,0.1428571428571428,13,1,2,13,4,3,1,0.5384615384615384,0,0,0,0,0.0505448155214059,0.0505448155214059,0.0234580233714897,V7,0,2026-03,,0,0,0,0,0.0,0.0505448155214059,0.0270867921499161,0,0,sin_switch,0.0290180051008946,0.0290180051008946,0.0297216938157884,V7,0.0
2026-03-10,Vespertino,0.3650280513365151,0.3811451468835987,0.129089937184975,0.0072711458752621,0.0089285714285715,0.0038519507760693,0.0053578216785705,0.0346907024642855,0.0290834330861095,8,0.75,1.0,0.0,8,0,4,4,2,4,2,0.75,0,0,0,0,0.0272979939355599,0.0244684576494993,0.0263520107501752,V7,0,2026-03,,0,0,0,0,0.0,0.0272979939355599,0.0028295362860605,0,0,sin_switch,0.0317824535832166,0.0317824535832166,0.0376964797945005,V7,0.0
2026-03-10,Nocturno,0.0,0.0314820280960583,0.0128234452184198,0.0002288541247378,0.0052288541247378,0.0057701259075133,0.0,0.025,0.0122325114425795,6,1.0,0.4,0.3333333333333333,8,2,3,8,7,3,2,0.0,0,0,0,0,0.029787158094364,0.0303913598688424,0.0263146567020953,V7,0,2026-03,,0,0,0,0,0.0006042017744784,0.0303913598688424,0.0040767031667471,0,0,sin_switch,0.0203995103735694,0.0230056721426207,0.0162459445455413,V7,0.0
2026-03-11,Previa,0.0,0.0,0.0,0.0,0.0,0.0,0.0,0.0,0.0,2,1.0,1.0,0.0,2,0,1,0,2,1,1,1.0,0,0,0,0,0.0,0.0285689383382655,0.0285689383382655,V7,0,2026-03,,0,0,0,0,0.0285689383382655,0.0285689383382655,0.0285689383382655,0,0,sin_switch,0.0336719595009207,0.0341174609152989,0.0190567186059184,V7,0.0
2026-03-11,Primera,0.0,0.0,0.0103018158579635,0.0,0.0083333333333333,0.0043880254255371,0.0,0.0,0.0319674763785004,6,1.0,1.0,0.1666666666666666,6,0,2,4,4,2,1,1.0,0,0,0,0,0.0,0.0232613577370615,0.0231196809070429,V7,0,2026-03,,0,0,0,0,0.0232613577370615,0.0232613577370615,0.0232613577370615,0,0,sin_switch,0.038090124282706,0.038090124282706,0.0349566205591907,V7,0.0
2026-03-11,Matutino,0.0,0.0,0.0171982201801988,0.0,0.0083333333333333,0.0043880254255371,0.0,0.0700938424201851,0.0315476179964922,6,1.0,0.6666666666666666,0.1666666666666666,6,0,3,5,1,3,1,0.6666666666666666,0,0,0,0,0.0239986530574753,0.0583412799503343,0.0744366593495232,V9,0,2026-03,,0,0,0,0,0.0504380062920479,0.0744366593495232,0.0504380062920479,0,1,neutro,0.0218810443042111,0.0279847198761969,0.0291243083026703,V7,0.0
2026-03-11,Vespertino,0.0,0.0162186043243259,0.1591907488138053,0.0,0.0083333333333333,0.0043880254255371,0.0,0.1260638716856785,0.0552718318498694,6,1.0,0.5,0.1666666666666666,7,0,4,6,4,4,2,0.2857142857142857,0,0,0,0,0.0,0.0,0.0220141407171016,V7,0,2026-03,,0,0,0,0,0.0220141407171016,0.0220141407171016,0.0220141407171016,0,0,sin_switch,0.0150636687163991,0.0202546142719795,0.0286017510825775,V13,0.0
2026-03-11,Nocturno,0.0,0.0078039249701236,0.0065510387242515,0.0,0.0083333333333333,0.0043880254255371,0.0,0.0161595623285352,0.0187661646626593,6,1.0,0.4,0.1666666666666666,5,0,5,4,1,5,1,0.6,0,0,0,0,0.0250761706161312,0.0302990727566823,0.0276355410793111,V7,0,2026-03,,0,0,0,0,0.0052229021405511,0.0302990727566823,0.0052229021405511,0,0,sin_switch,0.0284467557687688,0.0312790921810664,0.0191303659365869,V7,0.0
2026-03-12,Previa,0.0,0.0962976611418353,0.1050863064450623,0.0153135114221747,0.0153135114221747,0.0133905586571405,0.0030627022844349,0.0030627022844349,0.0343827001963061,6,1.0,1.0,0.0,6,0,1,0,6,1,1,1.0,0,1,1,1,0.0302284048331754,0.0,0.0,V7,1,2026-03,,0,1,1,0,0.0,0.0302284048331754,0.0302284048331754,0,0,sin_switch,0.0295465650431871,0.0295465650431871,0.0422893846841135,V13,0.0
2026-03-12,Primera,0.2166777645107949,0.2166777645107949,0.0658586207246249,0.0153605369642814,0.0284535123214271,0.0092407103555305,0.0610721073928562,0.1253502647928206,0.0626022923552658,10,1.0,1.0,0.2,10,0,2,4,4,2,1,1.0,0,0,0,0,0.0612240513998441,0.0223393830939141,0.0223393830939141,V7,0,2026-03,,0,0,0,0,0.0,0.0612240513998441,0.03888466830593,0,0,sin_switch,0.0217341419301335,0.0217341419301335,0.0414480060197532,V13,0.0
2026-03-12,Matutino,0.1664597781493446,0.1921826693983161,0.0646384711729756,0.0153605369642814,0.0284535123214271,0.0092407103555305,0.0443791041582809,0.0553333333333333,0.0204361635789113,10,1.0,0.6666666666666666,0.2,6,1,2,6,4,2,1,0.0,0,0,0,0,0.0506025925553073,0.0262911373405124,0.0,V7,0,2026-03,,0,0,0,0,0.0,0.0506025925553073,0.0506025925553073,0,0,sin_switch,0.0232835340581081,0.0232835340581081,0.0369742573168084,V13,0.0
2026-03-12,Vespertino,0.0,0.0162186043243259,0.0173215145970533,0.0153605369642814,0.0284535123214271,0.0093611285207681,0.0,0.0471595623285352,0.0193048450213025,10,1.0,0.5,0.2,5,1,3,5,3,4,2,0.4,0,0,0,0,0.0317494024749047,0.0545651509880802,0.0247434148424062,V7,0,2026-03,,0,0,0,0,0.0228157485131755,0.0545651509880802,0.029821736145674,0,0,sin_switch,0.0266848114170275,0.029290490890196,0.0282393481660906,V7,0.0
2026-03-12,Nocturno,0.2388930572238576,0.2535859504876532,0.0754945192368294,0.0153605369642814,0.0284535123214271,0.0093611285207681,0.024,0.024,0.0089023873202641,10,1.0,0.4,0.2,20,2,3,20,6,4,1,0.0,0,0,0,0,0.0719470044708992,0.0719137219237414,0.0239199599510474,V7,0,2026-03,,0,0,0,0,0.0,0.0719470044708992,0.0480270445198518,0,0,sin_switch,0.0309267802349945,0.0335614598521298,0.0265033243371684,V7,0.0
2026-03-13,Previa,0.0937168706797813,0.0937168706797813,0.0329084516898887,0.0153135114221747,0.0153135114221747,0.0079020146032802,0.0030627022844349,0.0030627022844349,0.017593180014482,6,1.0,1.0,0.0,6,0,1,0,6,1,1,1.0,0,0,0,0,0.0533330835297961,0.0,0.0,V7,0,2026-03,,0,0,0,0,0.0,0.0533330835297961,0.0533330835297961,0,0,sin_switch,0.0299523509254267,0.0299523509254267,0.0342843428717782,V7,0.0
2026-03-13,Primera,0.0,0.1709929451725225,0.0821459392058914,0.0,0.0029843002205017,0.0033666415448281,0.0,0.0585968600441002,0.0391456331132174,5,1.0,1.0,0.2,5,0,2,4,4,2,1,1.0,0,0,0,0,0.0296586312643812,0.0229685624244266,0.0,V7,0,2026-03,,0,0,0,0,0.0,0.0296586312643812,0.0296586312643812,0,0,sin_switch,0.0307192678779852,0.0307192678779852,0.035174344062119,V7,0.0
2026-03-13,Matutino,0.0074657071684196,0.0074657071684196,0.0030238747429904,0.0,0.0029843002205017,0.0040727988862519,0.0,0.0027124374916143,0.0120305199001019,5,1.0,0.6666666666666666,0.2,6,1,2,6,5,3,1,0.1666666666666666,0,0,0,0,0.0228225952951029,0.0218591623465531,0.0442533556138862,V7,0,2026-03,,0,0,0,0,0.0214307603187833,0.0442533556138862,0.0223941932673331,0,0,sin_switch,0.0472110464311076,0.0472110464311076,0.0216003497264711,V7,0.0
2026-03-13,Vespertino,0.0622579058223697,0.0737651887204418,0.0225225476666304,0.0,0.0117868456547604,0.0060532594153958,0.0,0.0404945054945055,0.0321222934566602,5,1.0,0.5,0.2,13,0,4,9,9,3,2,0.3076923076923077,0,0,0,0,0.08041448319182,0.0222036825236035,0.0764836195920516,V7,0,2026-03,,0,0,0,0,0.0,0.08041448319182,0.0582108006682165,0,0,sin_switch,0.0335699167754814,0.0335639145425226,0.0275741535593795,V7,0.0
2026-03-13,Nocturno,0.0,0.0,0.0039913986630695,0.0,0.0336823664461648,0.0175584473308524,0.0,0.1126721778930011,0.0487008101717517,6,0.8333333333333334,0.8,0.1666666666666666,13,0,5,10,4,4,1,0.4615384615384615,0,0,0,1,0.0,0.0248473225472374,0.0248473225472374,V7,0,2026-03,,0,0,0,0,0.0248473225472374,0.0248473225472374,0.0248473225472374,0,0,sin_switch,0.0218679375251471,0.0298134070331901,0.0303201949220323,V7,0.0
2026-03-14,Previa,0.0937168706797813,0.0937168706797813,0.0281150612039343,0.0153135114221747,0.0254692121009253,0.0080334974994188,0.0030627022844349,0.037593842420185,0.0163111722917175,6,1.0,1.0,0.0,6,0,1,0,6,1,1,1.0,0,0,0,0,0.0412707411389582,0.0,0.0,V7,0,2026-03,,0,0,0,0,0.0,0.0412707411389582,0.0412707411389582,0,0,sin_switch,0.0298946494126453,0.0298946494126453,0.0389644990963744,V7,0.0
2026-03-14,Primera,0.0,0.0382754121052295,0.0173505956152854,0.0084535123214272,0.0114378125419289,0.0036777196777758,0.0,0.0599999999999999,0.0480750203765418,2,1.0,1.0,1.0,6,0,2,4,4,2,1,1.0,0,0,0,0,0.0217038912047608,0.0,0.0232692146252015,V7,0,2026-03,,0,0,0,0,0.0015653234204407,0.0232692146252015,0.0232692146252015,0,0,sin_switch,0.0368449572033993,0.0368449572033993,0.0344202922843933,V7,0.0
2026-03-14,Matutino,0.0,0.2976323823966078,0.1226695621892052,0.0084535123214272,0.0114378125419289,0.0036777196777758,0.0,0.0331426308690478,0.0280265543993925,2,1.0,0.6666666666666666,1.0,5,0,3,4,3,3,1,0.4,0,0,0,0,0.0260960180635033,0.0300997105420746,0.0297147813283717,V7,0,2026-03,,0,0,0,0,0.0040036924785713,0.0300997105420746,0.0040036924785713,0,0,sin_switch,0.0273390321346226,0.0273390321346226,0.0303009211199702,V7,0.0
2026-03-14,Vespertino,0.4126368946169902,0.4126368946169902,0.1383798724983443,0.0,0.0775058470062187,0.0310394789405292,0.0,0.0779768692976182,0.0439154721123165,7,0.8571428571428571,1.0,0.0,9,0,4,8,8,3,2,0.1111111111111111,0,0,0,0,0.0269266536557134,0.02350544187246,0.07341873058958,V9,0,2026-03,,0,0,0,0,0.0464920769338666,0.07341873058958,0.04991328871712,0,1,neutro,0.0277057874402504,0.0307154727011745,0.0362495809141511,V7,0.0
2026-03-14,Nocturno,0.5878489772240414,0.5878489772240414,0.1837474391656575,0.0,0.040953512321427,0.0221514375486174,0.0,0.0557149645357135,0.0253534619888593,8,0.75,1.0,0.0,8,0,5,7,4,4,1,0.25,0,0,0,0,0.0248937693166442,0.0270287299222639,0.0245417195924154,V7,0,2026-03,,0,0,0,0,0.0021349606056196,0.0270287299222639,0.0024870103298484,0,0,sin_switch,0.0229535146705737,0.0229535146705737,0.0339074493542873,V13,0.0
2026-03-16,Primera,0.0,0.0289199424723873,0.0141678204895984,0.0,0.0,0.0,0.0,0.0,5.551115123125783e-17,2,0.0,0.5,0.0,2,1,1,2,2,1,1,0.0,0,0,0,0,0.0,0.0144460826307034,0.0144460826307034,V7,0,2026-03,,0,0,0,0,0.0144460826307034,0.0144460826307034,0.0144460826307034,0,0,sin_switch,0.0358182448964831,0.0377976375121977,0.0210385614039911,V7,0.0
2026-03-16,Matutino,0.0,0.0072928622717576,0.0095182182115541,0.0053605369642814,0.0114378125419288,0.0047024471246419,0.0,0.0287154551155294,0.0317146842675694,2,0.0,0.6666666666666666,1.0,7,1,2,7,6,2,1,0.0,0,0,0,0,0.0,0.0494632156636486,0.024313607189643,V8,0,2026-03,,0,0,0,0,0.0494632156636486,0.0494632156636486,0.0494632156636486,1,0,neutro,0.0222026156378768,0.028828435727626,0.0182243824857006,V7,0.0
2026-03-16,Vespertino,0.0,0.0180765240669771,0.0464283967725343,0.0,0.0017823201785757,0.0014396023519153,0.0,0.0287154551155294,0.0153659367237394,7,0.0,0.75,0.1428571428571428,7,1,3,7,4,3,1,0.0,0,0,0,0,0.0,0.0441749014776567,0.0441749014776567,V8,0,2026-03,,0,0,0,0,0.0441749014776567,0.0441749014776567,0.0441749014776567,1,0,neutro,0.0190828349894738,0.0256032312040086,0.0107100691489289,V7,0.0
2026-03-16,Nocturno,0.0,0.0155622046237171,0.0192573936078001,0.0,0.00625,0.0025,0.0,0.0,0.0444504218202707,8,0.0,0.8,0.125,11,1,4,11,5,4,1,0.0,0,0,0,0,0.0211349186224857,0.077511123953476,0.0261847086391176,V8,0,2026-03,,0,0,0,0,0.0563762053309902,0.077511123953476,0.0563762053309902,1,0,neutro,0.0145967048516334,0.0206223577224172,0.0087307098098902,V7,0.0
2026-03-17,Previa,0.0,0.0,0.0512121627165981,0.0114378125419288,0.0114378125419288,0.0075033875062894,0.0022875625083857,0.0022875625083857,0.0015006775012578,12,1.0,1.0,0.0,12,0,1,0,12,1,1,1.0,0,0,0,0,0.0368602793899694,0.0171994402086635,0.0,V7,0,2026-03,,0,0,0,0,0.0,0.0368602793899694,0.0368602793899694,0,0,sin_switch,0.0259346439896435,0.0259346439896435,0.0354149629669421,V7,0.0
2026-03-17,Primera,0.0134588894648484,0.0134588894648484,0.0129206482975258,0.0,0.0084535123214271,0.0038800052608492,0.0,0.0608333333333332,0.0299516146226453,9,1.0,1.0,0.0,9,0,2,5,5,2,1,0.7777777777777778,0,0,0,0,0.0233370733949292,0.0515938015043435,0.0416333520317628,V7,0,2026-03,,0,0,0,0,0.0282567281094143,0.0515938015043435,0.0282567281094143,0,0,sin_switch,0.0358597888520934,0.0358597888520934,0.0346896577661522,V7,0.0
2026-03-17,Matutino,0.0140113586022296,0.0602981917312446,0.0323922614961704,0.0,0.0084535123214271,0.0038800052608492,0.0,0.0496595623285353,0.0257156297112182,9,1.0,0.6666666666666666,0.0,5,0,3,3,3,3,2,0.4,0,0,0,0,0.0214704174151708,0.0722109510511112,0.021115312418305,V8,0,2026-03,,0,0,0,0,0.0507405336359403,0.0722109510511112,0.0510956386328061,1,0,neutro,0.0191194926266953,0.0250108139530064,0.0154187601267778,V7,0.0
2026-03-17,Vespertino,0.0,0.0442257712363201,0.0540555790401857,0.0,0.0362312900992048,0.0144588237687492,0.0,0.056,0.0300378309070874,9,0.7777777777777778,1.0,0.0,8,0,4,6,4,4,1,0.25,0,0,0,0,0.021629286442688,0.0438018997809351,0.0447048069862817,V7,0,2026-03,,0,0,0,0,0.0230755205435937,0.0447048069862817,0.0230755205435937,0,0,sin_switch,0.0257469955114,0.0285383189735896,0.0269686192826935,V7,0.0
2026-03-17,Nocturno,0.0,0.0338919144154887,0.0166301158587274,0.0,0.0084535123214271,0.004285243151281,0.0,0.0917857142857143,0.0521112167553345,9,1.0,0.4,0.0,7,1,4,7,2,4,2,0.2857142857142857,0,0,0,0,0.0,0.0746799318880075,0.034198402565425,V8,0,2026-03,,0,0,0,0,0.0746799318880075,0.0746799318880075,0.0746799318880075,1,0,neutro,0.016428383775519,0.0223672426992937,0.0093765723046884,V7,0.0
2026-03-18,Previa,0.0235114665960844,0.1376613622265061,0.0623054652200373,0.0114378125419288,0.0184535123214271,0.0095125389363622,0.0022875625083857,0.0036907024642854,0.0109703006489876,8,1.0,1.0,0.0,8,0,1,0,8,1,1,1.0,0,0,0,0,0.0678579912970098,0.0196423861150085,0.0196423861150085,V7,0,2026-03,,0,0,0,0,0.0,0.0678579912970098,0.0482156051820013,0,0,sin_switch,0.0309164233116474,0.0309164233116474,0.0338081643757436,V7,0.0
2026-03-18,Primera,0.0,0.4694908476558019,0.188324551030755,0.0,0.0071428571428571,0.0059068586107264,0.0429999999999999,0.0729999999999998,0.0386608551086908,7,1.0,1.0,0.1428571428571428,20,0,2,12,12,2,1,0.9,0,0,0,0,0.0443340652026559,0.0801075824534911,0.029715776615815,V8,0,2026-03,,0,0,0,0,0.0357735172508352,0.0801075824534911,0.0503918058376761,1,0,neutro,0.0208089777055128,0.0175045013093599,0.0223386243386997,V7,0.0
2026-03-18,Matutino,0.0134588894648484,0.2383066567910736,0.1051515088198957,0.0,0.0071428571428571,0.0059068586107264,0.0,0.0400968600441002,0.0378600412487524,7,1.0,0.6666666666666666,0.1428571428571428,5,0,3,4,4,3,2,0.2,0,1,0,0,0.0216478340227639,0.0253447605378289,0.0216478340227639,V7,1,2026-03,,0,1,1,0,0.003696926515065,0.0253447605378289,0.003696926515065,0,0,sin_switch,0.0233527480422502,0.0233527480422502,0.0301412558332786,V7,1.0
2026-03-18,Vespertino,0.0,0.0,0.1489859296605528,0.0,0.0660680344642898,0.0285339409716592,0.0,0.0484274020273278,0.0500722545636733,7,0.8571428571428571,1.0,0.0,6,0,4,5,3,4,2,0.5,0,0,0,0,0.0236428927186747,0.0253907622362722,0.0486316081087282,V7,0,2026-03,,0,0,0,0,0.0249887153900535,0.0486316081087282,0.0249887153900535,0,0,sin_switch,0.0194457145633038,0.0218774083769563,0.0295236193974849,V13,0.0
2026-03-18,Nocturno,0.0,0.0,0.0614170006298731,0.0,0.0360680344642899,0.016867660549822,0.0,0.1413814049285708,0.0575517436155192,7,0.8571428571428571,0.8,0.0,8,0,5,7,2,5,1,0.375,0,0,0,0,0.023297449171016,0.0272571192145894,0.0272571192145894,V7,0,2026-03,,0,0,0,0,0.0039596700435734,0.0272571192145894,0.0039596700435734,0,0,sin_switch,0.0171453665280549,0.0197411496053853,0.0287085297975271,V13,0.0
2026-03-19,Previa,0.0,0.0162186043243259,0.0174663975911908,0.0,0.0,0.0,0.0,0.0,0.0,2,1.0,1.0,0.0,2,0,1,0,2,1,1,1.0,0,0,0,0,0.0,0.0373305356234361,0.0373305356234361,V8,0,2026-03,,0,0,0,0,0.0373305356234361,0.0373305356234361,0.0373305356234361,1,0,neutro,0.0383547915904391,0.0441630825405835,0.0279576531446622,V7,0.0
2026-03-19,Primera,0.0,0.0149189243489971,0.010729969636515,0.0,0.0153490331128315,0.007251928808256,0.0,0.0751197264404753,0.0593085688320798,6,1.0,1.0,0.1666666666666666,9,0,2,8,8,2,1,0.4444444444444444,0,0,0,0,0.0,0.0216362187964379,0.0,V7,0,2026-03,,0,0,0,0,0.0216362187964379,0.0216362187964379,0.0216362187964379,0,0,sin_switch,0.0267208473030536,0.0267208473030536,0.0408472105466888,V13,0.0
2026-03-19,Matutino,0.0,0.0327933639470243,0.0136320483626415,0.0,0.0153490331128315,0.0109576749636966,0.0,0.0124675324675325,0.0290823073347321,6,1.0,0.6666666666666666,0.1666666666666666,14,0,3,13,5,3,1,0.2857142857142857,0,0,0,0,0.0220048407120561,0.0220048407120561,0.0275947057176439,V7,0,2026-03,,0,0,0,0,0.0055898650055878,0.0275947057176439,0.0055898650055878,0,0,sin_switch,0.0329557764386571,0.0354901686212063,0.032405249731535,V7,0.0
2026-03-19,Vespertino,0.0,0.0266104911964273,0.0228946354326148,0.0,0.0153490331128315,0.0109576749636966,0.0,0.0258333333333334,0.0537070677072847,6,1.0,0.5,0.1666666666666666,9,0,4,8,2,4,1,0.1111111111111111,0,0,0,0,0.0,0.0456357667737755,0.0254338460791618,V8,0,2026-03,,0,0,0,0,0.0456357667737755,0.0456357667737755,0.0456357667737755,1,0,neutro,0.0221186534955714,0.0281861119320938,0.011311049724529,V7,0.0
2026-03-19,Nocturno,0.0,0.0454609473618408,0.0835671329101373,0.0,0.0153490331128315,0.0109576749636966,0.0125,0.0271818181818181,0.0470567779551904,6,1.0,0.4,0.1666666666666666,8,0,5,6,4,3,1,0.25,0,0,0,0,0.0238011365899032,0.0226566351055468,0.0285539523222371,V7,0,2026-03,,0,0,0,0,0.0047528157323338,0.0285539523222371,0.0058973172166903,0,0,sin_switch,0.024284694123751,0.0270032104749863,0.0244332125360796,V7,0.0
2026-03-20,Previa,0.0,0.0,8.881784197001252e-16,0.0,0.0,0.0,0.0,0.0,0.0,2,1.0,1.0,0.0,2,0,1,0,2,1,1,1.0,0,0,0,0,0.0,0.0285689383382658,0.0285689383382658,V7,0,2026-03,,0,0,0,0,0.0285689383382658,0.0285689383382658,0.0285689383382658,0,0,sin_switch,0.0336719595009198,0.0341174609152979,0.0190567186059179,V7,0.0
2026-03-20,Primera,0.0,0.0089257420525683,0.0428547300075076,0.0084535123214272,0.0114378125419289,0.0064948554837711,0.0,0.02,0.017125998344558,2,1.0,1.0,1.0,6,0,2,5,5,2,1,0.8333333333333334,0,0,0,1,0.0643786489952099,0.0441596324297179,0.0449735508645865,V7,0,2026-03,,1,0,0,1,0.0,0.0643786489952099,0.020219016565492,0,0,sin_switch,0.0404504899436957,0.0380922814604589,0.0346248790428406,V7,0.0
2026-03-20,Matutino,0.0,0.3679427919874998,0.1550790866303733,0.0084535123214272,0.0114378125419289,0.0064948554837711,0.0,0.0566666666666666,0.0415919120895169,2,1.0,0.6666666666666666,1.0,9,0,3,7,5,3,1,0.2222222222222222,0,0,0,0,0.0227833962099476,0.021745767167428,0.023766782145044,V7,0,2026-03,,0,0,0,0,0.0009833859350964,0.023766782145044,0.002021014977616,0,0,sin_switch,0.0319906029077942,0.0319906029077942,0.0344161448633354,V7,0.0
2026-03-20,Vespertino,0.0,0.3415165847404307,0.1794632939205456,0.0,0.0215464876785728,0.0153665241672775,0.0,0.0239617177824666,0.0306931186860557,5,0.8,1.0,0.0,11,0,4,9,9,3,2,0.1818181818181818,0,0,0,0,0.1014385071635996,0.0223081100558997,0.0778255515927057,V7,0,2026-03,,0,0,0,0,0.0,0.1014385071635996,0.0791303971076999,0,0,sin_switch,0.0250394621142172,0.0250394621142172,0.0178488534823725,V7,0.0
2026-03-20,Nocturno,0.0,0.307677197497763,0.1485708906674908,0.0,0.0057978116426765,0.0062955561251505,0.0,0.0155054945054945,0.0077411420059064,5,1.0,0.4,0.2,14,0,5,12,8,4,2,0.4285714285714285,0,0,0,0,0.0493915428865445,0.0229346983939769,0.0843370682477235,V9,0,2026-03,,0,0,0,0,0.0349455253611789,0.0843370682477235,0.0614023698537466,0,1,neutro,0.0170773171364708,0.025557966868595,0.0252014359987068,V7,0.0
2026-03-21,Previa,0.0162186043243268,0.0324372086486528,0.0486809424429732,0.0,0.0053605369642814,0.0059992412584914,0.0,0.0010721073928563,0.0011998482516983,8,1.0,1.0,0.0,8,0,1,0,8,1,1,1.0,0,0,0,0,0.0333309032904413,0.0,0.0,V7,0,2026-03,,0,0,0,0,0.0,0.0333309032904413,0.0333309032904413,0,0,sin_switch,0.0369646942193088,0.0369646942193088,0.0394127830596555,V7,0.0
2026-03-21,Primera,0.0076943068128558,0.0076943068128558,0.0052146516275823,0.0,0.0,0.0043977757716618,0.0,0.1136907024642854,0.0652213674796505,9,1.0,1.0,0.0,9,0,2,8,8,2,1,1.0,0,0,0,0,0.0267838719683744,0.0217632098465793,0.0,V7,0,2026-03,,0,0,0,0,0.0,0.0267838719683744,0.0267838719683744,0,0,sin_switch,0.0266507715425383,0.0266507715425383,0.0396362607888925,V13,0.0
2026-03-21,Matutino,0.0,0.0162186043243259,0.0977840497490029,0.0,0.0444444444444445,0.01964129924714,0.0,0.2158333333333333,0.0933559422422952,9,0.8888888888888888,1.0,0.1111111111111111,10,0,3,9,5,3,1,0.5,0,0,0,0,0.0,0.0252960140147031,0.0252960140147031,V7,0,2026-03,,1,0,0,1,0.0252960140147031,0.0252960140147031,0.0252960140147031,0,0,sin_switch,0.0212158087548701,0.0262816760412733,0.0324725456110725,V13,1.0
2026-03-21,Vespertino,0.0,0.0230783188264442,0.052223382740018,0.0,0.0499999999999999,0.0237399113182992,0.0,0.063181818181818,0.0522204264953777,11,0.8181818181818182,1.0,0.0,11,0,4,10,2,4,2,0.8181818181818182,0,0,0,0,0.0302884481652787,0.0298497344017792,0.0539654718399506,V7,0,2026-03,,0,0,0,0,0.0236770236746719,0.0539654718399506,0.0241157374381714,0,0,sin_switch,0.0214235526822045,0.0262071951638976,0.0253699511991817,V7,0.0
2026-03-21,Nocturno,0.0,0.0134054616815841,0.0414094488609948,0.0,0.02,0.0135358080913715,0.0,0.0539768692976182,0.0402306160669368,11,0.8181818181818182,0.8,0.0,9,0,5,8,6,3,1,0.1111111111111111,0,0,0,0,0.0,0.0,0.0,V7,0,2026-03,,1,0,0,1,0.0,0.0,0.0,0,0,sin_switch,0.0164058837222235,0.0164058837222235,0.0298942099371417,V13,1.0
2026-03-23,Primera,0.0887448987366799,0.0937168706797813,0.0278527133550189,0.0,0.0,0.0076567557110873,0.0,0.0,0.0290313511422174,6,0.0,0.5,0.0,6,1,1,6,6,1,1,0.0,0,0,0,0,0.0,0.0195686736395887,0.0195686736395887,V7,0,2026-03,,0,0,0,0,0.0195686736395887,0.0195686736395887,0.0195686736395887,0,0,sin_switch,0.0298305317094036,0.0297732130530811,0.018147064049462,V7,0.0
2026-03-23,Matutino,0.3089972218403787,0.5244637124181555,0.1915705146609195,0.00125,0.00625,0.0022672946434021,0.0,0.0553333333333332,0.0271076864868004,16,0.0,0.6666666666666666,0.125,12,1,2,12,10,2,1,0.0,0,0,0,0,0.0774763266251137,0.054957040822274,0.0297635711155591,V7,0,2026-03,,0,0,0,0,0.0,0.0774763266251137,0.0477127555095545,0,0,sin_switch,0.0277006927362962,0.027561525052854,0.0224162193161204,V7,0.0
2026-03-23,Vespertino,0.0,0.3311886640938475,0.1523775428526387,0.0,0.0037499999999999,0.0018367744058647,0.0,0.0035721073928564,0.0328089218526287,8,0.0,0.75,0.125,20,1,3,20,8,3,1,0.0,0,0,0,0,0.0850415438740663,0.1245941865760543,0.0562018682537671,V8,0,2026-03,,0,0,0,0,0.0395526427019879,0.1245941865760543,0.0683923183222872,1,0,neutro,0.0208556245559505,0.019605151597623,0.0184490384350355,V7,0.0
2026-03-23,Nocturno,0.0,0.7298771699314193,0.305418680546921,0.0,0.0017045454545454,0.0024926211919176,0.0,0.0314999999999999,0.0172447280936436,8,0.0,0.8,0.125,8,1,4,8,3,4,1,0.0,0,0,0,0,0.0236938507840201,0.0,0.0214871627633563,V7,0,2026-03,,0,0,0,0,0.0,0.0236938507840201,0.0236938507840201,0,0,sin_switch,0.0304144809928912,0.0330536825561859,0.0248992391164795,V7,0.0
2026-03-25,Primera,0.1111295302540966,0.1111295302540966,0.0338965054797186,0.0153135114221747,0.0153135114221747,0.0057877593867312,0.0580627022844348,0.0580627022844348,0.026865526038427,6,0.0,0.5,0.0,6,1,1,6,6,1,1,0.0,0,0,1,1,0.0,0.0,0.0,V7,0,2026-03,,0,0,0,0,0.0,0.0,0.0,0,0,sin_switch,0.0248048589557161,0.0248048589557161,0.0263696793860077,V7,0.0
2026-03-25,Matutino,0.0,0.1887677640409277,0.091656276645086,0.0,0.00125,0.0025458877566852,0.0,0.0553333333333332,0.0220455785097275,8,0.0,0.6666666666666666,0.125,8,1,2,8,5,2,1,0.0,0,0,0,0,0.0,0.0473934553925218,0.0267429593527483,V8,0,2026-03,,0,0,0,0,0.0473934553925218,0.0473934553925218,0.0473934553925218,1,0,neutro,0.022476011949926,0.0246900847264777,0.0102837864806368,V7,0.0
2026-03-25,Vespertino,0.0,0.1830562487674036,0.1292612956567479,0.0,0.0017045454545454,0.0011899581057385,0.025,0.025,0.0159028218350921,8,0.0,0.75,0.125,10,1,3,10,8,3,2,0.0,0,0,0,0,0.0220622235041803,0.0471366977631477,0.0220702358970558,V7,0,2026-03,,0,0,0,0,0.0250744742589674,0.0471366977631477,0.0250744742589674,0,0,sin_switch,0.0218757936267087,0.0251649403880704,0.0134251312743453,V7,0.0
2026-03-25,Nocturno,0.1693372136165924,0.3572782464934363,0.1317466546723228,0.0,0.0053605369642814,0.0083963115437309,0.0,0.1077875625083857,0.0445680975124904,8,0.0,0.8,0.0,8,2,3,8,3,4,1,0.0,0,0,0,0,0.0,0.023717903997702,0.0475318777466367,V9,0,2026-03,,0,0,0,0,0.0475318777466367,0.0475318777466367,0.0475318777466367,0,1,neutro,0.0209436547002463,0.0317778063985908,0.0173456557661873,V11,0.0
2026-03-26,Previa,0.0,0.0451385467967133,0.0175931323783464,0.0,0.0,0.0,0.0,0.0,0.0,2,1.0,1.0,0.0,2,0,1,0,2,1,1,1.0,0,0,0,0,0.0,0.0331972547321442,0.0331972547321442,V8,0,2026-03,,0,0,0,0,0.0331972547321442,0.0331972547321442,0.0331972547321442,1,0,neutro,0.0360738997523416,0.042212200031137,0.0257883304357218,V7,0.0
2026-03-26,Primera,0.0,0.1769326574063425,0.0699127639096672,0.0,0.0,0.0032071108839841,0.0577124374916142,0.0577124374916142,0.0173137312474842,1,1.0,1.0,1.0,6,1,1,6,6,2,2,0.6666666666666666,0,0,0,0,0.0517204236872173,0.0,0.0232928495916973,V7,0,2026-03,,0,0,0,0,0.0,0.0517204236872173,0.0517204236872173,0,0,sin_switch,0.0335669663066049,0.0335669663066049,0.0420708105193313,V7,0.0
2026-03-26,Matutino,0.4814950313538144,0.4907422009342852,0.1509184884980315,0.0,0.0,0.0032071108839841,0.0,0.0354292502499992,0.0190596322426837,1,1.0,0.6666666666666666,1.0,10,1,2,10,6,3,1,0.2,0,0,0,0,0.0220784926523665,0.0495913454967451,0.0227137353903857,V7,0,2026-03,,0,0,0,0,0.0275128528443786,0.0495913454967451,0.0275128528443786,0,0,sin_switch,0.0278555323583491,0.0278555323583491,0.0333545323558153,V7,0.0
2026-03-26,Vespertino,0.0,0.3591599011147313,0.1437399308915031,0.0,0.0065464876785727,0.0032071108839841,0.0,0.022593842420185,0.0118529231153934,1,1.0,0.5,1.0,6,1,3,6,5,4,2,0.1666666666666666,0,0,0,1,0.0227216627372836,0.0238341939568056,0.0707803819883557,V9,1,2026-03,,0,0,1,0,0.0480587192510721,0.0707803819883557,0.0480587192510721,0,1,ganador,0.0276856084354472,0.030160303845088,0.0295451476928742,V7,0.0
2026-03-26,Nocturno,0.0,0.1630229433283316,0.0657056507085361,0.0,0.0065464876785727,0.0026185950714291,0.0,0.0187875625083857,0.0147189694477597,1,1.0,0.4,1.0,8,1,4,8,3,5,1,0.125,0,0,0,0,0.0248394591344963,0.0499301438387691,0.0716665556268732,V9,0,2026-03,,0,0,0,0,0.0468270964923769,0.0716665556268732,0.0468270964923769,0,1,neutro,0.0272865051002164,0.0328786237704092,0.0277380306949892,V7,0.0
2026-03-27,Previa,0.0,0.0,0.0119182363088971,0.0,0.0060772755776474,0.0073189052680616,0.0,0.0012154551155294,0.0014637810536123,7,1.0,1.0,0.0,7,0,1,0,7,1,1,1.0,0,0,0,0,0.0395065387291385,0.0,0.0,V7,0,2026-03,,0,0,0,0,0.0,0.0395065387291385,0.0395065387291385,0,0,sin_switch,0.036865096287152,0.036865096287152,0.0382793407176074,V7,0.0
2026-03-27,Primera,0.0,0.4445246752928815,0.2204657199141187,0.0036823664461649,0.0052288541247378,0.0094301184852655,0.0,0.0239999999999999,0.0217222428724945,6,1.0,1.0,0.3333333333333333,5,0,2,4,4,2,1,1.0,0,0,0,0,0.0561220293745017,0.0487985945859676,0.0259064117663507,V7,0,2026-03,,0,0,0,0,0.0,0.0561220293745017,0.030215617608151,0,0,sin_switch,0.0282130924538447,0.0282130924538447,0.0479316725157715,V13,0.0
2026-03-27,Matutino,0.0,0.0149189243489971,0.0367537865058604,0.0036823664461649,0.0052288541247378,0.0094301184852655,0.0,0.1010457708249474,0.045188667158842,6,1.0,0.6666666666666666,0.3333333333333333,6,0,3,4,4,3,2,0.3333333333333333,0,0,0,0,0.0,0.0,0.0,V7,0,2026-03,,0,0,0,0,0.0,0.0,0.0,0,0,sin_switch,0.0188680232817171,0.0188680232817171,0.0266648338443792,V7,0.0
2026-03-27,Vespertino,0.4402376937174947,0.4679635809398927,0.1395719261784776,0.034771145875262,0.0399999999999999,0.0164663768278867,0.0,0.0385,0.0344522858457896,10,0.8,1.0,0.0,8,0,4,7,4,4,2,0.5,0,0,0,0,0.0275161310178201,0.0232309137293236,0.0259051374179718,V7,0,2026-03,,0,0,0,0,0.0,0.0275161310178201,0.0042852172884964,0,0,sin_switch,0.0358238325753471,0.0358238325753471,0.0430691615267253,V7,0.0
2026-03-27,Nocturno,0.5061254974188341,0.550069988965558,0.2037139033024685,0.0047711458752621,0.01,0.0113489542195265,0.0222727272727273,0.031,0.0339875439034797,10,0.8,0.8,0.0,16,1,4,16,8,5,2,0.25,0,0,0,0,0.0227544931371667,0.0265197828551175,0.0282370204331132,V7,0,2026-03,,0,0,0,0,0.0054825272959465,0.0282370204331132,0.0054825272959465,0,0,sin_switch,0.0313363708005796,0.0339047965147496,0.0333333688760321,V7,0.0
2026-03-28,Previa,0.0,0.1406302770845107,0.1071389980613727,0.0114378125419288,0.0114378125419288,0.0180050279617688,0.0022875625083857,0.0022875625083857,0.0331028578941659,24,1.0,1.0,0.0,24,0,1,0,24,1,1,1.0,0,0,0,0,0.0223504711194349,0.0693135499955424,0.0444173374050169,V8,0,2026-03,,0,0,0,0,0.0469630788761075,0.0693135499955424,0.0469630788761075,1,0,neutro,0.0258670004796344,0.0220759699154206,0.0300028269113599,V7,0.0
2026-03-28,Primera,0.2796039470007807,0.476560439400437,0.1568716640118477,0.0083333333333334,0.0083333333333334,0.0062276857883413,0.0085714285714285,0.0335714285714284,0.0243869684148868,6,1.0,1.0,0.3333333333333333,14,0,2,12,12,2,1,0.5714285714285714,0,0,0,0,0.0660782532686506,0.0672816548431553,0.045437314638382,V7,0,2026-03,,0,0,0,0,0.0012034015745047,0.0672816548431553,0.0218443402047733,0,0,sin_switch,0.0308129983383611,0.0308129983383611,0.0391859863749815,V7,0.0
2026-03-28,Matutino,0.4683575694168684,0.4829550662379631,0.1465564146524077,0.0083333333333334,0.0083333333333334,0.0062276857883413,0.0,0.1492875625083858,0.0713546364653065,6,1.0,0.6666666666666666,0.3333333333333333,10,0,3,9,9,3,2,0.1,0,0,0,0,0.0476894345457607,0.0246672981705146,0.0307505034614054,V7,0,2026-03,,0,0,0,0,0.0,0.0476894345457607,0.0230221363752461,0,0,sin_switch,0.0285963255966849,0.0285963255966849,0.0488393962283616,V13,0.0
2026-03-28,Vespertino,0.0,0.0,0.1356423870828918,0.0,0.0246509668871683,0.010541162926568,0.0,0.015786393107142,0.0177147096909932,5,0.8,1.0,0.0,10,0,4,8,8,3,2,0.2,0,0,0,0,0.0842706001114233,0.0468282250965028,0.0601635040669157,V7,0,2026-03,,0,0,0,0,0.0,0.0842706001114233,0.0374423750149205,0,0,sin_switch,0.025523475676291,0.025523475676291,0.023139606662406,V7,0.0
2026-03-28,Nocturno,0.0,0.0850602761314007,0.0387485912430829,0.0083333333333334,0.0083333333333334,0.0088753807620819,0.0,0.015,0.0469924367620844,6,1.0,0.4,0.3333333333333333,12,0,5,10,6,4,2,0.5,0,0,1,0,0.0263706887058598,0.0238920153487598,0.0974921952973269,V9,0,2026-03,,0,0,0,0,0.0711215065914671,0.0974921952973269,0.0736001799485671,0,1,neutro,0.0245101203583138,0.034479039859254,0.0250916225358954,V7,0.0
2026-03-30,Primera,0.0,0.1067383626690219,0.0527332870302331,0.0,0.0153135114221747,0.007502057830922,0.0,0.0580627022844348,0.0284447987367993,6,0.0,0.5,0.0,6,1,1,6,6,1,1,0.0,0,0,0,0,0.0,0.0184090174066062,0.0184090174066062,V7,0,2026-03,,0,0,0,0,0.0184090174066062,0.0184090174066062,0.0184090174066062,0,0,sin_switch,0.0237865858380825,0.0237068645046085,0.0194872693013127,V7,0.0
2026-03-30,Matutino,0.3000142373028049,0.5003997766846897,0.1678260088087622,0.0,0.0060772755776474,0.0031021718894422,0.0,0.0287154551155295,0.0317770555105828,7,0.0,0.6666666666666666,0.0,7,2,1,7,7,2,2,0.0,0,0,0,0,0.0,0.0,0.0,V7,0,2026-03,,0,0,0,0,0.0,0.0,0.0,0,0,sin_switch,0.0252747405470074,0.0254922691656575,0.0343065667307954,V7,0.0
2026-03-30,Vespertino,0.0,0.1430950246612745,0.0573662842789871,0.0013531552444918,0.0036092130001777,0.011803965021581,0.0,0.0272875625083857,0.0170861011172531,4,0.0,0.75,0.5,12,2,2,12,10,2,1,0.0,0,0,0,0,0.0531509511582081,0.0793962938891949,0.0226653798613765,V7,0,2026-03,,0,0,0,0,0.0262453427309868,0.0793962938891949,0.0567309140278184,0,0,sin_switch,0.0192899264889017,0.0218417125014993,0.0182438406989216,V7,0.0
2026-03-30,Nocturno,0.0,0.0348946058372838,0.0568642988853351,0.0052288541247377,0.0052288541247377,0.0067358691556727,0.0,0.0142875625083856,0.0219308199752599,6,0.0,0.8,0.3333333333333333,8,2,3,8,6,3,1,0.0,0,0,0,0,0.0245176370268271,0.0702174327946713,0.0264688311524635,V8,0,2026-03,,0,0,0,0,0.0456997957678441,0.0702174327946713,0.0456997957678441,1,0,neutro,0.0188343161705944,0.0221998001263599,0.0106695050421857,V7,0.0
2026-03-31,Previa,0.0,0.0289199424723873,0.0141678204895984,0.0,0.0,0.0,0.0,0.0,0.0,2,1.0,1.0,0.0,2,0,1,0,2,1,1,1.0,0,0,0,0,0.0,0.0342025472640182,0.0342025472640182,V8,0,2026-03,,0,0,0,0,0.0342025472640182,0.0342025472640182,0.0342025472640182,1,0,neutro,0.038052083458392,0.0439759772916064,0.0277641095413191,V7,0.0
2026-03-31,Primera,0.0,0.0072928622717576,0.0051443454788359,0.0028135114221747,0.0028135114221747,0.0036449593001446,0.0630627022844348,0.1230627022844348,0.0406680867863426,6,1.0,1.0,0.0,6,0,2,4,4,2,1,1.0,0,0,0,0,0.0974598601788209,0.0684001489147727,0.045071439887617,V7,0,2026-03,,0,0,0,0,0.0,0.0974598601788209,0.0523884202912039,0,0,sin_switch,0.020967069365539,0.020967069365539,0.0286711621970537,V7,0.0
2026-03-31,Matutino,0.0324372086486528,0.3645711087651939,0.1923129642202536,0.0028135114221747,0.0028135114221747,0.0036449593001446,0.006,0.018,0.0266675833175786,6,1.0,0.6666666666666666,0.0,8,1,2,8,6,3,1,0.25,0,0,0,0,0.0544858392758052,0.0230139485476351,0.0,V7,0,2026-03,,0,0,0,0,0.0,0.0544858392758052,0.0544858392758052,0,0,sin_switch,0.024381645093553,0.024381645093553,0.0391781422675754,V13,0.0
2026-03-31,Vespertino,0.0,0.1115023999967723,0.0479117701565821,0.0,0.0457978116426764,0.0207261036586878,0.0,0.0165968600441002,0.0190517166752848,5,0.8,1.0,0.2,5,0,4,4,2,4,2,0.4,0,0,0,0,0.0251802043325449,0.0479962066426801,0.0226871099399084,V7,0,2026-03,,0,0,0,0,0.0228160023101352,0.0479962066426801,0.0253090967027717,0,0,sin_switch,0.0273048184098745,0.0297912981947416,0.0263105104035906,V7,0.0
2026-03-31,Nocturno,0.0,0.0,0.0698565005168674,0.0,0.01,0.0080283692908795,0.0,0.0651440265441009,0.0311698259309233,5,0.8,0.8,0.2,7,0,5,6,4,3,1,0.4285714285714285,0,0,0,0,0.0236862072666618,0.0489838485931264,0.0729420698874087,V9,0,2026-03,,0,0,0,0,0.0492558626207468,0.0729420698874087,0.0492558626207468,0,1,neutro,0.0236784831343073,0.031174722281719,0.0273579632282999,V7,0.0
2026-04-01,Previa,0.0,0.0,8.881784197001252e-16,0.0,0.0130929753571457,0.0052371901428582,0.0,0.0351185950714292,0.0140474380285716,3,1.0,1.0,0.0,3,0,1,0,3,1,1,1.0,0,0,0,0,0.0,0.0,0.0,V7,0,2026-04,,0,0,0,0,0.0,0.0,0.0,0,0,sin_switch,0.0278623173780897,0.0296183648054836,0.028470588489307,V7,0.0
2026-04-01,Primera,0.0,0.0072928622717576,0.0059938880713452,0.0,0.0053605369642814,0.0072178738319842,0.0,0.0320721073928563,0.0289255515348288,8,1.0,1.0,0.0,10,0,2,8,8,2,1,0.8,0,0,0,0,0.0423964678372174,0.0519033131955313,0.0218100234923137,V7,0,2026-04,,0,0,0,0,0.0095068453583139,0.0519033131955313,0.0300932897032175,0,0,sin_switch,0.0367294230130053,0.0367294230130053,0.0383907124342304,V7,0.0
2026-04-01,Matutino,0.430310204708153,0.4371152484489409,0.132405246454099,0.0,0.0053605369642814,0.0072178738319842,0.0,0.0156666666666666,0.0160923103642218,8,1.0,0.6666666666666666,0.0,9,1,2,9,6,2,1,0.0,0,0,0,0,0.0239497196474717,0.0260068932186948,0.0,V7,0,2026-04,,0,0,0,0,0.0020571735712231,0.0260068932186948,0.0260068932186948,0,0,sin_switch,0.0282593990014523,0.0282593990014523,0.0390954899946276,V13,0.0
2026-04-01,Vespertino,0.0,0.0380882777889661,0.0173609306888772,0.0,0.0486468447555079,0.0217448254718124,0.0,0.0322875625083857,0.0386979760738878,6,0.8333333333333334,1.0,0.0,8,0,4,7,1,4,2,0.625,0,0,0,0,0.0292880035276124,0.0509728334222414,0.0502282463138129,V7,0,2026-04,,0,0,0,0,0.0216848298946289,0.0509728334222414,0.0216848298946289,0,0,sin_switch,0.0258932514491622,0.0307102583287323,0.024066581366379,V7,0.0
2026-04-01,Nocturno,0.0,0.054306882113293,0.0306822175485323,0.0,0.05125,0.0261189822348769,0.0279999999999999,0.0539999999999999,0.0254566297847928,8,0.875,0.8,0.0,10,0,5,8,6,4,2,0.4,0,0,0,0,0.024076969266053,0.0433535521195616,0.0462719663145896,V7,0,2026-04,,0,0,0,0,0.0221949970485366,0.0462719663145896,0.0221949970485366,0,0,sin_switch,0.0223161730039891,0.0248211619942692,0.0289103255928443,V7,0.0
2026-04-04,Primera,0.1111295302540966,0.1111295302540966,0.0356716106830781,0.0053605369642814,0.0184535123214271,0.0140497267235547,0.0285721073928564,0.0861907024642856,0.0666906939980291,8,0.0,0.5,0.0,8,1,1,8,8,1,1,0.0,0,0,0,0,0.0377542489160935,0.0,0.0,V7,0,2026-04,,0,0,0,0,0.0,0.0377542489160935,0.0377542489160935,0,0,sin_switch,0.0218728346187802,0.0218728346187802,0.0261448700755745,V7,0.0
2026-04-04,Matutino,0.0,0.0039881056670436,0.0080960258976874,0.0,0.0017868456547605,0.0023982715093737,0.0,0.0,0.0,1,0.0,0.6666666666666666,1.0,4,2,1,4,4,2,2,0.0,0,0,0,0,0.0,0.022726115559303,0.022726115559303,V7,0,2026-04,,0,0,0,0,0.022726115559303,0.022726115559303,0.022726115559303,0,0,sin_switch,0.0330383664619615,0.0308365439176387,0.0190132888797734,V7,0.0
2026-04-04,Vespertino,0.0,0.0726446227105057,0.030535565835857,0.0,0.0029843002205017,0.0045314207155448,0.0,0.0594031399558997,0.0242185467272941,5,0.0,0.75,0.2,6,2,2,6,4,3,1,0.0,0,0,1,1,0.0,0.0279938925988888,0.0279938925988888,V7,0,2026-04,,1,0,0,1,0.0279938925988888,0.0279938925988888,0.0279938925988888,0,0,sin_switch,0.0220424174866488,0.0246193226302263,0.0132158977205134,V7,0.0
2026-04-04,Nocturno,0.0,0.01079947486242,0.0076666172234166,0.0,0.0114378125419288,0.0049131156114567,0.0,0.0084999999999999,0.0141069039089435,9,0.0,0.8,0.0,9,2,3,9,6,3,1,0.0,0,0,0,0,0.0290264540588355,0.0700913708330855,0.0269337618035714,V8,0,2026-04,,0,0,0,0,0.04106491677425,0.0700913708330855,0.0431576090295141,1,0,neutro,0.0189921564240411,0.0223051479815103,0.0107900309144145,V7,0.0
2026-04-06,Primera,0.0338919144154887,0.3216971481945325,0.140067165278035,0.0,0.0053605369642814,0.0067791155682886,0.0,0.0285721073928564,0.0319761507375638,10,0.0,0.5,0.0,10,1,1,10,10,1,1,0.0,0,0,0,0,0.0801910884224954,0.0818589392936135,0.0301842068077814,V7,0,2026-04,,0,0,0,0,0.0016678508711181,0.0818589392936135,0.0516747324858321,0,0,sin_switch,0.0271968885031688,0.0245358866072912,0.0162066131496308,V7,0.0
2026-04-06,Matutino,0.0,0.1683347390902874,0.0833879008834543,0.0,0.00625,0.002783882181415,0.0,0.0,0.0,8,0.0,0.6666666666666666,0.125,14,1,2,14,12,2,1,0.0,0,0,0,0,0.1062016156358705,0.1308799386455036,0.0563157557487928,V7,0,2026-04,,0,0,0,0,0.0246783230096331,0.1308799386455036,0.0745641828967108,0,0,sin_switch,0.0259548322969167,0.0255852374444398,0.0214531942089813,V7,0.0
2026-04-06,Vespertino,0.0,0.0053412557049803,0.0129213514330286,0.0003267014308178,0.0198068795196592,0.0109497899738025,0.1542875625083858,0.1892875625083857,0.0580661718975252,18,0.0,0.75,0.1111111111111111,18,1,3,18,4,3,1,0.0,0,0,0,0,0.0,0.0262372620226229,0.0262372620226229,V7,0,2026-04,,0,0,0,0,0.0262372620226229,0.0262372620226229,0.0262372620226229,0,0,sin_switch,0.0198085141357412,0.0198016731772838,0.0192227863588272,V7,0.0
2026-04-06,Nocturno,0.0,0.0,0.0178921164840716,0.0075,0.0107176798214242,0.0037563565111155,0.0,0.025,0.026095725656385,8,0.0,0.8,0.25,8,1,4,8,2,4,2,0.0,0,0,0,0,0.0,0.0468543617627489,0.0481412926299752,V9,0,2026-04,,0,0,0,0,0.0481412926299752,0.0481412926299752,0.0481412926299752,0,1,neutro,0.0162078459413129,0.0312867549539971,0.020814372290888,V11,0.0
2026-04-07,Previa,0.0,0.0162186043243259,0.0551017251320512,0.0,0.0082978116426765,0.0082610225436217,0.0,0.0016595623285352,0.0174692591163196,5,1.0,1.0,0.0,5,0,1,0,5,1,1,1.0,0,0,0,0,0.021575633294999,0.0,0.0,V7,0,2026-04,,0,0,0,0,0.0,0.021575633294999,0.021575633294999,0,0,sin_switch,0.0399236574150092,0.0416889301547409,0.0402530792326151,V7,0.0
2026-04-07,Primera,0.0134588894648484,0.2998282226890287,0.2015588555380054,0.0062499999999999,0.0124999999999999,0.0052101529739106,0.0,0.0141176470588234,0.0316264663949483,8,1.0,1.0,0.25,14,0,2,12,12,2,1,1.0,0,0,1,0,0.0471312715313978,0.0793326314619101,0.0249059414758565,V8,1,2026-04,,0,0,1,0,0.0322013599305122,0.0793326314619101,0.0544266899860535,1,0,ganador,0.0202260030934607,0.0145316561205328,0.0296525043105482,V7,0.0
2026-04-07,Matutino,0.0,0.0235114665960844,0.0891300726709486,0.0062499999999999,0.0124999999999999,0.0089213690692931,0.0,0.0342857142857142,0.0253689318866982,8,1.0,0.6666666666666666,0.25,21,0,3,20,4,3,1,0.7142857142857143,0,0,0,0,0.0243602723465913,0.0243602723465913,0.0246319578031361,V7,0,2026-04,,0,0,0,0,0.0002716854565447,0.0246319578031361,0.0002716854565447,0,0,sin_switch,0.0284817810865279,0.0312730370781259,0.0308443597093284,V7,0.0
2026-04-07,Vespertino,0.0,0.0,0.0271044301300264,0.0062499999999999,0.0124999999999999,0.0111094984923632,0.0,0.0782875625083857,0.0485977124006333,8,1.0,0.5,0.25,20,0,4,19,4,4,1,0.05,0,0,0,0,0.0224642073569446,0.0,0.0222818313274875,V7,0,2026-04,,0,0,0,0,0.0,0.0224642073569446,0.0224642073569446,0,0,sin_switch,0.0300971325369281,0.035951679390549,0.029790854976276,V7,0.0
2026-04-07,Nocturno,0.0,0.0,0.0032608565999613,0.0062499999999999,0.0124999999999999,0.0111094984923632,0.0,0.045,0.042039260136889,8,1.0,0.4,0.25,8,0,5,6,4,4,2,0.5,0,0,0,0,0.0,0.0486795475191466,0.0220866802839047,V8,0,2026-04,,0,0,0,0,0.0486795475191466,0.0486795475191466,0.0486795475191466,1,0,neutro,0.0265799896431264,0.0289577168738834,0.0115618350406404,V7,0.0
2026-04-08,Previa,0.12760878509527,0.12760878509527,0.0416159964075647,0.0,0.0254692121009253,0.0153774636018768,0.0,0.037593842420185,0.0273452127606867,6,1.0,1.0,0.0,6,0,1,0,6,1,1,1.0,0,0,0,0,0.0228321182569516,0.0,0.0,V7,0,2026-04,,0,0,0,0,0.0,0.0228321182569516,0.0228321182569516,0,0,sin_switch,0.0290191180419055,0.0290191180419055,0.037146268476873,V7,0.0
2026-04-08,Primera,0.4918754791732187,0.4952871206241438,0.1503305315531367,0.0114378125419289,0.0184535123214272,0.005763353321066,0.0,0.0494031399558996,0.0358338571177501,2,1.0,1.0,1.0,6,0,2,4,4,2,1,1.0,0,0,0,0,0.0209669238772819,0.0467125262323571,0.0,V7,0,2026-04,,0,0,0,0,0.0257456023550752,0.0467125262323571,0.0467125262323571,0,0,sin_switch,0.0328595197857575,0.0328595197857575,0.0519761558266265,V13,0.0
2026-04-08,Matutino,0.0,0.0162186043243259,0.007945460986939,0.0,0.0070156997794982,0.0036418643365445,0.0,0.0334999999999999,0.020692080442335,6,1.0,0.6666666666666666,0.0,5,0,3,3,3,3,2,0.4,0,0,0,0,0.0220735343258551,0.068990969539059,0.02247708815141,V8,0,2026-04,,0,0,0,0,0.0469174352132039,0.068990969539059,0.0469174352132039,1,0,neutro,0.0217791074879078,0.0278442785885892,0.0104851329247269,V7,0.0
2026-04-08,Vespertino,0.0336373899393631,0.0425631319919315,0.0142046745795642,0.0,0.0070156997794982,0.004755490971207,0.0,0.0997875625083858,0.0463360776445151,6,1.0,0.5,0.0,8,0,4,7,6,4,1,0.125,0,0,0,0,0.0,0.0254655155325783,0.0,V7,0,2026-04,,0,0,0,0,0.0254655155325783,0.0254655155325783,0.0254655155325783,0,0,sin_switch,0.0150553832910438,0.0203361413107578,0.0224674693999433,V7,0.0
2026-04-08,Nocturno,0.0,0.0011218170824447,0.0117509416586136,0.0,0.0088025454342586,0.0059574008588557,0.0,0.0719993211785723,0.0382291276170312,6,1.0,0.4,0.0,7,0,5,6,3,4,2,0.5714285714285714,0,0,0,0,0.0219647891573886,0.0651106825363184,0.044274242131638,V8,0,2026-04,,0,0,0,0,0.0431458933789297,0.0651106825363184,0.0431458933789297,1,0,neutro,0.0221152534991657,0.0242486302776083,0.0114116036596645,V7,0.0
2026-04-09,Previa,0.0,0.0,0.0297229577777039,0.0,0.0254692121009253,0.0101876848403701,0.0,0.037593842420185,0.015037536968074,6,1.0,1.0,0.0,6,0,1,0,6,1,1,1.0,0,0,0,0,0.0199764056532154,0.0,0.0,V7,0,2026-04,,0,0,0,0,0.0,0.0199764056532154,0.0199764056532154,0,0,sin_switch,0.0324042525922473,0.0324042525922473,0.0373698995082683,V7,0.0
2026-04-09,Primera,0.0,0.0,0.0015154884425706,0.0142513239641036,0.0184535123214271,0.0056230417635749,0.0586907024642855,0.1803502647928206,0.0682773134297248,12,1.0,1.0,0.0,12,0,2,6,6,2,1,1.0,0,0,0,0,0.0532913651257261,0.0262509843490031,0.0262509843490031,V7,0,2026-04,,0,0,0,0,0.0,0.0532913651257261,0.027040380776723,0,0,sin_switch,0.0220865900327309,0.0220865900327309,0.0313190897742172,V7,0.0
2026-04-09,Matutino,0.0047113214262557,0.010052577131236,0.0064244661491745,0.0142513239641036,0.0184535123214271,0.0080977683869209,0.0,0.0879755116547627,0.0370422687079612,12,1.0,0.6666666666666666,0.0,7,0,3,6,2,3,1,0.7142857142857143,0,0,0,0,0.0239005796026588,0.0478612275135175,0.0246650800723774,V7,0,2026-04,,0,0,0,0,0.0239606479108587,0.0478612275135175,0.0239606479108587,0,0,sin_switch,0.0266106122298814,0.0292348252154192,0.0333001232664107,V7,0.0
2026-04-09,Vespertino,0.0,0.0007914447775219,0.0003165779110087,0.0142513239641036,0.0184535123214271,0.0080977683869209,0.0,0.1046435359642848,0.06065137543853,12,1.0,0.5,0.0,8,0,4,7,1,4,1,0.625,0,0,0,1,0.0253380782247868,0.0240782074002843,0.0227647440183155,V7,0,2026-04,,0,0,0,0,0.0,0.0253380782247868,0.0025733342064713,0,0,sin_switch,0.0207119838430218,0.0232185691718971,0.0286435047518123,V7,0.0
2026-04-09,Nocturno,0.0,0.2377727412811614,0.1633502422833661,0.0142513239641036,0.0184535123214271,0.0080977683869209,0.0,0.0851666666666666,0.0462642330574198,12,1.0,0.4,0.0,9,0,5,8,1,5,1,0.5555555555555556,0,0,0,0,0.0479512379188964,0.0484239917033294,0.0,V7,0,2026-04,,0,0,0,0,0.000472753784433,0.0484239917033294,0.0484239917033294,0,0,sin_switch,0.0237957697773068,0.0263482001304383,0.0286781839927597,V7,0.0
2026-04-10,Previa,0.0,0.0,0.0141678204895984,0.0,0.0,0.0,0.0,0.0,0.0,2,1.0,1.0,0.0,2,0,1,0,2,1,1,1.0,0,0,0,0,0.0,0.0364713817624144,0.0364713817624144,V8,0,2026-04,,0,0,0,0,0.0364713817624144,0.0364713817624144,0.0364713817624144,1,0,neutro,0.0382599190340028,0.044028343114351,0.0278818030423137,V7,0.0
2026-04-10,Primera,0.0,0.0134588894648484,0.0088541851985711,0.0031044792085956,0.0031044792085956,0.0062458245553423,0.0,0.048076923076923,0.0309518651160193,2,1.0,1.0,1.0,13,0,2,11,11,2,1,0.6923076923076923,0,0,0,0,0.0226806849479337,0.0446121303271013,0.0226806849479337,V7,0,2026-04,,0,0,0,0,0.0219314453791675,0.0446121303271013,0.0219314453791675,0,0,sin_switch,0.0354493994650071,0.0354493994650071,0.0334063041439002,V7,0.0
2026-04-10,Matutino,0.0,0.0061660271930907,0.0602430713727015,0.0031044792085956,0.0031044792085956,0.0062458245553423,0.0,0.1064210145428214,0.0445662425051559,2,1.0,0.6666666666666666,1.0,7,0,3,6,6,3,2,0.1428571428571428,0,0,0,0,0.0230308598376088,0.0,0.0472261725852086,V7,0,2026-04,,0,0,0,0,0.0241953127475998,0.0472261725852086,0.0472261725852086,0,0,sin_switch,0.0316217582067603,0.0338848528759584,0.0334249017054354,V7,0.0
2026-04-10,Vespertino,0.5230130078465418,0.5473102741060805,0.1643014337696849,0.0031044792085955,0.0142513239641036,0.0079353289067903,0.0,0.0204545454545453,0.0343642376089777,2,1.0,0.5,1.0,11,0,4,9,5,4,2,0.5454545454545454,0,0,0,0,0.0,0.0756747450379907,0.0268920708427634,V8,0,2026-04,,0,0,0,0,0.0756747450379907,0.0756747450379907,0.0756747450379907,1,0,neutro,0.022541391933712,0.0201271584234877,0.0266323991051726,V7,0.0
2026-04-10,Nocturno,0.0,0.0022214379794975,0.0036430734668422,0.0249999999999999,0.0249999999999999,0.0095713165183391,0.0,0.0424999999999999,0.0290321857965311,2,1.0,0.4,1.0,10,0,5,9,5,4,2,0.5,0,0,0,0,0.023891535833295,0.0,0.0599455547425036,V9,0,2026-04,,0,0,0,0,0.0360540189092086,0.0599455547425036,0.0599455547425036,0,1,neutro,0.0299446332127422,0.0356698608027973,0.03253289419166,V7,0.0
2026-04-11,Previa,0.0,0.0134588894648484,0.0313698872870505,0.0,0.0114378125419288,0.0067515672819485,0.0,0.0022875625083857,0.0013503134563897,8,1.0,1.0,0.0,8,0,1,0,8,1,1,1.0,0,0,0,0,0.0305541813771704,0.0,0.0,V7,0,2026-04,,0,0,0,0,0.0,0.0305541813771704,0.0305541813771704,0,0,sin_switch,0.036024842128162,0.036024842128162,0.0403953185467117,V7,0.0
2026-04-11,Primera,0.0,0.0277258872223979,0.0118479629817228,0.0,0.0017823201785757,0.0053839083074629,0.0,0.0314278926071437,0.0207534211441841,7,1.0,1.0,0.1428571428571428,7,1,1,7,7,2,2,1.0,0,0,0,0,0.0957231036034197,0.045877670336091,0.021499917981722,V7,0,2026-04,,0,0,0,0,0.0,0.0957231036034197,0.0742231856216977,0,0,sin_switch,0.0275663227361914,0.0275663227361914,0.0364868441761148,V7,0.0
2026-04-11,Matutino,0.0338919144154887,0.3321520591171252,0.1485053567358254,0.0,0.0374999999999999,0.0174784934067406,0.0,0.035142630869048,0.0138358027064714,8,0.875,1.0,0.125,5,0,3,3,3,3,2,0.4,0,0,0,0,0.05048287011113,0.0480811456000222,0.0224746072211799,V7,0,2026-04,,0,0,0,0,0.0,0.05048287011113,0.0280082628899501,0,0,sin_switch,0.0317214832767993,0.0317214832767993,0.0334831223318993,V7,0.0
2026-04-11,Vespertino,0.0,0.0162186043243259,0.018324508400856,0.0,0.0215464876785728,0.0108197346601512,0.0,0.0442863931071421,0.0221246392262184,5,0.8,1.0,0.0,8,0,4,5,3,4,1,0.375,0,0,0,0,0.0,0.0266718430819997,0.0581809159745595,V9,0,2026-04,,0,0,0,0,0.0581809159745595,0.0581809159745595,0.0581809159745595,0,1,neutro,0.0210507836518189,0.0315659112977423,0.0256053188756809,V11,0.0
2026-04-11,Nocturno,0.0,0.1106783837666371,0.0621730672434158,0.0,0.0053605369642814,0.0050004548700256,0.0,0.058118595071429,0.0252813864104628,8,1.0,0.4,0.0,7,1,4,7,4,3,1,0.0,0,0,0,0,0.0,0.073615737248718,0.0215072944085566,V8,0,2026-04,,0,0,0,0,0.073615737248718,0.073615737248718,0.073615737248718,1,0,neutro,0.0117000176081469,0.0184173987311102,0.0166876885829503,V7,0.0
2026-04-13,Primera,0.0,0.0,0.0085304262043721,0.0,0.0082978116426765,0.0082610225436217,0.0,0.0291595623285352,0.0413082372933945,5,0.0,0.5,0.0,5,1,1,5,5,1,1,0.0,0,0,0,0,0.0,0.0143521173664622,0.0143521173664622,V7,0,2026-04,,0,0,0,0,0.0143521173664622,0.0143521173664622,0.0143521173664622,0,0,sin_switch,0.025675444902398,0.025675444902398,0.0214136907679009,V7,0.0
2026-04-13,Matutino,0.1495345939204586,0.154875849625439,0.047979127046927,0.0,0.0116105369642814,0.0060329596586221,0.0,0.0019542291750525,0.0187554577487186,8,0.0,0.6666666666666666,0.125,8,2,1,8,8,2,2,0.0,0,0,0,0,0.0215877810091352,0.0206511267117571,0.0,V7,0,2026-04,,0,0,0,0,0.0,0.0215877810091352,0.0215877810091352,0,0,sin_switch,0.0218329607975229,0.0221623360930241,0.0154027312650029,V7,0.0
2026-04-13,Vespertino,0.0,0.0733939848910401,0.0610191021633031,0.0044444444444444,0.0082176798214242,0.0032740258772236,0.0,0.0285721073928564,0.0266161453956945,10,0.0,0.75,0.2,10,1,3,10,5,3,1,0.0,0,0,0,0,0.0395467089288284,0.0767253425093442,0.0284760337076087,V8,0,2026-04,,0,0,0,0,0.0371786335805157,0.0767253425093442,0.0482493088017354,1,0,neutro,0.0194410222019728,0.0220536549617156,0.0129995948714724,V7,0.0
2026-04-13,Nocturno,0.0,0.1836128485643655,0.0765852521834447,0.0,0.0055555555555555,0.0024947654616623,0.0,0.0324999999999999,0.0223546228142941,9,0.0,0.8,0.1111111111111111,9,1,4,9,2,4,1,0.0,0,0,0,0,0.0,0.0525894322254193,0.0323532053000769,V8,0,2026-04,,0,0,0,0,0.0525894322254193,0.0525894322254193,0.0525894322254193,1,0,neutro,0.020531521172781,0.0230194917894834,0.0108768874504403,V7,0.0
2026-04-14,Previa,0.0,0.0,0.0,0.0,0.0,0.0,0.0,0.0,0.0,2,1.0,1.0,0.0,2,0,1,0,2,1,1,1.0,0,1,0,0,0.0,0.0285689383382655,0.0285689383382655,V7,1,2026-04,,1,1,1,1,0.0285689383382655,0.0285689383382655,0.0285689383382655,0,0,sin_switch,0.0336719595009207,0.0341174609152989,0.0190567186059184,V7,1.0
2026-04-14,Primera,0.0,0.0,0.0,0.0114378125419289,0.0184535123214272,0.0055706995292271,0.0,0.0645968600441003,0.0392124574796333,2,1.0,1.0,1.0,5,0,2,4,4,2,1,0.8,0,0,0,0,0.0622012992325757,0.0399056695991766,0.0432087743788965,V7,0,2026-04,,0,0,0,0,0.0,0.0622012992325757,0.0222956296333991,0,0,sin_switch,0.0351660420237417,0.0351660420237417,0.037293950327215,V7,0.0
2026-04-14,Matutino,0.0166399787967366,0.0166399787967366,0.0051004635700565,0.0114378125419289,0.0184535123214272,0.0055706995292271,0.0,0.0220311401357501,0.0164207209955256,2,1.0,0.6666666666666666,1.0,4,0,3,2,2,3,2,0.5,0,0,0,0,0.0266416669046305,0.0289258237144467,0.057332752564019,V9,0,2026-04,,0,0,0,0,0.0306910856593885,0.057332752564019,0.0306910856593885,0,1,neutro,0.0338414898742316,0.0341961842870256,0.028168519254582,V7,0.0
2026-04-14,Vespertino,0.0,0.465569207726908,0.1834428742026824,0.0114378125419288,0.0184535123214271,0.0055706995292271,0.0,0.0049999999999998,0.0250158289025092,2,1.0,0.5,1.0,6,0,4,4,2,4,2,0.6666666666666666,0,0,0,0,0.0237462579161744,0.0600410325843824,0.0271448094420198,V8,0,2026-04,,0,0,0,0,0.036294774668208,0.0600410325843824,0.036294774668208,1,0,neutro,0.0384254413641107,0.0360756676753536,0.0273538597070298,V7,0.0
2026-04-14,Nocturno,0.0,0.0641119596805008,0.0273170849478272,0.0114378125419288,0.0184535123214271,0.005900816995199,0.0,0.0846666666666665,0.0498749239267165,2,1.0,0.4,1.0,10,0,5,8,6,3,1,0.2,0,0,0,0,0.0211905082658457,0.0,0.0800583328339387,V9,0,2026-04,,0,0,0,0,0.058867824568093,0.0800583328339387,0.0800583328339387,0,1,neutro,0.0253930163319175,0.0331749067463393,0.0337966959729015,V7,0.0
2026-04-15,Previa,0.0937168706797813,0.1022037882015283,0.0316735359569883,0.0153135114221747,0.0153135114221747,0.0057877593867312,0.0030627022844349,0.0030627022844349,0.0105012071985923,6,1.0,1.0,0.0,6,0,1,0,6,1,1,1.0,0,0,0,0,0.0529353846862537,0.0,0.0,V7,0,2026-04,,0,0,0,0,0.0,0.0529353846862537,0.0529353846862537,0,0,sin_switch,0.0303356128318319,0.0303356128318319,0.0342149052357957,V7,0.0
2026-04-15,Primera,0.1654253745082705,0.1769326574063425,0.0533275180325862,0.0,0.0081044792085955,0.0066201094780111,0.0,0.0297875625083858,0.0326466360761594,10,1.0,1.0,0.1,10,0,2,6,6,2,1,1.0,0,0,0,0,0.071684670105187,0.0521681294842018,0.0229510272977968,V7,0,2026-04,,0,0,0,0,0.0,0.071684670105187,0.0487336428073902,0,0,sin_switch,0.0225144673182056,0.0225144673182056,0.040665203327732,V13,0.0
2026-04-15,Matutino,0.0,0.0072928622717576,0.0064378407644288,0.0,0.0081044792085955,0.0066201094780111,0.0,0.0629830685405127,0.0318099694877088,10,1.0,0.6666666666666666,0.1,4,0,3,3,3,3,2,0.25,0,1,0,0,0.0,0.0745270149423604,0.0,V8,0,2026-04,,0,1,0,0,0.0745270149423604,0.0745270149423604,0.0745270149423604,1,0,perdedor,0.0160943531940737,0.0220000661269782,0.0178097198624016,V7,1.0
2026-04-15,Vespertino,0.0086018725596224,0.0256062765474034,0.0167952925876606,0.0031044792085955,0.0114378125419288,0.0081032579738007,0.0,0.1050000000000001,0.0512812509038626,2,1.0,0.5,1.0,12,0,4,8,2,3,1,0.8333333333333334,0,0,0,0,0.0227816067395723,0.0,0.0743776138585284,V9,0,2026-04,,0,0,0,0,0.051596007118956,0.0743776138585284,0.0743776138585284,0,1,neutro,0.0302450699117151,0.037663371738009,0.0312348208831412,V7,0.0
2026-04-15,Nocturno,0.067318405742605,0.083537010066931,0.0696589908120541,0.0202403579761875,0.0267513239641036,0.0130207535046436,0.0,0.0133333333333333,0.0104411578753401,2,1.0,0.4,1.0,9,0,5,8,4,4,2,0.4444444444444444,0,0,0,0,0.0259684441800096,0.0238841306147612,0.0789499091826628,V9,0,2026-04,,0,0,0,0,0.0529814650026532,0.0789499091826628,0.0550657785679015,0,1,neutro,0.0276672717469206,0.0323733013641541,0.0251833186881852,V7,0.0
2026-04-16,Previa,0.0,0.0,0.0,0.0,0.0,0.0,0.0,0.0,0.0,2,1.0,1.0,0.0,2,0,1,0,2,1,1,1.0,0,0,0,0,0.0,0.0285689383382655,0.0285689383382655,V7,0,2026-04,,0,0,0,0,0.0285689383382655,0.0285689383382655,0.0285689383382655,0,0,sin_switch,0.0336719595009207,0.0341174609152989,0.0190567186059184,V7,0.0
2026-04-16,Primera,0.0204330249506403,0.169967618871099,0.0762593758124176,0.0142513239641037,0.0184535123214272,0.005511027768307,0.0303502647928206,0.0323814049285707,0.0156588947393223,2,1.0,1.0,1.0,12,1,1,12,12,2,2,0.5,0,0,0,0,0.0507524908947324,0.0242407503810035,0.0242407503810035,V7,0,2026-04,,0,0,0,0,0.0,0.0507524908947324,0.0265117405137288,0,0,sin_switch,0.0264550543885006,0.0264550543885006,0.0371897501384611,V13,0.0
2026-04-16,Matutino,0.0,0.2934179617702934,0.1694809474536006,0.0,0.0042021883573234,0.0019841586786442,0.0,0.1191666666666666,0.0557048281098263,4,1.0,0.6666666666666666,0.25,8,0,3,7,6,3,1,0.25,0,0,0,0,0.0256645033501192,0.0,0.0,V7,0,2026-04,,0,0,0,0,0.0,0.0256645033501192,0.0256645033501192,0,0,sin_switch,0.0186601336093973,0.0186601336093973,0.0261318346781213,V7,0.0
2026-04-16,Vespertino,0.0,0.0,0.0100100970061252,0.0,0.0457978116426764,0.0192515065908908,0.0,0.0131435359642849,0.0181915940354471,5,0.8,1.0,0.2,10,1,3,10,7,4,2,0.3,0,0,0,0,0.0457852539549972,0.0452243505391401,0.0447460887562261,V7,0,2026-04,,0,0,0,0,0.0,0.0457852539549972,0.001039165198771,0,0,sin_switch,0.023517121586997,0.023517121586997,0.0267454483670749,V7,0.0
2026-04-16,Nocturno,0.0,0.0077190412739556,0.0051071301630014,0.0,0.02,0.0126512427848077,0.0,0.0656835981261541,0.032464516563817,5,0.8,0.8,0.2,9,1,4,9,5,5,2,0.1111111111111111,0,0,0,0,0.0476642292810154,0.050030417999019,0.0508135373595716,V7,0,2026-04,,0,0,0,0,0.0031493080785561,0.0508135373595716,0.0031493080785561,0,0,sin_switch,0.0262909107247852,0.0262909107247852,0.0219594875565933,V7,0.0
2026-04-17,Previa,0.0,0.0223846315174167,0.0191642543156849,0.0053605369642814,0.0114378125419288,0.0066151129955127,0.0010721073928563,0.0022875625083857,0.0013230225991025,8,1.0,1.0,0.0,8,0,1,0,8,1,1,1.0,0,0,0,0,0.0477938630654617,0.0,0.0,V7,0,2026-04,,0,0,0,0,0.0,0.0477938630654617,0.0477938630654617,0,0,sin_switch,0.0313340777024822,0.0313340777024822,0.0378828666758665,V7,0.0
2026-04-17,Primera,0.7059224953799754,0.7059224953799754,0.2283815636558204,0.0,0.0030929753571456,0.0034729137688018,0.0,0.0026185950714291,0.0386235777038166,7,1.0,1.0,0.0,7,0,2,4,4,2,1,1.0,0,0,1,1,0.0218648546321724,0.0269985203930697,0.0216716810023499,V7,0,2026-04,,0,0,0,0,0.0051336657608972,0.0269985203930697,0.0053268393907198,0,0,sin_switch,0.0323553102764619,0.0323553102764619,0.0450440893614095,V13,0.0
2026-04-17,Matutino,0.0047113214262552,0.7101446144708636,0.3520911686363465,0.0,0.0030929753571456,0.0034729137688018,0.0,0.0409031399558997,0.0208152597389861,7,1.0,0.6666666666666666,0.0,6,0,3,5,3,3,1,0.5,0,0,0,0,0.0460209784946029,0.0,0.0,V7,0,2026-04,,1,0,0,1,0.0,0.0460209784946029,0.0460209784946029,0,0,sin_switch,0.0282773030974945,0.0282773030974945,0.0417174121403503,V13,1.0
2026-04-17,Vespertino,0.0,0.0089257420525683,0.013921528831071,0.0,0.0030929753571456,0.004012712831552,0.0,0.042,0.0443486608773655,7,1.0,0.5,0.0,10,1,3,10,4,3,1,0.6,0,0,0,0,0.0239163683426034,0.0906032597487946,0.0508409071683099,V8,0,2026-04,,0,0,0,0,0.0666868914061912,0.0906032597487946,0.0666868914061912,1,0,neutro,0.0164192725711568,0.0211857651854634,0.0171659217949314,V7,0.0
2026-04-17,Nocturno,0.0134588894648484,0.5562360161586488,0.2689514034946488,0.0,0.0030929753571456,0.0032470750707673,0.0,0.0695638716856786,0.030081231557122,7,1.0,0.4,0.0,7,0,5,6,2,4,1,0.2857142857142857,0,0,0,0,0.0227259017001643,0.0449710507457528,0.0,V7,0,2026-04,,0,0,0,0,0.0222451490455884,0.0449710507457528,0.0449710507457528,0,0,sin_switch,0.0238885965085456,0.0264487644450446,0.0259635899949755,V7,0.0
2026-04-18,Previa,0.0,0.008486917521747,0.0131522239119224,0.0,0.0232486760358963,0.0092994704143585,0.0,0.0696497352071793,0.0278598940828717,4,1.0,1.0,0.0,4,0,1,0,4,1,1,1.0,0,0,0,0,0.0,0.0,0.0,V7,0,2026-04,,0,0,0,0,0.0,0.0,0.0,0,0,sin_switch,0.023604998550507,0.023604998550507,0.0314533412711919,V7,0.0
2026-04-18,Primera,0.0,0.0366516292749663,0.0415943549262211,0.0,0.0031044792085956,0.0082202155814801,0.0,0.0328578216785706,0.0190471189966374,2,1.0,1.0,1.0,8,0,2,7,7,2,1,0.75,0,0,0,0,0.0438150547906968,0.023087858269104,0.0461474432855642,V7,0,2026-04,,0,0,0,0,0.0023323884948674,0.0461474432855642,0.0230595850164602,0,0,sin_switch,0.0413804678784848,0.0389476575698355,0.0387607848456451,V7,0.0
2026-04-18,Matutino,0.0049345919533774,0.0134588894648484,0.0386592775193116,0.0,0.0114378125419289,0.0082108731292942,0.0,0.1548502647928207,0.0731309672347656,2,1.0,0.6666666666666666,1.0,10,0,3,9,2,3,1,0.6,0,0,0,0,0.0,0.0,0.0456561319835988,V9,0,2026-04,,0,0,0,0,0.0456561319835988,0.0456561319835988,0.0456561319835988,0,1,neutro,0.0254392050053921,0.0340412817232592,0.0430094182631723,V13,0.0
2026-04-18,Vespertino,0.0,0.0162186043243259,0.0294589088837674,0.0,0.0114378125419288,0.0091360777013494,0.002,0.0090454545454546,0.0262343940514512,2,1.0,0.5,1.0,10,0,4,8,2,3,1,0.6,0,0,0,0,0.0351035645640241,0.0244173044379015,0.0983506279136456,V9,0,2026-04,,0,0,0,0,0.0632470633496214,0.0983506279136456,0.0739333234757441,0,1,neutro,0.0301728163472178,0.0334785104898595,0.0285505509161005,V7,0.0
2026-04-18,Nocturno,0.0,0.1249408032115839,0.1096672744242694,0.0,0.0249999999999999,0.012679527027792,0.0,0.0937863931071421,0.0952127850711116,2,1.0,0.4,1.0,10,0,5,8,4,4,2,0.6,0,0,0,0,0.0,0.0,0.023957372355432,V7,0,2026-04,,0,0,0,0,0.023957372355432,0.023957372355432,0.023957372355432,0,0,sin_switch,0.0318424513459874,0.0346920296019708,0.0348568813976634,V7,0.0
2026-04-20,Primera,0.0,0.0,0.0,0.0,0.0,0.0,0.0,0.0,5.551115123125783e-17,2,0.0,0.5,0.0,2,1,1,2,2,1,1,0.0,0,0,0,0,0.0,0.0130689037433996,0.0130689037433996,V7,0,2026-04,,0,0,0,0,0.0130689037433996,0.0130689037433996,0.0130689037433996,0,0,sin_switch,0.0317568711520013,0.0335671443579006,0.0187484311240045,V7,0.0
2026-04-20,Matutino,0.0,0.011507282898072,0.0118378400812224,0.0166666666666666,0.0236823664461648,0.0073680865033956,0.0,0.0352293689511016,0.0186104121824131,6,0.0,0.6666666666666666,0.3333333333333333,6,2,1,6,6,2,2,0.0,0,0,0,0,0.0,0.0,0.0,V7,0,2026-04,,0,0,0,0,0.0,0.0,0.0,0,0,sin_switch,0.0196118310941153,0.0222644444999874,0.0164798146488476,V7,0.0
2026-04-20,Vespertino,0.0,0.1196041258192055,0.0571637125859612,0.0,0.0105893910890191,0.0061845654524894,0.0,0.0039031399558996,0.0144202440708182,6,0.0,0.75,0.3333333333333333,6,1,3,6,4,3,1,0.0,0,0,0,0,0.0,0.0371966823723245,0.0371966823723245,V8,0,2026-04,,0,0,0,0,0.0371966823723245,0.0371966823723245,0.0371966823723245,1,0,neutro,0.0229698274622101,0.0308547215989337,0.0129862554742124,V7,0.0
2026-04-20,Nocturno,0.0,0.0750502085940691,0.0292531061535532,0.0,0.01,0.0048216133247598,0.0,0.0647875625083858,0.0370688600940772,10,0.0,0.8,0.2,10,1,4,10,4,4,1,0.0,0,0,0,0,0.0193229230439771,0.0479827173380336,0.0262958705060079,V7,0,2026-04,,0,0,0,0,0.0286597942940565,0.0479827173380336,0.0286597942940565,0,0,sin_switch,0.0147882240517549,0.0201418865066695,0.0086001292718628,V7,0.0
2026-04-21,Previa,0.0,0.0758646361911949,0.0584746202253779,0.0,0.0101557006787506,0.0085706637020834,0.0,0.03453114013575,0.0260295226423702,4,1.0,1.0,0.0,4,0,1,0,4,1,1,1.0,0,0,0,0,0.0,0.0,0.0,V7,0,2026-04,,0,0,0,0,0.0,0.0,0.0,0,0,sin_switch,0.0268288232649904,0.0285485668012406,0.0331815405010386,V7,0.0
2026-04-21,Primera,0.0162186043243268,0.3098807998202648,0.2077189137726637,0.0124999999999998,0.020953512321427,0.0071806424933536,0.0124999999999999,0.015,0.0183190138469163,8,1.0,1.0,0.25,8,0,2,6,6,2,1,1.0,0,0,0,1,0.0854848538071893,0.0581221085390507,0.0318441458877693,V7,0,2026-04,,1,0,0,1,0.0,0.0854848538071893,0.05364070791942,0,0,sin_switch,0.0228428950658433,0.0228428950658433,0.0406428990009289,V13,1.0
2026-04-21,Matutino,0.0,0.1985395711606932,0.1192125758203363,0.0124999999999998,0.020953512321427,0.0085272584614617,0.0,0.0254545454545453,0.0183901789672211,8,1.0,0.6666666666666666,0.25,11,0,3,9,5,3,1,0.5454545454545454,0,0,0,0,0.0529670154619183,0.0529670154619183,0.0548618993860768,V7,0,2026-04,,0,0,0,0,0.0018948839241584,0.0548618993860768,0.0018948839241584,0,0,sin_switch,0.0260322589573925,0.0260322589573925,0.0236380056072174,V7,0.0
2026-04-21,Vespertino,0.0,0.2038808268656735,0.220420470023761,0.0124999999999999,0.020953512321427,0.0085272584614617,0.0,0.0249031399558996,0.0197831735682838,8,1.0,0.5,0.25,6,0,4,5,5,3,2,0.1666666666666666,0,1,0,0,0.0494585857420109,0.0239187169571107,0.0483282563314826,V7,1,2026-04,,0,1,1,0,0.0,0.0494585857420109,0.0255398687849002,0,0,sin_switch,0.0351210799462989,0.0351210799462989,0.0289563520824809,V7,1.0
2026-04-21,Nocturno,0.0,0.4901544247254792,0.2146482157984985,0.020953512321427,0.020953512321427,0.0085692268443104,0.0,0.0416666666666666,0.0439178273343923,8,1.0,0.4,0.25,16,0,5,14,3,5,2,0.1875,0,0,0,0,0.0,0.0,0.0476339727902124,V9,0,2026-04,,0,0,0,0,0.0476339727902124,0.0476339727902124,0.0476339727902124,0,1,neutro,0.0308358072621935,0.0408574555206012,0.0280705543001198,V11,0.0
2026-04-22,Previa,0.0,0.0235114665960844,0.07012525174865,0.0,0.0267513239641036,0.0121164732775998,0.0,0.0053502647928207,0.0024232946555199,10,1.0,1.0,0.0,10,0,1,0,10,1,1,1.0,0,0,0,0,0.0436862403726342,0.0,0.0,V7,0,2026-04,,0,0,0,0,0.0,0.0436862403726342,0.0436862403726342,0,0,sin_switch,0.0267264022117722,0.0267264022117722,0.0383018964832589,V13,0.0
2026-04-22,Primera,0.5003997766846897,0.5067944035222158,0.1533079404459765,0.0,0.0132201327205045,0.0051217424294067,0.0635721073928564,0.0891666666666667,0.0363306374206891,7,1.0,1.0,0.1428571428571428,12,0,2,10,10,2,1,0.8333333333333334,0,0,0,0,0.0258515764507127,0.0492549917516681,0.0451422622734312,V7,0,2026-04,,0,0,0,0,0.0234034153009554,0.0492549917516681,0.0234034153009554,0,0,sin_switch,0.0290032452344581,0.0290032452344581,0.0382319467840266,V7,0.0
2026-04-22,Matutino,0.0,0.1761373616909782,0.0901455769426572,0.0,0.0614378125419289,0.0243041936101086,0.0,0.12,0.0557570685214925,11,0.9090909090909092,1.0,0.0,10,0,3,8,3,3,1,0.7,0,0,0,0,0.0225765806467187,0.024048187878766,0.0499850207425431,V7,0,2026-04,,0,0,0,0,0.0274084400958244,0.0499850207425431,0.0274084400958244,0,0,sin_switch,0.0183668419332278,0.0208648627631569,0.030607962332631,V13,0.0
2026-04-22,Vespertino,0.35522946559706,0.35522946559706,0.106568839679118,0.0,0.0697711458752621,0.0276342101650634,0.0,0.0774993211785721,0.0380363514659596,12,0.8333333333333334,1.0,0.0,7,0,4,6,1,4,1,0.5714285714285714,0,0,0,0,0.0287167924966968,0.0230908015148592,0.0489901772963574,V7,0,2026-04,,0,0,0,0,0.0202733847996606,0.0489901772963574,0.0258993757814982,0,0,sin_switch,0.027718813474435,0.0302374675523607,0.0345183406235232,V7,0.0
2026-04-22,Nocturno,0.0,0.0,0.0582186932513483,0.0,0.0367868456547604,0.0153696536150187,0.019,0.029,0.0117946364287578,12,0.8333333333333334,0.8,0.0,10,1,4,10,6,5,2,0.2,0,0,0,0,0.0484838548928805,0.0514206424568858,0.0235010825598312,V7,0,2026-04,,0,0,0,0,0.0029367875640053,0.0514206424568858,0.0279195598970546,0,0,sin_switch,0.0245013271115482,0.0245013271115482,0.0191883194590708,V7,0.0
2026-04-23,Previa,0.0,0.0204330249506403,0.0081732099802561,0.0,0.0232486760358963,0.0113894786966434,0.0,0.0696497352071793,0.03412126239551,4,1.0,1.0,0.0,4,0,1,0,4,1,1,1.0,0,0,0,0,0.0,0.0,0.0,V7,0,2026-04,,0,0,0,0,0.0,0.0,0.0,0,0,sin_switch,0.0238978676508844,0.0238978676508844,0.03050332913676,V7,0.0
2026-04-23,Primera,0.0,0.0204330249506403,0.0083173242720919,0.0,0.0114378125419288,0.0061227759392074,0.0,0.0572875625083858,0.0368689941296071,8,1.0,1.0,0.0,8,1,1,8,8,2,2,1.0,0,0,0,0,0.087984438467213,0.0454986725328778,0.0212417545636209,V7,0,2026-04,,0,0,0,0,0.0,0.087984438467213,0.0667426839035921,0,0,sin_switch,0.0249666516286398,0.0249666516286398,0.0340657770874677,V7,0.0
2026-04-23,Matutino,0.0,0.0,0.0701019590302195,0.0,0.0275058470062188,0.0131279177519705,0.0,0.0094757379285719,0.013747478719106,7,0.8571428571428571,1.0,0.0,7,0,3,3,1,3,1,0.8571428571428571,0,1,0,0,0.0462909185924181,0.0498743668162429,0.0833734007855617,V9,0,2026-04,,0,1,0,0,0.0370824821931436,0.0833734007855617,0.0370824821931436,0,1,perdedor,0.0273923855133076,0.0302793249301792,0.0274450716385537,V7,1.0
2026-04-23,Vespertino,0.0,0.0,0.0,0.0,0.0114378125419288,0.0068635467812652,0.0,0.0305627022844349,0.012577685591178,8,1.0,0.5,0.0,6,1,3,6,5,3,2,0.0,0,0,0,0,0.0370561782826012,0.0591683032080063,0.0259438263845078,V7,0,2026-04,,0,0,0,0,0.022112124925405,0.0591683032080063,0.0332244768234984,0,0,sin_switch,0.023574736580962,0.0286849978093524,0.0190111949168414,V7,0.0
2026-04-23,Nocturno,0.0,0.011507282898072,0.0088433181104041,0.0,0.0539378125419288,0.022853032032512,0.0,0.0660471665000005,0.0396251458688311,8,0.75,1.0,0.0,7,0,5,5,2,5,2,0.4285714285714285,0,0,0,0,0.026204311107537,0.0488545057338082,0.0491277611522283,V7,0,2026-04,,0,0,0,0,0.0229234500446912,0.0491277611522283,0.0229234500446912,0,0,sin_switch,0.0230644763537947,0.0280507457201518,0.0269815257583243,V7,0.0
2026-04-24,Previa,0.0,0.0,8.881784197001252e-16,0.0,0.0,0.0,0.0,0.0,0.0,2,1.0,1.0,0.0,2,0,1,0,2,1,1,1.0,0,0,0,0,0.0,0.0285689383382658,0.0285689383382658,V7,0,2026-04,,0,0,0,0,0.0285689383382658,0.0285689383382658,0.0285689383382658,0,0,sin_switch,0.0336719595009198,0.0341174609152979,0.0190567186059179,V7,0.0
2026-04-24,Primera,0.0,0.0059931822964287,0.0121659051503842,0.0,0.0114378125419289,0.0049414240527315,0.0093506493506493,0.0532142857142856,0.028424975908935,2,1.0,1.0,1.0,14,0,2,12,12,2,1,0.7142857142857143,0,0,0,0,0.0230309844412083,0.048007307518892,0.0230309844412083,V7,0,2026-04,,0,0,0,0,0.0249763230776836,0.048007307518892,0.0249763230776836,0,0,sin_switch,0.0329234987110129,0.0329234987110129,0.028359411823586,V7,0.0
2026-04-24,Matutino,0.0,0.0,0.0,0.0,0.0114378125419289,0.0049414240527315,0.0,0.0166666666666667,0.0095879045945566,2,1.0,0.6666666666666666,1.0,12,0,3,11,1,3,1,0.5833333333333334,0,0,0,0,0.041643462427151,0.0246061849914853,0.0293682521383979,V7,0,2026-04,,0,0,0,0,0.0,0.041643462427151,0.0170372774356657,0,0,sin_switch,0.0349123103205566,0.0324616054314441,0.0303608244989155,V7,0.0
2026-04-24,Vespertino,0.0,0.0553266863229024,0.0438059955745491,0.0,0.0246509668871683,0.0120963188009602,0.0,0.0385240357976188,0.041478451095134,5,0.8,1.0,0.0,9,0,4,8,2,4,1,0.1111111111111111,0,0,0,0,0.0,0.0240104153162654,0.0484355411787958,V9,0,2026-04,,0,0,0,0,0.0484355411787958,0.0484355411787958,0.0484355411787958,0,1,neutro,0.0207311847403479,0.0298813609681562,0.027329856449108,V7,0.0
2026-04-24,Nocturno,0.0,0.0582092576924475,0.0649256680489226,0.0,0.0084535123214271,0.004595910847512,0.0,0.0110897435897435,0.0464273673989085,2,1.0,0.4,1.0,13,0,5,12,4,5,2,0.3076923076923077,0,0,1,0,0.0221202578801886,0.0,0.0981448230904379,V9,0,2026-04,,0,0,0,0,0.0760245652102493,0.0981448230904379,0.0981448230904379,0,1,neutro,0.0255787511108222,0.0319632490667341,0.033154954658962,V7,0.0
2026-04-25,Previa,0.0,0.0324372086486528,0.0545699862334118,0.0,0.0184535123214271,0.009994685055763,0.0,0.0036907024642854,0.0019989370111526,8,1.0,1.0,0.0,8,0,1,0,8,1,1,1.0,0,0,0,0,0.045518727350356,0.0,0.0,V7,0,2026-04,,0,0,0,0,0.0,0.045518727350356,0.045518727350356,0,0,sin_switch,0.031002593289861,0.031002593289861,0.0397689511944037,V7,0.0
2026-04-25,Primera,0.1980272690635045,0.2053201313352621,0.0664367782207724,0.0065510131547575,0.0065510131547575,0.0027661624465473,0.0560721073928562,0.1110721073928563,0.0368289607474812,12,1.0,1.0,0.1666666666666666,12,0,2,8,8,2,1,1.0,0,0,0,0,0.0590883381672771,0.0555220101413016,0.0320064836791041,V7,0,2026-04,,0,0,0,0,0.0,0.0590883381672771,0.0270818544881729,0,0,sin_switch,0.0252059247983091,0.0252059247983091,0.0334576796067162,V7,0.0
2026-04-25,Matutino,0.0,0.0419701503313314,0.0375367892925349,0.0065510131547575,0.0065510131547575,0.0027661624465473,0.0053502647928206,0.0056208958417189,0.0180801306314751,12,1.0,0.6666666666666666,0.1666666666666666,12,0,3,8,0,2,0,1.0,1,0,0,0,0.0243843730743828,0.0487898113995842,0.0488351892965934,V7,0,2026-04,,0,0,0,0,0.0244508162222105,0.0488351892965934,0.0244508162222105,0,0,sin_switch,0.0560869818044896,0.0510702705244013,0.0270528005206074,V7,0.0
2026-04-25,Vespertino,0.0,0.0011449940792518,0.0349680955090643,0.0,0.0468955207914043,0.0239868196307471,0.0,0.040562702284435,0.0336870623603865,6,0.8333333333333334,1.0,0.1666666666666666,6,0,4,2,1,4,2,0.8333333333333334,0,0,0,0,0.0264398415949327,0.0505778157187687,0.0277294754104053,V7,0,2026-04,,0,0,0,0,0.024137974123836,0.0505778157187687,0.024137974123836,0,0,sin_switch,0.0275665376879516,0.0324568135790596,0.0264500454304074,V7,0.0
2026-04-25,Nocturno,0.6647644261860561,0.7350424130596469,0.2183859600934737,0.0,0.0168955207914044,0.0095916094580641,0.0,0.0174999999999999,0.0118301263264706,6,0.8333333333333334,0.8,0.1666666666666666,8,1,4,8,6,5,2,0.125,0,0,0,0,0.0218646191692096,0.0279877133285709,0.0248605333432806,V7,0,2026-04,,0,0,0,0,0.0061230941593613,0.0279877133285709,0.0061230941593613,0,0,sin_switch,0.0290479516997573,0.0315719134680306,0.0272310625386097,V7,0.0
2026-04-27,Primera,0.0,0.0,0.0,0.0,0.0,0.0,0.0,0.0,5.551115123125783e-17,2,0.0,0.5,0.0,2,1,1,2,2,1,1,0.0,0,0,0,0,0.0,0.0130689037433996,0.0130689037433996,V7,0,2026-04,,0,0,0,0,0.0130689037433996,0.0130689037433996,0.0130689037433996,0,0,sin_switch,0.0317568711520013,0.0335671443579006,0.0187484311240045,V7,0.0
2026-04-27,Matutino,0.0307984365860027,0.0307984365860027,0.1279172392131391,0.0,0.00625,0.006820979472818,0.0,0.0572875625083857,0.0227322055834802,8,0.0,0.6666666666666666,0.125,8,1,2,8,6,2,1,0.0,0,0,0,0,0.0,0.046508646014558,0.0253962231924973,V8,0,2026-04,,0,0,0,0,0.046508646014558,0.046508646014558,0.046508646014558,1,0,neutro,0.0206395757228261,0.0247731742406637,0.0103479363937434,V7,0.0
2026-04-27,Vespertino,0.0,0.0693329428990674,0.0339787786754833,0.0,0.004861111111111,0.0025732679377822,0.0,0.0324999999999999,0.0130705282181119,9,0.0,0.75,0.2222222222222222,8,1,3,8,3,3,1,0.0,0,0,0,0,0.0,0.0877271104971821,0.0510036262654602,V8,0,2026-04,,0,0,0,0,0.0877271104971821,0.0877271104971821,0.0877271104971821,1,0,neutro,0.0138081785318676,0.021890023789358,0.0086994085859508,V7,0.0
2026-04-27,Nocturno,0.0,0.0932416669911369,0.0598030724382531,0.00625,0.0086538461538462,0.0034364453926965,0.0,0.034,0.0221193697331843,8,0.0,0.8,0.25,13,1,4,13,4,4,1,0.0,0,0,0,0,0.0412742760290995,0.0791994362939055,0.0259385307266443,V8,0,2026-04,,0,0,0,0,0.0379251602648059,0.0791994362939055,0.0532609055672611,1,0,neutro,0.0194615462593906,0.02294327669491,0.0135145332271841,V7,0.0
2026-04-28,Previa,0.0089257420525683,0.161063302035151,0.0723361898641833,0.0,0.0,0.0050778503393753,0.0,0.0,0.017265570067875,4,1.0,1.0,0.0,4,0,1,0,4,1,1,1.0,0,0,0,0,0.0,0.0,0.0,V7,0,2026-04,,0,0,0,0,0.0,0.0,0.0,0,0,sin_switch,0.0337756519562727,0.0357067167911237,0.033169985528363,V7,0.0
2026-04-28,Primera,0.0,0.194598222081276,0.0889159964584947,0.0,0.0086600347641511,0.0071001387011243,0.0,0.0549999999999999,0.0434424689052871,9,1.0,1.0,0.1111111111111111,16,0,2,15,15,2,1,1.0,0,0,0,0,0.0,0.0865916743545772,0.0217413933818817,V8,0,2026-04,,0,0,0,0,0.0865916743545772,0.0865916743545772,0.0865916743545772,1,0,neutro,0.0207066749595322,0.0167236809827281,0.0189948684547764,V7,0.0
2026-04-28,Matutino,0.0,0.2405324561406399,0.0972355048724404,0.0,0.0531044792085956,0.0228739373405188,0.04,0.0879999999999999,0.0369332882069519,18,0.8888888888888888,1.0,0.0555555555555555,30,0,3,28,6,3,1,0.7333333333333333,0,1,0,0,0.0,0.0,0.0242449379992658,V7,1,2026-04,,1,1,1,1,0.0242449379992658,0.0242449379992658,0.0242449379992658,0,0,sin_switch,0.0205456487213273,0.0236298131174268,0.0235681717007276,V7,1.0
2026-04-28,Vespertino,0.0270569811190162,0.0405158705838646,0.0157977789340501,0.0,0.0281044792085954,0.0145599950336,0.0,0.0321185950714292,0.0311742652923477,18,0.8888888888888888,0.75,0.0555555555555555,3,0,4,2,1,4,2,0.6666666666666666,0,0,0,0,0.026565134050333,0.0330396532154732,0.0,V7,0,2026-04,,0,0,0,0,0.0064745191651401,0.0330396532154732,0.0330396532154732,0,0,sin_switch,0.0290765740492241,0.0316824024263898,0.0357023897084469,V7,0.0
2026-04-28,Nocturno,0.1149464881173143,0.1149464881173143,0.0816287903256571,0.0,0.0169933680974844,0.010764620304752,0.0,0.035,0.0192679884511167,9,1.0,0.4,0.1111111111111111,11,2,3,11,10,4,2,0.0,0,0,0,0,0.0260660143993358,0.0276068057431509,0.0249861444210408,V7,0,2026-04,,0,0,0,0,0.0015407913438151,0.0276068057431509,0.00262066132211,0,0,sin_switch,0.0209083157100839,0.0235887379642533,0.0164215692743416,V7,0.0
2026-04-29,Previa,0.0,0.0,8.881784197001252e-16,0.0,0.0114378125419288,0.0119886408086529,0.0,0.0022875625083857,0.0023977281617305,12,1.0,1.0,0.0,12,0,1,0,12,1,1,1.0,0,0,0,0,0.0224104738466503,0.0199685032769989,0.0,V7,0,2026-04,,0,0,0,0,0.0,0.0224104738466503,0.0224104738466503,0,0,sin_switch,0.0271097180933108,0.0271097180933108,0.0355952610305201,V7,0.0
2026-04-29,Primera,0.4669093068102983,0.4784165897083703,0.1738790421566955,0.0,0.0017823201785757,0.0015789132639526,0.0,0.0741666666666667,0.0456770187102191,7,1.0,1.0,0.1428571428571428,9,0,2,5,5,2,1,0.8888888888888888,0,0,0,0,0.0464803966229937,0.0241346719686977,0.0216580508121793,V7,0,2026-04,,0,0,0,0,0.0,0.0464803966229937,0.0248223458108143,0,0,sin_switch,0.0287695950553342,0.0287695950553342,0.0495965177272346,V13,0.0
2026-04-29,Matutino,0.0,0.2304700630871874,0.1129970490568205,0.0,0.0017823201785757,0.0015789132639526,0.0,0.0520311401357501,0.0225289729997287,7,1.0,0.6666666666666666,0.1428571428571428,4,0,3,3,3,3,2,0.25,0,0,0,0,0.0223312788917438,0.0460892821926434,0.0,V7,0,2026-04,,0,0,0,0,0.0237580033008995,0.0460892821926434,0.0460892821926434,0,0,sin_switch,0.0256425212297562,0.0281367724836401,0.0298755060738367,V7,0.0
2026-04-29,Vespertino,0.0162186043243259,0.3203348597597761,0.149453104904891,0.0,0.0044676798214242,0.003418729496114,0.0,1.1102230246251563e-16,0.0085460353160019,16,0.875,0.75,0.0,10,1,3,10,4,3,1,0.5,0,0,0,0,0.0243045529113099,0.0228771198803072,0.0237202476395751,V7,0,2026-04,,0,0,0,0,0.0,0.0243045529113099,0.0014274330310026,0,0,sin_switch,0.0255127972467097,0.0255127972467097,0.0229594202652275,V7,0.0
2026-04-29,Nocturno,0.0,0.0089257420525683,0.0042600093166495,0.0,0.0229411764705881,0.0101776427205134,0.0,0.0955098039215686,0.0442933949111319,17,0.8235294117647058,0.8,0.0,9,0,5,8,8,3,2,0.1111111111111111,0,0,0,0,0.0250036604516992,0.0243225486592182,0.0,V7,0,2026-04,,0,0,0,0,0.0,0.0250036604516992,0.0250036604516992,0,0,sin_switch,0.0167809062999172,0.019340302774953,0.0303958723071754,V13,0.0
2026-04-30,Previa,0.0,0.0,8.881784197001252e-16,0.0,0.0,0.0,0.0,0.0,0.0,2,1.0,1.0,0.0,2,0,1,0,2,1,1,1.0,0,0,0,0,0.0,0.0285689383382658,0.0285689383382658,V7,0,2026-04,,0,0,0,0,0.0285689383382658,0.0285689383382658,0.0285689383382658,0,0,sin_switch,0.0336719595009198,0.0341174609152979,0.0190567186059179,V7,0.0
2026-04-30,Primera,0.0,0.0089257420525683,0.0043727027208989,0.0017513239641037,0.0184535123214272,0.006899262400669,0.0,0.0614031399558996,0.0247355643963209,2,1.0,1.0,1.0,6,0,2,4,4,2,1,1.0,0,0,0,0,0.0611992743774724,0.0207316079463431,0.0456881754056054,V7,0,2026-04,,0,0,0,0,0.0,0.0611992743774724,0.0404676664311293,0,0,sin_switch,0.0384785300566237,0.0359953355833539,0.0381878290759026,V7,0.0
2026-04-30,Matutino,0.0,0.1805022178391757,0.0730344001915157,0.0017513239641037,0.0114378125419289,0.0074226474564107,0.0,0.120093842420185,0.0552111215198935,2,1.0,0.6666666666666666,1.0,6,0,3,4,1,3,1,0.8333333333333334,0,0,0,0,0.0,0.0,0.0307624675921968,V9,0,2026-04,,0,0,0,0,0.0307624675921968,0.0307624675921968,0.0307624675921968,0,1,neutro,0.0337480485753679,0.0336221719285226,0.0402473283261282,V7,0.0
2026-04-30,Vespertino,0.0,0.0827166700657127,0.0333877774294514,0.0,0.0583333333333332,0.0239769662889976,0.0,0.0647875625083856,0.0269880277195619,6,0.8333333333333334,1.0,0.0,8,0,4,7,5,3,1,0.375,0,0,0,0,0.0214040852335878,0.0213208955983819,0.0531172862761892,V9,0,2026-04,,0,0,0,0,0.0317132010426014,0.0531172862761892,0.0317963906778073,0,1,neutro,0.0209288261527538,0.0272038988533262,0.0272409490992913,V7,0.0
2026-04-30,Nocturno,0.0,0.0097347312854836,0.0348185731986518,0.0017513239641036,0.0114378125419288,0.0086733656546072,0.0,0.0691907024642854,0.0386623467795627,2,1.0,0.4,1.0,8,0,5,6,2,5,1,0.625,0,0,0,0,0.0227033787928697,0.0,0.0835564565345408,V9,0,2026-04,,0,0,0,0,0.0608530777416711,0.0835564565345408,0.0835564565345408,0,1,neutro,0.0295487535830345,0.0366773944973866,0.03508514484015,V7,0.0
2026-05-02,Primera,0.0,0.011507282898072,0.0056373942852263,0.0,0.0101557006787506,0.0049752569286751,0.0,0.0620311401357501,0.0303889282991331,4,0.0,0.5,0.0,4,1,1,4,4,1,1,0.0,0,0,0,0,0.0,0.0146416722004032,0.0146416722004032,V7,0,2026-05,,0,0,0,0,0.0146416722004032,0.0146416722004032,0.0146416722004032,0,0,sin_switch,0.0250442509071248,0.0250442509071248,0.0186848579330757,V7,0.0
2026-05-02,Matutino,0.0,0.0090767666488522,0.0081409951379367,0.005,0.0082176798214242,0.0031752811359268,0.0,0.0,0.0,10,0.0,0.6666666666666666,0.2,12,1,2,12,8,2,1,0.0,0,0,0,0,0.0900949780324941,0.1163898052102929,0.0453377554065428,V7,0,2026-05,,0,0,0,0,0.0262948271777987,0.1163898052102929,0.0710520498037501,0,0,sin_switch,0.0283544980315514,0.0307375529833128,0.0220078809342593,V7,0.0
2026-05-02,Vespertino,0.0,0.0142156083508995,0.0104030633525604,0.0025974025974025,0.0071428571428571,0.0086295350932883,0.0975,0.0975,0.0590157272852515,14,0.0,0.75,0.1428571428571428,14,1,3,14,4,3,1,0.0,0,0,0,0,0.0239634625996005,0.0483319108167546,0.0243354082936281,V7,0,2026-05,,0,0,0,0,0.0243684482171541,0.0483319108167546,0.0243684482171541,0,0,sin_switch,0.0224277074925805,0.0223198296814517,0.0137089288810779,V7,0.0
2026-05-02,Nocturno,0.0,0.0,0.0,0.0,0.00625,0.0198221062907207,0.0,0.0287154551155294,0.0162482686637228,8,0.0,0.8,0.125,7,1,4,7,6,3,2,0.0,0,1,0,0,0.0,0.0709002329269228,0.0249569584781311,V8,0,2026-05,,1,1,0,1,0.0709002329269228,0.0709002329269228,0.0709002329269228,1,0,perdedor,0.0164074215440924,0.0239729082332229,0.0131322169591876,V7,1.0
2026-05-04,Primera,0.0,0.0,0.0069436426135128,0.0,0.0101557006787506,0.0040622802715002,0.0,0.0620311401357501,0.0248124560543,4,0.0,0.5,0.0,4,1,1,4,4,1,1,0.0,0,0,0,0,0.0,0.0140695499414764,0.0140695499414764,V7,0,2026-05,,0,0,0,0,0.0140695499414764,0.0140695499414764,0.0140695499414764,0,0,sin_switch,0.0260248982246914,0.0260248982246914,0.0193508791693595,V7,0.0
2026-05-04,Matutino,0.0,0.0,0.0840734599714094,0.0053605369642814,0.0084535123214271,0.004255003486595,0.0,0.0840487884488627,0.0456488006589713,2,0.0,0.6666666666666666,1.0,7,1,2,7,4,2,1,0.0,0,0,0,0,0.0,0.0234148395593461,0.0472454089815756,V9,0,2026-05,,0,0,0,0,0.0472454089815756,0.0472454089815756,0.0472454089815756,0,1,neutro,0.0272674649387835,0.0290805522800703,0.0322768053523422,V7,0.0
2026-05-04,Vespertino,0.0,0.0360820553020477,0.0275980541958985,0.003446533946162,0.0052288541247377,0.0020023872646001,0.0,0.0634278926071436,0.0318817695741111,6,0.0,0.75,0.3333333333333333,7,1,3,7,4,3,2,0.0,0,0,0,0,0.0,0.0246367052052205,0.0478888117848809,V9,0,2026-05,,0,0,0,0,0.0478888117848809,0.0478888117848809,0.0478888117848809,0,1,neutro,0.0232721621219209,0.0333888720231735,0.0257361352019452,V11,0.0
2026-05-04,Nocturno,0.0,0.247240160873722,0.1244521035568483,0.0,0.0106765012855365,0.0083233762295858,0.0,0.0812875625083858,0.0366756957157703,7,0.0,0.8,0.2857142857142857,10,1,4,10,7,4,2,0.0,0,0,0,0,0.0,0.0,0.0278073551942245,V7,0,2026-05,,0,0,0,0,0.0278073551942245,0.0278073551942245,0.0278073551942245,0,0,sin_switch,0.0190262973231477,0.0225665153558494,0.0164722958911413,V7,0.0
2026-05-05,Previa,0.0,0.1111295302540966,0.0517889731583344,0.0,0.0153135114221747,0.0088228083710165,0.0,0.0030627022844349,0.0162664003290326,6,1.0,1.0,0.0,6,0,1,0,6,1,1,1.0,0,0,0,0,0.0228313120826786,0.0,0.0,V7,0,2026-05,,0,0,0,0,0.0,0.0228313120826786,0.0228313120826786,0,0,sin_switch,0.0381540596001725,0.0381540596001725,0.042160888027065,V7,0.0
2026-05-05,Primera,0.0030934778294859,0.0162186043243259,0.0079456334955741,0.0053605369642814,0.0114378125419288,0.0063211692505162,0.1049999999999999,0.1160721073928563,0.0369705925175833,8,1.0,1.0,0.0,8,0,2,6,6,2,1,1.0,0,0,0,0,0.1028596066804282,0.0528697565129733,0.0315532315740112,V7,0,2026-05,,0,0,0,0,0.0,0.1028596066804282,0.071306375106417,0,0,sin_switch,0.0174146112593941,0.0174146112593941,0.030159952050816,V13,0.0
2026-05-05,Matutino,0.010052577131236,0.167334545243019,0.0831284672522313,0.0053605369642814,0.0114378125419288,0.0063211692505162,0.0586666666666665,0.0599999999999999,0.0320738903852408,8,1.0,0.6666666666666666,0.0,20,1,2,20,4,3,1,0.6,0,0,0,0,0.0260863030149662,0.073801415801744,0.0239218944196348,V8,0,2026-05,,0,0,0,0,0.0477151127867778,0.073801415801744,0.0498795213821092,1,0,neutro,0.0170206742283974,0.0167047494064806,0.0172299152460814,V7,0.0
2026-05-05,Vespertino,0.010052577131236,0.0601630958710508,0.2247276733607346,0.0053605369642814,0.0114378125419288,0.0063211692505162,0.0,0.0422875625083858,0.0276681787398312,8,1.0,0.5,0.0,8,1,3,8,4,3,2,0.0,0,0,0,0,0.0300831000019469,0.0520126652278342,0.0487750671957969,V7,0,2026-05,,0,0,0,0,0.0219295652258873,0.0520126652278342,0.0219295652258873,0,0,sin_switch,0.0232454658236126,0.0258477798693498,0.0194023209818328,V7,0.0
2026-05-05,Nocturno,0.010052577131236,0.0601630958710508,0.2381640132085821,0.0053605369642814,0.0114378125419288,0.0063211692505162,0.0748814049285707,0.1175,0.0384795770537048,8,1.0,0.4,0.0,10,1,4,10,2,5,2,0.4,0,0,0,0,0.0,0.0492051650075775,0.0489704035365283,V8,0,2026-05,,0,0,0,0,0.0492051650075775,0.0492051650075775,0.0492051650075775,1,0,neutro,0.0141857737225176,0.0197184008708778,0.016965150079562,V7,0.0
2026-05-06,Previa,0.0,0.011507282898072,0.0046029131592288,0.0,0.0101557006787506,0.0073869986255844,0.0,0.03453114013575,0.0220256502206202,4,1.0,1.0,0.0,4,0,1,0,4,1,1,1.0,0,0,0,0,0.0,0.0,0.0,V7,0,2026-05,,0,0,0,0,0.0,0.0,0.0,0,0,sin_switch,0.0247494817078268,0.0262478439027461,0.0267448004973223,V7,0.0
2026-05-06,Primera,0.0,0.011507282898072,0.013121700193771,0.0184535123214272,0.0184535123214272,0.0056209176885382,0.0,0.1486907024642855,0.0690929152175304,2,1.0,1.0,1.0,8,0,2,6,6,2,1,0.75,0,0,0,0,0.0230008154744605,0.0,0.0,V7,0,2026-05,,0,0,0,0,0.0,0.0230008154744605,0.0230008154744605,0,0,sin_switch,0.0264661012416943,0.0264661012416943,0.0385335775240401,V13,0.0
2026-05-06,Matutino,0.0,0.0110194643671022,0.0045106282353784,0.0,0.0,0.0007147382619041,0.0,0.1996452479188308,0.0806177696986651,5,1.0,0.6666666666666666,0.0,11,0,3,9,3,3,1,0.5454545454545454,0,0,0,0,0.0234432095934773,0.0,0.0,V7,0,2026-05,,0,0,0,0,0.0,0.0234432095934773,0.0234432095934773,0,0,sin_switch,0.0213598935118798,0.0237735241111265,0.031711949908995,V13,0.0
2026-05-06,Vespertino,0.0,0.0664980657413867,0.0405631589358645,0.0,0.0,0.0007147382619041,0.0,0.0449999999999999,0.021306605342137,5,1.0,0.5,0.0,8,1,3,8,5,4,1,0.125,0,0,0,0,0.0211763083423498,0.0680867772128828,0.0235588275528948,V8,0,2026-05,,0,0,0,0,0.046910468870533,0.0680867772128828,0.046910468870533,1,0,neutro,0.0121459422471307,0.0187547236852701,0.0117860981520918,V7,0.0
2026-05-06,Nocturno,0.0162186043243259,0.0181457493355283,0.0777168922932835,0.0,0.0,0.0007147382619041,0.0,0.0063333333333333,0.0341128084426574,5,1.0,0.4,0.0,9,0,5,8,7,4,2,0.1111111111111111,0,0,0,0,0.0510965130970741,0.0247907097345588,0.082937479415353,V9,0,2026-05,,0,0,0,0,0.0318409663182788,0.082937479415353,0.0581467696807942,0,1,neutro,0.0218826210758453,0.0307450441712053,0.025632597693174,V7,0.0
2026-05-07,Previa,0.0,0.0,0.0297229577777039,0.0,0.0,0.0090403378299317,0.0,0.0,0.017729750894077,2,1.0,1.0,0.0,2,0,1,0,2,1,1,1.0,0,0,0,0,0.0,0.0213569578268946,0.0213569578268946,V7,0,2026-05,,0,0,0,0,0.0213569578268946,0.0213569578268946,0.0213569578268946,0,0,sin_switch,0.0391555436421816,0.0397142180383035,0.0317593234518247,V7,0.0
2026-05-07,Primera,0.0,0.0264262072470691,0.0595922882125738,0.0,0.0184535123214272,0.0116710259531382,0.0,0.0676595623285352,0.027063824931414,2,1.0,1.0,1.0,5,0,2,4,4,2,1,0.8,0,0,0,0,0.042039400824285,0.0219418402291578,0.0473233253315557,V7,0,2026-05,,0,0,0,0,0.0052839245072707,0.0473233253315557,0.0253814851023978,0,0,sin_switch,0.0405083051109884,0.0380819195668657,0.0430437330806016,V7,0.0
2026-05-07,Matutino,0.0,0.0492461301226345,0.0244395725640604,0.0,0.0184535123214272,0.0116710259531382,0.0,0.0171595623285351,0.0139797828243815,2,1.0,0.6666666666666666,1.0,5,0,3,4,2,3,1,0.4,0,0,0,0,0.0320147624406443,0.0294724543243829,0.0533458713983536,V7,0,2026-05,,0,0,0,0,0.0213311089577093,0.0533458713983536,0.0238734170739707,0,0,sin_switch,0.0383656060353861,0.0353753228631236,0.0307812023505973,V7,0.0
2026-05-07,Vespertino,0.0,0.0879039629569078,0.0551570412269508,0.0,0.0184535123214271,0.0116710259531381,0.0,0.0166497352071792,0.0150520613634326,2,1.0,0.5,1.0,4,0,4,3,1,4,1,0.25,0,0,0,0,0.0277302420914885,0.0279118660222654,0.0758597233858936,V9,0,2026-05,,0,0,0,0,0.0481294812944051,0.0758597233858936,0.0481294812944051,0,1,neutro,0.0339650523750903,0.0373258346942433,0.0312487705284124,V7,0.0
2026-05-07,Nocturno,0.0,0.0181167831078381,0.0558814028313327,0.0,0.0184535123214271,0.0116710259531381,0.0,0.0689031399558998,0.0317772499381226,2,1.0,0.4,1.0,6,0,5,5,4,4,2,0.3333333333333333,0,0,0,0,0.0,0.0,0.1056177212977549,V9,0,2026-05,,0,0,0,0,0.1056177212977549,0.1056177212977549,0.1056177212977549,0,1,neutro,0.0274857285666987,0.0336247482445777,0.030474945211264,V7,0.0
2026-05-08,Previa,0.0162186043243268,0.1063502382730714,0.0550501373916241,0.0,0.0053605369642814,0.0059992412584914,0.0,0.0010721073928563,0.0011998482516983,10,1.0,1.0,0.0,10,0,1,0,10,1,1,1.0,0,0,0,0,0.0267061664115222,0.0218314238246976,0.0,V7,0,2026-05,,0,0,0,0,0.0,0.0267061664115222,0.0267061664115222,0,0,sin_switch,0.0300026371149055,0.0300026371149055,0.0343617270458058,V7,0.0
2026-05-08,Primera,0.2865553478379565,0.4570077542753461,0.1442526442790989,0.0,0.0045454545454545,0.0018181818181818,0.0225,0.05,0.0176091940640307,11,1.0,1.0,0.0909090909090909,12,0,2,8,8,2,1,0.5,0,0,0,0,0.0693601312527335,0.0693628336977931,0.0220721909624801,V7,0,2026-05,,0,0,0,0,2.7024450595936056e-06,0.0693628336977931,0.047290642735313,0,0,sin_switch,0.0299705152571905,0.0299705152571905,0.0464740365053182,V13,0.0
2026-05-08,Matutino,0.0047113214262557,0.010052577131236,0.0082179431910666,0.0,0.0045454545454545,0.0018181818181818,0.0,0.0126923076923076,0.0317474214377564,11,1.0,0.6666666666666666,0.0909090909090909,13,0,3,12,10,3,1,0.2307692307692307,0,0,0,0,0.0,0.023335518823121,0.0,V7,0,2026-05,,0,0,0,0,0.023335518823121,0.023335518823121,0.023335518823121,0,0,sin_switch,0.0169177268701972,0.0195234913766282,0.0222862351078759,V7,0.0
2026-05-08,Vespertino,0.0,0.0061660271930907,0.1514409828072603,0.0,0.0045454545454545,0.0018181818181818,0.0,0.0583333333333333,0.0518728711238609,11,1.0,0.5,0.0909090909090909,12,0,4,11,6,4,1,0.1666666666666666,0,0,0,0,0.0,0.0466188123371389,0.0223366424889498,V8,0,2026-05,,0,0,0,0,0.0466188123371389,0.0466188123371389,0.0466188123371389,1,0,neutro,0.0095398980238293,0.017372155052136,0.0114827138046334,V7,0.0
2026-05-08,Nocturno,0.5357194931936284,0.5472267760917005,0.166466389190229,0.0,0.0552941176470588,0.0217345150548843,0.0,0.0831699154495622,0.0423922662266761,17,0.8823529411764706,0.8,0.0,17,0,5,7,2,4,2,0.8823529411764706,0,0,0,0,0.0285985944546334,0.0251382586149105,0.0247937840509365,V7,0,2026-05,,0,0,0,0,0.0,0.0285985944546334,0.0038048104036968,0,0,sin_switch,0.0334847093985865,0.0334847093985865,0.0387723602427834,V7,0.0
2026-05-09,Previa,0.0,0.1402421526885602,0.0684890043239417,0.0,0.0114378125419288,0.0117747516588346,0.0,0.0022875625083857,0.0023549503317669,10,1.0,1.0,0.0,10,0,1,0,10,1,1,1.0,0,0,0,0,0.0242901283381885,0.0213205787352157,0.0,V7,0,2026-05,,0,0,0,0,0.0,0.0242901283381885,0.0242901283381885,0,0,sin_switch,0.0290865869908613,0.0290865869908613,0.0367529128457772,V7,0.0
2026-05-09,Primera,0.0338919144154887,0.4803681962751467,0.2249886493303165,0.0017513239641037,0.0114378125419289,0.0061017304995328,0.0,0.0129031399558997,0.0066999074437133,2,1.0,1.0,1.0,6,0,2,5,5,2,1,0.6666666666666666,0,0,0,0,0.0263141810852174,0.0505169572520653,0.0263141810852174,V7,0,2026-05,,0,0,0,0,0.0242027761668479,0.0505169572520653,0.0242027761668479,0,0,sin_switch,0.0331666754453564,0.030639758157236,0.0376880807055018,V7,0.0
2026-05-09,Matutino,0.0,0.0338919144154887,0.201875906086496,0.0096864885778252,0.0096864885778252,0.0054686150155655,0.0,0.1206202170202913,0.0606997956732721,4,1.0,0.6666666666666666,0.5,7,0,3,6,2,3,1,0.5714285714285714,0,0,0,0,0.0458007299723551,0.0228634513809169,0.0234429223588359,V7,0,2026-05,,0,0,0,0,0.0,0.0458007299723551,0.0229372785914382,0,0,sin_switch,0.0254252443703505,0.0254252443703505,0.0341820886534476,V7,0.0
2026-05-09,Vespertino,0.0,0.7042294768486492,0.2846965184513124,0.0096864885778252,0.0096864885778252,0.0070275351678704,0.0,0.1396900236428576,0.0746742360611146,4,1.0,0.5,0.5,7,0,4,6,2,4,2,0.5714285714285714,0,0,0,0,0.0280333270485082,0.027327740975599,0.0,V7,0,2026-05,,0,0,0,0,0.0,0.0280333270485082,0.0280333270485082,0,0,sin_switch,0.0304968014099751,0.0304968014099751,0.0380089356233507,V7,0.0
2026-05-09,Nocturno,0.0,0.011507282898072,0.0602917770045626,0.0,0.0214378125419287,0.0102262306942601,0.0,0.037,0.0279348766117355,11,0.9090909090909092,0.6,0.0,8,0,5,7,1,5,2,0.5,0,0,0,0,0.0213649720898385,0.0537936324755695,0.0,V8,0,2026-05,,0,0,0,0,0.032428660385731,0.0537936324755695,0.0537936324755695,1,0,neutro,0.0218063797291978,0.025790699416617,0.0184320501384046,V7,0.0
2026-05-11,Primera,0.0,0.0289199424723873,0.0113305650527383,0.0,0.0,0.0046539267095689,0.0,0.0,0.0284262395116488,4,0.0,0.5,0.0,4,1,1,4,4,1,1,0.0,0,0,0,0,0.0,0.0156434309499563,0.0156434309499563,V7,0,2026-05,,0,0,0,0,0.0156434309499563,0.0156434309499563,0.0156434309499563,0,0,sin_switch,0.0303420383869447,0.0303420383869447,0.0184024541363658,V7,0.0
2026-05-11,Matutino,0.4460748373185605,0.4510860945086694,0.1365415872449076,0.0,0.0114378125419288,0.0061227759392074,0.0019542291750525,0.0572875625083858,0.0377036469503268,8,0.0,0.6666666666666666,0.0,8,2,1,8,8,2,2,0.0,0,0,0,0,0.0,0.0,0.0224120036046977,V7,0,2026-05,,0,0,0,0,0.0224120036046977,0.0224120036046977,0.0224120036046977,0,0,sin_switch,0.0256004776673327,0.0258464042736175,0.0276317232980147,V7,0.0
2026-05-11,Vespertino,0.0,0.0204330249506403,0.0598451352084387,0.0,0.0055555555555555,0.0038139727042808,0.0,0.0610721073928564,0.0495126058297676,9,0.0,0.75,0.1111111111111111,9,1,3,9,6,3,1,0.0,0,0,0,0,0.0202780045989778,0.0470060560108429,0.0240286530127551,V7,0,2026-05,,0,0,0,0,0.0267280514118651,0.0470060560108429,0.0267280514118651,0,0,sin_switch,0.0168667576691371,0.0194373187140268,0.0131730231085027,V7,0.0
2026-05-11,Nocturno,0.0,0.0204330249506403,0.0624923718504758,0.0,0.0338025454342587,0.0192098388252589,0.0,0.024,0.0151274584778805,6,0.0,0.8,0.1666666666666666,9,3,2,9,6,3,1,0.0,0,0,0,0,0.0289645475578482,0.0224823264524749,0.0224823264524749,V7,0,2026-05,,0,0,0,0,0.0,0.0289645475578482,0.0064822211053732,0,0,sin_switch,0.0198363016222085,0.0224456521549555,0.0128168941954087,V7,0.0
2026-05-12,Previa,0.0089257420525683,0.0204330249506403,0.0439376524130754,0.0,0.0153135114221747,0.0061944877877005,0.0,0.0030627022844349,0.0012388975575401,6,1.0,1.0,0.0,6,0,1,0,6,1,1,1.0,0,0,0,0,0.0278079240924292,0.0,0.0,V7,0,2026-05,,0,0,0,0,0.0,0.0278079240924292,0.0278079240924292,0,0,sin_switch,0.0398161454880253,0.0415777188274347,0.0403519734946269,V7,0.0
2026-05-12,Primera,0.0,0.2499037185629902,0.1052147020159383,0.0,0.0017823201785757,0.0009535016744101,0.0068571428571427,0.0378571428571428,0.0228036879899073,7,1.0,1.0,0.1428571428571428,14,0,2,10,10,2,1,0.8571428571428571,0,0,0,0,0.0461113280137577,0.0780249828159253,0.0236378391851801,V8,0,2026-05,,0,0,0,0,0.0319136548021676,0.0780249828159253,0.0543871436307452,1,0,neutro,0.0198678942405334,0.0195901398628135,0.0216356071604394,V7,0.0
2026-05-12,Matutino,0.0,0.0134588894648484,0.0065934823386797,0.0,0.0017823201785757,0.0054996023315493,0.0,0.105576923076923,0.0594103424312518,7,1.0,0.6666666666666666,0.1428571428571428,13,0,3,10,4,3,1,0.6923076923076923,0,0,0,0,0.0,0.020688526365932,0.0419108042030109,V9,0,2026-05,,0,0,0,0,0.0419108042030109,0.0419108042030109,0.0419108042030109,0,1,neutro,0.0162084823867286,0.0317206187165773,0.0275295969375869,V11,0.0
2026-05-12,Vespertino,0.0,0.0062385881421631,0.0374791319607479,0.0,0.0253490331128315,0.0141887053509739,0.008,0.0504999999999998,0.0312912128240501,6,0.8333333333333334,1.0,0.0,20,0,4,16,4,4,1,0.6,0,0,0,0,0.0,0.0,0.0450312442706758,V9,0,2026-05,,0,0,0,0,0.0450312442706758,0.0450312442706758,0.0450312442706758,0,1,neutro,0.0181243156220875,0.0294083187758423,0.0242146123751135,V11,0.0
2026-05-12,Nocturno,0.0,0.0105521023454766,0.0051694532920086,0.0,0.0259501182142884,0.0126067159622846,0.014,0.0549999999999999,0.0242305420217267,7,0.7142857142857143,1.0,0.0,16,0,5,14,6,4,1,0.25,0,0,0,0,0.0242822201865506,0.0,0.0233088373106006,V7,0,2026-05,,0,0,0,0,0.0,0.0242822201865506,0.0242822201865506,0,0,sin_switch,0.0318442990851323,0.0370436797223209,0.0322498394790819,V7,0.0
2026-05-13,Previa,0.0338919144154887,0.1565287275676574,0.0648975826848811,0.0,0.0153135114221747,0.007502057830922,0.0,0.0030627022844349,0.0015004115661844,6,1.0,1.0,0.0,6,0,1,0,6,1,1,1.0,0,0,0,0,0.0264283907445546,0.0,0.0,V7,0,2026-05,,0,0,0,0,0.0,0.0264283907445546,0.0264283907445546,0,0,sin_switch,0.0381061006140487,0.0399537357313097,0.0442634568446282,V7,0.0
2026-05-13,Primera,0.0,0.0307984365860027,0.128482973862807,1.1102230246251563e-16,1.1102230246251563e-16,0.0009313437625786,0.0,0.0,0.0409418039683151,2,1.0,1.0,1.0,14,0,2,12,12,2,1,1.0,0,0,0,0,0.0229543805239662,0.0724772697539996,0.0229543805239662,V8,0,2026-05,,0,0,0,0,0.0495228892300333,0.0724772697539996,0.0495228892300333,1,0,neutro,0.0284750571045975,0.0285202609288616,0.0203778255187712,V7,0.0
2026-05-13,Matutino,0.0,0.1071927729852868,0.0564151105487601,1.1102230246251563e-16,1.1102230246251563e-16,0.0009313437625786,0.0,0.0477124374916143,0.0191667907049524,2,1.0,0.6666666666666666,1.0,6,0,3,2,2,3,2,0.6666666666666666,0,0,0,0,0.0222594377661541,0.0229306318940897,0.0579578460727443,V9,0,2026-05,,0,0,0,0,0.0356984083065902,0.0579578460727443,0.0356984083065902,0,1,neutro,0.0327360554674692,0.0353059738604593,0.0321715661608099,V7,0.0
2026-05-13,Vespertino,0.0,0.0,0.0350498911169654,0.0,0.09375,0.0391561377691927,0.0,0.03,0.0232894826048154,11,0.9090909090909092,1.0,0.0,12,0,4,10,5,3,1,0.5833333333333334,0,0,0,0,0.0198058150753762,0.0,0.0361121739157294,V7,0,2026-05,,0,0,0,0,0.0163063588403532,0.0361121739157294,0.0361121739157294,0,0,sin_switch,0.0236411713290066,0.0261228119847858,0.0351710916756785,V13,0.0
2026-05-13,Nocturno,0.0,0.1468043390040057,0.061534732917057,0.0,0.0309557750595195,0.0243440326084019,0.0224615384615384,0.0465000000000001,0.0521148420152713,12,0.9166666666666666,0.8,0.0,20,0,5,18,4,4,1,0.7,0,0,0,0,0.0,0.0,0.0256092388961624,V7,0,2026-05,,0,0,0,0,0.0256092388961624,0.0256092388961624,0.0256092388961624,0,0,sin_switch,0.0193838579592586,0.0251294873031089,0.0278190784539979,V7,0.0
2026-05-14,Previa,0.0,0.0,0.0,0.0,0.0,0.0,0.0,0.0,0.0,2,1.0,1.0,0.0,2,0,1,0,2,1,1,1.0,0,0,0,0,0.0,0.0285689383382655,0.0285689383382655,V7,0,2026-05,,0,0,0,0,0.0285689383382655,0.0285689383382655,0.0285689383382655,0,0,sin_switch,0.0336719595009207,0.0341174609152989,0.0190567186059184,V7,0.0
2026-05-14,Primera,0.0,0.0204330249506403,0.0130204110775544,0.0166666666666667,0.0194801780888415,0.0063281349245874,0.0,0.0614031399558996,0.0420405069018123,6,1.0,1.0,0.3333333333333333,6,0,2,4,4,2,1,1.0,0,0,0,0,0.0717967128284089,0.046178184097794,0.046178184097794,V7,0,2026-05,,0,0,0,0,0.0,0.0717967128284089,0.0256185287306148,0,0,sin_switch,0.0279140425159023,0.0279140425159023,0.0409106649877473,V13,0.0
2026-05-14,Matutino,0.0,0.0800835427790866,0.0523259409644015,0.0,0.0083333333333333,0.0080270645598401,0.0,0.0406208958417191,0.0438072734793855,6,0.8333333333333334,1.0,0.0,9,0,3,7,3,3,1,0.4444444444444444,0,0,0,0,0.0224590249064257,0.028510141087483,0.0546490153961449,V9,0,2026-05,,0,0,0,0,0.0321899904897192,0.0546490153961449,0.0321899904897192,0,1,neutro,0.0194153639203705,0.0268266360118827,0.0313485226112828,V13,0.0
2026-05-14,Vespertino,0.0,0.1429567969780718,0.1482938751633669,0.0239378125419288,0.0250033941071385,0.0114780891173392,0.0077124374916142,0.0949999999999999,0.0531847412460339,8,0.75,1.0,0.0,6,0,4,4,2,4,2,0.6666666666666666,0,0,0,0,0.0241760062666956,0.0271203944212394,0.0271203944212394,V7,0,2026-05,,0,0,0,0,0.0029443881545438,0.0271203944212394,0.0029443881545438,0,0,sin_switch,0.0282613042121687,0.0282613042121687,0.0367348524455232,V7,0.0
2026-05-14,Nocturno,0.4805192208714306,0.5817295410295245,0.2207939829867096,0.0,0.0090464876785728,0.0073457732010652,0.0,0.1097875625083857,0.0636748318134742,5,0.8,0.8,0.0,10,0,5,8,1,5,2,0.4,0,0,0,0,0.0486887220347782,0.0280158874655938,0.0292407456600088,V7,0,2026-05,,0,0,0,0,0.0,0.0486887220347782,0.0206728345691844,0,0,sin_switch,0.0340980210957068,0.0340980210957068,0.0362188843817868,V7,0.0
2026-05-15,Previa,0.0,0.0089257420525683,0.0078077525535329,0.0,0.0,0.0040622802715002,0.0,0.0,0.0138124560543,4,1.0,1.0,0.0,4,0,1,0,4,1,1,1.0,0,0,0,0,0.0174854254558173,0.0,0.0,V7,0,2026-05,,0,0,0,0,0.0,0.0174854254558173,0.0174854254558173,0,0,sin_switch,0.0489903636686991,0.0507543033978766,0.0376044511121974,V7,0.0
2026-05-15,Primera,0.0,0.0162186043243259,0.007945460986939,0.0,0.0102358325000028,0.0056865238174191,0.0022875625083857,0.0022875625083857,0.0176439949307894,7,1.0,1.0,0.1428571428571428,8,0,2,4,4,2,1,1.0,0,0,0,0,0.0222322185916825,0.0259769717838924,0.0231036863827338,V7,0,2026-05,,0,0,0,0,0.0037447531922099,0.0259769717838924,0.0037447531922099,0,0,sin_switch,0.0376375886295242,0.0376375886295242,0.0340293426243907,V7,0.0
2026-05-15,Matutino,0.0,0.0598967471901472,0.0442164309309092,0.0,0.0102358325000028,0.0056865238174191,0.0172875625083859,0.0706907024642855,0.0310192211654281,7,1.0,0.6666666666666666,0.1428571428571428,8,0,3,6,2,3,1,0.75,0,0,0,0,0.0225182834472754,0.0529320528385452,0.0498434638392853,V8,0,2026-05,,0,0,0,0,0.0304137693912697,0.0529320528385452,0.0304137693912697,1,0,neutro,0.0208481204123732,0.0268196631117292,0.0189007228142591,V7,0.0
2026-05-15,Vespertino,0.0,0.0864965911979176,0.0345978323552456,0.0,0.0102358325000028,0.0056865238174191,0.0,0.008663101604278,0.0571826778348397,7,1.0,0.5,0.1428571428571428,17,0,4,15,12,4,1,0.1176470588235294,0,0,0,0,0.0725327471733985,0.0232641478409051,0.0228066496717279,V7,0,2026-05,,0,0,0,0,0.0,0.0725327471733985,0.0497260975016706,0,0,sin_switch,0.0279133254061288,0.030587048827102,0.0300816064857257,V7,0.0
2026-05-15,Nocturno,0.0,0.0678823262544403,0.0501452895922243,0.0,0.0102358325000028,0.0056865238174191,0.0,0.0274755244755244,0.0276055466162089,7,1.0,0.4,0.1428571428571428,13,0,5,9,2,5,1,0.4615384615384615,0,0,0,0,0.0,0.0467382751176022,0.0777762771757728,V9,0,2026-05,,0,0,0,0,0.0777762771757728,0.0777762771757728,0.0777762771757728,0,1,neutro,0.0198568622537079,0.0276107638888781,0.0222235643472562,V7,0.0
2026-05-16,Previa,0.0,0.0089257420525683,0.0064923579731534,0.0,0.0101557006787506,0.0049752569286751,0.0,0.03453114013575,0.0169167347138256,4,1.0,1.0,0.0,4,0,1,0,4,1,1,1.0,0,0,0,0,0.0,0.0,0.0,V7,0,2026-05,,0,0,0,0,0.0,0.0,0.0,0,0,sin_switch,0.0259083226779981,0.0274620423331019,0.026874112817828,V7,0.0
2026-05-16,Primera,0.0204330249506403,0.1814749017691701,0.0813038305942184,0.0,0.0017513239641036,0.0069044917192967,0.0,0.035,0.0684830819898232,8,1.0,1.0,0.0,12,0,2,10,10,2,1,0.8333333333333334,0,0,0,0,0.022593810147948,0.0233563124151192,0.0,V7,0,2026-05,,0,0,0,0,0.0007625022671712,0.0233563124151192,0.0233563124151192,0,0,sin_switch,0.0227729691468177,0.0227729691468177,0.0367937072379865,V13,0.0
2026-05-16,Matutino,0.0,0.0012619242283866,0.0077530947870307,0.0,0.0017513239641036,0.0076066296247337,0.0,0.025930057109308,0.0251367119436145,8,1.0,0.6666666666666666,0.0,7,0,3,5,2,3,1,0.7142857142857143,0,1,0,0,0.0,0.0505068611348243,0.0765854816299075,V9,0,2026-05,,0,1,0,0,0.0765854816299075,0.0765854816299075,0.0765854816299075,0,1,perdedor,0.0184394431177545,0.024742658627794,0.0205133294782225,V7,1.0
2026-05-16,Vespertino,0.0162186043243259,0.0162186043243259,0.0301919678032025,0.0124999999999999,0.0142513239641035,0.0096509791435742,0.0,0.0489999999999999,0.0381564138186873,8,0.75,1.0,0.0,15,0,4,12,10,4,1,0.2,0,0,0,0,0.0502522571484191,0.0227862061552743,0.0231911498964013,V7,0,2026-05,,0,0,0,0,0.0,0.0502522571484191,0.0274660509931447,0,0,sin_switch,0.0331785446927419,0.0331785446927419,0.0308263080592575,V7,0.0
2026-05-16,Nocturno,0.0,0.0515186335080777,0.052911284395309,0.0,0.0017513239641036,0.0080804706626622,0.0,0.016786393107142,0.0220465541864966,8,1.0,0.4,0.0,10,0,5,7,2,4,1,0.3,0,0,0,0,0.0218541277623855,0.0269102131312055,0.0560185224603184,V9,0,2026-05,,0,0,0,0,0.0341643946979329,0.0560185224603184,0.0341643946979329,0,1,neutro,0.0172144996184608,0.028351408889002,0.0220274220824341,V11,0.0
2026-05-18,Primera,0.0,0.0,0.0141678204895984,0.0,0.0,0.0064142217679682,0.0,0.0,0.0306767212669917,3,0.0,0.5,0.0,3,1,1,3,3,1,1,0.0,0,0,0,0,0.0,0.0155110658196106,0.0155110658196106,V7,0,2026-05,,0,0,0,0,0.0155110658196106,0.0155110658196106,0.0155110658196106,0,0,sin_switch,0.0328691454498207,0.0328691454498207,0.0186427474473936,V7,0.0
2026-05-18,Matutino,0.0,0.1448232724942029,0.0815367843416746,0.0,0.005,0.003277479493907,0.0,0.0,0.0114288429571425,10,0.0,0.6666666666666666,0.1,10,2,1,10,10,2,2,0.0,0,0,0,0,0.0663138434349045,0.0631146634852792,0.0204313237327367,V7,0,2026-05,,0,0,0,0,0.0,0.0663138434349045,0.0458825197021678,0,0,sin_switch,0.0219646929175519,0.0245721137484667,0.0155583510978619,V7,0.0
2026-05-18,Vespertino,0.0,0.0,0.0431492369461576,0.0,0.0033333333333333,0.0042270381320774,0.0,0.03,0.0240344801689252,15,0.0,0.75,0.0666666666666666,15,2,2,15,5,3,1,0.0,0,0,0,0,0.0866549652911663,0.095000171512115,0.0438478683290558,V7,0,2026-05,,0,0,0,0,0.0083452062209486,0.095000171512115,0.0511523031830591,0,0,sin_switch,0.0263092902722975,0.0286894049573824,0.0188496673752145,V7,0.0
2026-05-18,Nocturno,0.0,0.1159349843675414,0.0533750312616192,0.0037732353769798,0.0055555555555555,0.0020793372592961,0.0,0.0,0.0425215648232288,18,0.0,0.8,0.1111111111111111,18,2,3,18,16,4,2,0.0,0,0,0,0,0.0858242315594132,0.1069746474462247,0.0543586748177199,V7,0,2026-05,,0,0,0,0,0.0211504158868115,0.1069746474462247,0.0526159726285048,0,0,sin_switch,0.0217182608161697,0.021415321034444,0.0159221846350734,V7,0.0
2026-05-19,Previa,0.0,0.0089257420525683,0.0043727027208989,0.0,0.0101557006787506,0.0049752569286751,0.0,0.03453114013575,0.0169167347138256,4,1.0,1.0,0.0,4,0,1,0,4,1,1,1.0,0,0,0,0,0.0,0.0,0.0,V7,0,2026-05,,0,0,0,0,0.0,0.0,0.0,0,0,sin_switch,0.0258528400458205,0.0274020174559997,0.0267513635769385,V7,0.0
2026-05-19,Primera,0.0,0.0,0.0797633973795317,0.0067021883573235,0.0167021883573235,0.0058673506193329,0.0,0.0286907024642854,0.0148903542610597,4,1.0,1.0,0.5,8,1,1,8,8,2,2,0.5,0,0,0,0,0.0629883739906934,0.0489668341497616,0.0262548115864999,V7,0,2026-05,,0,0,0,0,0.0,0.0629883739906934,0.0367335624041935,0,0,sin_switch,0.0251632451485885,0.0251632451485885,0.0390630694196785,V13,0.0
2026-05-19,Matutino,0.0,0.0,0.0191003716884377,0.0067021883573235,0.0167021883573235,0.0058673506193329,0.0,0.0264292502499992,0.0114750758480406,4,1.0,0.6666666666666666,0.5,8,1,2,8,5,3,1,0.125,0,0,0,0,0.0934082874135333,0.0485852976870143,0.0223802474409676,V7,0,2026-05,,0,0,0,0,0.0,0.0934082874135333,0.0710280399725657,0,0,sin_switch,0.0282987641892801,0.0282987641892801,0.028632875359501,V7,0.0
2026-05-19,Vespertino,0.0204330249506403,0.2191808051737309,0.1000264280938847,0.0,0.0232978116426765,0.0140843572803303,0.0,0.0266426308690479,0.01723765381871,5,0.8,1.0,0.0,5,0,4,3,2,4,2,0.6,0,0,0,0,0.0254217813869364,0.0490582894688321,0.0428583758114188,V7,0,2026-05,,0,0,0,0,0.0236365080818957,0.0490582894688321,0.0236365080818957,0,0,sin_switch,0.0249265452633987,0.027414285108143,0.0244525506979116,V7,0.0
2026-05-19,Nocturno,0.0204330249506403,0.4606707186681351,0.2121074883937548,0.0,0.0336823664461648,0.016601208623955,0.0,0.0135,0.0094866398681127,6,0.8333333333333334,0.8,0.1666666666666666,6,0,5,3,1,4,2,0.8333333333333334,0,0,0,0,0.0245535539339897,0.0227465613193259,0.0,V7,0,2026-05,,0,0,0,0,0.0,0.0245535539339897,0.0245535539339897,0,0,sin_switch,0.0312574978361269,0.0312574978361269,0.0284070554275973,V7,0.0
2026-05-20,Previa,0.0,0.0,0.0,0.0,0.0101557006787506,0.0049752569286751,0.0,0.03453114013575,0.0169167347138256,4,1.0,1.0,0.0,4,0,1,0,4,1,1,1.0,0,0,0,0,0.0,0.0,0.0,V7,0,2026-05,,0,0,0,0,0.0,0.0,0.0,0,0,sin_switch,0.0259464543533617,0.0274999840255361,0.026709098447678,V7,0.0
2026-05-20,Primera,0.0,0.1851497862351294,0.0750245682063888,0.0,0.0,1.1102230246251563e-16,0.0,0.0507067288285358,0.0420929038704695,5,1.0,1.0,0.0,7,0,2,6,6,2,1,0.4285714285714285,0,0,0,0,0.0476606984033159,0.0473666037125419,0.0220754806410256,V7,0,2026-05,,0,0,0,0,0.0,0.0476606984033159,0.0255852177622903,0,0,sin_switch,0.0352918138382806,0.0352918138382806,0.0364638786335299,V7,0.0
2026-05-20,Matutino,0.0,0.206966180833187,0.102905068146857,0.0,0.0153490331128315,0.0061396132451326,0.0,0.0847875625083858,0.0372229606105039,6,0.8333333333333334,1.0,0.0,9,0,3,8,2,3,1,0.3333333333333333,0,0,0,0,0.0236779075242362,0.0266437162817872,0.0493960298158383,V7,0,2026-05,,0,0,0,0,0.0257181222916021,0.0493960298158383,0.0257181222916021,0,0,sin_switch,0.0210146512229541,0.0236096699492128,0.0273581108930064,V7,0.0
2026-05-20,Vespertino,0.0,0.0146274843291163,0.0069023463782855,0.0,0.0399999999999999,0.0159999999999999,0.0,0.048120895841719,0.0331031615436441,5,0.8,1.0,0.0,9,0,4,5,4,4,1,0.4444444444444444,0,0,0,0,0.0213357425106965,0.0450968150754607,0.067896557713147,V9,0,2026-05,,0,0,0,0,0.0465608152024504,0.067896557713147,0.0465608152024504,0,1,neutro,0.0258290519154691,0.0328657003321923,0.0281439026212631,V7,0.0
2026-05-20,Nocturno,0.0,0.086744090761945,0.0387210330583645,0.0,0.01,0.004,0.0,0.0805011694012437,0.0328067962928621,5,0.8,0.8,0.0,7,0,5,6,3,5,2,0.2857142857142857,0,1,0,0,0.0,0.0232360902418748,0.0218335384599842,V7,1,2026-05,,0,1,1,0,0.0232360902418748,0.0232360902418748,0.0232360902418748,0,0,sin_switch,0.0209887273108053,0.0266104386621951,0.0209156115153729,V7,1.0
2026-05-21,Previa,0.0,0.0,0.0081093021621629,0.0,0.0,0.0,0.0,0.0,0.0,2,1.0,1.0,0.0,2,0,1,0,2,1,1,1.0,0,0,0,0,0.0,0.0326332378038257,0.0326332378038257,V8,0,2026-05,,0,0,0,0,0.0326332378038257,0.0326332378038257,0.0326332378038257,1,0,neutro,0.037441752274917,0.0430621345664487,0.0273136211817135,V7,0.0
2026-05-21,Primera,0.0,0.0134588894648484,0.0078586197855417,0.0083333333333334,0.0236823664461649,0.0096625755480047,0.0,0.0899999999999999,0.0503467312475341,6,1.0,1.0,0.3333333333333333,6,0,2,4,4,2,1,1.0,0,0,0,0,0.0222122686698646,0.024920096079535,0.024920096079535,V7,0,2026-05,,0,0,0,0,0.0027078274096703,0.024920096079535,0.0027078274096703,0,0,sin_switch,0.0337166866312265,0.0337166866312265,0.0405731767976651,V7,0.0
2026-05-21,Matutino,0.0,0.086931090692027,0.052976282067355,0.0,0.0416644039285741,0.0184333597038943,0.0,0.1133333333333332,0.060024107012998,7,0.8571428571428571,1.0,0.1428571428571428,12,0,3,11,6,3,1,0.25,0,0,0,0,0.0,0.0237059361802459,0.0456026319162396,V9,0,2026-05,,0,0,0,0,0.0456026319162396,0.0456026319162396,0.0456026319162396,0,1,neutro,0.0105100027593297,0.0230866362313319,0.0327518930030531,V13,0.0
2026-05-21,Vespertino,0.0,0.0,0.0129636965091359,0.0236823664461649,0.0236823664461649,0.0101434343860644,0.0,0.1142875625083857,0.0583077398106886,6,1.0,0.5,0.3333333333333333,10,0,4,8,3,4,1,0.6,0,0,0,0,0.0456985351607983,0.0225334159212877,0.026523719807865,V7,0,2026-05,,0,0,0,0,0.0,0.0456985351607983,0.0231651192395105,0,0,sin_switch,0.0246991702614533,0.0271935780850823,0.0351603314891053,V13,0.0
2026-05-21,Nocturno,0.0,0.0944597794423112,0.0591857929719607,0.0236823664461649,0.0236823664461649,0.0101434343860644,0.0,0.0803092975357144,0.0371914260917989,6,1.0,0.4,0.3333333333333333,5,0,5,4,2,4,2,0.6,0,0,0,0,0.025030982230595,0.0,0.0475606699833356,V7,0,2026-05,,0,0,0,0,0.0225296877527406,0.0475606699833356,0.0475606699833356,0,0,sin_switch,0.0300367017727253,0.0360375493141052,0.0351429636860018,V7,0.0
2026-05-22,Previa,0.0,0.0089257420525683,0.0035702968210273,0.0,0.0101557006787506,0.0040622802715002,0.0,0.03453114013575,0.0138124560543,4,1.0,1.0,0.0,4,0,1,0,4,1,1,1.0,0,0,0,0,0.0,0.0,0.0,V7,0,2026-05,,0,0,0,0,0.0,0.0,0.0,0,0,sin_switch,0.0266257630038155,0.0282226869085241,0.0270381645887471,V7,0.0
2026-05-22,Primera,0.0,0.0338919144154887,0.0177078508460047,0.0114378125419289,0.0142513239641037,0.0054223632306339,0.0,0.04823615700974,0.0317814187459176,2,1.0,1.0,1.0,11,0,2,10,10,2,1,0.4545454545454545,0,0,0,0,0.0453373749578904,0.0234741797955077,0.0234741797955077,V7,0,2026-05,,0,0,0,0,0.0,0.0453373749578904,0.0218631951623827,0,0,sin_switch,0.033326865665675,0.033326865665675,0.0360425402197989,V7,0.0
2026-05-22,Matutino,0.0,0.0162186043243259,0.0074322981982761,0.0114378125419289,0.0142513239641037,0.0054223632306339,0.0,0.132593842420185,0.0593819533914685,2,1.0,0.6666666666666666,1.0,6,0,3,5,5,3,2,0.1666666666666666,0,0,0,0,0.0230509408996335,0.0,0.0670058075206313,V9,0,2026-05,,0,0,0,0,0.0439548666209978,0.0670058075206313,0.0670058075206313,0,1,neutro,0.0240653141735633,0.0321715325113848,0.0339196510580966,V7,0.0
2026-05-22,Vespertino,0.0,0.0331493696221327,0.0222064107781188,0.0,0.0070156997794982,0.0045906543076976,0.0392727272727273,0.1041435359642849,0.065601205224071,6,1.0,0.5,0.0,10,0,4,8,4,4,2,0.6,0,0,0,0,0.0,0.0,0.02504550494838,V7,0,2026-05,,0,0,0,0,0.02504550494838,0.02504550494838,0.02504550494838,0,0,sin_switch,0.0153279026119707,0.020831131510928,0.0211426964084791,V7,0.0
2026-05-22,Nocturno,0.0,0.1677342647545874,0.0830677949342007,0.0,0.02,0.0090363578450083,0.0,0.0780240357976189,0.0382968384792674,5,0.8,0.8,0.2,9,0,5,8,2,5,1,0.1111111111111111,0,0,0,0,0.0251744785917706,0.0226135849918927,0.0,V7,0,2026-05,,0,0,0,0,0.0,0.0251744785917706,0.0251744785917706,0,0,sin_switch,0.0224945507261328,0.0250614132905114,0.0296937322991313,V7,0.0
2026-05-23,Previa,0.0,0.0,0.0,0.0,0.0,0.0113894786966434,0.0,0.0,0.03412126239551,4,1.0,1.0,0.0,4,0,1,0,4,1,1,1.0,0,0,0,0,0.0,0.0,0.0,V7,0,2026-05,,0,0,0,0,0.0,0.0,0.0,0,0,sin_switch,0.0277557841689831,0.0295073221972796,0.0293332914102393,V7,0.0
2026-05-23,Primera,0.0,0.0009758104823838,0.006752225616175,0.0,0.01,0.0105786016318992,0.0,0.0043636363636363,0.0130112730342581,10,1.0,1.0,0.2,11,0,2,10,10,2,1,0.6363636363636364,0,0,0,0,0.048678210756468,0.0529516471656833,0.0260640523590187,V7,0,2026-05,,0,0,0,0,0.0042734364092152,0.0529516471656833,0.0268875948066645,0,0,sin_switch,0.0344589913089286,0.0344589913089286,0.0407871658871662,V7,0.0
2026-05-23,Matutino,0.0,0.0204330249506403,0.0139754129012508,0.0,0.0351201789880937,0.0166473788169766,0.0,0.0519999999999999,0.0351845602353911,12,0.8333333333333334,1.0,0.1666666666666666,12,0,3,8,5,3,1,0.5833333333333334,0,0,0,0,0.0434938495457959,0.0438354214334249,0.0438354214334249,V7,0,2026-05,,0,0,0,0,0.0003415718876289,0.0438354214334249,0.0003415718876289,0,0,sin_switch,0.0297898453163802,0.0297898453163802,0.0385072588946696,V7,0.0
2026-05-23,Vespertino,0.0,0.0,0.0,0.0,0.0184535123214271,0.0117934019116949,0.1435714285714285,0.1571359790785349,0.0500540375092765,2,1.0,0.5,1.0,14,0,4,10,4,4,1,0.2857142857142857,0,0,0,0,0.0524473557749785,0.0212582152030922,0.0212582152030922,V7,0,2026-05,,0,0,0,0,0.0,0.0524473557749785,0.0311891405718863,0,0,sin_switch,0.0298128188669788,0.0298128188669788,0.0411531958747276,V13,0.0
2026-05-23,Nocturno,0.0777056903467006,0.0892129732447726,0.0781512889810871,0.0,0.0267513239641036,0.0110969575820688,0.0,0.049620895841719,0.0465670344311455,2,1.0,0.4,1.0,9,0,5,8,1,5,2,0.4444444444444444,0,0,0,0,0.0,0.0,0.0800769508479275,V9,0,2026-05,,0,0,0,0,0.0800769508479275,0.0800769508479275,0.0800769508479275,0,1,neutro,0.0256126841956361,0.0325245995160204,0.0302921331018957,V7,0.0
2026-05-26,Primera,0.0,0.0,0.0,0.0,0.0,0.0,0.0,0.0,5.551115123125783e-17,2,0.0,0.5,0.0,2,1,1,2,2,1,1,0.0,0,0,0,0,0.0,0.0130689037433996,0.0130689037433996,V7,0,2026-05,,0,0,0,0,0.0130689037433996,0.0130689037433996,0.0130689037433996,0,0,sin_switch,0.0317568711520013,0.0335671443579006,0.0187484311240045,V7,0.0
2026-05-26,Matutino,0.0,0.0,0.0034911621442494,0.0125,0.0239378125419288,0.0074283054366233,0.0,0.0572875625083857,0.0373633351068267,8,0.0,0.6666666666666666,0.25,14,1,2,14,12,2,1,0.0,0,0,0,0,0.0784872404269905,0.0848885816973571,0.023430921977049,V7,0,2026-05,,0,0,0,0,0.0064013412703665,0.0848885816973571,0.061457659720308,0,0,sin_switch,0.0263435513148362,0.0237872133163516,0.0168962719409512,V7,0.0
2026-05-26,Vespertino,0.247240160873722,0.3300695910452598,0.0990417559346968,0.0,0.00625,0.0050560213368739,0.0,0.0227875625083857,0.0257056554524185,8,0.0,0.75,0.125,8,2,2,8,6,3,1,0.0,0,0,0,0,0.0237817946079761,0.046147623825504,0.0234493362989644,V7,0,2026-05,,0,0,0,0,0.0223658292175279,0.046147623825504,0.0226982875265395,0,0,sin_switch,0.0216104712680118,0.0241222289508951,0.0162095800335306,V7,0.0
2026-05-26,Nocturno,0.0,0.0,0.3452395573188559,0.0,0.0017823201785757,0.0007129280714303,0.0,0.0324999999999999,0.0195686935236953,7,0.0,0.8,0.1428571428571428,8,2,3,8,4,4,1,0.0,0,0,0,1,0.0,0.0236545740799989,0.0508950072961495,V9,1,2026-05,,1,0,1,1,0.0508950072961495,0.0508950072961495,0.0508950072961495,0,1,ganador,0.0139094964543752,0.0252697969795814,0.0182668818948178,V11,1.0
2026-05-27,Previa,0.0937168706797813,0.1022037882015283,0.0330581746952369,0.0153135114221747,0.0153135114221747,0.007217723117828,0.0030627022844349,0.0030627022844349,0.0160497244022401,6,1.0,1.0,0.0,6,0,1,0,6,1,1,1.0,0,0,0,0,0.053227065817802,0.0,0.0,V7,0,2026-05,,0,0,0,0,0.0,0.053227065817802,0.053227065817802,0,0,sin_switch,0.0300467460472162,0.0300467460472162,0.034249867010637,V7,0.0
2026-05-27,Primera,0.0,0.0366516292749663,0.080810833141991,0.0114378125419289,0.0142513239641037,0.0054223632306339,0.0599999999999999,0.0614031399558996,0.0332914492019315,2,1.0,1.0,1.0,6,0,2,4,4,2,1,1.0,0,0,0,0,0.1261010758489539,0.0,0.0219820008833848,V7,0,2026-05,,0,0,0,0,0.0,0.1261010758489539,0.1261010758489539,0,0,sin_switch,0.0269601468743834,0.0269601468743834,0.0408628065966953,V13,0.0
2026-05-27,Matutino,0.0,0.0324372086486528,0.1398378021611144,0.0031044792085956,0.0114378125419289,0.0061388161473932,0.0,0.0258333333333333,0.0133591863682788,2,1.0,0.6666666666666666,1.0,12,0,3,8,8,3,2,0.3333333333333333,0,0,0,0,0.0508711755367744,0.0,0.0974811112861217,V9,0,2026-05,,0,0,0,0,0.0466099357493473,0.0974811112861217,0.0974811112861217,0,1,neutro,0.0261229190423825,0.0297530215939224,0.0299282515603091,V7,0.0
2026-05-27,Vespertino,0.0615275187181234,0.0615275187181234,0.0303313289046555,0.0028135114221747,0.0028135114221747,0.0030877244571225,0.0,0.0124999999999999,0.0183718828159222,6,1.0,0.5,0.0,8,1,3,8,6,4,2,0.25,0,0,0,0,0.0575035609445013,0.033252489488152,0.0733256621591615,V7,0,2026-05,,0,0,0,0,0.0158221012146602,0.0733256621591615,0.0400731726710095,0,0,sin_switch,0.0236618295835363,0.0287873736743697,0.0246625310523201,V7,0.0
2026-05-27,Nocturno,0.0,0.0277258872223979,0.0113626078084052,0.0,0.0042021883573234,0.002999560915857,0.0,0.0109090909090907,0.0170362716766446,4,1.0,0.4,0.25,11,0,5,9,2,5,2,0.4545454545454545,0,0,0,0,0.0,0.024886880578328,0.1056175248389939,V9,0,2026-05,,0,0,0,0,0.1056175248389939,0.1056175248389939,0.1056175248389939,0,1,neutro,0.0193359435910784,0.0267849661744786,0.0227482949590464,V7,0.0
2026-05-28,Previa,0.0,0.0204330249506403,0.0081732099802561,0.0,0.0232486760358963,0.0092994704143585,0.0,0.0696497352071793,0.0278598940828717,4,1.0,1.0,0.0,4,0,1,0,4,1,1,1.0,0,0,0,0,0.0,0.0,0.0,V7,0,2026-05,,0,0,0,0,0.0,0.0,0.0,0,0,sin_switch,0.0235035172367601,0.0235035172367601,0.0311939292978233,V7,0.0
2026-05-28,Primera,0.0,0.0061660271930907,0.0117765414013913,0.0,0.0042021883573234,0.0034471942229764,0.0,0.0922124374916142,0.0442772517689886,4,1.0,1.0,0.25,6,0,2,5,5,2,1,0.6666666666666666,0,0,0,0,0.021518910601345,0.0452857855473412,0.0235976484241026,V7,0,2026-05,,0,0,0,0,0.0237668749459962,0.0452857855473412,0.0237668749459962,0,0,sin_switch,0.0323092711337573,0.0323092711337573,0.0264748731288349,V7,0.0
2026-05-28,Matutino,0.4440893839347328,0.4869408872198413,0.1446439137880193,0.0,0.0042021883573234,0.0050997753434756,0.0,0.0009031399558996,0.0322702955159511,4,1.0,0.6666666666666666,0.25,6,0,3,4,2,3,1,0.6666666666666666,0,0,0,0,0.0,0.0539075446520299,0.021397182269037,V8,0,2026-05,,0,0,0,0,0.0539075446520299,0.0539075446520299,0.0539075446520299,1,0,neutro,0.0255319736618578,0.0283034289813939,0.0273811782098739,V7,0.0
2026-05-28,Vespertino,0.4933355140573674,0.5381275553158265,0.1598498305738138,0.0,0.0042021883573234,0.0039365701968206,0.0,0.0297868836869579,0.0168685499872882,4,1.0,0.5,0.25,7,0,4,5,1,4,1,0.5714285714285714,0,0,0,0,0.0,0.0592703956461507,0.0,V8,0,2026-05,,0,0,0,0,0.0592703956461507,0.0592703956461507,0.0592703956461507,1,0,neutro,0.0253961255064466,0.0304956160398791,0.0249832067542067,V7,0.0
2026-05-28,Nocturno,0.0,0.0,0.0365373952830498,0.0,0.0042021883573234,0.0079314211978477,0.0,0.0209993211785721,0.0151881284715675,4,1.0,0.4,0.25,7,0,5,3,2,3,1,0.5714285714285714,0,0,0,1,0.0271073345459042,0.0254868402814126,0.0307556731937018,V7,0,2026-05,,0,0,0,0,0.0036483386477975,0.0307556731937018,0.0052688329122892,0,0,sin_switch,0.0408085132025899,0.0434925569283696,0.0240579527101279,V7,0.0
2026-05-29,Previa,0.0,0.0,8.881784197001252e-16,0.0,0.0,0.0,0.0,0.0,0.0,4,1.0,1.0,0.0,4,0,1,0,4,1,1,1.0,0,0,0,0,0.0166349445959084,0.0202799905058976,0.0202799905058976,V7,0,2026-05,,0,0,0,0,0.0036450459099891,0.0202799905058976,0.0036450459099891,0,0,sin_switch,0.0371746334951207,0.0392024935025479,0.0266456400984251,V7,0.0
2026-05-29,Primera,0.0,0.0178282889310139,0.0185499628864375,0.0,0.0,0.0008753720206544,0.0,0.050562702284435,0.022767746697936,1,1.0,1.0,1.0,6,0,2,5,5,2,1,0.6666666666666666,0,0,0,0,0.0389758862141292,0.0387619221961623,0.0473793366646595,V7,0,2026-05,,0,0,0,0,0.0084034504505303,0.0473793366646595,0.0086174144684972,0,0,sin_switch,0.0463341986349841,0.0437691389912415,0.0351502770784608,V7,0.0
2026-05-29,Matutino,0.0,0.0366516292749663,0.1496784338336946,0.0,0.0,0.0025361557298696,0.0,0.0549999999999999,0.0467258601273888,1,1.0,0.6666666666666666,1.0,12,0,3,8,8,3,2,0.3333333333333333,0,0,0,0,0.0513910212979963,0.0,0.0483848805540713,V7,0,2026-05,,0,0,0,0,0.0,0.0513910212979963,0.0513910212979963,0,0,sin_switch,0.0370994585610013,0.0345160233275071,0.0347740592929166,V7,0.0
2026-05-29,Vespertino,0.0,0.0480188752767185,0.0249069423650712,0.0,0.0,0.0072973848505874,0.0,0.0182352941176471,0.030087637412641,1,1.0,0.5,1.0,17,0,4,13,5,4,1,0.2352941176470588,0,0,0,0,0.0257122521679078,0.0,0.0695763710876619,V9,0,2026-05,,0,0,0,0,0.0438641189197541,0.0695763710876619,0.0695763710876619,0,1,neutro,0.029952911752212,0.0356609759801514,0.0295169812707727,V7,0.0
2026-05-29,Nocturno,0.0,0.0499401158081962,0.0387586411544118,0.0,0.0,0.0072973848505874,0.0,0.0051208958417191,0.0148893869781037,1,1.0,0.4,1.0,9,1,4,9,5,5,1,0.1111111111111111,0,0,0,0,0.024691742006969,0.0264793988188361,0.09339992298619,V9,0,2026-05,,0,0,0,0,0.068708180979221,0.09339992298619,0.068708180979221,0,1,neutro,0.0267959717073452,0.0317806781694474,0.0280116564863651,V7,0.0
2026-05-30,Previa,0.0,0.0223846315174167,0.0677612783853344,0.0,0.0070156997794982,0.0107732348358819,0.0,0.0014031399558996,0.0168683560937641,6,1.0,1.0,0.0,6,0,1,0,6,1,1,1.0,0,0,0,0,0.0248916863310947,0.0,0.0,V7,0,2026-05,,0,0,0,0,0.0,0.0248916863310947,0.0248916863310947,0,0,sin_switch,0.0388361547034875,0.0388361547034875,0.0415763387481937,V7,0.0
2026-05-30,Primera,0.0,0.0223846315174167,0.0130048631564437,0.0,0.0114378125419289,0.0075464060104174,0.0,0.0376595623285352,0.0295818236450838,2,1.0,1.0,1.0,5,0,2,4,4,2,1,0.8,0,0,0,0,0.0395948588932352,0.0396387376855784,0.0454817106345564,V7,0,2026-05,,0,0,0,0,0.0058868517413212,0.0454817106345564,0.0058868517413212,0,0,sin_switch,0.0429108859297647,0.0404940357091332,0.0371578975228218,V7,0.0
2026-05-30,Matutino,0.4403627818393891,0.4805192208714306,0.1504684193471332,0.0,0.0184535123214272,0.0074936517358223,0.0,0.0914285714285715,0.0599732433710797,2,1.0,0.6666666666666666,1.0,14,0,3,8,6,3,1,0.5714285714285714,0,0,0,0,0.0,0.0473710154854504,0.0262464562269513,V8,0,2026-05,,0,0,0,0,0.0473710154854504,0.0473710154854504,0.0473710154854504,1,0,neutro,0.0337016969955589,0.0338668773279457,0.0379874376309191,V7,0.0
2026-05-30,Vespertino,0.010052577131236,0.3313818533577954,0.2009416627672074,0.0,0.0329843002205016,0.0134096356168194,0.0,0.1173957193382752,0.0511461635742221,5,0.8,1.0,0.0,11,0,4,6,6,3,2,0.4545454545454545,0,0,0,0,0.0463811559969333,0.0283323887641981,0.0515141326636787,V7,0,2026-05,,0,0,0,0,0.0051329766667453,0.0515141326636787,0.0231817438994806,0,0,sin_switch,0.0303032649412549,0.0303032649412549,0.0316290329915065,V7,0.0
2026-05-30,Nocturno,0.0,0.0162186043243259,0.1395199349811148,0.0084535123214271,0.0084535123214271,0.0070659631235209,0.0,0.0579031399558997,0.0442474023993729,2,1.0,0.4,1.0,6,0,5,5,3,4,2,0.5,0,0,1,0,0.0,0.0,0.0830939478835331,V9,0,2026-05,,0,0,0,0,0.0830939478835331,0.0830939478835331,0.0830939478835331,0,1,neutro,0.0298544922773603,0.0368090644352356,0.0310584533972322,V7,0.0
2026-06-01,Primera,0.0,0.0204330249506403,0.0669462483378004,0.0,0.0153135114221747,0.0061254045688699,0.0,0.0580627022844348,0.0232250809137739,6,0.0,0.5,0.0,6,1,1,6,6,1,1,0.0,0,0,0,0,0.0,0.0190051731014066,0.0190051731014066,V7,0,2026-06,,0,0,0,0,0.0190051731014066,0.0190051731014066,0.0190051731014066,0,0,sin_switch,0.0261475953136582,0.026060790626786,0.0195959150318478,V7,0.0
2026-06-01,Matutino,0.0,0.0149189243489971,0.0162413481055297,0.0,0.00625,0.0027806392051984,0.0,0.0553333333333332,0.0221983897207111,8,0.0,0.6666666666666666,0.125,8,1,2,8,4,2,1,0.0,0,0,1,1,0.0,0.0326401887894293,0.0326401887894293,V8,1,2026-06,,0,0,1,0,0.0326401887894293,0.0326401887894293,0.0326401887894293,1,0,ganador,0.02064606508277,0.0255611202815519,0.0103954377302927,V7,0.0
2026-06-01,Vespertino,0.0,0.1083196080639545,0.0439341733499214,0.0,0.00625,0.002783882181415,0.0,0.0039278926071436,0.0026789275743388,8,0.0,0.75,0.125,7,1,3,7,3,3,1,0.0,0,0,0,0,0.0,0.0643850895155963,0.0445930037646759,V8,0,2026-06,,0,0,0,0,0.0643850895155963,0.0643850895155963,0.0643850895155963,1,0,neutro,0.0177916093342123,0.0249921032521777,0.0132058699573005,V7,0.0
2026-06-01,Nocturno,0.0,0.0295234578391108,0.0325959493024783,0.0,0.0010211458752622,0.002840766032707,0.0,0.024,0.0314267402063911,8,0.0,0.8,0.125,10,1,4,10,5,4,2,0.0,0,0,0,0,0.0,0.043985377282962,0.0449193246496089,V9,0,2026-06,,0,0,0,0,0.0449193246496089,0.0449193246496089,0.0449193246496089,0,1,neutro,0.0160177290272901,0.0299953432595643,0.0157630515933515,V11,0.0
2026-06-02,Previa,0.0,0.0,0.0041577234834732,0.0,0.0101557006787506,0.0049752569286751,0.0,0.03453114013575,0.0169167347138256,4,1.0,1.0,0.0,4,0,1,0,4,1,1,1.0,0,0,0,0,0.0,0.0,0.0,V7,0,2026-06,,0,0,0,0,0.0,0.0,0.0,0,0,sin_switch,0.0259229752077487,0.0274770617877478,0.0268068026636953,V7,0.0
2026-06-02,Primera,0.0,0.0192348537525539,0.0087365117431314,0.0028135114221747,0.0028135114221747,0.0025630400330679,0.0399999999999999,0.0494031399558996,0.0446747546075909,6,1.0,1.0,0.0,6,0,2,4,4,2,1,1.0,0,0,0,0,0.023423004466475,0.0483970630542937,0.0231618241647338,V7,0,2026-06,,0,0,0,0,0.0249740585878186,0.0483970630542937,0.0252352388895598,0,0,sin_switch,0.0344443321788727,0.0344443321788727,0.0312423128936574,V7,0.0
2026-06-02,Matutino,0.0,0.011507282898072,0.0329736382533792,0.0028135114221747,0.0028135114221747,0.0027291169649015,0.0,0.0316666666666665,0.0191017012931917,6,1.0,0.6666666666666666,0.0,8,1,2,8,6,2,1,0.0,0,0,1,0,0.0,0.0,0.0,V7,0,2026-06,,0,0,0,0,0.0,0.0,0.0,0,0,sin_switch,0.0249653976839354,0.0249653976839354,0.0303122787769217,V7,0.0
2026-06-02,Vespertino,0.0,0.011507282898072,0.0472458317240603,0.0028135114221747,0.0028135114221747,0.0050474880910476,0.0,0.0275,0.0357936571193531,6,1.0,0.5,0.0,4,0,4,3,2,4,2,0.5,0,0,0,0,0.0206313876179871,0.0699935281880567,0.0,V8,0,2026-06,,0,0,0,0,0.0493621405700695,0.0699935281880567,0.0699935281880567,1,0,neutro,0.0189415255346353,0.0250994760735358,0.0156991481857764,V7,0.0
2026-06-02,Nocturno,0.0,0.1118833642949121,0.0613362388681009,0.0028135114221747,0.0088025454342586,0.0051145110707824,0.0,0.0789999999999998,0.0470404576972187,6,1.0,0.4,0.0,12,0,5,9,8,3,1,0.25,0,0,0,0,0.0,0.0,0.0234765278111837,V7,0,2026-06,,0,0,0,0,0.0234765278111837,0.0234765278111837,0.0234765278111837,0,0,sin_switch,0.0225205162528401,0.0280323675549048,0.02496969085109,V7,0.0
2026-06-03,Previa,0.0,0.011507282898072,0.0046029131592288,0.0,0.0130929753571457,0.0064142217679682,0.0,0.0351185950714292,0.0172045276816843,3,1.0,1.0,0.0,3,0,1,0,3,1,1,1.0,0,0,0,0,0.0,0.0,0.0,V7,0,2026-06,,0,0,0,0,0.0,0.0,0.0,0,0,sin_switch,0.0272264999659356,0.0289458261467536,0.0285328487122206,V7,0.0
2026-06-03,Primera,0.0,0.1610418768185297,0.076331343585062,0.0,0.0114378125419289,0.0064774726763878,0.0,0.0598816312023802,0.0267721746148989,2,1.0,1.0,1.0,9,0,2,7,7,2,1,0.8888888888888888,0,0,0,0,0.0228765295150292,0.0228765295150292,0.0452781158047347,V7,0,2026-06,,0,0,0,0,0.0224015862897055,0.0452781158047347,0.0224015862897055,0,0,sin_switch,0.0433498653469024,0.0408561196275839,0.0418483196050678,V7,0.0
2026-06-03,Matutino,0.0,0.0162186043243259,0.0163472270777053,0.0100000000000001,0.0114378125419289,0.0048310485176693,0.0,0.0957875625083858,0.0452346617473223,2,1.0,0.6666666666666666,1.0,10,0,3,8,1,3,1,0.8,0,0,0,0,0.0256524158138406,0.0,0.0536717776266724,V7,0,2026-06,,0,0,0,0,0.0280193618128317,0.0536717776266724,0.0536717776266724,0,0,sin_switch,0.036445345207151,0.0365491553899866,0.0351000321055867,V7,0.0
2026-06-03,Vespertino,0.0,0.0927028031383887,0.0664759845428915,0.0114378125419288,0.0114378125419288,0.0054778162753334,0.0,0.0783116883116883,0.0514390052219353,2,1.0,0.5,1.0,11,0,4,9,4,4,2,0.5454545454545454,0,0,0,0,0.0,0.0,0.0531186658719523,V9,0,2026-06,,0,0,0,0,0.0531186658719523,0.0531186658719523,0.0531186658719523,0,1,neutro,0.0238990598186439,0.032505204807252,0.0324046861799997,V7,0.0
2026-06-03,Nocturno,0.0,0.1655682183860181,0.068532367281018,0.0,0.0414378125419288,0.0207977159209232,0.014095238095238,0.0161344537815126,0.0277546854829106,11,0.7272727272727273,1.0,0.0,14,0,5,12,8,4,2,0.4285714285714285,0,0,0,0,0.0750104358385847,0.0,0.0472213666159038,V7,0,2026-06,,0,0,0,0,0.0,0.0750104358385847,0.0750104358385847,0,0,sin_switch,0.0196191411067273,0.0196191411067273,0.0247905770585263,V7,0.0
2026-06-04,Previa,0.0,0.0,0.0141678204895984,0.0,0.0,0.0,0.0,0.0,0.0,2,1.0,1.0,0.0,2,0,1,0,2,1,1,1.0,0,0,0,0,0.0,0.0364713817624144,0.0364713817624144,V8,0,2026-06,,0,0,0,0,0.0364713817624144,0.0364713817624144,0.0364713817624144,1,0,neutro,0.0382599190340028,0.044028343114351,0.0278818030423137,V7,0.0
2026-06-04,Primera,0.0,0.2896488256674425,0.1140910162130349,0.0,0.0017868456547603,0.0029874405291512,0.0649999999999999,0.1322875625083858,0.0559391827618773,5,1.0,1.0,0.0,12,0,2,10,10,2,1,0.8333333333333334,0,0,0,0,0.0510483987505038,0.0591050683439884,0.0371052649701093,V7,0,2026-06,,0,0,0,0,0.0080566695934845,0.0591050683439884,0.0219998033738791,0,0,sin_switch,0.0205197525892292,0.0205197525892292,0.0264163009782397,V7,0.0
2026-06-04,Matutino,0.0,0.0514108165016669,0.0489035797904559,0.0,0.0065464876785729,0.0031723482220125,0.0,0.0264999999999999,0.0215234755557739,5,1.0,0.6666666666666666,0.0,10,1,2,10,4,3,1,0.2,0,0,0,0,0.0234125394435,0.0234125394435,0.0218478811918346,V7,0,2026-06,,0,0,0,0,0.0,0.0234125394435,0.0015646582516654,0,0,sin_switch,0.0248876414292025,0.0248876414292025,0.0165922338485213,V7,0.0
2026-06-04,Vespertino,0.0,0.0338919144154887,0.1326090510728345,0.0,0.0065464876785727,0.0064691340662924,0.02,0.0250000000000001,0.0110261781870864,5,1.0,0.5,0.0,10,1,3,10,4,3,1,0.0,0,0,0,0,0.0436492348572888,0.0455074040636007,0.0231084214496192,V7,0,2026-06,,0,0,0,0,0.0018581692063119,0.0455074040636007,0.0223989826139815,0,0,sin_switch,0.0231024275754555,0.0231024275754555,0.0170641755710078,V7,0.0
2026-06-04,Nocturno,0.0,0.0204330249506403,0.0081732099802561,0.0,0.0065464876785727,0.0064691340662924,0.0,0.0169061575798148,0.0306615566828198,5,1.0,0.4,0.0,3,0,5,2,2,3,2,0.3333333333333333,0,0,0,0,0.0220065094093368,0.0690170192926424,0.021285715088808,V8,0,2026-06,,0,0,0,0,0.0470105098833055,0.0690170192926424,0.0477313042038343,1,0,neutro,0.0196064637906163,0.0231236534129381,0.0133366487704377,V7,0.0
2026-06-05,Previa,0.0,0.0,0.0041577234834732,0.0,0.0,0.0,0.0,0.0,0.0,4,1.0,1.0,0.0,4,0,1,0,4,1,1,1.0,0,0,0,0,0.0164216937729441,0.0201934415295949,0.0201934415295949,V7,0,2026-06,,0,0,0,0,0.0037717477566508,0.0201934415295949,0.0037717477566508,0,0,sin_switch,0.0375845731216484,0.0396351358265404,0.0285920688282637,V7,0.0
2026-06-05,Primera,0.0,0.1643213692617919,0.0678754395377124,0.0,0.0070156997794982,0.0028062799117992,0.0,0.0614031399558996,0.0362467628315605,6,1.0,1.0,0.0,6,0,2,4,4,2,1,1.0,0,0,0,0,0.0340371347736867,0.0466333337544514,0.0212637735003678,V7,0,2026-06,,0,0,0,0,0.0125961989807647,0.0466333337544514,0.0253695602540836,0,0,sin_switch,0.0355803434773085,0.0355803434773085,0.0333272908760241,V7,0.0
2026-06-05,Matutino,0.0,0.0089257420525683,0.0177812723351849,0.0,0.0070156997794982,0.0028062799117992,0.0,0.0560240357976187,0.0319037449663438,6,1.0,0.6666666666666666,0.0,9,0,3,5,1,3,1,0.7777777777777778,0,0,0,0,0.0225491689552564,0.057323411966738,0.0773876717249794,V9,0,2026-06,,0,0,0,0,0.054838502769723,0.0773876717249794,0.054838502769723,0,1,neutro,0.021510820770142,0.0278468866714744,0.0259681799470798,V7,0.0
2026-06-05,Vespertino,0.0,0.011507282898072,0.0170137880917824,0.0,0.0070156997794982,0.0028062799117992,0.0409999999999999,0.0615,0.0466902791642576,6,1.0,0.5,0.0,10,1,3,10,8,4,2,0.2,0,0,0,0,0.0685241968702868,0.0258407754002767,0.0566254719807571,V7,0,2026-06,,0,0,0,0,0.0,0.0685241968702868,0.0426834214700101,0,0,sin_switch,0.0232877925352215,0.0232877925352215,0.0198062625935857,V7,0.0
2026-06-05,Nocturno,0.0,0.0366516292749663,0.0183611590292684,0.0,0.0070156997794982,0.0028062799117992,0.0,0.0287124374916143,0.0207173705638961,6,1.0,0.4,0.0,6,0,5,5,3,4,2,0.5,0,0,0,0,0.0203427474144504,0.0674230241880043,0.0451143925649763,V8,0,2026-06,,0,0,0,0,0.0470802767735539,0.0674230241880043,0.0470802767735539,1,0,neutro,0.0195296020755483,0.0206967224891746,0.0089015420774181,V7,0.0
2026-06-06,Previa,0.0,0.0235114665960844,0.0546343854229521,0.0,0.0,0.0056033609002663,0.0,0.0,0.0011206721800532,12,1.0,1.0,0.0,12,0,1,0,12,1,1,1.0,0,0,0,0,0.0235455224547459,0.0211348730767612,0.0,V7,0,2026-06,,0,0,0,0,0.0,0.0235455224547459,0.0235455224547459,0,0,sin_switch,0.026436410185234,0.026436410185234,0.0325897665765448,V7,0.0
2026-06-06,Primera,0.0,0.2153727084664982,0.1149048870194439,0.0,0.0024038461538461,0.0021791803833704,0.0,0.1099999999999999,0.0498629695604454,8,1.0,1.0,0.125,28,0,2,18,18,2,1,1.0,0,0,0,0,0.0668341993423957,0.1268208565587825,0.0668410258394052,V8,0,2026-06,,0,0,0,0,0.0599866572163867,0.1268208565587825,0.0599866572163867,1,0,neutro,0.0286845901397855,0.0230195167460225,0.0217412126285737,V7,0.0
2026-06-06,Matutino,0.0,0.1890891915688302,0.1099179503716266,0.0,0.0024038461538461,0.0021791803833704,0.0,0.0323092975357146,0.0237685780429601,8,1.0,0.6666666666666666,0.125,5,0,3,3,1,3,1,0.8,0,0,0,0,0.0466386374449357,0.0491513772612112,0.0673740375127136,V7,0,2026-06,,0,0,0,0,0.0207354000677779,0.0673740375127136,0.0207354000677779,0,0,sin_switch,0.0343894159317714,0.0343894159317714,0.0263931749008687,V7,0.0
2026-06-06,Vespertino,0.0,0.0279947875774793,0.0555652856173076,0.0,0.0024038461538461,0.0021791803833704,0.0,0.0972875625083858,0.0453532705118521,8,1.0,0.5,0.125,8,0,4,6,2,3,1,0.75,0,0,0,0,0.0284687688921923,0.0557537837986113,0.0492833004833938,V7,0,2026-06,,0,0,0,0,0.027285014906419,0.0557537837986113,0.027285014906419,0,0,sin_switch,0.0251997849002685,0.030516204106941,0.0259910199637318,V7,0.0
2026-06-06,Nocturno,0.0,0.2189892852377104,0.0912273581630017,0.0,0.0488888888888888,0.0227196695326924,0.0,0.0106666666666666,0.0157071818616545,18,0.8888888888888888,0.8,0.0,18,0,5,14,2,4,2,0.8888888888888888,0,0,0,0,0.0274193136437088,0.0,0.0489378358512927,V7,0,2026-06,,0,0,0,0,0.0215185222075839,0.0489378358512927,0.0489378358512927,0,0,sin_switch,0.020069187443489,0.0253620296742922,0.0258832046816514,V7,0.0
2026-06-08,Primera,0.0,0.0439444915467248,0.052572572806951,0.0,0.0,0.0057189062709644,0.0,0.0,0.0286437812541929,16,0.0,0.5,0.0,16,1,1,16,16,1,1,0.0,0,0,0,0,0.1003298449529893,0.1417448563934152,0.0642195441112555,V8,0,2026-06,,0,0,0,0,0.0414150114404258,0.1417448563934152,0.0775253122821597,1,0,neutro,0.0243003137382641,0.0200097151240682,0.0182560589590042,V7,0.0
2026-06-08,Matutino,0.0,0.1714282169197734,0.0814599611168013,0.0083333333333333,0.0083333333333333,0.0027631167918723,0.0,0.0649999999999999,0.0390806715449811,12,0.0,0.6666666666666666,0.1666666666666666,22,1,2,22,6,2,1,0.0,0,0,0,0,0.0827199541707027,0.0879913494705861,0.0279074914589157,V7,0,2026-06,,0,0,0,0,0.0052713952998833,0.0879913494705861,0.0600838580116703,0,0,sin_switch,0.0262238144068271,0.0234716437089556,0.0166555604390095,V7,0.0
2026-06-08,Vespertino,0.0,0.0012619242283866,0.007869068817152,0.0,0.0083333333333333,0.0040824829046386,0.0,0.0572875625083857,0.0233619057903503,6,0.0,0.75,0.1666666666666666,8,2,2,8,6,2,1,0.0,0,0,0,0,0.0236296313098406,0.024829355654354,0.024829355654354,V7,0,2026-06,,0,0,0,0,0.0011997243445133,0.024829355654354,0.0011997243445133,0,0,sin_switch,0.0167965549479378,0.0191616084252395,0.0128544018868725,V7,0.0
2026-06-08,Nocturno,0.2380515516166585,0.3462959615144116,0.1218179495135173,0.0,0.0090909090909091,0.0038636363636363,0.0,0.059,0.0315545513727241,11,0.0,0.8,0.1818181818181818,12,1,4,12,5,4,2,0.0,0,0,0,1,0.0,0.0239603431383531,0.0481923679172522,V9,1,2026-06,,0,0,1,0,0.0481923679172522,0.0481923679172522,0.0481923679172522,0,1,ganador,0.0161295613548841,0.0283832474939988,0.0200023852152415,V11,1.0
2026-06-09,Previa,0.0,0.0134588894648484,0.0108528567769565,0.0,0.0153135114221747,0.007502057830922,0.0,0.0030627022844349,0.0015004115661844,6,1.0,1.0,0.0,6,0,1,0,6,1,1,1.0,0,0,0,0,0.0282189168296149,0.0,0.0,V7,0,2026-06,,0,0,0,0,0.0,0.0282189168296149,0.0282189168296149,0,0,sin_switch,0.0380333975449323,0.0396891189591235,0.0392493016164195,V7,0.0
2026-06-09,Primera,0.1704524064373895,0.1863471412687705,0.068081178545612,0.0021428571428571,0.0071428571428571,0.0067878889518992,0.0050909090909091,0.044090909090909,0.0425964905528482,14,1.0,1.0,0.1428571428571428,22,0,2,16,16,2,1,0.9090909090909092,0,0,0,0,0.0222125284486756,0.0803510863490578,0.0447675785129471,V8,0,2026-06,,0,0,0,0,0.0581385579003822,0.0803510863490578,0.0581385579003822,1,0,neutro,0.0246495580075822,0.0197439336869674,0.0167579660826032,V7,0.0
2026-06-09,Matutino,0.0,0.0277258872223979,0.2181426641288255,0.0,0.0089251773214328,0.0066567057723416,0.0573076923076921,0.0923076923076923,0.0787823854250401,7,0.8571428571428571,1.0,0.0,26,0,3,20,4,3,1,0.7692307692307693,0,0,0,0,0.0,0.024414194491982,0.024414194491982,V7,0,2026-06,,0,0,0,0,0.024414194491982,0.024414194491982,0.024414194491982,0,0,sin_switch,0.0203688451145035,0.0232593170215275,0.0234541628011697,V7,0.0
2026-06-09,Vespertino,0.0,0.3443915049835979,0.3130053680025152,0.0,0.0224025974025973,0.0162330222751422,0.0,1.1102230246251563e-16,0.0290342932745126,11,0.9090909090909092,0.75,0.0909090909090909,8,0,4,6,3,4,1,0.375,0,0,0,0,0.0,0.0,0.0249275756191575,V7,0,2026-06,,0,0,0,0,0.0249275756191575,0.0249275756191575,0.0249275756191575,0,0,sin_switch,0.0238264532562318,0.0264141491974202,0.0232241141861061,V7,0.0
2026-06-09,Nocturno,0.0,0.0162186043243259,0.0146007986599098,0.0,0.0178787878787877,0.0115872271584359,0.0,0.1005,0.0436120384372855,11,0.9090909090909092,0.6,0.0909090909090909,8,0,5,7,6,4,2,0.25,0,0,0,0,0.0219895911485334,0.0450468349500186,0.0,V7,0,2026-06,,0,0,0,0,0.0230572438014852,0.0450468349500186,0.0450468349500186,0,0,sin_switch,0.0180183104026173,0.0236256583776673,0.0228895673520522,V7,0.0
2026-06-10,Previa,0.0,0.0174126595743153,0.0129872073006005,0.0,0.0130929753571457,0.0064142217679682,0.0,0.0351185950714292,0.0172045276816843,3,1.0,1.0,0.0,3,0,1,0,3,1,1,1.0,0,0,0,0,0.0,0.0,0.0,V7,0,2026-06,,0,0,0,0,0.0,0.0,0.0,0,0,sin_switch,0.0271970894160875,0.028920483371456,0.0287910152048577,V7,0.0
2026-06-10,Primera,0.3031077151322909,0.5003997766846897,0.1630268081892056,0.0,0.0053490331128315,0.0033095981012411,0.0,0.000212437491614,0.0198545762477966,6,1.0,1.0,0.1666666666666666,6,0,2,5,5,2,1,1.0,0,0,0,0,0.046967900364991,0.0456398162866215,0.0227001681017611,V7,0,2026-06,,0,0,0,0,0.0,0.046967900364991,0.0242677322632299,0,0,sin_switch,0.0380541259453086,0.0380541259453086,0.0498124234749635,V13,0.0
2026-06-10,Matutino,0.0,0.0162186043243259,0.0201932748663222,0.0,0.0022560577556858,0.0032354203150742,0.0,0.0991666666666666,0.0578252467533803,6,1.0,0.6666666666666666,0.1666666666666666,12,0,3,10,4,3,1,0.5,0,0,0,0,0.0,0.0211585587972867,0.0205205096943428,V7,0,2026-06,,0,0,0,0,0.0211585587972867,0.0211585587972867,0.0211585587972867,0,0,sin_switch,0.0268655375132814,0.0317847987198743,0.0328946489603532,V7,0.0
2026-06-10,Vespertino,0.0,0.2175645597089079,0.091292015709627,0.0,0.0053490331128315,0.0033095981012411,0.0,0.1006907024642854,0.0512587204812686,6,1.0,0.5,0.1666666666666666,8,0,4,7,6,4,2,0.25,0,0,0,0,0.0,0.0,0.0236015971423538,V7,0,2026-06,,0,0,0,0,0.0236015971423538,0.0236015971423538,0.0236015971423538,0,0,sin_switch,0.0204782639920768,0.0256555679204892,0.0286256620836505,V7,0.0
2026-06-10,Nocturno,0.0,0.011507282898072,0.0046029131592288,0.0,0.0053490331128315,0.0033095981012411,0.0295714285714285,0.0875006788214277,0.0635329121546506,6,1.0,0.4,0.1666666666666666,12,0,5,10,8,4,2,0.3333333333333333,0,0,0,0,0.0764841279587079,0.0,0.0477156205784502,V7,0,2026-06,,0,0,0,0,0.0,0.0764841279587079,0.0764841279587079,0,0,sin_switch,0.0179784104864949,0.0232133304894302,0.0328839540976464,V13,0.0
2026-06-11,Previa,0.0,0.0,0.0,0.0,0.0,0.0,0.0,0.0,0.0,2,1.0,1.0,0.0,2,0,1,0,2,1,1,1.0,0,0,1,1,0.0,0.0285689383382655,0.0285689383382655,V7,0,2026-06,,0,0,0,0,0.0285689383382655,0.0285689383382655,0.0285689383382655,0,0,sin_switch,0.0336719595009207,0.0341174609152989,0.0190567186059184,V7,0.0
2026-06-11,Primera,0.0,0.1714282169197734,0.0815273122878112,0.0,0.0088907869998222,0.0052701163375824,0.0,0.1174999999999999,0.0464485754558276,7,1.0,1.0,0.0,7,0,2,6,6,2,1,1.0,0,1,0,0,0.0516725483074859,0.0454661737199594,0.0214526572860274,V7,1,2026-06,,0,1,1,0,0.0,0.0516725483074859,0.0302198910214584,0,0,sin_switch,0.0239795106747964,0.0239795106747964,0.0417048292993746,V13,0.0
2026-06-11,Matutino,0.0,0.2067593370472575,0.1121736942549019,0.0,0.0088907869998222,0.0052701163375824,0.0,0.0,0.0,7,1.0,0.6666666666666666,0.0,19,1,2,19,18,2,1,0.0,0,0,1,0,0.1035726814355531,0.1432807974516539,0.0589166906078778,V8,1,2026-06,,0,0,1,0,0.0397081160161008,0.1432807974516539,0.0843641068437761,1,0,ganador,0.0199816284138592,0.0125614804697559,0.0187573254191964,V7,0.0
2026-06-11,Vespertino,0.003592248377668,0.0162186043243259,0.1581336512043893,0.0,0.0088907869998222,0.0052701163375824,0.0,0.0135707497500008,0.0598576725030963,7,1.0,0.5,0.0,7,1,3,7,6,4,2,0.1428571428571428,0,0,0,0,0.0493384226758821,0.0519681365018284,0.0516803155999651,V7,0,2026-06,,0,0,0,0,0.0026297138259463,0.0519681365018284,0.0026297138259463,0,0,sin_switch,0.0235117808777713,0.0235117808777713,0.0217051706477536,V7,0.0
2026-06-11,Nocturno,0.0,0.136252236658529,0.0551907439063344,0.0,0.0088907869998222,0.0063260795879693,0.0,0.1343076923076922,0.0649986775636387,7,1.0,0.4,0.0,9,0,5,8,4,4,2,0.3333333333333333,0,0,0,0,0.0,0.0,0.0214005937353682,V7,0,2026-06,,0,0,0,0,0.0214005937353682,0.0214005937353682,0.0214005937353682,0,0,sin_switch,0.020055963888673,0.0277230357136462,0.0294331699804372,V7,0.0
2026-06-12,Previa,0.0,0.011507282898072,0.0576979567268458,0.0,0.0070156997794982,0.0058064173572887,0.0,0.0014031399558996,0.0011612834714577,6,1.0,1.0,0.0,6,0,1,0,6,1,1,1.0,0,0,0,0,0.034419893619732,0.0,0.0,V7,0,2026-06,,0,0,0,0,0.0,0.034419893619732,0.034419893619732,0,0,sin_switch,0.04214174006598,0.0439910430832468,0.0435507947274485,V7,0.0
2026-06-12,Primera,0.0030934778294859,0.0092595050225767,0.0735132703122082,0.0013531552444919,0.0013531552444919,0.0071300734359392,0.0,0.0580627022844348,0.0284447987367993,4,1.0,1.0,0.5,6,1,1,6,6,2,2,1.0,0,0,0,0,0.0574229100054064,0.0470450035152034,0.0233580567025233,V7,0,2026-06,,0,0,0,0,0.0,0.0574229100054064,0.0340648533028831,0,0,sin_switch,0.0327069037567191,0.0327069037567191,0.0391508236537747,V7,0.0
2026-06-12,Matutino,0.0,0.2894486340591307,0.1264495117170623,0.0013531552444919,0.0013531552444919,0.0071300734359392,0.0,0.0371435359642849,0.0299573458391448,4,1.0,0.6666666666666666,0.5,8,1,2,8,4,3,1,0.5,0,0,0,0,0.0530839367893025,0.0766947158397716,0.0229774955652995,V7,0,2026-06,,0,0,0,0,0.0236107790504691,0.0766947158397716,0.053717220274472,0,0,sin_switch,0.0200838750577221,0.0200838750577221,0.0257150360124897,V7,0.0
2026-06-12,Vespertino,0.2692158007168022,0.2692158007168022,0.0847195945839962,0.0,0.0874622155712506,0.0353909370194713,0.0,0.0112124374916141,0.0114149607181712,7,0.8571428571428571,1.0,0.1428571428571428,6,0,4,5,5,3,2,0.1666666666666666,0,0,0,0,0.0250398450250437,0.0,0.025943308567095,V7,0,2026-06,,1,0,0,1,0.0009034635420512,0.025943308567095,0.025943308567095,0,0,sin_switch,0.0276426267342473,0.0276426267342473,0.0436155323980362,V13,1.0
2026-06-12,Nocturno,0.0,0.1223811341549012,0.0662198449245694,0.0,0.0574622155712507,0.0246163598758661,0.0,0.0062124374916141,0.0196832436958492,7,0.8571428571428571,0.8,0.1428571428571428,6,0,5,4,4,3,2,0.3333333333333333,0,0,0,1,0.0235371692566736,0.0440599410101053,0.0415668488948412,V7,0,2026-06,,0,0,0,0,0.0205227717534316,0.0440599410101053,0.0205227717534316,0,0,sin_switch,0.0287927936081738,0.0288981131298391,0.0263740498583814,V7,0.0
2026-06-13,Previa,0.1360957026170171,0.1450214446695854,0.0446546860471968,0.0,0.0,0.007502057830922,0.0,0.0,0.0015004115661844,6,1.0,1.0,0.0,6,0,1,0,6,1,1,1.0,0,0,0,0,0.0294985871527529,0.0,0.0,V7,0,2026-06,,0,0,0,0,0.0,0.0294985871527529,0.0294985871527529,0,0,sin_switch,0.0381459410700497,0.0401355185066921,0.0388515361363964,V7,0.0
2026-06-13,Primera,0.0235114665960844,0.3428891362558675,0.1569067890533024,0.0,0.0184535123214271,0.0073305095683859,0.0081203007518796,0.0778571428571427,0.0447399306727141,8,1.0,1.0,0.0,14,0,2,12,12,2,1,0.8571428571428571,0,0,0,0,0.0226406322266742,0.0709528805316813,0.0225141479203241,V8,0,2026-06,,0,0,0,0,0.0483122483050071,0.0709528805316813,0.0484387326113572,1,0,neutro,0.0200225003832575,0.0171539164171749,0.0274899335288589,V7,0.0
2026-06-13,Matutino,0.0,0.0371792539184303,0.0215556331027977,0.0,0.0184535123214271,0.0083378956449314,0.0133333333333334,0.0592857142857143,0.059935639548549,8,1.0,0.6666666666666666,0.0,18,0,3,16,4,3,1,0.6666666666666666,0,0,0,0,0.0222367554225063,0.0222367554225063,0.0,V7,0,2026-06,,0,0,0,0,0.0,0.0222367554225063,0.0222367554225063,0,0,sin_switch,0.0220823232398083,0.0246303683795678,0.0282550475150011,V7,0.0
2026-06-13,Vespertino,0.0,0.0351057199379365,0.0533843952658105,0.0,0.0184535123214271,0.0073814049285708,0.0,0.0294999999999999,0.050611401875918,8,1.0,0.5,0.0,25,0,4,19,4,4,1,0.6,0,0,0,0,0.0,0.0,0.0455795095888666,V9,0,2026-06,,0,0,0,0,0.0455795095888666,0.0455795095888666,0.0455795095888666,0,1,neutro,0.0135459640671109,0.0260129672951051,0.0165378525612629,V11,0.0
2026-06-13,Nocturno,0.0,0.7725996216340594,0.3143590853785381,0.0,0.0184535123214271,0.0073814049285708,0.0,0.1230000000000001,0.0565465472725346,8,1.0,0.4,0.0,8,0,5,6,2,4,1,0.5,0,0,0,0,0.0278611336350544,0.0217860093789766,0.0,V7,0,2026-06,,0,0,0,0,0.0,0.0278611336350544,0.0278611336350544,0,0,sin_switch,0.0273202347664062,0.0273202347664062,0.0340108490144098,V7,0.0
2026-06-15,Primera,0.0,0.0,0.0789045812547783,0.0,0.0153135114221747,0.007502057830922,0.0,0.0580627022844348,0.0284447987367993,6,0.0,0.5,0.0,6,1,1,6,6,1,1,0.0,0,0,0,0,0.0,0.0185603676637442,0.0185603676637442,V7,0,2026-06,,0,0,0,0,0.0185603676637442,0.0185603676637442,0.0185603676637442,0,0,sin_switch,0.025898225183748,0.0258186156605339,0.0216679405254986,V7,0.0
2026-06-15,Matutino,0.0,0.0,0.0270174522937245,0.0,0.011146844755508,0.0056225384977467,0.0,0.051736473289233,0.0261725022185262,6,0.0,0.6666666666666666,0.1666666666666666,6,1,2,6,3,2,1,0.0,0,0,0,0,0.0,0.0313727099173532,0.0313727099173532,V8,0,2026-06,,0,0,0,0,0.0313727099173532,0.0313727099173532,0.0313727099173532,1,0,neutro,0.0204655672799568,0.0261019394494021,0.0104135232179678,V7,0.0
2026-06-15,Vespertino,0.0,0.013894180822997,0.0165861728935074,0.0,0.0071428571428571,0.003975171202256,0.0,0.0014278926071437,0.0148767825114104,7,0.0,0.75,0.1428571428571428,7,2,2,7,4,3,1,0.0,0,0,0,0,0.0225123743862589,0.0307089151397034,0.0307089151397034,V7,0,2026-06,,0,0,0,0,0.0081965407534445,0.0307089151397034,0.0081965407534445,0,0,sin_switch,0.0291926200378945,0.0317217158369452,0.0108974512300677,V7,0.0
2026-06-15,Nocturno,0.0,0.011507282898072,0.0113163726285798,0.0,0.0109535123214271,0.0048023877753194,0.0,0.0322875625083857,0.0125744051225359,8,0.0,0.8,0.25,12,2,3,12,7,4,1,0.0,0,0,0,0,0.0541054219121735,0.074103227658601,0.0235588180394655,V7,0,2026-06,,0,0,0,0,0.0199978057464275,0.074103227658601,0.0505444096191355,0,0,sin_switch,0.0220775405135666,0.0247429334844683,0.0161139397703862,V7,0.0
2026-06-16,Previa,0.0061660271930907,0.0134588894648484,0.067893414397557,0.0,0.0070156997794982,0.0074805955934137,0.0,0.0014031399558996,0.0108387922406227,6,1.0,1.0,0.0,6,0,1,0,6,1,1,1.0,0,0,0,0,0.0286186827418343,0.0,0.0,V7,0,2026-06,,0,0,0,0,0.0,0.0286186827418343,0.0286186827418343,0,0,sin_switch,0.0416130794868015,0.0434062958512801,0.0419258041631787,V7,0.0
2026-06-16,Primera,0.0,0.0338919144154887,0.0828591745304656,0.0,0.0114378125419288,0.0054101698458452,0.0,0.0922875625083857,0.0368157176253449,9,1.0,1.0,0.0,9,0,2,4,4,2,1,1.0,0,0,0,0,0.0275986755934591,0.0516109463940092,0.0247111542347479,V7,0,2026-06,,0,0,0,0,0.02401227080055,0.0516109463940092,0.0268997921592612,0,0,sin_switch,0.032016238097367,0.032016238097367,0.033402883869943,V7,0.0
2026-06-16,Matutino,0.0,0.0134588894648484,0.0108785482001369,0.0,0.0114378125419288,0.0054101698458452,0.0,0.0285707497500008,0.0114282999000003,9,1.0,0.6666666666666666,0.0,7,1,2,7,5,3,1,0.1428571428571428,0,0,0,0,0.0426567636702112,0.0627201057415281,0.0422431145299649,V7,0,2026-06,,0,0,0,0,0.0200633420713169,0.0627201057415281,0.0204769912115632,0,0,sin_switch,0.0211936337118544,0.0237451752292678,0.0219533866259227,V7,0.0
2026-06-16,Vespertino,0.4716886835842793,0.5400174118343228,0.1597860162792481,0.0,0.0114378125419288,0.0054101698458452,0.0,0.0403502647928206,0.0197958628787451,9,1.0,0.5,0.0,8,1,3,8,2,4,2,0.25,0,0,0,0,0.0221822285191157,0.0293943527971436,0.0230845233477006,V7,0,2026-06,,0,0,0,0,0.0072121242780279,0.0293943527971436,0.0072121242780279,0,0,sin_switch,0.0332608789875669,0.0332608789875669,0.0342833191897778,V7,0.0
2026-06-16,Nocturno,0.0,0.1502718774810496,0.0594466038712396,0.0,0.0260680344642899,0.0215641342377788,0.0,0.075469380690204,0.0494888378209674,7,0.8571428571428571,0.8,0.0,11,0,5,6,2,4,2,0.8181818181818182,0,0,0,0,0.0293989077831879,0.0575185331145105,0.03441633455503,V7,0,2026-06,,0,0,0,0,0.0281196253313226,0.0575185331145105,0.0281196253313226,0,0,sin_switch,0.0237696449294315,0.0290165769166199,0.0224331695985905,V7,0.0
2026-06-17,Previa,0.0,0.0162186043243268,0.0717257031420857,0.0,0.0184535123214271,0.0112296693694709,0.0,0.0036907024642854,0.0022459338738942,8,1.0,1.0,0.0,8,0,1,0,8,1,1,1.0,0,0,0,0,0.045288126516211,0.0,0.0,V7,0,2026-06,,0,0,0,0,0.0,0.045288126516211,0.045288126516211,0,0,sin_switch,0.0309490551483387,0.0309490551483387,0.0405801923615345,V7,0.0
2026-06-17,Primera,0.0,0.011507282898072,0.0066519115077557,0.0,0.0045454545454545,0.0025059005009931,0.1449999999999999,0.1699999999999999,0.0531374988546949,11,1.0,1.0,0.0909090909090909,14,0,2,8,8,2,1,1.0,0,0,0,0,0.0907958338656995,0.0345709410597579,0.0345709410597579,V7,0,2026-06,,0,0,0,0,0.0,0.0907958338656995,0.0562248928059416,0,0,sin_switch,0.0194460660343798,0.0194460660343798,0.027393401168873,V7,0.0
2026-06-17,Matutino,0.446528809032479,0.446528809032479,0.141195808252816,0.0,0.0045454545454545,0.0025059005009931,0.0083333333333333,0.0083333333333333,0.0043044461359219,11,1.0,0.6666666666666666,0.0909090909090909,14,0,3,8,0,2,0,1.0,1,0,0,0,0.0240473276903847,0.048412063718132,0.0,V7,0,2026-06,,0,0,0,0,0.0243647360277472,0.048412063718132,0.048412063718132,0,0,sin_switch,0.0402737588612071,0.0346383293048592,0.0392031151140378,V7,0.0
2026-06-17,Vespertino,0.0,0.2976323823966078,0.1197276783040702,0.0,0.0017823201785757,0.0033639622310065,0.0813529411764705,0.0989999999999999,0.0388666558070319,7,1.0,0.5,0.1428571428571428,20,0,4,14,6,3,1,0.7,0,1,0,0,0.0,0.0287620865325384,0.0287620865325384,V7,1,2026-06,,0,1,1,0,0.0287620865325384,0.0287620865325384,0.0287620865325384,0,0,sin_switch,0.0196238546197024,0.0250659040539233,0.0224007975238692,V7,1.0
2026-06-17,Nocturno,0.5573628512373165,0.5640562309383625,0.1692721935452848,0.0,0.0017823201785757,0.003903886346808,0.0,0.099025974025974,0.0623311273021272,7,1.0,0.4,0.1428571428571428,14,0,5,13,13,3,2,0.0714285714285714,0,0,0,0,0.0456971787019058,0.0277261952686613,0.0289064143964292,V7,0,2026-06,,0,0,0,0,0.0,0.0456971787019058,0.0179709834332445,0,0,sin_switch,0.0307898923949084,0.0307898923949084,0.0397548567176904,V7,0.0
2026-06-18,Previa,0.0,0.0289199424723873,0.0156633993950904,0.0,0.0,0.0,0.0,0.0,0.0,2,1.0,1.0,0.0,2,0,1,0,2,1,1,1.0,0,0,0,0,0.0,0.0347955127218371,0.0347955127218371,V8,0,2026-06,,0,0,0,0,0.0347955127218371,0.0347955127218371,0.0347955127218371,1,0,neutro,0.0381426152537712,0.044116517788672,0.0278275182390904,V7,0.0
2026-06-18,Primera,0.2398738760803693,0.4579835647577299,0.1587783990906967,0.0,0.0114378125419288,0.0065759844005604,0.0,0.0738784715992949,0.0621522076021732,8,1.0,1.0,0.0,11,0,2,9,9,2,1,0.9090909090909092,0,0,0,0,0.0507651378706749,0.0214415234429471,0.0225931693309854,V7,0,2026-06,,0,0,0,0,0.0,0.0507651378706749,0.0293236144277278,0,0,sin_switch,0.0273607844916819,0.0273607844916819,0.0429608575043427,V13,0.0
2026-06-18,Matutino,0.0,0.0734158695879996,0.0513114820219704,0.0,0.0114378125419288,0.0065759844005604,0.0,0.1776579571005129,0.0769246860026868,8,1.0,0.6666666666666666,0.0,13,0,3,11,2,3,1,0.7692307692307693,0,0,0,0,0.0235609571805906,0.0,0.0,V7,0,2026-06,,0,0,0,0,0.0,0.0235609571805906,0.0235609571805906,0,0,sin_switch,0.0208731156574831,0.0208731156574831,0.0311728914071267,V13,0.0
2026-06-18,Vespertino,0.0204330249506403,0.0366516292749663,0.2278727098935502,0.0,0.0114378125419288,0.0165387118302027,0.0,0.0557149645357135,0.0297824422933635,8,1.0,0.5,0.0,8,0,4,6,4,3,1,0.5,0,0,0,0,0.0233568084704235,0.0,0.0464469272688067,V7,0,2026-06,,0,0,0,0,0.0230901187983832,0.0464469272688067,0.0464469272688067,0,0,sin_switch,0.0207798571665109,0.0237401871735406,0.0224988403967879,V7,0.0
2026-06-18,Nocturno,0.0,0.0,0.0030756841149094,0.0,0.0317513239641036,0.0190843152113539,0.0,0.1127875625083858,0.0600367503803342,8,1.0,0.4,0.0,10,0,5,9,3,4,1,0.6,0,0,0,0,0.0234957506807278,0.0,0.0229819898748382,V7,0,2026-06,,0,0,0,0,0.0,0.0234957506807278,0.0234957506807278,0,0,sin_switch,0.0196858366459015,0.0248948036076855,0.0282247683071116,V7,0.0
2026-06-19,Previa,0.0162186043243259,0.1022037882015283,0.0439897721541536,0.0,0.0070156997794982,0.008185262869319,0.0,0.0014031399558996,0.0108514658643648,6,1.0,1.0,0.0,6,0,1,0,6,1,1,1.0,0,0,0,0,0.0285997776615374,0.0,0.0,V7,0,2026-06,,0,0,0,0,0.0,0.0285997776615374,0.0285997776615374,0,0,sin_switch,0.0397495424544363,0.0415045371701139,0.040535643028841,V7,0.0
2026-06-19,Primera,0.0,0.0089257420525683,0.0093213075546345,0.0,0.0,0.006478068762625,0.0,0.035,0.0279327499824029,9,1.0,1.0,0.0,12,0,2,8,8,2,1,0.8333333333333334,0,0,0,0,0.0414596268933228,0.0504520923262565,0.0207468443479393,V7,0,2026-06,,0,0,0,0,0.0089924654329337,0.0504520923262565,0.0297052479783172,0,0,sin_switch,0.0390412770250905,0.0390412770250905,0.0360629247566536,V7,0.0
2026-06-19,Matutino,0.2982636369142248,0.3186966618648652,0.1000894920659567,0.0,0.0184535123214271,0.0080295053601888,0.0,0.0085714285714285,0.0331726074910475,8,1.0,0.6666666666666666,0.0,14,0,3,9,5,3,1,0.6428571428571429,0,0,0,0,0.0226996943387989,0.0461609858024733,0.0476907424846478,V7,0,2026-06,,0,0,0,0,0.0249910481458489,0.0476907424846478,0.0249910481458489,0,0,sin_switch,0.0315122971728455,0.0340775738925637,0.0398650249597858,V7,0.0
2026-06-19,Vespertino,0.0,0.1366467463736667,0.100580011950604,0.0,0.0184535123214271,0.0094830059821132,0.0274999999999999,0.0497875625083856,0.0208574414363117,8,1.0,0.5,0.0,16,0,4,14,4,4,1,0.25,0,0,0,0,0.0,0.0,0.0307355898817135,V9,0,2026-06,,0,0,0,0,0.0307355898817135,0.0307355898817135,0.0307355898817135,0,1,neutro,0.0135298868451997,0.0285761622416993,0.0190051471777802,V11,0.0
2026-06-19,Nocturno,0.0,0.0134054616815841,0.0723998942517274,0.0,0.0184535123214271,0.0094830059821132,0.0,0.0377272727272727,0.0254331289113109,8,1.0,0.4,0.0,11,0,5,9,4,5,2,0.2727272727272727,0,0,0,0,0.0,0.0486339455604629,0.0739691820807482,V9,0,2026-06,,0,0,0,0,0.0739691820807482,0.0739691820807482,0.0739691820807482,0,1,neutro,0.0182523766649767,0.0303270906404161,0.0194095964722619,V11,0.0
2026-06-22,Primera,0.0,0.0,0.0,0.0,0.0,0.0,0.0,0.0,5.551115123125783e-17,2,0.0,0.5,0.0,2,1,1,2,2,1,1,0.0,0,0,0,0,0.0,0.0130689037433996,0.0130689037433996,V7,0,2026-06,,0,0,0,0,0.0130689037433996,0.0130689037433996,0.0130689037433996,0,0,sin_switch,0.0317568711520013,0.0335671443579006,0.0187484311240045,V7,0.0
2026-06-22,Matutino,0.0,0.1192614206448521,0.0602253437032635,0.0,0.0037732353769798,0.006551650323167,0.0,0.0285721073928563,0.0143948054314972,9,0.0,0.6666666666666666,0.1111111111111111,10,2,1,10,10,2,2,0.0,0,0,0,0,0.0450414718640359,0.0217054342826091,0.0,V7,0,2026-06,,0,0,0,0,0.0,0.0450414718640359,0.0450414718640359,0,0,sin_switch,0.0193344454625328,0.0196266123195957,0.0104038666369184,V7,0.0
2026-06-22,Vespertino,0.0,0.0162186043243259,0.0064874417297303,0.0,0.00125,0.0021473497877875,0.0,0.0058092975357145,0.0091649139408119,8,0.0,0.75,0.125,5,1,3,5,4,3,2,0.0,0,0,0,0,0.0218141517463151,0.0281825627238992,0.0281825627238992,V7,0,2026-06,,0,0,0,0,0.006368410977584,0.0281825627238992,0.006368410977584,0,0,sin_switch,0.0327584015747276,0.0356617923958364,0.0185585310047017,V7,0.0
2026-06-22,Nocturno,0.0,0.0,0.0047658495843364,0.0,0.0,0.0021442147857125,0.0,0.0525721073928564,0.0240627325784674,9,0.0,0.8,0.0,8,1,4,8,5,4,1,0.0,0,0,0,0,0.0,0.048820305372225,0.0301604039699329,V8,0,2026-06,,0,0,0,0,0.048820305372225,0.048820305372225,0.048820305372225,1,0,neutro,0.0138011558914493,0.0187697738373893,0.0110011169159859,V7,0.0
2026-06-23,Previa,0.0,0.0,0.0700896201868961,0.0,0.0,0.0,0.0,0.0,0.0,4,1.0,1.0,0.0,4,0,1,0,4,1,1,1.0,0,0,0,0,0.0,0.0245526034820348,0.0245526034820348,V7,0,2026-06,,0,0,0,0,0.0245526034820348,0.0245526034820348,0.0245526034820348,0,0,sin_switch,0.0453752201859354,0.0461204555194334,0.0313825106074949,V7,0.0
2026-06-23,Primera,0.1753088745760793,0.1753088745760793,0.0542672832877242,0.0,0.0086600347641511,0.0065191544907579,0.0,0.0297875625083857,0.0298631124921101,9,1.0,1.0,0.1111111111111111,9,0,2,5,5,2,1,1.0,0,0,1,1,0.0723463921153596,0.0520547046472649,0.0232286801890973,V7,0,2026-06,,0,0,0,0,0.0,0.0723463921153596,0.0491177119262623,0,0,sin_switch,0.0228350826752844,0.0228350826752844,0.0432393843901213,V13,0.0
2026-06-23,Matutino,0.0,0.0043159294035568,0.0028234852860633,0.0,0.0086600347641511,0.0065191544907579,0.0,0.0026190476190476,0.0330058478958614,9,1.0,0.6666666666666666,0.1111111111111111,7,0,3,3,2,3,1,0.7142857142857143,0,0,0,0,0.0,0.048233730209407,0.0777642198251742,V9,0,2026-06,,0,0,0,0,0.0777642198251742,0.0777642198251742,0.0777642198251742,0,1,neutro,0.0186371023200618,0.0246542952460657,0.020599722158931,V7,0.0
2026-06-23,Vespertino,0.0,0.0366516292749663,0.0256975147001444,0.0,0.0679820374824091,0.0311463057049937,0.038,0.0622863931071421,0.0385207593368288,7,0.8571428571428571,1.0,0.1428571428571428,10,0,4,6,4,3,1,0.4,0,0,0,0,0.0203448337894762,0.0207945661771853,0.0546304743130488,V9,0,2026-06,,0,0,0,0,0.0342856405235726,0.0546304743130488,0.0342856405235726,0,1,neutro,0.0183051151244311,0.0240838863663716,0.0252753808145191,V7,0.0
2026-06-23,Nocturno,0.0,0.0982085976089504,0.0488434318418902,0.0,0.0263153708157426,0.0147822592455114,0.0,0.0786818181818181,0.0367746774196936,7,0.8571428571428571,0.8,0.1428571428571428,11,0,5,7,2,4,2,0.8181818181818182,0,0,0,0,0.0279663766864643,0.0551806810381376,0.0319214056815436,V7,0,2026-06,,0,0,0,0,0.0272143043516733,0.0551806810381376,0.0272143043516733,0,0,sin_switch,0.0244354639342869,0.0298371409224724,0.0220801811465617,V7,0.0
2026-06-24,Previa,0.0,0.0,0.0,0.0,0.0,0.0,0.0,0.0,0.0,2,1.0,1.0,0.0,2,0,1,0,2,1,1,1.0,0,0,0,0,0.0,0.0285689383382655,0.0285689383382655,V7,0,2026-06,,0,0,0,0,0.0285689383382655,0.0285689383382655,0.0285689383382655,0,0,sin_switch,0.0336719595009207,0.0341174609152989,0.0190567186059184,V7,0.0
2026-06-24,Primera,0.0,0.031137528673323,0.0125225249180255,0.0,0.0142513239641037,0.0080642216197468,0.0,0.0054031399558996,0.015668076693644,2,1.0,1.0,1.0,6,0,2,4,4,2,1,0.8333333333333334,0,0,0,0,0.0464274995264546,0.0457311870127762,0.0473886060509301,V7,0,2026-06,,0,0,0,0,0.0009611065244755,0.0473886060509301,0.0016574190381538,0,0,sin_switch,0.0410193752447092,0.0385431879350785,0.0322931983962062,V7,0.0
2026-06-24,Matutino,0.0,0.3602789741633181,0.1430384083383956,0.0142513239641037,0.0184535123214272,0.0058242057703163,0.0,0.082286883686958,0.0386118478300544,2,1.0,0.6666666666666666,1.0,7,0,3,6,3,3,1,0.5714285714285714,0,0,0,0,0.0450762061267415,0.0446308983932622,0.0464757318420623,V7,0,2026-06,,0,0,0,0,0.0013995257153208,0.0464757318420623,0.0018448334488,0,0,sin_switch,0.0300611590182731,0.0300611590182731,0.0339041957526409,V7,0.0
2026-06-24,Vespertino,0.0,0.0251598745518002,0.0572328137180167,0.0142513239641036,0.0184535123214271,0.0058242057703163,0.0,0.0749031399558998,0.0449777737698476,2,1.0,0.5,1.0,6,0,4,5,4,4,2,0.3333333333333333,0,1,0,0,0.0,0.0,0.0787474255169651,V9,0,2026-06,,0,1,0,0,0.0787474255169651,0.0787474255169651,0.0787474255169651,0,1,perdedor,0.027929139387787,0.0356815182278516,0.0318496509637192,V7,1.0
2026-06-24,Nocturno,0.0,0.1475935760396591,0.0775641535070758,0.0142513239641036,0.0184535123214271,0.0058242057703163,0.0,0.1688181818181818,0.0711596762718797,2,1.0,0.4,1.0,11,0,5,10,4,5,2,0.3636363636363636,0,1,0,0,0.0227644607143853,0.0,0.0498381001408088,V7,1,2026-06,,0,1,1,0,0.0270736394264234,0.0498381001408088,0.0498381001408088,0,0,sin_switch,0.0265459915286738,0.0349654709438592,0.0357361850702734,V7,1.0
2026-06-25,Previa,0.0,0.0,0.0217774967907648,0.0,0.0,0.0,0.0,0.0,0.0,2,1.0,1.0,0.0,2,0,1,0,2,1,1,1.0,0,0,0,0,0.0,0.0423236972577463,0.0423236972577463,V8,0,2026-06,,0,0,0,0,0.0423236972577463,0.0423236972577463,0.0423236972577463,1,0,neutro,0.0362900726420068,0.0413537970660439,0.0258589470791174,V7,0.0
2026-06-25,Primera,0.0,0.0264262072470691,0.0129461447184716,0.0,0.0017868456547603,0.0029874405291512,0.0,0.0620311401357501,0.0246219118919521,1,1.0,1.0,1.0,4,0,2,2,2,2,1,1.0,0,0,0,0,0.0204163797598591,0.0,0.0287599856183417,V7,0,2026-06,,0,0,0,0,0.0083436058584825,0.0287599856183417,0.0287599856183417,0,0,sin_switch,0.0431463720559585,0.0404402414438965,0.0395987725217959,V7,0.0
2026-06-25,Matutino,0.0,0.0162186043243259,0.022743152679758,0.0,0.0065464876785729,0.0032071108839841,0.0,0.1311904761904763,0.0570468410608145,1,1.0,0.6666666666666666,1.0,8,0,3,6,4,3,1,0.5,0,0,0,0,0.0,0.0,0.029918227403395,V7,0,2026-06,,0,0,0,0,0.029918227403395,0.029918227403395,0.029918227403395,0,0,sin_switch,0.0254264751243183,0.0305688834606162,0.0306936709724434,V7,0.0
2026-06-25,Vespertino,0.0,0.1319354249474127,0.0544505521264157,0.0,0.0065464876785727,0.0032071108839841,0.0,0.0417614522142861,0.0275859275033706,1,1.0,0.5,1.0,7,1,3,7,6,4,2,0.1428571428571428,0,0,0,0,0.0,0.0,0.0918109239539974,V9,0,2026-06,,0,0,0,0,0.0918109239539974,0.0918109239539974,0.0918109239539974,0,1,neutro,0.0247837777497478,0.0294763898312526,0.0313225889049063,V7,0.0
2026-06-25,Nocturno,0.0,0.0062782139095931,0.0026592013016418,0.0,0.0065464876785727,0.0111828555907634,0.0,0.0497142857142858,0.0651202464842937,1,1.0,0.4,1.0,14,0,5,12,10,5,2,0.2142857142857142,0,0,0,0,0.0791311508942379,0.0,0.0677360776237565,V7,0,2026-06,,0,0,0,0,0.0,0.0791311508942379,0.0791311508942379,0,0,sin_switch,0.0320156796855757,0.0343423228002421,0.0319407284797855,V7,0.0
2026-06-26,Previa,0.0,0.0,8.881784197001252e-16,0.0,0.0,0.0,0.0,0.0,0.0,2,1.0,1.0,0.0,2,0,1,0,2,1,1,1.0,0,0,0,0,0.0,0.0285689383382658,0.0285689383382658,V7,0,2026-06,,0,0,0,0,0.0285689383382658,0.0285689383382658,0.0285689383382658,0,0,sin_switch,0.0336719595009198,0.0341174609152979,0.0190567186059179,V7,0.0
2026-06-26,Primera,0.0,0.0089257420525683,0.0043727027208989,0.0184535123214272,0.0184535123214272,0.006879112118163,0.0,0.0953502647928207,0.0373087988458193,2,1.0,1.0,1.0,12,0,2,11,11,2,1,0.3333333333333333,0,0,0,0,0.0683594332980344,0.0227377832791511,0.0227377832791511,V7,0,2026-06,,0,0,0,0,0.0,0.0683594332980344,0.0456216500188833,0,0,sin_switch,0.0280297444163806,0.0280297444163806,0.0380450305272537,V13,0.0
2026-06-26,Matutino,0.5478376266140357,0.5515864447806749,0.1674915408975571,0.0184535123214272,0.0184535123214272,0.006879112118163,0.0,0.0772875625083857,0.0302869500217821,2,1.0,0.6666666666666666,1.0,8,0,3,7,4,3,1,0.5,0,0,0,0,0.0,0.0522792831492684,0.0223849050846748,V8,0,2026-06,,0,0,0,0,0.0522792831492684,0.0522792831492684,0.0522792831492684,1,0,neutro,0.0310106292117711,0.0309951639807072,0.0358850784824882,V7,0.0
2026-06-26,Vespertino,0.4126368946169902,0.4126368946169902,0.1237910683850971,0.0184535123214271,0.0202403579761875,0.0076537594750815,0.0,0.0475000000000001,0.0243403186320786,2,1.0,0.5,1.0,8,0,4,7,3,4,1,0.375,0,0,0,0,0.0239673917635231,0.0569079928429999,0.0238713723887208,V8,0,2026-06,,0,0,0,0,0.0329406010794768,0.0569079928429999,0.033036620454279,1,0,neutro,0.0314684697337795,0.0315447236117388,0.038294634379104,V7,0.0
2026-06-26,Nocturno,0.0,0.0553266863229024,0.0404214982142865,0.0267513239641036,0.0369070246428542,0.0155522815175124,0.0,0.0576666666666666,0.02952595172565,2,1.0,0.4,1.0,8,0,5,6,4,4,2,0.5,0,0,0,0,0.0234668272499594,0.0,0.057770536586847,V9,0,2026-06,,0,0,0,0,0.0343037093368876,0.057770536586847,0.057770536586847,0,1,neutro,0.0298379639599408,0.0366000913707155,0.0325644681448089,V7,0.0
2026-06-27,Previa,0.0937168706797813,0.1111295302540966,0.0358280333770139,0.0070156997794982,0.0153135114221747,0.0051999201956706,0.0014031399558996,0.0030627022844349,0.0010399840391341,6,1.0,1.0,0.0,6,0,1,0,6,1,1,1.0,0,0,0,0,0.0479215394623668,0.0,0.0,V7,0,2026-06,,0,0,0,0,0.0,0.0479215394623668,0.0479215394623668,0,0,sin_switch,0.0351232207651514,0.0351232207651514,0.0350873412662244,V7,0.0
2026-06-27,Primera,0.0253676169040177,0.0287792583549428,0.0190622514704721,0.0166666666666667,0.0166666666666667,0.005,0.0,0.0014031399558996,0.0297060326770969,6,1.0,1.0,0.3333333333333333,6,0,2,4,4,2,1,1.0,0,0,0,0,0.0746258972384408,0.0260958044244075,0.0260958044244075,V7,0,2026-06,,0,0,0,0,0.0,0.0746258972384408,0.0485300928140333,0,0,sin_switch,0.0358490115893987,0.0358490115893987,0.0367561550831177,V7,0.0
2026-06-27,Matutino,0.0,0.0162186043243259,0.0178676121254707,0.0166666666666667,0.0166666666666667,0.005,0.0,0.0161595623285353,0.0156961183238676,6,1.0,0.6666666666666666,0.3333333333333333,5,0,3,3,2,3,1,0.6,0,0,0,0,0.0673330096434078,0.0458626604579157,0.0480525235688131,V7,0,2026-06,,0,0,0,0,0.0,0.0673330096434078,0.0214703491854921,0,0,sin_switch,0.0311781170844844,0.0311781170844844,0.0312283641643395,V7,0.0
2026-06-27,Vespertino,0.0,0.0,0.0623058377389614,0.0,0.0416666666666665,0.0229937717105886,0.0,0.0398559734558993,0.0372411352749343,6,0.8333333333333334,1.0,0.0,6,0,4,5,1,4,2,0.8333333333333334,0,0,0,0,0.0285133676253758,0.0531477583508962,0.0301754757236302,V7,0,2026-06,,0,0,0,0,0.0246343907255203,0.0531477583508962,0.0246343907255203,0,0,sin_switch,0.0271142356828315,0.0319855265065855,0.0263281354915865,V7,0.0
2026-06-27,Nocturno,0.0,0.086744090761945,0.0390810967779902,0.0,0.0259501182142884,0.0114973907387329,0.0,0.0068583122583865,0.0073482055542543,7,0.7142857142857143,1.0,0.0,7,0,5,6,6,3,2,0.1428571428571428,0,0,0,0,0.0501411235792256,0.0289781016341761,0.0501670285438736,V7,0,2026-06,,0,0,0,0,2.590496464800057e-05,0.0501670285438736,0.0211889269096975,0,0,sin_switch,0.0264321385252967,0.0289980334024959,0.0251300428942715,V7,0.0
2026-06-29,Primera,0.0,0.0,0.0141678204895984,0.0,0.0,0.0,0.0,0.0,5.551115123125783e-17,2,0.0,0.5,0.0,2,1,1,2,2,1,1,0.0,0,0,0,0,0.0,0.0139346297217721,0.0139346297217721,V7,0,2026-06,,0,0,0,0,0.0139346297217721,0.0139346297217721,0.0139346297217721,0,0,sin_switch,0.034617289733993,0.0365642752961476,0.020383962240544,V7,0.0
2026-06-29,Matutino,0.0,0.1716142315335496,0.0870496306533196,0.0052288541247377,0.0136823664461649,0.0049562831437706,0.0,0.0287154551155294,0.0296014391909958,6,0.0,0.6666666666666666,0.3333333333333333,7,1,2,7,5,2,1,0.0,0,0,0,0,0.0,0.0254211315014334,0.0254211315014334,V7,0,2026-06,,0,0,0,0,0.0254211315014334,0.0254211315014334,0.0254211315014334,0,0,sin_switch,0.0271218866118461,0.0295792673777616,0.0182232579653635,V7,0.0
2026-06-29,Vespertino,0.0,0.023523238873663,0.0128587978496375,0.0,0.0031044792085955,0.0059623337787548,0.0,0.0552875625083857,0.0458310704556705,9,0.0,0.75,0.0,9,2,2,9,6,3,1,0.0,0,0,0,0,0.0305703075434191,0.0442717999585394,0.0230713837426972,V7,0,2026-06,,0,0,0,0,0.0137014924151203,0.0442717999585394,0.0212004162158422,0,0,sin_switch,0.0190520496247896,0.0214386484192964,0.0103150077558664,V7,0.0
2026-06-29,Nocturno,0.4575482733995812,0.4918377234262765,0.148683000391064,0.0,0.0017868456547604,0.0087728436856738,0.0,0.0,0.010998181667894,5,0.0,0.8,0.0,14,3,2,14,8,3,1,0.0,0,0,0,0,0.0471388089744086,0.0713261424855975,0.0247417820948029,V7,0,2026-06,,0,0,0,0,0.0241873335111889,0.0713261424855975,0.0465843603907946,0,0,sin_switch,0.0245128774461327,0.0271410351654646,0.0248641934070698,V7,0.0
2026-06-30,Previa,0.12760878509527,0.12760878509527,0.0416159964075647,0.0,0.0254692121009253,0.0124773147595971,0.0,0.037593842420185,0.01841714628001,6,1.0,1.0,0.0,6,0,1,0,6,1,1,1.0,0,0,0,0,0.0229916853079401,0.0,0.0,V7,0,2026-06,,0,0,0,0,0.0,0.0229916853079401,0.0229916853079401,0,0,sin_switch,0.0298898580525725,0.0298898580525725,0.0376690997469891,V7,0.0
2026-06-30,Primera,0.4905717980026667,0.5019280563044548,0.1609953575469547,0.0028135114221747,0.0070156997794982,0.0036189786091246,0.0,0.042,0.0254684118075705,6,1.0,1.0,0.0,12,0,2,6,6,2,1,0.5,0,0,0,0,0.022576033907297,0.0250095943002413,0.0223685307176757,V7,0,2026-06,,0,0,0,0,0.0024335603929443,0.0250095943002413,0.0026410635825655,0,0,sin_switch,0.0293055798080377,0.0293055798080377,0.0476207638539969,V13,0.0
2026-06-30,Matutino,0.0,0.2549000902197109,0.1409935133236722,0.0070156997794982,0.0070156997794982,0.0027720395751492,0.0,0.005,0.0537746034772821,6,1.0,0.6666666666666666,0.0,16,0,3,10,4,3,1,0.375,0,0,0,1,0.0231058632218571,0.0231058632218571,0.0227507238533867,V7,0,2026-06,,0,0,0,0,0.0,0.0231058632218571,0.0003551393684704,0,0,sin_switch,0.0233107727533824,0.0233107727533824,0.028269166700009,V7,0.0
2026-06-30,Vespertino,0.0338919144154887,0.5473102741060805,0.2433175782581339,0.0374999999999998,0.0374999999999998,0.0116915956540933,1.1102230246251563e-16,0.0578571428571429,0.029000373331471,8,0.75,1.0,0.0,8,0,4,6,4,4,2,0.5,0,0,0,0,0.0239788921065631,0.0,0.0,V7,0,2026-06,,0,0,0,0,0.0,0.0239788921065631,0.0239788921065631,0,0,sin_switch,0.0296733610918623,0.0296733610918623,0.0395399664969387,V7,0.0
2026-06-30,Nocturno,0.0338919144154887,0.5739710762980916,0.2690579371710299,0.0074999999999999,0.0074999999999999,0.0054998902245341,0.0,0.125,0.0610140147834905,8,0.75,0.8,0.0,12,0,5,10,4,4,1,0.1666666666666666,0,0,0,0,0.035589598245198,0.0,0.0,V7,0,2026-06,,0,0,0,0,0.0,0.035589598245198,0.035589598245198,0,0,sin_switch,0.028131308570348,0.028131308570348,0.0386010985652643,V13,0.0
2026-07-01,Previa,0.0,0.0,8.881784197001252e-16,0.0,0.0,0.0,0.0,0.0,0.0,2,1.0,1.0,0.0,2,0,1,0,2,1,1,1.0,0,0,0,0,0.0,0.0285689383382658,0.0285689383382658,V7,0,2026-07,,0,0,0,0,0.0285689383382658,0.0285689383382658,0.0285689383382658,0,0,sin_switch,0.0336719595009198,0.0341174609152979,0.0190567186059179,V7,0.0
2026-07-01,Primera,0.0,0.0134588894648484,0.0053835557859393,0.0114378125419289,0.0142513239641037,0.006789126196102,0.0124999999999998,0.0494031399558996,0.0410543679838481,2,1.0,1.0,1.0,6,0,2,4,4,2,1,1.0,0,0,0,0,0.0667608844056674,0.0394264663787553,0.0420286522285986,V7,0,2026-07,,0,0,0,0,0.0,0.0667608844056674,0.027334418026912,0,0,sin_switch,0.0329590234948851,0.0329590234948851,0.0374252254562865,V7,0.0
2026-07-01,Matutino,0.0,0.0435853082718793,0.0430657438444424,0.0114378125419289,0.0142513239641037,0.007784063321775,0.0,0.0216900236428577,0.0123108353158441,2,1.0,0.6666666666666666,1.0,7,0,3,6,1,3,1,0.5714285714285714,0,0,0,0,0.0557923976030731,0.0327562152547496,0.0723873384099065,V7,0,2026-07,,0,0,0,0,0.0165949408068333,0.0723873384099065,0.0396311231551568,0,0,sin_switch,0.0343374892698488,0.033786793038623,0.0396787008612451,V7,0.0
2026-07-01,Vespertino,0.0,0.0757941811935278,0.0307275808325055,0.0114378125419288,0.0142513239641036,0.007784063321775,0.0,0.0266666666666666,0.0239704825072497,2,1.0,0.5,1.0,8,1,3,8,6,4,2,0.125,0,0,0,0,0.0451227656497502,0.0,0.0470719800424663,V7,0,2026-07,,0,0,0,0,0.0019492143927161,0.0470719800424663,0.0470719800424663,0,0,sin_switch,0.030368595891821,0.0302095063725916,0.0341943812527791,V7,0.0
2026-07-01,Nocturno,0.0,0.1267604108849651,0.0512930592065682,0.0114378125419288,0.0142513239641036,0.007784063321775,0.0,0.1279292502499992,0.0659643417259392,2,1.0,0.4,1.0,9,0,5,8,4,5,2,0.3333333333333333,0,0,0,0,0.0,0.0,0.0531436815608482,V9,0,2026-07,,0,0,0,0,0.0531436815608482,0.0531436815608482,0.0531436815608482,0,1,neutro,0.0236416969391705,0.0354367594405842,0.0318681207802075,V11,0.0
2026-07-02,Previa,0.0,0.0,0.0,0.0,0.0,0.0,0.0,0.0,0.0,1,1.0,1.0,0.0,1,0,1,0,1,1,1,1.0,0,0,0,0,0.0,0.0281257392751802,0.0281257392751802,V7,0,2026-07,,0,0,0,0,0.0281257392751802,0.0281257392751802,0.0281257392751802,0,0,sin_switch,0.0393484853792789,0.0399291966637286,0.0240536244746806,V7,0.0
2026-07-02,Primera,0.0,0.0,8.881784197001252e-16,0.0,0.0,1.1102230246251563e-16,0.0,0.0,0.0,1,1.0,1.0,1.0,2,0,2,1,1,2,1,1.0,0,0,0,0,0.0,0.024897300853034,0.04822949892336,V9,0,2026-07,,0,0,0,0,0.04822949892336,0.04822949892336,0.04822949892336,0,1,neutro,0.0481133985234877,0.0374172475808073,0.043830956868668,V7,0.0
2026-07-02,Matutino,0.0,0.2976323823966078,0.1527796642033533,0.0,0.0,0.0154545595979,0.0,0.0534031399558997,0.0572129586274911,1,1.0,0.6666666666666666,1.0,6,0,3,5,4,3,1,0.3333333333333333,0,0,0,0,0.0,0.0,0.0262754143512513,V7,0,2026-07,,0,0,0,0,0.0262754143512513,0.0262754143512513,0.0262754143512513,0,0,sin_switch,0.0286791995232183,0.0312176611697873,0.0338892022574011,V7,0.0
2026-07-02,Vespertino,0.0,0.011507282898072,0.0062132265576288,0.0,0.0315464876785729,0.0182783918742289,0.0,0.0412845448844706,0.0171105950158743,1,1.0,0.5,1.0,6,1,3,6,4,4,2,0.3333333333333333,0,0,0,0,0.0239546097133985,0.0,0.0509662395034889,V7,0,2026-07,,0,0,0,0,0.0270116297900903,0.0509662395034889,0.0509662395034889,0,0,sin_switch,0.030122612585385,0.0323342093286254,0.0284274269415967,V7,0.0
2026-07-02,Nocturno,0.0,0.0051375004284519,0.0053314067518415,0.0,0.0184535123214271,0.0073814049285708,0.0,0.0709999999999999,0.0277222591406143,2,1.0,0.4,0.0,10,0,5,9,5,3,1,0.1,0,0,0,0,0.0230463073940719,0.0227415529620446,0.0478958979927198,V7,0,2026-07,,0,0,0,0,0.0248495905986479,0.0478958979927198,0.0251543450306752,0,0,sin_switch,0.0266080310407217,0.0324730084491363,0.0192324656103635,V7,0.0
2026-07-03,Previa,0.0,0.0089257420525683,0.0064923579731534,0.0,0.0101557006787506,0.0049752569286751,0.0,0.03453114013575,0.0169167347138256,4,1.0,1.0,0.0,4,0,1,0,4,1,1,1.0,0,0,0,0,0.0,0.0,0.0,V7,0,2026-07,,0,0,0,0,0.0,0.0,0.0,0,0,sin_switch,0.0259083226779981,0.0274620423331019,0.026874112817828,V7,0.0
2026-07-03,Primera,0.468036141888966,0.4814950313538144,0.1452888584311995,0.0,0.0031044792085955,0.0039473803048268,0.0,0.0274999999999999,0.0363272267633981,8,1.0,1.0,0.0,6,0,2,5,5,2,1,1.0,0,0,0,0,0.0461184014731709,0.0452643232531776,0.0,V7,0,2026-07,,0,0,0,0,0.0,0.0461184014731709,0.0461184014731709,0,0,sin_switch,0.0334789805990716,0.0334789805990716,0.0524901768661198,V13,0.0
2026-07-03,Matutino,0.0,0.0162186043243268,0.1384291218570495,0.0,0.0083333333333333,0.0040824829046386,0.0,0.0072727272727273,0.0235730730852673,6,1.0,0.6666666666666666,0.1666666666666666,11,0,3,7,3,3,1,0.7272727272727273,0,0,0,0,0.0,0.0239239817732191,0.0473091035183417,V9,0,2026-07,,0,0,0,0,0.0473091035183417,0.0473091035183417,0.0473091035183417,0,1,neutro,0.026771719747603,0.0343679338252924,0.0225256591983125,V7,0.0
2026-07-03,Vespertino,0.0,0.0223846315174167,0.0175866450427934,0.0,0.0232978116426765,0.0137245837296636,0.0,0.0394999999999999,0.0412808874855862,5,0.8,1.0,0.0,10,0,4,9,4,4,2,0.6,0,0,0,0,0.0488675404191015,0.0537491462839176,0.0514728464074628,V7,0,2026-07,,0,0,0,0,0.0048816058648161,0.0537491462839176,0.0048816058648161,0,0,sin_switch,0.0236077425244542,0.0236077425244542,0.0277714633076283,V7,0.0
2026-07-03,Nocturno,0.4665078622692009,0.4679635809398927,0.1558883307686722,0.0,0.0081455207914044,0.0051953768493952,0.0,0.0018461538461538,0.0068900555933091,6,1.0,0.4,0.1666666666666666,13,0,5,9,0,4,0,0.6153846153846154,1,0,0,0,0.0,0.0485777415650087,0.0241399560838428,V8,0,2026-07,,0,0,0,0,0.0485777415650087,0.0485777415650087,0.0485777415650087,1,0,neutro,0.0336604576589834,0.0339260095934696,0.0199236112290256,V7,0.0
2026-07-04,Previa,0.0,0.011507282898072,0.0046029131592288,0.0,0.0101557006787506,0.0073869986255844,0.0,0.03453114013575,0.0220256502206202,4,1.0,1.0,0.0,4,0,1,0,4,1,1,1.0,0,0,0,0,0.0,0.0,0.0,V7,0,2026-07,,0,0,0,0,0.0,0.0,0.0,0,0,sin_switch,0.0247494817078268,0.0262478439027461,0.0267448004973223,V7,0.0
2026-07-04,Primera,0.0,0.1805399735861179,0.0727639027769432,0.0,0.0065464876785729,0.0032071108839841,0.0103502647928207,0.0703502647928207,0.0306907349360701,1,1.0,1.0,1.0,12,1,1,12,12,2,2,0.8333333333333334,0,0,0,0,0.0746798985960147,0.04602086844441,0.0228068145598398,V7,0,2026-07,,0,0,0,0,0.0,0.0746798985960147,0.0518730840361749,0,0,sin_switch,0.0232098733395368,0.0232098733395368,0.0289629694892375,V7,0.0
2026-07-04,Matutino,0.0,0.0197101528816405,0.0213927857113331,0.0,0.0,0.0032071108839841,0.0,0.0953333333333333,0.0499944142488199,1,1.0,0.6666666666666666,1.0,8,0,3,6,6,3,2,0.25,0,0,0,0,0.024264527097969,0.0,0.047978652425806,V7,0,2026-07,,0,0,0,0,0.023714125327837,0.047978652425806,0.047978652425806,0,0,sin_switch,0.0294821364431068,0.031802930874662,0.030932409664239,V7,0.0
2026-07-04,Vespertino,0.0235114665960844,0.047693309713364,0.0309131047303042,0.0,0.0065464876785727,0.0035511554799641,0.0,0.0160956906428566,0.0367564256678065,1,1.0,0.5,1.0,5,0,4,3,3,3,2,0.4,0,0,0,0,0.0207183347327232,0.0225235507881874,0.0596938690481978,V9,0,2026-07,,0,0,0,0,0.0389755343154746,0.0596938690481978,0.0389755343154746,0,1,neutro,0.0337451741602122,0.0329662632554266,0.033623026476422,V7,0.0
2026-07-04,Nocturno,0.0,0.0,0.0080175712476162,0.0,0.0065464876785727,0.0038328161204798,0.0,0.03,0.0330868878958024,1,1.0,0.4,1.0,8,1,4,8,2,5,2,0.5,0,0,0,0,0.0,0.0440093784441199,0.1015642103765414,V9,0,2026-07,,0,0,0,0,0.1015642103765414,0.1015642103765414,0.1015642103765414,0,1,neutro,0.0269104626786939,0.0314027295759165,0.0259577828102591,V7,0.0
2026-07-06,Primera,0.0,0.0,0.0069436426135128,0.0,0.0101557006787506,0.0040622802715002,0.0,0.0620311401357501,0.0248124560543,4,0.0,0.5,0.0,4,1,1,4,4,1,1,0.0,0,0,0,0,0.0,0.0140695499414764,0.0140695499414764,V7,0,2026-07,,0,0,0,0,0.0140695499414764,0.0140695499414764,0.0140695499414764,0,0,sin_switch,0.0260248982246914,0.0260248982246914,0.0193508791693595,V7,0.0
2026-07-06,Matutino,0.0,0.142796179038803,0.0571184716155212,0.0,0.0,0.0032071108839841,0.0,0.0620311401357501,0.0246441038830925,1,0.0,0.6666666666666666,1.0,4,2,1,4,4,2,2,0.0,0,0,0,0,0.0,0.0,0.0,V7,0,2026-07,,0,0,0,0,0.0,0.0,0.0,0,0,sin_switch,0.0220434111269852,0.024628399113811,0.0211216725411878,V7,0.0
2026-07-06,Vespertino,0.0,0.0828294301715377,0.0425680374047438,0.0,0.0053560114880966,0.0029019438868495,0.0,0.0285721073928564,0.0300803795140118,7,0.0,0.75,0.1428571428571428,9,1,3,9,6,3,2,0.0,0,0,0,0,0.0,0.0230025076469233,0.0230025076469233,V7,0,2026-07,,0,0,0,0,0.0230025076469233,0.0230025076469233,0.0230025076469233,0,0,sin_switch,0.0217578132514078,0.025033281292373,0.0158637792149488,V7,0.0
2026-07-06,Nocturno,0.0,0.0,0.0641657358757689,0.0,0.00625,0.003678032834194,0.0,0.0285721073928564,0.0272808182787345,8,0.0,0.8,0.125,13,1,4,13,4,4,1,0.0,0,0,0,0,0.0213994883662425,0.0774074163708736,0.0262275337566629,V8,0,2026-07,,0,0,0,0,0.0560079280046311,0.0774074163708736,0.0560079280046311,1,0,neutro,0.0171819334121095,0.0227321737747329,0.0088268708925302,V7,0.0
2026-07-07,Previa,0.0,0.0,8.881784197001252e-16,0.0,0.0101557006787506,0.0073869986255844,0.0,0.03453114013575,0.0220256502206202,4,1.0,1.0,0.0,4,0,1,0,4,1,1,1.0,0,0,0,0,0.0,0.0,0.0,V7,0,2026-07,,0,0,0,0,0.0,0.0,0.0,0,0,sin_switch,0.0245769074430023,0.0260636468805547,0.0263714322519918,V7,0.0
2026-07-07,Primera,0.0235114665960844,0.0293419246364328,0.0115150626843248,0.0,0.0059890340120838,0.00409296563422,0.0028571428571428,0.0428571428571429,0.0323469825368952,4,1.0,1.0,0.25,14,1,1,14,14,2,2,0.8571428571428571,0,0,0,0,0.0803816069547258,0.054185427406851,0.0,V7,0,2026-07,,0,0,0,0,0.0,0.0803816069547258,0.0803816069547258,0,0,sin_switch,0.0257297470011422,0.0231749350503094,0.0313822509799517,V7,0.0
2026-07-07,Matutino,0.0,0.0162186043243259,0.2291020283023004,0.0,0.0059890340120838,0.00409296563422,0.0,0.0,0.0323608115608589,4,1.0,0.6666666666666666,0.25,6,0,3,4,4,3,2,0.3333333333333333,0,0,0,0,0.0500177328747182,0.0239133726853934,0.0520975947233336,V7,0,2026-07,,0,0,0,0,0.0020798618486153,0.0520975947233336,0.0281842220379401,0,0,sin_switch,0.0208545159352683,0.0208545159352683,0.0272085028769694,V7,0.0
2026-07-07,Vespertino,0.0324372086486528,0.3311886640938475,0.1660346323109968,0.0,0.0059890340120838,0.00409296563422,0.0,0.016937297715565,0.0102506938237081,4,1.0,0.5,0.25,4,0,4,3,3,3,2,0.25,0,0,0,0,0.0233245940042091,0.0224236511693995,0.0253016600251262,V7,0,2026-07,,0,0,0,0,0.0019770660209171,0.0253016600251262,0.0028780088557266,0,0,sin_switch,0.0394969182927328,0.0394969182927328,0.0382266575818835,V7,0.0
2026-07-07,Nocturno,0.0324372086486528,0.38651535041675,0.1709070528250021,0.0,0.0059890340120838,0.00409296563422,0.0,0.14,0.0680033863599101,4,1.0,0.4,0.25,10,0,5,8,6,4,2,0.4,0,0,0,0,0.0500445844729919,0.0,0.0,V7,0,2026-07,,0,0,0,0,0.0,0.0500445844729919,0.0500445844729919,0,0,sin_switch,0.0313263427843656,0.0337977846864431,0.0389886734837435,V7,0.0
2026-07-08,Previa,0.0089257420525683,0.1141498956304216,0.0571277388893311,0.0,0.0082978116426765,0.0065412562453258,0.0,0.0016595623285352,0.0160537029144355,5,1.0,1.0,0.0,5,0,1,0,5,1,1,1.0,0,0,0,0,0.0222767505461443,0.0,0.0,V7,0,2026-07,,0,0,0,0,0.0,0.0222767505461443,0.0222767505461443,0,0,sin_switch,0.039576358574951,0.0413840761662234,0.038743132605177,V7,0.0
2026-07-08,Primera,0.0338919144154887,0.3031077151322909,0.1406067789780197,0.0,0.0055555555555555,0.0070959735867009,0.0,0.0274999999999999,0.0504708429357361,9,1.0,1.0,0.1111111111111111,9,0,2,7,7,2,1,1.0,0,0,0,0,0.0519231191459286,0.0495686608199528,0.0229851918530453,V7,0,2026-07,,0,0,0,0,0.0,0.0519231191459286,0.0289379272928833,0,0,sin_switch,0.0240582616117373,0.0240582616117373,0.0383812277106845,V13,0.0
2026-07-08,Matutino,0.0338919144154887,0.1408615706490223,0.1162385040468314,0.0,0.0055555555555555,0.0062207095774799,0.0,0.0805627022844348,0.0393195750504661,9,1.0,0.6666666666666666,0.1111111111111111,6,0,3,5,5,3,2,0.1666666666666666,0,0,0,0,0.0209950827659243,0.0223019048173109,0.0209950827659243,V7,0,2026-07,,0,0,0,0,0.0013068220513865,0.0223019048173109,0.0013068220513865,0,0,sin_switch,0.0225802189641769,0.0225802189641769,0.0332011343470127,V13,0.0
2026-07-08,Vespertino,0.0338919144154887,0.3749515565845982,0.2188931970087537,0.0,0.0055555555555555,0.0070959735867009,0.0,0.0679545454545454,0.0513273328385048,9,1.0,0.5,0.1111111111111111,8,0,4,7,4,4,1,0.375,0,0,0,0,0.0248218552047985,0.0451191289575968,0.0,V7,0,2026-07,,0,0,0,0,0.0202972737527983,0.0451191289575968,0.0451191289575968,0,0,sin_switch,0.0231096157005251,0.0256292516607372,0.0303588748425215,V7,0.0
2026-07-08,Nocturno,0.0338919144154887,0.493978110336279,0.247342381787037,0.0,0.0055555555555555,0.0070959735867009,0.0,0.0249031399558996,0.0151429409409571,9,1.0,0.4,0.1111111111111111,6,0,5,5,5,3,2,0.1666666666666666,0,0,1,0,0.0,0.0229422134566219,0.0247204184456915,V7,0,2026-07,,1,0,0,1,0.0247204184456915,0.0247204184456915,0.0247204184456915,0,0,sin_switch,0.0248322840195553,0.029969269638061,0.0238446016142836,V7,0.0
2026-07-10,Primera,0.0,0.0,0.0,0.0,0.0101557006787506,0.0073869986255844,0.0,0.0620311401357501,0.0394179699492512,4,0.0,0.5,0.0,4,1,1,4,4,1,1,0.0,0,0,0,0,0.0,0.0136286263815285,0.0136286263815285,V7,0,2026-07,,0,0,0,0,0.0136286263815285,0.0136286263815285,0.0136286263815285,0,0,sin_switch,0.0212949642503477,0.0212949642503477,0.0136030974160682,V7,0.0
2026-07-10,Matutino,0.0,0.0061660271930907,0.0089964606820348,0.0,0.0006944444444444,0.002632752465637,0.0,0.0,0.0271076864868004,8,0.0,0.6666666666666666,0.125,10,1,2,10,8,2,1,0.0,0,0,0,0,0.048068913744095,0.086838887951809,0.0238797719501536,V8,0,2026-07,,0,0,0,0,0.038769974207714,0.086838887951809,0.0629591160016554,1,0,neutro,0.0209927178261452,0.0244675639995543,0.0128891414644075,V7,0.0
2026-07-10,Vespertino,0.0,0.0,0.0080596518514479,0.0,0.0070156997794982,0.0028062799117992,0.0,0.0039031399558996,0.0250997022412801,6,0.0,0.75,0.0,6,1,3,6,4,3,1,0.0,0,0,0,0,0.0,0.0394710068135092,0.0394710068135092,V8,0,2026-07,,0,0,0,0,0.0394710068135092,0.0394710068135092,0.0394710068135092,1,0,neutro,0.0180607308228849,0.0260859709067537,0.0106619546461682,V7,0.0
2026-07-10,Nocturno,0.0,0.011507282898072,0.0106854242196498,0.0156044792085955,0.0178605369642814,0.0061239251761965,0.0,0.0349999999999999,0.0142021589220507,8,0.0,0.8,0.25,6,1,4,6,5,3,2,0.0,0,0,0,0,0.0231521762936945,0.0253997955383594,0.0253997955383594,V7,0,2026-07,,0,0,0,0,0.0022476192446649,0.0253997955383594,0.0022476192446649,0,0,sin_switch,0.0275709806830642,0.0305113622453494,0.0222255120958662,V7,0.0
2026-07-11,Previa,0.0,0.0,0.0673692722478094,0.0,0.0082978116426765,0.0033191246570706,0.0,0.0016595623285352,0.0006638249314141,5,1.0,1.0,0.0,5,0,1,0,5,1,1,1.0,0,0,0,0,0.026216597274924,0.0,0.0,V7,0,2026-07,,0,0,0,0,0.0,0.026216597274924,0.026216597274924,0,0,sin_switch,0.0426943350478492,0.0446589778753068,0.0401634339339998,V7,0.0
2026-07-11,Primera,0.0,0.0366516292749663,0.091853384771713,0.0,0.01,0.004,0.0,0.036,0.0261598298001161,5,1.0,1.0,0.2,5,0,2,4,4,2,1,0.8,0,0,0,0,0.048271206668024,0.0477955701871791,0.0450175333718704,V7,0,2026-07,,0,0,0,0,0.0,0.048271206668024,0.0032536732961536,0,0,sin_switch,0.0365750031026284,0.0365750031026284,0.0330580072913758,V7,0.0
2026-07-11,Matutino,0.0162186043243259,0.0162186043243259,0.0593764461502246,0.0,0.01,0.004,0.0160457708249475,0.0177124374916141,0.0181741925155136,5,1.0,0.6666666666666666,0.2,6,0,3,4,4,2,1,0.3333333333333333,0,0,1,0,0.0237601356687212,0.0468829664662543,0.0508706815500057,V7,0,2026-07,,1,0,0,1,0.0271105458812845,0.0508706815500057,0.0271105458812845,0,0,sin_switch,0.0408938374394084,0.0435528169946036,0.0290408336316161,V7,0.0
2026-07-11,Vespertino,0.0,0.0,0.0158796647746474,0.0,0.0399999999999999,0.0157371609066588,0.0,0.0566666666666666,0.025431112002702,5,0.8,1.0,0.0,9,1,3,9,4,4,1,0.2222222222222222,0,0,0,0,0.0245736500408683,0.0245736500408683,0.0460360430238894,V7,0,2026-07,,0,0,0,0,0.0214623929830211,0.0460360430238894,0.0214623929830211,0,0,sin_switch,0.0230523095031073,0.0257862578094856,0.0219360800237325,V7,0.0
2026-07-11,Nocturno,0.0,0.0324372086486528,0.0195467290765034,0.0,0.0336823664461648,0.0164020172961933,0.0,0.046929740829815,0.0223370456157162,6,0.8333333333333334,0.8,0.1666666666666666,7,0,5,5,2,4,2,0.7142857142857143,0,1,0,0,0.0249309490345776,0.0517565278168362,0.024256880790263,V7,1,2026-07,,1,1,1,1,0.0268255787822586,0.0517565278168362,0.0274996470265732,0,0,sin_switch,0.0320532407326301,0.0372891670793813,0.0235307577526006,V7,1.0
2026-07-13,Primera,0.0,0.0,0.0,0.0,0.0,0.0,0.0,0.0,5.551115123125783e-17,2,0.0,0.5,0.0,2,1,1,2,2,1,1,0.0,0,0,0,0,0.0,0.0130689037433996,0.0130689037433996,V7,0,2026-07,,0,0,0,0,0.0130689037433996,0.0130689037433996,0.0130689037433996,0,0,sin_switch,0.0317568711520013,0.0335671443579006,0.0187484311240045,V7,0.0
2026-07-13,Matutino,0.0,0.011507282898072,0.04343341242193,0.0184535123214271,0.0184535123214271,0.0055360536964281,0.0,0.0616595623285353,0.0349447721772875,2,0.0,0.6666666666666666,1.0,5,1,2,5,4,2,1,0.0,0,0,0,0,0.0230173146010877,0.023410667911086,0.023410667911086,V7,0,2026-07,,0,0,0,0,0.0003933533099983,0.023410667911086,0.0003933533099983,0,0,sin_switch,0.0262391415534367,0.0262391415534367,0.0229131312415888,V7,0.0
2026-07-13,Vespertino,0.0162186043243259,0.2321453039203618,0.1967646903782093,0.0,0.0017868456547604,0.0027034452494448,0.0,0.0466907024642855,0.0256586703617435,5,0.0,0.75,0.0,8,3,1,8,8,2,2,0.0,0,0,0,0,0.0205755406997083,0.0,0.0,V7,0,2026-07,,0,0,0,0,0.0,0.0205755406997083,0.0205755406997083,0,0,sin_switch,0.0174524287208759,0.020145950733614,0.0204211412538372,V7,0.0
2026-07-13,Nocturno,0.0,0.4805192208714306,0.2007837393690294,0.0,0.01,0.007130498397085,0.0,0.024,0.0105801402941176,5,0.0,0.8,0.2,8,3,2,8,7,3,1,0.0,0,0,0,0,0.0459627537247395,0.0,0.0,V7,0,2026-07,,0,0,0,0,0.0,0.0459627537247395,0.0459627537247395,0,0,sin_switch,0.0174447064925426,0.0200726045445889,0.0186494124896332,V7,0.0
2026-07-14,Previa,0.0,0.0061660271930907,0.0102106081069289,0.0,0.0070156997794982,0.0116176200333009,0.0,0.0014031399558996,0.0181952295339667,6,1.0,1.0,0.0,6,0,1,0,6,1,1,1.0,0,0,0,0,0.0247306213964436,0.0,0.0,V7,0,2026-07,,0,0,0,0,0.0,0.0247306213964436,0.0247306213964436,0,0,sin_switch,0.0394900961454389,0.0394900961454389,0.0405722405411182,V7,0.0
2026-07-14,Primera,0.0,0.4518175375646391,0.2331495836956051,0.0,0.0004692121009253,0.0052335557479812,0.0197875625083857,0.0272875625083859,0.0121497444353486,6,1.0,1.0,0.1666666666666666,8,0,2,6,6,2,1,0.75,0,0,0,0,0.0754827320475677,0.0518173049441771,0.0254034337442152,V7,0,2026-07,,0,0,0,0,0.0,0.0754827320475677,0.0500792983033525,0,0,sin_switch,0.0203053842906535,0.0203053842906535,0.0357411405990995,V13,0.0
2026-07-14,Matutino,0.0,0.0,0.0418746880532292,0.0,0.0078641212324079,0.0059445443623287,0.0,0.0628846153846153,0.0413524487423442,3,1.0,0.6666666666666666,0.6666666666666666,13,0,3,10,7,3,1,0.4615384615384615,0,0,0,0,0.022201094532412,0.022201094532412,0.0237932006652228,V7,0,2026-07,,0,0,0,0,0.0015921061328108,0.0237932006652228,0.0015921061328108,0,0,sin_switch,0.0342342047486836,0.0342342047486836,0.0322922510279345,V7,0.0
2026-07-14,Vespertino,0.0,0.0,0.0,0.0,0.0239378125419288,0.0129352003120631,0.0389285714285713,0.0439285714285713,0.0166041661354079,8,0.75,1.0,0.0,14,0,4,12,4,4,1,0.4285714285714285,0,0,0,0,0.0,0.0,0.0239492965562203,V7,0,2026-07,,0,0,0,0,0.0239492965562203,0.0239492965562203,0.0239492965562203,0,0,sin_switch,0.0320614100393491,0.0374250186937408,0.0369809865435575,V7,0.0
2026-07-14,Nocturno,0.0,0.0488428132840601,0.0218703606769881,0.0,0.021426308690479,0.0087746079398682,0.0,0.0264999999999999,0.0208389059213769,3,1.0,0.4,0.6666666666666666,12,0,5,7,4,4,2,0.5,0,0,0,0,0.0223638690580164,0.0,0.0822210432221322,V9,0,2026-07,,0,0,0,0,0.0598571741641157,0.0822210432221322,0.0822210432221322,0,1,neutro,0.0306648366675852,0.0366617354927998,0.0304915749061844,V7,0.0
2026-07-15,Previa,0.0,0.0,0.0,0.0,0.0101557006787506,0.0040622802715002,0.0,0.03453114013575,0.0138124560543,4,1.0,1.0,0.0,4,0,1,0,4,1,1,1.0,0,0,0,0,0.0,0.0,0.0,V7,0,2026-07,,0,0,0,0,0.0,0.0,0.0,0,0,sin_switch,0.0267670673748993,0.0283716229168176,0.0270790649077398,V7,0.0
2026-07-15,Primera,0.0,0.0089257420525683,0.0035702968210273,0.0034465339461621,0.0136823664461649,0.0121428157748439,0.0,0.0358814049285708,0.0238674970303185,6,1.0,1.0,0.3333333333333333,5,0,2,4,4,2,1,0.8,0,0,0,0,0.027190560033855,0.027190560033855,0.0518633810397845,V7,0,2026-07,,0,0,0,0,0.0246728210059295,0.0518633810397845,0.0246728210059295,0,0,sin_switch,0.0399201523068898,0.0399201523068898,0.0359055066009285,V7,0.0
2026-07-15,Matutino,0.0,0.0089257420525683,0.0089804323134239,0.0034465339461621,0.0136823664461649,0.0121428157748439,0.0,0.0372868836869579,0.0214871634354227,6,1.0,0.6666666666666666,0.3333333333333333,7,0,3,6,2,3,1,0.5714285714285714,0,0,0,0,0.0,0.0229847613625167,0.0707482287585936,V9,0,2026-07,,0,0,0,0,0.0707482287585936,0.0707482287585936,0.0707482287585936,0,1,neutro,0.0283276735876635,0.0345977885826175,0.0285388264942733,V7,0.0
2026-07-15,Vespertino,0.0,0.0277258872223979,0.0125365761178103,0.0034465339461621,0.0136823664461649,0.0121428157748439,0.0,0.0241666666666666,0.0242889870995271,6,1.0,0.5,0.3333333333333333,9,0,4,8,6,4,2,0.2222222222222222,0,0,0,0,0.0473000944934,0.0511129999068012,0.0501955322778103,V7,0,2026-07,,0,0,0,0,0.0038129054134012,0.0511129999068012,0.0038129054134012,0,0,sin_switch,0.0347133391272946,0.0346926748935095,0.0245504101776687,V7,0.0
2026-07-15,Nocturno,0.0,0.011507282898072,0.0135313034090654,0.0077288541247377,0.0319801780888414,0.0184569260793223,0.0,0.0167832167832167,0.0151130802293664,6,1.0,0.4,0.3333333333333333,13,0,5,11,4,5,1,0.2307692307692307,0,0,0,0,0.0,0.0,0.0559614495858143,V9,0,2026-07,,0,0,0,0,0.0559614495858143,0.0559614495858143,0.0559614495858143,0,1,neutro,0.024206307591135,0.0347924471731738,0.02962489747985,V11,0.0
2026-07-16,Previa,0.0,0.0,0.0297229577777039,0.0,0.0,0.0090403378299317,0.0,0.0,0.017729750894077,2,1.0,1.0,0.0,2,0,1,0,2,1,1,1.0,0,0,0,0,0.0,0.0213569578268946,0.0213569578268946,V7,0,2026-07,,0,0,0,0,0.0213569578268946,0.0213569578268946,0.0213569578268946,0,0,sin_switch,0.0391555436421816,0.0397142180383035,0.0317593234518247,V7,0.0
2026-07-16,Primera,0.0,0.0072928622717576,0.0073491451401364,0.0,0.0184535123214272,0.0138093441378783,0.0,0.04,0.0199023434157943,2,1.0,1.0,1.0,3,0,2,2,2,2,1,1.0,0,0,0,0,0.0446274058779131,0.0449522275532372,0.0475204707317203,V7,0,2026-07,,0,0,0,0,0.0028930648538071,0.0475204707317203,0.0028930648538071,0,0,sin_switch,0.0433287742735762,0.0407955423016073,0.0324277456340502,V7,0.0
2026-07-16,Matutino,0.4964139557028115,0.5168469806534519,0.1563893564347267,0.0,0.0184535123214272,0.0138093441378783,0.0,0.0261185950714291,0.010457191320875,2,1.0,0.6666666666666666,1.0,7,1,2,7,6,2,1,0.0,0,0,0,0,0.0226082681983877,0.0504184533230951,0.0221572480059235,V7,0,2026-07,,0,0,0,0,0.0278101851247074,0.0504184533230951,0.0282612053171716,0,0,sin_switch,0.0305612939188827,0.0305612939188827,0.0338735579629387,V7,0.0
2026-07-16,Vespertino,0.3298074644454525,0.4377967691687905,0.1368509538323473,0.0,0.0369070246428542,0.0147628098571416,0.0,0.0600938424201851,0.0275829914911865,2,1.0,0.5,1.0,6,1,3,6,5,4,2,0.1666666666666666,0,0,0,1,0.0,0.049148112581341,0.0249506790636061,V8,0,2026-07,,0,0,0,0,0.049148112581341,0.049148112581341,0.049148112581341,1,0,neutro,0.0329239845194837,0.0303552236949016,0.0315008095425466,V7,0.0
2026-07-16,Nocturno,0.0,0.0275879565145338,0.0342870786793878,0.0184535123214271,0.0369070246428542,0.0135864411226097,0.0,0.0283589910798142,0.0351133334476905,2,1.0,0.4,1.0,14,0,5,13,11,4,1,0.0714285714285714,0,0,1,1,0.0451105636428346,0.0,0.0499326169612625,V7,0,2026-07,,0,0,0,0,0.0048220533184279,0.0499326169612625,0.0499326169612625,0,0,sin_switch,0.0385412736939592,0.0414754965927882,0.0375884312617457,V7,0.0
2026-07-17,Previa,0.0,0.1521375599825827,0.0680253393342371,0.0,0.0,0.0052371901428582,0.0,0.0,0.0140474380285716,3,1.0,1.0,0.0,3,0,1,0,3,1,1,1.0,0,0,0,0,0.0,0.0227080100491314,0.0227080100491314,V7,0,2026-07,,0,0,0,0,0.0227080100491314,0.0227080100491314,0.0227080100491314,0,0,sin_switch,0.0426710270081944,0.0450994427807226,0.0312199089890363,V7,0.0
2026-07-17,Primera,0.0,0.0001860146137762,0.001258057077236,0.0,0.0017868456547603,0.0029874405291512,0.0,0.0438404376714647,0.0254503749388335,1,1.0,1.0,1.0,4,0,2,2,2,2,1,1.0,0,0,0,0,0.0202984853041131,0.0202930573727032,0.0279125974648316,V7,0,2026-07,,0,0,0,0,0.0076141121607185,0.0279125974648316,0.0076195400921284,0,0,sin_switch,0.045301315159886,0.0427075615483629,0.0365415998394295,V7,0.0
2026-07-17,Matutino,0.0,0.0,0.021134878982002,0.0,0.0065464876785729,0.0028264811816503,0.0,0.028,0.0247921486958794,1,1.0,0.6666666666666666,1.0,9,1,2,9,5,3,1,0.3333333333333333,0,0,0,0,0.0499172262635281,0.0461581410502621,0.0290189543880578,V7,0,2026-07,,0,0,0,0,0.0,0.0499172262635281,0.0208982718754702,0,0,sin_switch,0.0310452131938327,0.0310452131938327,0.0277570243844829,V7,0.0
2026-07-17,Vespertino,0.0,0.0,0.0013022411022248,0.0,0.0417868456547603,0.0175191550075216,0.0,0.0749031399558998,0.0328519203845008,5,0.8,1.0,0.0,6,0,4,5,4,4,2,0.3333333333333333,0,0,0,0,0.0253573476237447,0.0553353031868643,0.0309035586672505,V7,0,2026-07,,0,0,0,0,0.0299779555631195,0.0553353031868643,0.0299779555631195,0,0,sin_switch,0.0238167463466671,0.029055101441347,0.0247018148803527,V7,0.0
2026-07-17,Nocturno,0.0,0.0922261967205715,0.0691742132731729,0.0,0.0165464876785728,0.0064132708365237,0.0,0.0048484848484848,0.0054658582534569,5,0.8,0.8,0.0,9,1,4,9,4,5,1,0.2222222222222222,0,0,0,0,0.0231896789340483,0.0458851754511687,0.0720165716797585,V9,0,2026-07,,0,0,0,0,0.0488268927457102,0.0720165716797585,0.0488268927457102,0,1,neutro,0.0233608785577855,0.0295733556546026,0.0286988372164934,V7,0.0
2026-07-18,Previa,0.0,0.0338919144154887,0.0568777725215702,0.0,0.0,0.0061254045688698,0.0,0.0,0.0012250809137739,6,1.0,1.0,0.0,6,0,1,0,6,1,1,1.0,0,0,0,0,0.0399987830124061,0.0,0.0,V7,0,2026-07,,0,0,0,0,0.0,0.0399987830124061,0.0399987830124061,0,0,sin_switch,0.0398967786939401,0.0418317079893926,0.0406788438220931,V7,0.0
2026-07-18,Primera,0.0,0.0162186043243259,0.0166812755846042,0.0,0.0,0.0049629117531729,0.0,0.0699999999999999,0.0481750973014066,14,1.0,1.0,0.0,14,0,2,10,10,2,1,1.0,0,0,0,0,0.0212217137864237,0.0235745723279357,0.0,V7,0,2026-07,,0,0,0,0,0.002352858541512,0.0235745723279357,0.0235745723279357,0,0,sin_switch,0.026929209948741,0.026929209948741,0.0371385781132161,V13,0.0
2026-07-18,Matutino,0.0,0.0012619242283866,0.0224087292111966,0.0,0.0,0.0049629117531729,0.0,0.1103092975357146,0.0463803384899782,14,1.0,0.6666666666666666,0.0,5,0,3,4,4,3,2,0.2,0,0,0,0,0.0,0.0698414909968801,0.0225492651094914,V8,0,2026-07,,0,0,0,0,0.0698414909968801,0.0698414909968801,0.0698414909968801,1,0,neutro,0.0165552822655445,0.0201416470036044,0.0135339645084232,V7,0.0
2026-07-18,Vespertino,0.0,0.0162186043243259,0.0064874417297303,0.0,0.0,0.0049629117531729,0.0,0.0314292502499992,0.0210268173603097,14,1.0,0.5,0.0,12,1,3,12,4,4,1,0.1666666666666666,0,0,0,0,0.0,0.0271648181610343,0.046346897957215,V9,0,2026-07,,0,0,0,0,0.046346897957215,0.046346897957215,0.046346897957215,0,1,neutro,0.0136056465721071,0.0253487888536667,0.0199836716829866,V11,0.0
2026-07-18,Nocturno,0.0,0.1448771939928033,0.058490763937922,0.0,0.0360680344642899,0.0152877953869961,0.0,0.0633967827175316,0.0377521005969589,7,0.8571428571428571,0.8,0.0,11,0,5,5,1,4,2,0.8181818181818182,0,0,0,0,0.0311216722013292,0.0540695588103268,0.0302581649706905,V7,0,2026-07,,0,0,0,0,0.0229478866089976,0.0540695588103268,0.0238113938396363,0,0,sin_switch,0.027697457174575,0.0328369273871684,0.0243696809580361,V7,0.0
2026-07-20,Primera,0.0,0.0,0.0141678204895984,0.0,0.0,0.0,0.0,0.0,5.551115123125783e-17,2,0.0,0.5,0.0,2,1,1,2,2,1,1,0.0,0,0,0,0,0.0,0.0139346297217721,0.0139346297217721,V7,0,2026-07,,0,0,0,0,0.0139346297217721,0.0139346297217721,0.0139346297217721,0,0,sin_switch,0.034617289733993,0.0365642752961476,0.020383962240544,V7,0.0
2026-07-20,Matutino,0.0,0.1643213692617919,0.0866970888413371,0.0,0.0142513239641036,0.0059854654010491,0.0,0.112620895841719,0.0517293410989877,8,0.0,0.6666666666666666,0.0,8,1,2,8,6,2,1,0.0,0,0,0,0,0.0238305328245189,0.021282177533416,0.021282177533416,V7,0,2026-07,,0,0,0,0,0.0,0.0238305328245189,0.0025483552911028,0,0,sin_switch,0.0214638280413918,0.0189614627187144,0.0156879688189271,V7,0.0
2026-07-20,Vespertino,0.0,0.0162186043243259,0.0207204807945468,0.0,0.0031044792085955,0.0033265474258992,0.0,0.0358092975357146,0.0280374347991364,10,0.0,0.75,0.0,5,1,3,5,4,3,2,0.0,0,1,0,0,0.0,0.0267895733073977,0.0486190327134328,V9,0,2026-07,,0,1,0,0,0.0486190327134328,0.0486190327134328,0.0486190327134328,0,1,perdedor,0.0209485911922139,0.0285074162203275,0.0200330401264521,V7,1.0
2026-07-20,Nocturno,0.0,0.0,0.3723439874488823,0.0,0.0035353535353535,0.0024072161847822,0.0,0.0335,0.0184109090921337,11,0.0,0.8,0.1818181818181818,8,1,4,8,6,3,2,0.0,0,0,0,0,0.0,0.0,0.0352185548189175,V9,0,2026-07,,0,0,0,0,0.0352185548189175,0.0352185548189175,0.0352185548189175,0,1,neutro,0.0161827373400094,0.0272331075075658,0.0173891051950752,V11,0.0
2026-07-21,Previa,0.0,0.011507282898072,0.0056373942852263,0.0,0.0,1.1102230246251563e-16,0.0,0.0,0.0,3,1.0,1.0,0.0,3,0,1,0,3,1,1,1.0,0,0,0,0,0.0,0.0271094760420595,0.0271094760420595,V7,0,2026-07,,0,0,0,0,0.0271094760420595,0.0271094760420595,0.0271094760420595,0,0,sin_switch,0.0502859355711793,0.0508302464832957,0.0241764848710308,V7,0.0
2026-07-21,Primera,0.0,0.1844518346373709,0.0917312069014465,0.0084535123214272,0.0142513239641037,0.0057864719578256,0.0254031399558996,0.0614031399558996,0.0215161862767553,2,1.0,1.0,1.0,6,0,2,4,4,2,1,1.0,0,0,0,0,0.0725020950490231,0.043726396009328,0.046038972089388,V7,0,2026-07,,0,0,0,0,0.0,0.0725020950490231,0.028775699039695,0,0,sin_switch,0.0303221371337304,0.0303221371337304,0.0415504910334942,V13,0.0
2026-07-21,Matutino,0.0,0.1281383445653352,0.0539027044180522,0.0084535123214272,0.0184535123214272,0.0061887578356664,0.0,0.0136595623285352,0.0055561051617677,2,1.0,0.6666666666666666,1.0,5,0,3,2,2,3,2,0.6,0,0,0,0,0.0279332198860204,0.029098285523483,0.0557253150758679,V7,0,2026-07,,0,0,0,0,0.0277920951898474,0.0557253150758679,0.0277920951898474,0,0,sin_switch,0.038593711121593,0.0350158197875038,0.0289835312872169,V7,0.0
2026-07-21,Vespertino,0.0,0.3239584800329576,0.3157946172130206,0.0,0.0083333333333333,0.0243482179989519,0.0,0.0866889905097394,0.063928488437079,6,0.8333333333333334,1.0,0.1666666666666666,11,0,4,9,6,4,2,0.4545454545454545,0,0,0,0,0.0478481399832454,0.025827528451641,0.0500698385550354,V7,0,2026-07,,0,0,0,0,0.0022216985717899,0.0500698385550354,0.0242423101033943,0,0,sin_switch,0.0283249598893076,0.0283249598893076,0.034001413268367,V7,0.0
2026-07-21,Nocturno,0.0,0.0031202014310443,0.0184247394544195,0.0,0.0083333333333333,0.0161659896736352,0.0,0.0611435359642847,0.0531769768025525,6,0.8333333333333334,0.8,0.1666666666666666,10,0,5,9,6,5,2,0.2,0,0,0,0,0.0542944439279159,0.0466776595376007,0.0483544044352937,V7,0,2026-07,,0,0,0,0,0.0,0.0542944439279159,0.0076167843903151,0,0,sin_switch,0.0309316288520766,0.0334524701460965,0.0252710402320222,V7,0.0
2026-07-22,Previa,0.0,0.0289199424723873,0.01238328310706,0.0,0.0232486760358963,0.0113894786966434,0.0,0.0696497352071793,0.03412126239551,4,1.0,1.0,0.0,4,0,1,0,4,1,1,1.0,0,1,0,0,0.0,0.0,0.0,V7,1,2026-07,,0,1,1,0,0.0,0.0,0.0,0,0,sin_switch,0.0239212980430171,0.0239212980430171,0.0306444671817982,V7,1.0
2026-07-22,Primera,0.0,0.0162186043243259,0.0137020200518599,0.0,0.0132201327205045,0.0067765497019816,0.0,0.0727875625083858,0.0328539877681187,7,1.0,1.0,0.1428571428571428,10,0,2,8,8,2,1,0.9,0,0,0,0,0.0427461541965665,0.0495830002031171,0.0220504836639408,V7,0,2026-07,,0,0,0,0,0.0068368460065506,0.0495830002031171,0.0275325165391763,0,0,sin_switch,0.0339624301824659,0.0339624301824659,0.0373480409579903,V7,0.0
2026-07-22,Matutino,0.0,0.1099547387571409,0.0640547372943256,0.0,0.055953512321427,0.0223814049285708,0.0,0.0411428571428571,0.0281235555436582,8,0.875,1.0,0.125,14,0,3,12,4,3,1,0.6428571428571429,0,0,0,0,0.0229659526285327,0.0,0.0366251026312146,V7,0,2026-07,,0,0,0,0,0.0136591500026819,0.0366251026312146,0.0366251026312146,0,0,sin_switch,0.0213822361680126,0.0238565133806403,0.0376068017426394,V13,0.0
2026-07-22,Vespertino,0.0,0.0261047797191666,0.0492147632391252,0.0,0.030953512321427,0.0123814049285708,0.0,0.0705240357976189,0.0288945975446537,8,0.875,0.75,0.125,9,1,3,9,4,4,1,0.1111111111111111,0,0,0,0,0.0281572819362553,0.0281572819362553,0.0231535777405709,V7,0,2026-07,,0,0,0,0,0.0,0.0281572819362553,0.0050037041956843,0,0,sin_switch,0.0206758189179385,0.0206758189179385,0.0247191124018199,V7,0.0
2026-07-22,Nocturno,0.0,0.1562196591494942,0.0652762734315231,0.0,0.0159535123214271,0.0063814049285708,0.0,0.031,0.0168580750347586,8,0.875,0.6,0.125,8,2,3,8,5,4,2,0.0,0,1,0,0,0.0304325173991819,0.0301974555135537,0.0262607982593376,V7,1,2026-07,,1,1,1,1,0.0,0.0304325173991819,0.0041717191398443,0,0,sin_switch,0.0161956703725671,0.0188670614155322,0.0137846380767131,V7,1.0
2026-07-23,Previa,0.0,0.0089257420525683,0.0035702968210273,0.0,0.0082978116426765,0.0070180470651436,0.0,0.0016595623285352,0.0171984193927938,5,1.0,1.0,0.0,5,0,1,0,5,1,1,1.0,0,0,0,0,0.0201326299005727,0.0,0.0,V7,0,2026-07,,0,0,0,0,0.0,0.0201326299005727,0.0201326299005727,0,0,sin_switch,0.0407009582208849,0.0423753280256944,0.0381455964535067,V7,0.0
2026-07-23,Primera,0.0,0.0293419246364328,0.1428252910248157,0.0,0.0116105369642813,0.0082266296282314,0.015,0.0425,0.039820358267598,8,1.0,1.0,0.125,18,0,2,16,16,2,1,0.6666666666666666,0,0,0,0,0.0221827436507408,0.0869939652689725,0.0223132009613142,V8,0,2026-07,,0,0,0,0,0.0648112216182317,0.0869939652689725,0.0648112216182317,1,0,neutro,0.0244640707880722,0.0197663267282319,0.0168124624923202,V7,0.0
2026-07-23,Matutino,0.0,0.0047113214262557,0.0087525905026091,0.0,0.0116105369642813,0.0092033697487606,0.0161363636363636,0.0971435359642848,0.0467475689393848,8,1.0,0.6666666666666666,0.125,12,0,3,10,6,3,1,0.5,0,0,0,0,0.0,0.0,0.0,V7,0,2026-07,,0,0,0,0,0.0,0.0,0.0,0,0,sin_switch,0.0166147062599196,0.0166147062599196,0.0284011244516127,V13,0.0
2026-07-23,Vespertino,0.0,0.0162186043243259,0.0146819798188252,0.0,0.0116105369642813,0.0092033697487606,0.0,0.0403846153846154,0.030217678903153,8,1.0,0.5,0.125,12,0,4,10,4,4,1,0.3333333333333333,0,0,0,0,0.0,0.0219086792689755,0.0524058955987264,V9,0,2026-07,,0,0,0,0,0.0524058955987264,0.0524058955987264,0.0524058955987264,0,1,neutro,0.0200815747648231,0.0312982422219642,0.024153375495256,V11,0.0
2026-07-23,Nocturno,0.0,0.0162186043243259,0.0695909455150131,0.0,0.0116105369642813,0.0092033697487606,0.016,0.064,0.0324364903233925,8,1.0,0.4,0.125,18,0,5,16,6,5,2,0.3333333333333333,0,0,0,0,0.0498488431466324,0.0229159448546025,0.071891875108791,V7,0,2026-07,,0,0,0,0,0.0220430319621586,0.071891875108791,0.0489759302541885,0,0,sin_switch,0.0224350926422969,0.0308749909366384,0.0140125169743329,V7,0.0
2026-07-24,Previa,0.0685717739194373,0.1067383626690219,0.0396436946412038,0.0,0.0153135114221747,0.0094236646975112,0.0,0.0030627022844349,0.0164774577255357,6,1.0,1.0,0.0,6,0,1,0,6,1,1,1.0,0,1,1,1,0.0232707968888558,0.0,0.0,V7,1,2026-07,,1,1,1,1,0.0,0.0232707968888558,0.0232707968888558,0,0,sin_switch,0.0377356879568799,0.0377356879568799,0.0409198273500744,V7,1.0
2026-07-24,Primera,0.010052577131236,0.0324372086486528,0.0147351990617658,0.0114378125419289,0.0142513239641037,0.0046045208261792,0.0,0.0314031399558996,0.0131664890539535,2,1.0,1.0,1.0,6,1,1,6,6,2,2,1.0,0,0,0,0,0.0957905935825602,0.0462797758689357,0.0462003353842706,V7,0,2026-07,,0,0,0,0,0.0,0.0957905935825602,0.0495902581982896,0,0,sin_switch,0.0277656799255703,0.0277656799255703,0.0361834660217657,V7,0.0
2026-07-24,Matutino,0.1069696562335336,0.1069696562335336,0.0507664262687312,0.0184535123214272,0.0184535123214272,0.0055360536964281,0.0,0.1033333333333333,0.0467112507047172,2,1.0,0.6666666666666666,1.0,8,0,3,6,6,3,2,0.25,0,0,0,0,0.0221383388897336,0.0,0.0466985522704189,V7,0,2026-07,,0,0,0,0,0.0245602133806853,0.0466985522704189,0.0466985522704189,0,0,sin_switch,0.0338967573032218,0.0366620006272803,0.0441745014975408,V13,0.0
2026-07-24,Vespertino,0.0,0.0,0.0838974823262126,0.0,0.0,0.0,0.0,0.06,0.0327027691657925,5,1.0,0.5,0.0,8,0,4,7,3,4,1,0.375,0,0,0,0,0.0230527283209967,0.0596806286331449,0.0252509018782707,V8,0,2026-07,,0,0,0,0,0.0366279003121482,0.0596806286331449,0.0366279003121482,1,0,neutro,0.0178497010052886,0.0233475135200221,0.011202775937535,V7,0.0
2026-07-24,Nocturno,0.0235114665960844,0.5713490932101202,0.2710559060020854,0.0,0.0353490331128315,0.0150099521534164,0.0,0.1055,0.0499759528950534,6,0.8333333333333334,0.8,0.0,10,0,5,9,2,5,1,0.3,0,0,0,0,0.0316002176876983,0.0,0.0,V7,0,2026-07,,0,0,0,0,0.0,0.0316002176876983,0.0316002176876983,0,0,sin_switch,0.0312475428932225,0.0312475428932225,0.0333296173204216,V7,0.0
2026-07-25,Previa,0.0,0.0174126595743153,0.0069875218008701,0.0,0.0101557006787506,0.0040622802715002,0.0,0.03453114013575,0.0138124560543,4,1.0,1.0,0.0,4,0,1,0,4,1,1,1.0,0,0,0,0,0.0,0.0,0.0,V7,0,2026-07,,0,0,0,0,0.0,0.0,0.0,0,0,sin_switch,0.0267910975736784,0.0283995826927379,0.0273099446632562,V7,0.0
2026-07-25,Primera,0.0,0.0072928622717576,0.002917144908703,0.0052288541247377,0.0236823664461649,0.0087124508728614,0.0124999999999998,0.1214031399558995,0.0513217309266193,6,1.0,1.0,0.3333333333333333,6,0,2,4,4,2,1,1.0,0,0,0,0,0.0228784627455451,0.0252824838649501,0.0252824838649501,V7,0,2026-07,,0,0,0,0,0.0024040211194049,0.0252824838649501,0.0024040211194049,0,0,sin_switch,0.0259906589895683,0.0259906589895683,0.0354724247761775,V7,0.0
2026-07-25,Matutino,0.0,0.0061660271930907,0.1315066325618311,0.0052288541247377,0.0236823664461649,0.0087124508728614,0.0,0.0156900236428576,0.0159387199413879,6,1.0,0.6666666666666666,0.3333333333333333,7,0,3,6,1,3,1,0.5714285714285714,0,0,1,0,0.0474674151177435,0.0241855714186465,0.0727848597733054,V7,0,2026-07,,0,0,0,0,0.0253174446555618,0.0727848597733054,0.0485992883546589,0,0,sin_switch,0.0254587468109667,0.028227143333494,0.0280084108861353,V7,0.0
2026-07-25,Vespertino,0.0,0.1473369637214236,0.0659033702156574,0.0052288541247378,0.0236823664461649,0.0094269813275636,0.0,0.0949999999999999,0.0526478938565103,6,1.0,0.5,0.3333333333333333,12,0,4,11,5,4,1,0.3333333333333333,0,0,0,0,0.0229096220564767,0.0229096220564767,0.0,V7,0,2026-07,,0,0,0,0,0.0,0.0229096220564767,0.0229096220564767,0,0,sin_switch,0.0251566642584097,0.0276095283692543,0.0330388580157398,V7,0.0
2026-07-25,Nocturno,0.0,0.1473369637214236,0.0576561171726358,0.0052288541247378,0.0236823664461649,0.0087453945153317,0.0,0.0415,0.0249132450934304,6,1.0,0.4,0.3333333333333333,8,0,5,6,1,5,1,0.5,0,0,0,0,0.0237647017324788,0.0455148801218312,0.0487385517530684,V7,0,2026-07,,0,0,0,0,0.0249738500205896,0.0487385517530684,0.0249738500205896,0,0,sin_switch,0.0310867899790165,0.031725598154909,0.0220987703488078,V7,0.0
2026-07-27,Primera,0.0,0.0,0.0,0.0,0.0,0.0,0.0,0.0,5.551115123125783e-17,2,0.0,0.5,0.0,2,1,1,2,2,1,1,0.0,0,0,0,0,0.0,0.0130689037433996,0.0130689037433996,V7,0,2026-07,,0,0,0,0,0.0130689037433996,0.0130689037433996,0.0130689037433996,0,0,sin_switch,0.0317568711520013,0.0335671443579006,0.0187484311240045,V7,0.0
2026-07-27,Matutino,0.0162186043243268,0.2270354307299289,0.1055563119222591,0.0209535123214271,0.0209535123214271,0.0081201527118701,0.0572875625083857,0.1186907024642854,0.0410195726589938,8,0.0,0.6666666666666666,0.25,8,1,2,8,6,2,1,0.0,0,0,0,0,0.0443728960635741,0.0226987013844031,0.0,V7,0,2026-07,,0,0,0,0,0.0,0.0443728960635741,0.0443728960635741,0,0,sin_switch,0.0230963607799328,0.0230963607799328,0.0255105977222323,V7,0.0
2026-07-27,Vespertino,0.0,0.3741165812106706,0.1464241647233894,0.0125,0.0156044792085955,0.005359863625906,0.0,0.0059278926071436,0.0277653497825724,8,0.0,0.75,0.25,7,1,3,7,3,3,1,0.0,0,0,0,0,0.0,0.0487572864908629,0.0261940303807361,V8,0,2026-07,,0,0,0,0,0.0487572864908629,0.0487572864908629,0.0487572864908629,1,0,neutro,0.0204735793009407,0.0235515439519111,0.0157820877382246,V7,0.0
2026-07-27,Nocturno,0.0,0.0710672239092442,0.0278434749263608,0.0,0.0017823201785757,0.0025541389065803,0.0,0.0935721073928563,0.0511259669741234,7,0.0,0.8,0.1428571428571428,9,1,4,9,5,4,1,0.0,0,0,0,0,0.0,0.0440345779247725,0.04467935906872,V9,0,2026-07,,0,0,0,0,0.04467935906872,0.04467935906872,0.04467935906872,0,1,neutro,0.0110770470167102,0.0267076858674603,0.0167815692239473,V11,0.0
2026-07-28,Previa,0.0,0.0,8.881784197001252e-16,0.0,0.0,0.0064142217679682,0.0,0.0,0.0172045276816843,3,1.0,1.0,0.0,3,0,1,0,3,1,1,1.0,0,0,0,0,0.0,0.0,0.0,V7,0,2026-07,,0,0,0,0,0.0,0.0,0.0,0,0,sin_switch,0.0309257006105299,0.0327685070453869,0.0292822886918832,V7,0.0
2026-07-28,Primera,0.1683347390902874,0.1683347390902874,0.0521314269358463,0.0,0.0042021883573234,0.0034471942229764,0.0,0.0849999999999999,0.0364373007662475,4,1.0,1.0,0.25,4,0,2,3,3,2,1,1.0,0,0,0,0,0.0504056303158999,0.0235641960019567,0.0235641960019567,V7,0,2026-07,,0,0,0,0,0.0,0.0504056303158999,0.0268414343139432,0,0,sin_switch,0.0358573479834103,0.0358573479834103,0.0364712720881764,V7,0.0
2026-07-28,Matutino,0.3049174826382854,0.3211360869626114,0.0962868490422801,0.0,0.0107486760358963,0.0071928460167485,0.0,0.0786897973690484,0.0402217768529765,4,1.0,0.6666666666666666,0.25,7,0,3,4,4,3,2,0.4285714285714285,0,0,0,0,0.0230026873602686,0.0,0.0273980490061595,V7,0,2026-07,,0,0,0,0,0.0043953616458909,0.0273980490061595,0.0273980490061595,0,0,sin_switch,0.0307574192204557,0.0307574192204557,0.0354365489219625,V7,0.0
2026-07-28,Vespertino,0.0,0.0568628618873381,0.0342084438625012,0.0,0.0107486760358962,0.0071928460167485,0.0,0.0780627022844349,0.0328734515179931,4,1.0,0.5,0.25,6,0,4,5,2,4,1,0.1666666666666666,0,0,0,0,0.025316145051613,0.0298222372967473,0.0,V7,0,2026-07,,0,0,0,0,0.0045060922451342,0.0298222372967473,0.0298222372967473,0,0,sin_switch,0.0263266158825238,0.0290409223332662,0.0271359809693187,V7,0.0
2026-07-28,Nocturno,0.0,0.0162186043243259,0.0718617832402541,0.0,0.0107486760358962,0.0071928460167485,0.0,0.0645,0.0392883541280764,4,1.0,0.4,0.25,9,0,5,8,3,5,1,0.1111111111111111,0,0,0,0,0.0,0.0515615003866327,0.0227363470286266,V8,0,2026-07,,0,0,0,0,0.0515615003866327,0.0515615003866327,0.0515615003866327,1,0,neutro,0.0193862281727281,0.02793555225894,0.0164642813667085,V7,0.0
2026-07-29,Previa,0.0,0.0,0.0085304262043721,0.0,0.0,0.0052371901428582,0.0,0.0,0.0140474380285716,3,1.0,1.0,0.0,3,0,1,0,3,1,1,1.0,0,0,0,0,0.0,0.0,0.0,V7,0,2026-07,,0,0,0,0,0.0,0.0,0.0,0,0,sin_switch,0.0341608873931857,0.0360025007094387,0.0290331046035822,V7,0.0
2026-07-29,Primera,0.0,0.0149189243489971,0.0104062567432653,0.0,0.0017513239641036,0.0065717040528216,0.0,0.0408333333333332,0.0274483886715607,8,1.0,1.0,0.0,8,0,2,7,7,2,1,1.0,0,0,0,0,0.0412068735847696,0.0524128568833397,0.019504902414816,V7,0,2026-07,,0,0,0,0,0.0112059832985701,0.0524128568833397,0.0329079544685237,0,0,sin_switch,0.0329460628619435,0.0329460628619435,0.0315820174543888,V7,0.0
2026-07-29,Matutino,0.0,0.011507282898072,0.0047196604715275,0.0,0.0017513239641036,0.0048590806213691,0.0,0.0290968600441003,0.0151731421293211,8,1.0,0.6666666666666666,0.0,5,0,3,3,3,3,2,0.4,0,0,0,1,0.0237049502018417,0.0725828775786996,0.0225580658161272,V8,0,2026-07,,0,0,0,0,0.0488779273768579,0.0725828775786996,0.0500248117625724,1,0,neutro,0.0216298679320433,0.0274419001616278,0.0105652459734295,V7,0.0
2026-07-29,Vespertino,0.0,0.1284918241210935,0.0581141746701283,0.0,0.0114378125419288,0.0067515672819485,0.02,0.0504545454545455,0.0389447878469044,8,1.0,0.5,0.0,12,0,4,10,4,4,2,0.6666666666666666,0,0,0,0,0.0227960083672315,0.0241403865527438,0.0720037933701964,V9,0,2026-07,,0,0,0,0,0.0492077850029648,0.0720037933701964,0.0492077850029648,0,1,neutro,0.0214165042725343,0.0337145836250126,0.0220114083529736,V11,0.0
2026-07-29,Nocturno,0.0,0.0134054616815841,0.0595397776443153,0.0,0.0114378125419288,0.0067515672819485,0.0,0.0546538461538462,0.0434471845972525,8,1.0,0.4,0.0,13,0,5,11,2,5,1,0.3846153846153846,0,0,0,0,0.0,0.047082784406445,0.0489264491913442,V9,0,2026-07,,0,0,0,0,0.0489264491913442,0.0489264491913442,0.0489264491913442,0,1,neutro,0.0110397476591874,0.0262201997856055,0.0194152098045325,V11,0.0
2026-07-30,Previa,0.0,0.0,0.0,0.0,0.0,0.0,0.0,0.0,0.0,2,1.0,1.0,0.0,2,0,1,0,2,1,1,1.0,0,0,0,0,0.0,0.0285689383382655,0.0285689383382655,V7,0,2026-07,,0,0,0,0,0.0285689383382655,0.0285689383382655,0.0285689383382655,0,0,sin_switch,0.0336719595009207,0.0341174609152989,0.0190567186059184,V7,0.0
2026-07-30,Primera,0.0,0.0235114665960844,0.1446900796124922,0.0031044792085956,0.0031044792085956,0.0052077518161062,0.0,0.0272875625083859,0.0339290276045397,2,1.0,1.0,1.0,8,0,2,6,6,2,1,0.75,0,0,0,0,0.0217922393672391,0.0217922393672391,0.0455326949840236,V7,0,2026-07,,0,0,0,0,0.0237404556167844,0.0455326949840236,0.0237404556167844,0,0,sin_switch,0.0440717569557856,0.0415047333098599,0.0460266201332107,V7,0.0
2026-07-30,Matutino,0.0,0.0162186043243259,0.0066029144533995,0.0031044792085956,0.0031044792085956,0.0052077518161062,0.0,0.0114542291750524,0.0125027750962902,2,1.0,0.6666666666666666,1.0,9,1,2,9,3,3,1,0.2222222222222222,0,0,0,0,0.0545549179281194,0.0482949190423777,0.0275635695486046,V7,0,2026-07,,1,0,0,1,0.0,0.0545549179281194,0.0269913483795148,0,0,sin_switch,0.0289504074384576,0.0289504074384576,0.0254077395675295,V7,0.0
2026-07-30,Vespertino,0.0,0.0366516292749663,0.0200168917510121,0.0,0.0691725136728854,0.0301318358130377,0.0,0.0955959169166659,0.0414030517737038,7,0.8571428571428571,1.0,0.0,9,0,4,8,7,4,2,0.2222222222222222,0,0,0,0,0.0218370069450808,0.0236073022530751,0.0505988968720617,V7,0,2026-07,,0,0,0,0,0.0287618899269808,0.0505988968720617,0.0287618899269808,0,0,sin_switch,0.0184667853496377,0.020949331248157,0.030149672150479,V13,0.0
2026-07-30,Nocturno,0.0,0.0053412557049803,0.0030502139824901,0.0,0.0391725136728855,0.0175723893056091,0.0,0.0543181818181818,0.0351437954746765,7,0.8571428571428571,0.8,0.0,11,0,5,10,2,5,1,0.1818181818181818,0,0,0,0,0.0,0.0,0.0491263939825559,V9,0,2026-07,,0,0,0,0,0.0491263939825559,0.0491263939825559,0.0491263939825559,0,1,neutro,0.0155832295593317,0.0270861767484245,0.0241552830484728,V11,0.0
2026-07-31,Previa,0.0,0.0089257420525683,0.0043727027208989,0.0,0.0153135114221747,0.0061254045688698,0.0,0.0030627022844349,0.0012250809137739,6,1.0,1.0,0.0,6,0,1,0,6,1,1,1.0,0,0,0,0,0.02805153181501,0.0,0.0,V7,0,2026-07,,0,0,0,0,0.0,0.02805153181501,0.02805153181501,0,0,sin_switch,0.0382186653204436,0.0399052426324849,0.0388091377288099,V7,0.0
2026-07-31,Primera,0.0204330249506403,0.2007869839229821,0.0755531637272002,1.1102230246251563e-16,1.1102230246251563e-16,0.0032979456661232,0.0,0.0274999999999999,0.0310899856273618,2,1.0,1.0,1.0,9,0,2,5,5,2,1,1.0,0,0,0,0,0.0209121736624687,0.0209121736624687,0.0443550815510263,V7,0,2026-07,,0,0,0,0,0.0234429078885575,0.0443550815510263,0.0234429078885575,0,0,sin_switch,0.0447111846299765,0.0420271289949212,0.0408381848758733,V7,0.0
2026-07-31,Matutino,0.0,0.0,0.1025451149496368,1.1102230246251563e-16,1.1102230246251563e-16,0.0049629117531729,0.0,0.097878787878788,0.0446430699368458,2,1.0,0.6666666666666666,1.0,9,0,3,7,3,3,1,0.6666666666666666,0,0,0,1,0.0206947398080773,0.0,0.0378531886212312,V7,0,2026-07,,1,0,0,1,0.0171584488131539,0.0378531886212312,0.0378531886212312,0,0,sin_switch,0.0323742964218522,0.03484604800467,0.0318209707054448,V7,0.0
2026-07-31,Vespertino,0.0,0.0786839556739478,0.0746012628302245,0.0,0.0,0.0049629117531729,0.0,0.1390384615384615,0.0577982871714065,9,1.0,0.5,0.0,10,0,4,8,3,4,1,0.5,0,0,0,0,0.0450867351797314,0.0260990883090116,0.0,V7,0,2026-07,,0,0,0,0,0.0,0.0450867351797314,0.0450867351797314,0,0,sin_switch,0.0170131167344483,0.0194294137519804,0.0273518697386363,V13,0.0
2026-07-31,Nocturno,0.1638121803639851,0.2340901672375759,0.0712356972932146,0.0,0.0,0.0049629117531729,0.0,0.0132875625083858,0.0296847259405315,9,1.0,0.4,0.0,8,1,4,8,4,4,1,0.0,0,0,0,0,0.0226055927768682,0.0746467230314616,0.0227030970120804,V8,0,2026-07,,0,0,0,0,0.0520411302545933,0.0746467230314616,0.0520411302545933,1,0,neutro,0.014261529973318,0.0184992800547733,0.0174802492760529,V7,0.0
2026-08-01,Previa,0.0,0.0204330249506403,0.0081732099802561,0.0,0.0232486760358963,0.0092994704143585,0.0,0.0696497352071793,0.0278598940828717,4,1.0,1.0,0.0,4,0,1,0,4,1,1,1.0,0,0,0,0,0.0,0.0,0.0,V7,0,2026-08,,0,0,0,0,0.0,0.0,0.0,0,0,sin_switch,0.0235035172367601,0.0235035172367601,0.0311939292978233,V7,0.0
2026-08-01,Primera,0.0134588894648484,0.1993172889237593,0.0929448525167707,0.0,0.0114378125419288,0.005489473079678,0.0,0.1472875625083858,0.0644218116874937,8,1.0,1.0,0.0,8,0,2,6,6,2,1,1.0,0,0,0,0,0.0544125615061565,0.0217700574280667,0.0217700574280667,V7,0,2026-08,,0,0,0,0,0.0,0.0544125615061565,0.0326425040780898,0,0,sin_switch,0.0232389869918229,0.0232389869918229,0.0372005762486637,V13,0.0
2026-08-01,Matutino,0.0134588894648484,0.0718438414523072,0.0775901984165468,0.0,0.0114378125419288,0.005489473079678,0.0,0.1503502647928207,0.0793310742495571,8,1.0,0.6666666666666666,0.0,8,0,3,6,6,3,2,0.25,0,0,0,0,0.0232215637792974,0.0,0.0,V7,0,2026-08,,0,0,0,0,0.0,0.0232215637792974,0.0232215637792974,0,0,sin_switch,0.0213236610254596,0.0237542565753818,0.0317857559607827,V13,0.0
2026-08-01,Vespertino,0.0,0.2318855244235687,0.159392746885369,0.0,0.0114378125419288,0.005489473079678,0.0,0.0229999999999999,0.0120809995163192,8,1.0,0.5,0.0,12,2,2,12,9,3,1,0.0,0,0,0,0,0.0732500720568735,0.0221500139304335,0.0,V7,0,2026-08,,0,0,0,0,0.0,0.0732500720568735,0.0732500720568735,0,0,sin_switch,0.0196241981640054,0.0170647662614752,0.0204301716423764,V7,0.0
2026-08-01,Nocturno,0.0,0.0373761168154862,0.0372110689011169,0.0,0.005,0.0054311693539439,0.0002875625083857,0.0622875625083857,0.0363960726569281,8,1.0,0.4,0.0,8,1,4,8,2,4,2,0.75,0,0,0,0,0.0227801168346377,0.0571221357350995,0.059478362121134,V9,0,2026-08,,0,0,0,0,0.0366982452864963,0.059478362121134,0.0366982452864963,0,1,neutro,0.0172562725827713,0.0292834290986652,0.0197438266190038,V11,0.0
2026-08-03,Primera,0.0,0.0174126595743153,0.0097087046281841,0.0,0.0101557006787506,0.0049752569286751,0.0,0.0620311401357501,0.0303889282991331,4,0.0,0.5,0.0,4,1,1,4,4,1,1,0.0,0,0,0,0,0.0,0.0146152378038302,0.0146152378038302,V7,0,2026-08,,0,0,0,0,0.0146152378038302,0.0146152378038302,0.0146152378038302,0,0,sin_switch,0.0251117015104119,0.0251117015104119,0.0187308157203671,V7,0.0
2026-08-03,Matutino,0.0,0.0162186043243268,0.0096674670013345,0.0037499999999999,0.01,0.0055496853355365,0.0285721073928563,0.0553333333333332,0.0218359295237442,10,0.0,0.6666666666666666,0.2,10,1,2,10,8,2,1,0.0,0,0,0,0,0.0500255331392457,0.0754162653922399,0.0237930107925998,V7,0,2026-08,,0,0,0,0,0.0253907322529942,0.0754162653922399,0.0516232545996401,0,0,sin_switch,0.0249403792405665,0.0272647183705654,0.0114573251648878,V7,0.0
2026-08-03,Vespertino,0.010052577131236,0.0235114665960844,0.0964706577983753,0.0053605369642814,0.0071428571428571,0.0036089893324113,0.0,0.0285721073928564,0.0139974167977002,14,0.0,0.75,0.1428571428571428,14,1,3,14,4,3,1,0.0,0,0,0,0,0.0765116978040925,0.1019323046691284,0.0463243820714476,V7,0,2026-08,,0,0,0,0,0.0254206068650359,0.1019323046691284,0.0556079225976808,0,0,sin_switch,0.0271169173605258,0.0295976179495354,0.0220069080497081,V7,0.0
2026-08-03,Nocturno,0.0,0.1311183593970977,0.053209476724499,0.0,0.00625,0.0052339332943463,0.0,0.065,0.029240066560441,8,0.0,0.8,0.25,12,1,4,12,5,4,1,0.0,0,0,0,0,0.020977661862925,0.0718237090506876,0.024748531469716,V8,0,2026-08,,0,0,0,0,0.0508460471877626,0.0718237090506876,0.0508460471877626,1,0,neutro,0.0176202400519806,0.0226269482326599,0.0085348085935631,V7,0.0
2026-08-04,Previa,0.0,0.0,0.0,0.0,0.0254692121009253,0.0099799011939637,0.0,0.037593842420185,0.017693467750838,6,1.0,1.0,0.0,6,0,1,0,6,1,1,1.0,0,0,0,0,0.0186865999404251,0.0,0.0,V7,0,2026-08,,0,0,0,0,0.0,0.0186865999404251,0.0186865999404251,0,0,sin_switch,0.0296804310782167,0.0296804310782167,0.0355639390525053,V7,0.0
2026-08-04,Primera,0.0,0.0046098126490115,0.0042189420555481,1.1102230246251563e-16,0.0114378125419289,0.0067515672819485,0.0826907024642854,0.1172875625083857,0.0536733801205255,2,1.0,1.0,1.0,8,0,2,6,6,2,1,1.0,0,0,0,0,0.1167500285600844,0.0,0.0,V7,0,2026-08,,0,0,0,0,0.0,0.1167500285600844,0.1167500285600844,0,0,sin_switch,0.0218143683818724,0.0218143683818724,0.0332020995997773,V13,0.0
2026-08-04,Matutino,0.0,0.3124792452651244,0.1229049983729391,0.0114378125419289,0.0184535123214272,0.0057744718702343,0.0145454545454546,0.015,0.0701363483706347,2,1.0,0.6666666666666666,1.0,12,0,3,10,4,3,1,0.6666666666666666,0,0,0,0,0.0244131562419522,0.0,0.0452920339919465,V7,0,2026-08,,0,0,0,0,0.0208788777499943,0.0452920339919465,0.0452920339919465,0,0,sin_switch,0.035793355935575,0.035793355935575,0.0349256388214981,V7,0.0
2026-08-04,Vespertino,0.0162186043243259,0.3978144242524228,0.2174300108848442,0.0114378125419288,0.0184535123214271,0.0074232146066518,0.0233333333333333,0.0558333333333332,0.0303891427980454,2,1.0,0.5,1.0,18,0,4,16,6,4,1,0.4444444444444444,0,0,0,0,0.0464029475351623,0.0228211726803483,0.0467810051558464,V7,0,2026-08,,0,0,0,0,0.000378057620684,0.0467810051558464,0.0239598324754981,0,0,sin_switch,0.0277422730308222,0.0303449455701576,0.0320283902459621,V7,0.0
2026-08-04,Nocturno,0.0162186043243259,0.5965622044755134,0.3097246175864826,0.0114378125419288,0.0184535123214271,0.0074232146066518,0.0,0.024,0.0101079246712773,2,1.0,0.4,1.0,8,2,3,8,6,4,2,0.0,0,0,0,0,0.0255022730752418,0.0503908631533945,0.0,V7,0,2026-08,,0,0,0,0,0.0248885900781526,0.0503908631533945,0.0503908631533945,0,0,sin_switch,0.0282222974062608,0.0309370303748335,0.0310398890792436,V7,0.0
2026-08-05,Previa,0.0,0.0204330249506403,0.0139754129012508,0.0,0.0,0.0,0.0,0.0,0.0,4,1.0,1.0,0.0,4,0,1,0,4,1,1,1.0,0,0,1,1,0.0,0.0203389265444615,0.0203389265444615,V7,0,2026-08,,0,0,0,0,0.0203389265444615,0.0203389265444615,0.0203389265444615,0,0,sin_switch,0.0525936044694106,0.0531714256609158,0.029701587779647,V7,0.0
2026-08-05,Primera,0.0,0.0162186043243259,0.0062823078205579,0.0,0.0,1.1102230246251563e-16,0.0328578216785707,0.055,0.0376093878191757,1,1.0,1.0,1.0,8,0,2,6,6,2,1,0.75,0,0,0,0,0.0286376722900983,0.0,0.0253433607856131,V7,0,2026-08,,0,0,0,0,0.0,0.0286376722900983,0.0286376722900983,0,0,sin_switch,0.0378422495286117,0.0378422495286117,0.0347666277164813,V7,0.0
2026-08-05,Matutino,0.0,0.0,0.0358435410768066,0.0,0.0,0.0033191246570706,0.0,0.025,0.0193910348005329,1,1.0,0.6666666666666666,1.0,6,0,3,5,4,3,1,0.3333333333333333,0,0,0,0,0.0260666007359995,0.0251678409727783,0.0382613628013942,V7,0,2026-08,,0,0,0,0,0.0121947620653947,0.0382613628013942,0.0130935218286159,0,0,sin_switch,0.0453632024887271,0.0402875118710741,0.0278021365077783,V7,0.0
2026-08-05,Vespertino,0.1073297563526107,0.2347858053178244,0.081047853772853,0.0,0.0,0.0033191246570706,0.0,0.0307142857142856,0.0178186378877023,1,1.0,0.5,1.0,7,0,4,6,3,4,1,0.2857142857142857,0,0,0,0,0.025536941690501,0.029393155609571,0.0527718191975022,V7,0,2026-08,,0,0,0,0,0.0272348775070012,0.0527718191975022,0.0272348775070012,0,0,sin_switch,0.0328995315246406,0.0302167046094427,0.0305723906765296,V7,0.0
2026-08-05,Nocturno,0.0,0.0093519210547663,0.0076356619756657,0.0,0.01,0.0058012789799591,0.0,0.0475006788214278,0.0240749820664353,5,0.8,0.8,0.0,12,0,5,8,2,5,2,0.5,0,0,0,0,0.022102668295449,0.0231417048683426,0.0683449291148192,V9,0,2026-08,,0,0,0,0,0.0462422608193701,0.0683449291148192,0.0462422608193701,0,1,neutro,0.0216186587418407,0.0317853171222366,0.0227724379941792,V11,0.0
2026-08-06,Previa,0.0,0.011507282898072,0.0072336694449561,0.0,0.0,0.0052371901428582,0.0,0.0,0.0140474380285716,3,1.0,1.0,0.0,3,0,1,0,3,1,1,1.0,0,0,0,0,0.0,0.0,0.0,V7,0,2026-08,,0,0,0,0,0.0,0.0,0.0,0,0,sin_switch,0.0341503143774785,0.0359886267734844,0.0290099891027259,V7,0.0
2026-08-06,Primera,0.0,0.0248165226403811,0.0116458340786787,0.0028135114221747,0.0070156997794982,0.0036189786091246,0.1230627022844348,0.185093842420185,0.0576406121365202,6,1.0,1.0,0.0,6,0,2,4,4,2,1,1.0,0,0,0,0,0.1021803205141867,0.0266999059903013,0.0266999059903013,V7,0,2026-08,,0,0,0,0,0.0,0.1021803205141867,0.0754804145238854,0,0,sin_switch,0.0165842826423504,0.0165842826423504,0.0326104463139501,V13,0.0
2026-08-06,Matutino,0.0990480344958637,0.0990480344958637,0.0331845024019161,0.0,0.0042021883573234,0.0034725907777192,0.2078502647928206,0.2103502647928207,0.0706057240832409,4,1.0,0.6666666666666666,0.25,12,0,3,10,6,3,1,0.5,0,0,1,0,0.0878676193097565,0.0243004920815283,0.0243004920815283,V7,0,2026-08,,0,0,0,0,0.0,0.0878676193097565,0.0635671272282282,0,0,sin_switch,0.0267593386599726,0.0267593386599726,0.0310834453886068,V7,0.0
2026-08-06,Vespertino,0.0,0.0801840750918794,0.0653608304348583,0.0,0.0059890340120838,0.0077746572047723,0.0,0.0371497352071793,0.0158370708159369,4,1.0,0.5,0.25,4,0,4,3,2,4,2,0.5,0,0,0,0,0.020747366292835,0.0457192816824769,0.0444976429403176,V7,0,2026-08,,0,0,0,0,0.0249719153896419,0.0457192816824769,0.0249719153896419,0,0,sin_switch,0.0303866348937499,0.0328202133500036,0.0191814514735484,V7,0.0
2026-08-06,Nocturno,0.0,0.6623763694868785,0.2784410448385263,0.0,0.0059890340120838,0.0077746572047723,0.0,0.018286393107142,0.0341772106084605,4,1.0,0.4,0.25,10,1,4,10,8,4,2,0.2,0,0,0,0,0.0257090605287118,0.0484694767395545,0.0227659477565161,V7,0,2026-08,,0,0,0,0,0.0227604162108427,0.0484694767395545,0.0257035289830383,0,0,sin_switch,0.029258298787671,0.0319037638435765,0.0256682719294701,V7,0.0
2026-08-07,Previa,0.0,0.011507282898072,0.0639759220395227,0.0,0.0,0.0049752569286751,0.0,0.0,0.0169167347138256,4,1.0,1.0,0.0,4,0,1,0,4,1,1,1.0,0,0,0,0,0.0,0.0,0.0,V7,0,2026-08,,0,0,0,0,0.0,0.0,0.0,0,0,sin_switch,0.031423742430288,0.0333332420539929,0.0301875577774434,V7,0.0
2026-08-07,Primera,0.0,0.011507282898072,0.0808364170495283,0.0052288541247378,0.0105893910890192,0.0035240931429304,0.0,0.035,0.0350753077917,6,1.0,1.0,0.3333333333333333,12,0,2,9,9,2,1,0.8333333333333334,0,0,0,0,0.0255996803373236,0.0523569342121679,0.0255996803373236,V7,0,2026-08,,0,0,0,0,0.0267572538748443,0.0523569342121679,0.0267572538748443,0,0,sin_switch,0.0398163844053614,0.0398163844053614,0.034641504372928,V7,0.0
2026-08-07,Matutino,0.0,0.0276881314754557,0.0109599628859699,0.0052288541247378,0.0083333333333334,0.0033631078395377,0.0,0.0433333333333333,0.025805797510028,6,1.0,0.6666666666666666,0.3333333333333333,6,0,3,3,1,3,1,0.8333333333333334,0,0,0,0,0.0231068701379161,0.0502975735955462,0.09437523516407,V9,0,2026-08,,0,0,0,0,0.0712683650261539,0.09437523516407,0.0712683650261539,0,1,neutro,0.028909932768945,0.0337219519982499,0.027235522697525,V7,0.0
2026-08-07,Vespertino,0.0,0.0061660271930907,0.005871232298303,0.0,0.0260680344642899,0.0319467076448652,0.0,0.1295244883452372,0.0750095498865349,7,0.8571428571428571,1.0,0.0,9,0,4,7,4,4,2,0.5555555555555556,0,0,0,0,0.0246178391010731,0.0335984960224029,0.0335984960224029,V7,0,2026-08,,0,0,0,0,0.0089806569213297,0.0335984960224029,0.0089806569213297,0,0,sin_switch,0.0190064258051438,0.0215762874316561,0.0298654832217545,V13,0.0
2026-08-07,Nocturno,0.0,0.0,0.0235082815902082,0.0,0.0260680344642899,0.017630155103771,0.0,0.0540909090909091,0.0329544370913564,7,0.8571428571428571,0.8,0.0,11,0,5,8,4,3,1,0.6363636363636364,0,0,0,0,0.0,0.0225129485686916,0.0448648094535227,V9,0,2026-08,,0,0,0,0,0.0448648094535227,0.0448648094535227,0.0448648094535227,0,1,neutro,0.0161442204702338,0.0272712531981264,0.0214582924160267,V11,0.0
2026-08-08,Previa,0.0,0.0,0.0,0.0,0.0,0.0,0.0,0.0,0.0,2,1.0,1.0,0.0,2,0,1,0,2,1,1,1.0,0,0,0,0,0.0,0.0285689383382655,0.0285689383382655,V7,0,2026-08,,0,0,0,0,0.0285689383382655,0.0285689383382655,0.0285689383382655,0,0,sin_switch,0.0336719595009207,0.0341174609152989,0.0190567186059184,V7,0.0
2026-08-08,Primera,0.468036141888966,0.4904207734063828,0.1477214298502559,0.0052288541247377,0.0166666666666667,0.0074639529943314,0.0899999999999999,0.0927124374916141,0.0285878953103293,6,1.0,1.0,0.3333333333333333,6,0,2,4,4,2,1,1.0,0,0,0,0,0.0928358474374438,0.0503170736293272,0.0217303317960195,V7,0,2026-08,,0,0,0,0,0.0,0.0928358474374438,0.0711055156414243,0,0,sin_switch,0.0227277761667412,0.0227277761667412,0.0406807848749635,V13,0.0
2026-08-08,Matutino,0.0,0.3487716912652461,0.1395086765060984,0.0052288541247377,0.0236823664461649,0.0082725471822042,0.0683333333333334,0.0683333333333334,0.0226949133307898,6,1.0,0.6666666666666666,0.3333333333333333,8,0,3,6,2,3,1,0.75,0,0,0,0,0.1208474002529115,0.0468323051226317,0.0230301398308168,V7,0,2026-08,,0,0,0,0,0.0,0.1208474002529115,0.0978172604220947,0,0,sin_switch,0.0145995052974865,0.0145995052974865,0.0292576827869634,V13,0.0
2026-08-08,Vespertino,0.0,0.0162186043243259,0.0228221517313991,0.0166666666666667,0.0236823664461649,0.0092163957844801,0.0,0.0764043093571433,0.0338801593557388,6,1.0,0.5,0.3333333333333333,7,0,4,6,5,4,2,0.2857142857142857,0,0,0,0,0.0,0.0224056774153439,0.0220857286052373,V7,0,2026-08,,0,0,0,0,0.0224056774153439,0.0224056774153439,0.0224056774153439,0,0,sin_switch,0.0267204269229004,0.0320077813444236,0.0307656734407337,V7,0.0
2026-08-08,Nocturno,0.0134588894648484,0.1488384025328031,0.0919498550180833,0.0236823664461649,0.0236823664461649,0.0114156946626567,0.0,0.0249031399558996,0.0271459891493942,6,1.0,0.4,0.3333333333333333,6,0,5,5,3,5,2,0.1666666666666666,0,0,0,0,0.0236765653914776,0.0240095806480333,0.0481353602001171,V7,0,2026-08,,0,0,0,0,0.0244587948086394,0.0481353602001171,0.0244587948086394,0,0,sin_switch,0.0352299933946516,0.0383080075924886,0.0321668169875856,V7,0.0
2026-08-10,Primera,0.0,0.0,0.0,0.0,0.0,0.0,0.0,0.0,5.551115123125783e-17,2,0.0,0.5,0.0,2,1,1,2,2,1,1,0.0,0,0,0,0,0.0,0.0130689037433996,0.0130689037433996,V7,0,2026-08,,0,0,0,0,0.0130689037433996,0.0130689037433996,0.0130689037433996,0,0,sin_switch,0.0317568711520013,0.0335671443579006,0.0187484311240045,V7,0.0
2026-08-10,Matutino,0.0,0.1581553420687012,0.0666930443929116,0.0,0.0,0.0018607959727073,0.0285721073928563,0.0553333333333332,0.0185601816351508,9,0.0,0.6666666666666666,0.0,8,1,2,8,6,2,1,0.0,0,0,0,0,0.0,0.0478117147415068,0.025870117499967,V8,0,2026-08,,0,0,0,0,0.0478117147415068,0.0478117147415068,0.0478117147415068,1,0,neutro,0.020925909820816,0.0251409263873587,0.0105650574858189,V7,0.0
2026-08-10,Vespertino,0.0,0.0097311496033336,0.0070443924944924,0.0,0.0265464876785729,0.0141119503084878,0.0,0.0419999999999999,0.0167999999999999,5,0.0,0.75,0.4,12,2,2,12,10,2,1,0.0,0,0,0,0,0.054182565210436,0.0518734582879431,0.0,V7,0,2026-08,,0,0,0,0,0.0,0.054182565210436,0.054182565210436,0,0,sin_switch,0.0197275581090151,0.0197637683094147,0.0159257558463728,V7,0.0
2026-08-10,Nocturno,0.0134588894648484,0.3764627732855139,0.1896290926681565,0.0013531552444919,0.0036092130001778,0.0058865051598601,0.0,0.0639031399558996,0.0335074284769246,4,0.0,0.8,0.5,6,1,4,6,4,3,2,0.0,0,0,0,0,0.0,0.0,0.0281610953487371,V7,0,2026-08,,0,0,0,0,0.0281610953487371,0.0281610953487371,0.0281610953487371,0,0,sin_switch,0.0315837862676241,0.0348921084645563,0.0214990826455574,V7,0.0
2026-08-11,Previa,0.0,0.0089257420525683,0.0078077525535329,0.0,0.0101557006787506,0.0073869986255844,0.0,0.03453114013575,0.0220256502206202,4,1.0,1.0,0.0,4,0,1,0,4,1,1,1.0,0,0,0,0,0.0,0.0,0.0,V7,0,2026-08,,0,0,0,0,0.0,0.0,0.0,0,0,sin_switch,0.0247247552582026,0.0262235252528579,0.0268481560865258,V7,0.0
2026-08-11,Primera,0.0,0.2577085178187301,0.1624186286167082,0.0,0.0017868456547603,0.0027034452494448,0.0,0.0463404376714646,0.0206324949580179,1,1.0,1.0,1.0,4,0,2,3,3,2,1,1.0,0,0,0,0,0.0212414866927788,0.0426920047063183,0.0475100237395736,V7,0,2026-08,,0,0,0,0,0.0262685370467948,0.0475100237395736,0.0262685370467948,0,0,sin_switch,0.0371635816105151,0.0368089564983762,0.0367841067671798,V7,0.0
2026-08-11,Matutino,0.0,0.4805192208714306,0.241610546916936,0.0,0.0017868456547603,0.0031702157023107,0.0,0.0359999999999999,0.0154131484064891,1,1.0,0.6666666666666666,1.0,5,0,3,4,2,3,1,0.6,0,0,0,0,0.0231952589614431,0.0506850867055377,0.0271941092247369,V7,0,2026-08,,0,0,0,0,0.0274898277440946,0.0506850867055377,0.0274898277440946,0,0,sin_switch,0.0303779124836897,0.0279032972373705,0.0292721926404538,V7,0.0
2026-08-11,Vespertino,0.0162186043243259,0.0533321637698014,0.0274615299799507,0.0,0.0417868456547603,0.0180274190503699,0.0,0.1025,0.0465875099994232,5,0.8,1.0,0.0,6,0,4,5,4,4,2,0.3333333333333333,0,0,0,0,0.0260005475744324,0.0620015629883465,0.0395692912636692,V8,0,2026-08,,0,0,0,0,0.036001015413914,0.0620015629883465,0.036001015413914,1,0,neutro,0.0168815042400604,0.0206212653157459,0.019591651954506,V7,0.0
2026-08-11,Nocturno,0.0,0.0901242457625217,0.0613410058432881,0.0,0.0117868456547604,0.0063862868792275,0.0,0.0266666666666667,0.0505071275063005,5,0.8,0.8,0.0,9,0,5,8,6,5,1,0.2222222222222222,0,0,0,0,0.0243967584556895,0.0,0.0243967584556895,V7,0,2026-08,,0,0,0,0,0.0,0.0243967584556895,0.0243967584556895,0,0,sin_switch,0.0201511160531549,0.0228134233003662,0.0269733986192911,V7,0.0
2026-08-12,Previa,0.0,0.0,0.0,0.0,0.0101557006787506,0.0073869986255844,0.0,0.03453114013575,0.0220256502206202,4,1.0,1.0,0.0,4,0,1,0,4,1,1,1.0,0,0,0,0,0.0,0.0,0.0,V7,0,2026-08,,0,0,0,0,0.0,0.0,0.0,0,0,sin_switch,0.0245769074430024,0.0260636468805548,0.0263714322519918,V7,0.0
2026-08-12,Primera,0.0,0.19474924667756,0.1180510661914966,0.0,0.0071428571428571,0.0070053363277302,0.0,0.0527124374916141,0.0292144534983691,7,1.0,1.0,0.1428571428571428,6,0,2,4,4,2,1,1.0,0,0,0,0,0.0672274428207063,0.0492907395809573,0.0219493751879759,V7,0,2026-08,,0,0,0,0,0.0,0.0672274428207063,0.0452780676327304,0,0,sin_switch,0.0282959146895873,0.0282959146895873,0.0383645361740073,V13,0.0
2026-08-12,Matutino,0.0,0.1247594025098726,0.0486887912330153,0.0,0.0263153708157426,0.0118822258680963,0.0,0.0460714285714286,0.0220004751317985,7,0.8571428571428571,1.0,0.1428571428571428,7,0,3,5,4,3,1,0.4285714285714285,0,0,0,0,0.0505950115449355,0.0743643889965337,0.0814744332444923,V9,0,2026-08,,0,0,0,0,0.0308794216995568,0.0814744332444923,0.0308794216995568,0,1,neutro,0.024510381648309,0.02796295844166,0.0306266817900481,V7,0.0
2026-08-12,Vespertino,0.0,0.0137396452495943,0.0062243704115721,0.0,0.0071428571428571,0.0071810044254475,0.0,0.0522875625083858,0.0387096794885573,7,1.0,0.5,0.1428571428571428,8,0,4,7,7,3,2,0.125,0,0,0,0,0.0246772778603815,0.0444540156841144,0.0469306752759834,V7,0,2026-08,,0,0,0,0,0.0222533974156019,0.0469306752759834,0.0222533974156019,0,0,sin_switch,0.0255039215083618,0.0307382969350471,0.0197556579100049,V7,0.0
2026-08-12,Nocturno,0.0,0.0727010283357003,0.0501813695882957,0.0,0.0114285714285714,0.0068314018003397,0.0,0.0033333333333334,0.0121723730910068,7,1.0,0.4,0.0,9,0,5,8,5,4,1,0.1111111111111111,0,0,0,0,0.0,0.0439323261720831,0.0804955711178165,V9,0,2026-08,,0,0,0,0,0.0804955711178165,0.0804955711178165,0.0804955711178165,0,1,neutro,0.0200808977379926,0.0252677846982635,0.0225184736519744,V7,0.0
2026-08-13,Previa,0.0,0.0,0.0217774967907648,0.0,0.0,0.0,0.0,0.0,0.0,2,1.0,1.0,0.0,2,0,1,0,2,1,1,1.0,0,0,0,0,0.0,0.0423236972577463,0.0423236972577463,V8,0,2026-08,,0,0,0,0,0.0423236972577463,0.0423236972577463,0.0423236972577463,1,0,neutro,0.0362900726420068,0.0413537970660439,0.0258589470791174,V7,0.0
2026-08-13,Primera,0.0,0.1874680840655989,0.09843751971749,0.0,0.0192513239641036,0.0090628464723177,0.0,0.0738461538461539,0.0331784544381945,10,1.0,1.0,0.1,10,1,1,10,10,2,2,1.0,0,0,0,0,0.1074465729725535,0.0699436766653088,0.0230884225225258,V7,0,2026-08,,0,0,0,0,0.0,0.1074465729725535,0.0843581504500277,0,0,sin_switch,0.0223841794932606,0.0223841794932606,0.0307833856819104,V7,0.0
2026-08-13,Matutino,0.0134588894648484,0.0786839556739478,0.0358780696425467,0.0,0.0192513239641036,0.0090628464723177,0.0,0.0665000000000001,0.0366569412176833,10,1.0,0.6666666666666666,0.1,10,1,2,10,3,3,1,0.2,0,0,0,0,0.0304962403305067,0.0304962403305067,0.0218062732422276,V7,0,2026-08,,0,0,0,0,0.0,0.0304962403305067,0.0086899670882791,0,0,sin_switch,0.0225879587215066,0.0225879587215066,0.0248780026880226,V7,0.0
2026-08-13,Vespertino,0.0,0.1403869624543032,0.0794220470833999,0.0,0.0329843002205016,0.0146560234383214,0.0,0.005,0.0418131752238016,5,0.8,1.0,0.0,6,0,4,4,2,4,2,0.6666666666666666,0,0,0,0,0.0275149649035306,0.0546350917757596,0.046186518922987,V7,0,2026-08,,0,0,0,0,0.027120126872229,0.0546350917757596,0.027120126872229,0,0,sin_switch,0.0245301087467183,0.0295747910234184,0.0219918194945867,V7,0.0
2026-08-13,Nocturno,0.0,0.0115072828980711,0.0068832242348046,0.0,0.0253490331128315,0.0126478037773968,0.0,0.0133181818181817,0.0222954535808726,6,0.8333333333333334,0.8,0.0,11,1,4,11,1,5,2,0.1818181818181818,0,1,0,0,0.0467313849204014,0.0523616525228254,0.0251421480050138,V7,1,2026-08,,0,1,1,0,0.005630267602424,0.0523616525228254,0.0272195045178116,0,0,sin_switch,0.0218371695926364,0.0218371695926364,0.0139352442679628,V7,1.0
2026-08-14,Previa,0.0,0.0,8.881784197001252e-16,0.0,0.0,0.0049752569286751,0.0,0.0,0.0169167347138256,4,1.0,1.0,0.0,4,0,1,0,4,1,1,1.0,0,0,0,0,0.0168487793685081,0.0,0.0,V7,0,2026-08,,0,0,0,0,0.0,0.0168487793685081,0.0168487793685081,0,0,sin_switch,0.0482941238009399,0.0500299646026356,0.0346997356014063,V7,0.0
2026-08-14,Primera,0.0,0.0072928622717576,0.002917144908703,0.0,0.0295646234325381,0.012453073615193,0.0035000000000001,0.0332875625083859,0.0420204224253032,9,1.0,1.0,0.2222222222222222,10,0,2,6,6,2,1,0.8,0,0,0,0,0.0475121568296311,0.0712835720624332,0.0477829039589603,V7,0,2026-08,,0,0,0,0,0.0237714152328021,0.0712835720624332,0.0237714152328021,0,0,sin_switch,0.0301026474001661,0.0301026474001661,0.0316335772930216,V7,0.0
2026-08-14,Matutino,0.0,0.2987514554451946,0.1521037514919565,0.0,0.0295646234325381,0.0119441296498302,0.0,0.070153846153846,0.0642313432048647,9,1.0,0.6666666666666666,0.2222222222222222,13,0,3,9,6,3,1,0.3846153846153846,0,0,0,0,0.0458046395472347,0.0234558029935493,0.0,V7,0,2026-08,,0,0,0,0,0.0,0.0458046395472347,0.0458046395472347,0,0,sin_switch,0.0223686218289483,0.0223686218289483,0.0308360068266853,V7,0.0
2026-08-14,Vespertino,0.4560935676327453,0.4560935676327453,0.1405716766613696,0.0,0.0236145052182497,0.0124816299498645,0.0335714285714285,0.1935714285714286,0.0760690880004946,9,1.0,0.5,0.2222222222222222,14,0,4,10,4,4,2,0.5714285714285714,0,0,0,0,0.0714439606355118,0.0264495661779807,0.0267750739887718,V7,0,2026-08,,0,0,0,0,0.0,0.0714439606355118,0.044994394457531,0,0,sin_switch,0.0297203969715456,0.0297203969715456,0.0389021277012575,V7,0.0
2026-08-14,Nocturno,0.0,0.1071343396615187,0.0671277616701385,0.0,0.0313514690872985,0.0137854165784333,0.0,0.0245,0.0144278195473311,9,1.0,0.4,0.2222222222222222,8,1,4,8,3,5,1,0.375,0,0,0,0,0.0226866328837822,0.0723089226991418,0.0310295932295789,V8,0,2026-08,,0,0,0,0,0.0496222898153596,0.0723089226991418,0.0496222898153596,1,0,neutro,0.0190695292061103,0.0216190092101846,0.0152000263270729,V7,0.0
2026-08-15,Previa,0.0,0.011507282898072,0.0046029131592288,0.0,0.0,1.1102230246251563e-16,0.0,0.0,0.0,3,1.0,1.0,0.0,3,0,1,0,3,1,1,1.0,0,0,0,0,0.0,0.0270383099068277,0.0270383099068277,V7,0,2026-08,,0,0,0,0,0.0270383099068277,0.0270383099068277,0.0270383099068277,0,0,sin_switch,0.0507396218477303,0.0512806289976264,0.0241243697079787,V7,0.0
2026-08-15,Primera,0.0,0.0,0.0016713561480189,0.0036092130001778,0.0067021883573235,0.0043759337421444,0.0,0.0345968600441003,0.0145715413607539,4,1.0,1.0,0.5,5,0,2,4,4,2,1,0.8,0,0,0,0,0.024075410735208,0.024075410735208,0.0474352687030859,V7,0,2026-08,,1,0,0,1,0.0233598579678778,0.0474352687030859,0.0233598579678778,0,0,sin_switch,0.045951634929095,0.0434844067998081,0.0346964407853695,V7,0.0
2026-08-15,Matutino,0.0,0.0,0.009926318244731,0.0036092130001778,0.0067021883573235,0.0043759337421444,0.0,0.1064210145428214,0.0486505158402117,4,1.0,0.6666666666666666,0.5,7,0,3,6,6,3,2,0.1428571428571428,0,0,0,0,0.0257369676732592,0.0,0.0229376712798053,V7,0,2026-08,,0,0,0,0,0.0,0.0257369676732592,0.0257369676732592,0,0,sin_switch,0.0212379341128319,0.0212379341128319,0.0329180121788648,V13,0.0
2026-08-15,Vespertino,0.0,0.1107201343275852,0.0524056027737395,0.0,0.0522560577556857,0.0221443490425751,0.0,0.0253502647928206,0.0137273892066022,6,0.8333333333333334,1.0,0.0,8,1,3,8,4,4,1,0.25,0,0,0,0,0.0221144743177299,0.0,0.0285119527574987,V7,0,2026-08,,0,0,0,0,0.0063974784397687,0.0285119527574987,0.0285119527574987,0,0,sin_switch,0.0253989084141426,0.0279633208006091,0.0302078234758371,V7,0.0
2026-08-15,Nocturno,0.0,0.0162186043243259,0.0707787401260065,0.0,0.0222560577556858,0.0111367308838593,0.0,0.0420471665000005,0.028953522258463,6,0.8333333333333334,0.8,0.0,7,1,4,7,3,5,2,0.4285714285714285,0,0,0,0,0.0236599235028586,0.0532919173649747,0.024776262767784,V7,0,2026-08,,0,0,0,0,0.029631993862116,0.0532919173649747,0.029631993862116,0,0,sin_switch,0.0194137654124654,0.02721011863189,0.013993613001487,V7,0.0
2026-08-17,Primera,0.12760878509527,0.12760878509527,0.0407744139486055,0.0,0.0153135114221747,0.0098826161939942,0.0,0.0580627022844348,0.0447329392076372,6,0.0,0.5,0.0,6,1,1,6,6,1,1,0.0,0,0,0,0,0.0213947984643023,0.0189860706218077,0.0189860706218077,V7,0,2026-08,,0,0,0,0,0.0,0.0213947984643023,0.0024087278424946,0,0,sin_switch,0.0171212447426532,0.0171212447426532,0.0201361123790901,V7,0.0
2026-08-17,Matutino,0.4803681962751467,0.5230130078465418,0.1549763069626296,0.0,0.0006944444444444,0.0020907392811163,0.0,0.0,0.0085716322178568,8,0.0,0.6666666666666666,0.125,12,1,2,12,10,2,1,0.0,0,0,0,0,0.0697337770795169,0.1147345107541543,0.0459127624252487,V8,0,2026-08,,0,0,0,0,0.0450007336746374,0.1147345107541543,0.0688217483289056,1,0,neutro,0.0246781159691299,0.0240224934560094,0.0245465196007717,V7,0.0
2026-08-17,Vespertino,0.0,0.0,0.0170947958153777,0.0,0.008080808080808,0.0031742936521022,0.0,0.0327124374916142,0.0159738609354359,11,0.0,0.75,0.2727272727272727,6,1,3,6,4,3,2,0.0,0,0,0,0,0.0,0.0271218639176579,0.0271218639176579,V7,0,2026-08,,0,0,0,0,0.0271218639176579,0.0271218639176579,0.0271218639176579,0,0,sin_switch,0.0198563056812918,0.023109880203333,0.0162107081995258,V7,0.0
2026-08-17,Nocturno,0.0,0.0841009305787663,0.050550400943687,0.0,0.0052288541247377,0.0075598064512207,0.0647875625083858,0.0647875625083858,0.0248952061530524,6,0.0,0.8,0.3333333333333333,8,2,3,8,4,4,1,0.0,0,0,0,0,0.0231351919650049,0.0255483870926259,0.0255483870926259,V7,0,2026-08,,0,0,0,0,0.002413195127621,0.0255483870926259,0.002413195127621,0,0,sin_switch,0.0270289995787141,0.0296895653098698,0.0109165278451095,V7,0.0
2026-08-18,Previa,0.0,0.0277258872223979,0.0518396518492166,0.0070156997794982,0.0153135114221747,0.006542385308614,0.0014031399558996,0.0030627022844349,0.0106209683893311,6,1.0,1.0,0.0,6,0,1,0,6,1,1,1.0,0,0,0,0,0.0450870476192017,0.0,0.0,V7,0,2026-08,,0,0,0,0,0.0,0.0450870476192017,0.0450870476192017,0,0,sin_switch,0.0378765713787064,0.0378765713787064,0.0445958747352793,V7,0.0
2026-08-18,Primera,0.0,0.0204330249506403,0.082169996627353,0.0125,0.0125,0.0050214304111559,0.0,0.0849999999999999,0.0329275373612614,4,1.0,1.0,0.5,4,0,2,3,3,2,1,1.0,0,0,0,1,0.0465500986099295,0.0227150095490453,0.0227150095490453,V7,0,2026-08,,0,0,0,0,0.0,0.0465500986099295,0.0238350890608842,0,0,sin_switch,0.0355535254171484,0.0355535254171484,0.041416830053875,V7,0.0
2026-08-18,Matutino,0.0,0.0718438414523072,0.0663399168164857,0.0,0.0042021883573234,0.0021892930397951,0.0,0.0458340121547611,0.0245344444415353,4,1.0,0.6666666666666666,0.25,9,1,2,9,5,3,1,0.4444444444444444,0,0,0,0,0.0268659699654313,0.0268659699654313,0.0222873126744993,V7,0,2026-08,,0,0,0,0,0.0,0.0268659699654313,0.004578657290932,0,0,sin_switch,0.0247828800779306,0.0247828800779306,0.0249357433545761,V7,0.0
2026-08-18,Vespertino,0.0786839556739478,0.0949025599982738,0.0281265719183458,0.0,0.0357978116426764,0.0151970580199853,0.0,0.0548092975357145,0.0244806973633624,5,0.8,1.0,0.0,5,0,4,4,1,4,2,0.8,0,0,0,0,0.0326588539736754,0.0726647207611004,0.06830293334459,V8,0,2026-08,,0,0,0,0,0.0400058667874249,0.0726647207611004,0.0400058667874249,1,0,neutro,0.0200866124419433,0.0260404015538777,0.0192640432851863,V7,0.0
2026-08-18,Nocturno,0.0,0.1237824505008422,0.0621430853478831,0.0,0.01,0.0085772714627519,0.0,0.0449031399558996,0.0262097568885587,5,0.8,0.8,0.0,6,1,4,6,4,4,2,0.3333333333333333,0,0,0,0,0.0493544627332088,0.052952191331417,0.0494463936977924,V7,0,2026-08,,0,0,0,0,0.0035977285982081,0.052952191331417,0.0035977285982081,0,0,sin_switch,0.0267920389102842,0.0267920389102842,0.0266318488803416,V7,0.0
2026-08-19,Previa,0.0,0.0,0.0,0.0,0.0,0.0,0.0,0.0,0.0,2,1.0,1.0,0.0,2,0,1,0,2,1,1,1.0,0,0,0,0,0.0,0.0285689383382655,0.0285689383382655,V7,0,2026-08,,0,0,0,0,0.0285689383382655,0.0285689383382655,0.0285689383382655,0,0,sin_switch,0.0336719595009207,0.0341174609152989,0.0190567186059184,V7,0.0
2026-08-19,Primera,0.0,0.0204330249506403,0.154865975277941,0.0031044792085956,0.0031044792085956,0.0052077518161062,0.0,0.0274999999999999,0.0448635465241385,2,1.0,1.0,1.0,6,0,2,5,5,2,1,1.0,0,0,0,0,0.0203180681751237,0.0203180681751237,0.0441631492545711,V7,0,2026-08,,0,0,0,0,0.0238450810794474,0.0441631492545711,0.0238450810794474,0,0,sin_switch,0.0439433961768253,0.0413671674674796,0.0408113888496874,V7,0.0
2026-08-19,Matutino,0.0,0.4126368946169902,0.2006012919230931,0.0031044792085956,0.0031044792085956,0.0052077518161062,0.0,0.1086666666666666,0.051148541849532,2,1.0,0.6666666666666666,1.0,9,0,3,8,4,3,1,0.1111111111111111,0,0,0,0,0.0224549666473394,0.0,0.0242191255251102,V7,0,2026-08,,0,0,0,0,0.0017641588777707,0.0242191255251102,0.0242191255251102,0,0,sin_switch,0.0307398586974803,0.0307398586974803,0.0318867226329526,V7,0.0
2026-08-19,Vespertino,0.0,0.0836958593523196,0.0461639358105645,0.0031044792085955,0.0031044792085955,0.0052077518161062,0.0,0.029,0.0279422477457215,2,1.0,0.5,1.0,10,1,3,10,6,4,1,0.2,0,0,0,0,0.0478264727545475,0.0479242129185703,0.0475997399838181,V7,0,2026-08,,0,0,0,0,9.774016402279428e-05,0.0479242129185703,0.0003244729347521,0,0,sin_switch,0.0318403860152838,0.0318403860152838,0.0274705044066018,V7,0.0
2026-08-19,Nocturno,0.0,0.011507282898072,0.2017462319259755,0.0,0.0083333333333333,0.0050670793011679,0.0,0.0242875625083857,0.0128621357285414,6,1.0,0.4,0.1666666666666666,10,0,5,9,1,5,2,0.1,0,0,0,0,0.0227656765729345,0.0476554973516453,0.0707227732563139,V9,0,2026-08,,0,0,0,0,0.0479570966833794,0.0707227732563139,0.0479570966833794,0,1,neutro,0.0189304156185945,0.0284627224347967,0.0224225887008418,V7,0.0
2026-08-20,Previa,0.0,0.1406302770845107,0.0673191978333672,0.0,0.0,0.0061254045688698,0.0,0.0,0.0012250809137739,6,1.0,1.0,0.0,6,0,1,0,6,1,1,1.0,0,0,0,0,0.0332636762207023,0.0,0.0,V7,0,2026-08,,0,0,0,0,0.0,0.0332636762207023,0.0332636762207023,0,0,sin_switch,0.039928358738762,0.0418805018747677,0.0397212256256351,V7,0.0
2026-08-20,Primera,0.0,0.0277258872223979,0.0837215991852564,0.0,0.0062499999999999,0.0077337058008502,0.055,0.0866666666666666,0.0415535825593656,8,1.0,1.0,0.125,8,0,2,6,6,2,1,0.75,0,0,0,0,0.0777638585888857,0.0486564563222337,0.0231013776292754,V7,0,2026-08,,0,0,0,0,0.0,0.0777638585888857,0.0546624809596102,0,0,sin_switch,0.023965305913617,0.023965305913617,0.0324378573920095,V7,0.0
2026-08-20,Matutino,0.3964182902926643,0.4236563589840925,0.1265826241748509,0.0,0.0062499999999999,0.0077337058008502,0.0,0.0285721073928563,0.0262961449915405,8,1.0,0.6666666666666666,0.125,9,1,2,9,6,2,1,0.0,0,0,0,0,0.0235462085908697,0.0253778888673537,0.0220412438409453,V7,0,2026-08,,0,0,0,0,0.001831680276484,0.0253778888673537,0.0033366450264083,0,0,sin_switch,0.031003962443726,0.031003962443726,0.0383966888214315,V7,0.0
2026-08-20,Vespertino,0.0,0.0277258872223979,0.0112941840034184,0.0,0.0451132006128286,0.0203346321319003,0.02,0.02,0.0263742232672791,6,0.8333333333333334,1.0,0.0,12,1,3,12,6,4,2,0.5,0,0,0,0,0.0256346537901689,0.0235864283452946,0.0479232973537886,V7,0,2026-08,,0,0,0,0,0.0222886435636197,0.0479232973537886,0.0243368690084939,0,0,sin_switch,0.0178068737240311,0.0203235772564329,0.0241013897620651,V7,0.0
2026-08-20,Nocturno,0.0,0.0162186043243259,0.0309387439942193,0.0,0.0151132006128287,0.0098308724157818,0.0,0.0352272727272726,0.0281247310363631,6,0.8333333333333334,0.8,0.0,11,1,4,11,6,5,1,0.2727272727272727,0,0,0,0,0.0,0.0232588721766514,0.0234445869143644,V7,0,2026-08,,0,0,0,0,0.0234445869143644,0.0234445869143644,0.0234445869143644,0,0,sin_switch,0.0225084532700033,0.0278971906691413,0.0214060969156852,V7,0.0
2026-08-21,Previa,0.0047113214262557,0.0162186043243268,0.0571197168503477,0.0053605369642814,0.0184535123214271,0.0140497267235546,0.0010721073928563,0.0036907024642854,0.0183811971864592,8,1.0,1.0,0.0,8,0,1,0,8,1,1,1.0,0,0,0,0,0.0448721887297736,0.0,0.0,V7,0,2026-08,,0,0,0,0,0.0,0.0448721887297736,0.0448721887297736,0,0,sin_switch,0.0300144878517107,0.0300144878517107,0.0457192093543427,V13,0.0
2026-08-21,Primera,0.0,0.003411641450925,0.0068655980922167,0.0,0.01,0.0046049812420785,0.0,0.0969757379285718,0.0392194614120362,5,1.0,1.0,0.2,7,0,2,5,5,2,1,0.8571428571428571,0,0,0,1,0.0215247887427257,0.0463232507564086,0.0240305076570436,V7,0,2026-08,,1,0,0,1,0.0247984620136829,0.0463232507564086,0.0247984620136829,0,0,sin_switch,0.032027623132514,0.032027623132514,0.0313043260904487,V7,0.0
2026-08-21,Matutino,0.0,0.1281761003122774,0.0633625747344629,0.0,0.01,0.0060032102127877,0.0,0.03,0.0224342102296112,5,1.0,0.6666666666666666,0.2,4,0,3,3,3,3,2,0.25,0,0,0,0,0.021888881382119,0.0271316016103963,0.0211686412756296,V7,0,2026-08,,0,0,0,0,0.0052427202282773,0.0271316016103963,0.0059629603347667,0,0,sin_switch,0.0311751043956321,0.0311751043956321,0.0246865319723502,V7,0.0
2026-08-21,Vespertino,0.0,0.0439444915467239,0.0253470271073181,0.0,0.01,0.0065062841756212,0.0,0.1056907024642853,0.0453179699346816,5,1.0,0.5,0.2,5,0,4,4,1,4,2,0.6,0,0,0,0,0.023375400495158,0.0233097025556667,0.0,V7,0,2026-08,,0,0,0,0,0.0,0.023375400495158,0.023375400495158,0,0,sin_switch,0.0206888053288985,0.0257614220067649,0.0303079044448418,V7,0.0
2026-08-21,Nocturno,0.0,0.0162186043243259,0.00657669166791,0.0,0.0117868456547604,0.0076124451435393,0.0,0.0286416877416134,0.0306991860608578,5,1.0,0.4,0.2,6,0,5,4,1,4,2,0.6666666666666666,0,0,0,1,0.0214171168400009,0.0660653067192856,0.0663135956338068,V9,1,2026-08,,0,0,1,0,0.0448964787938059,0.0663135956338068,0.0448964787938059,0,1,ganador,0.0229596029030414,0.0332617414406613,0.0225523170813581,V11,1.0
2026-08-22,Previa,0.0,0.0134588894648484,0.0132369782563269,0.0,0.0153135114221747,0.0098826161939941,0.0,0.0030627022844349,0.0144898776186817,6,1.0,1.0,0.0,6,0,1,0,6,1,1,1.0,0,0,0,0,0.0227465534941737,0.0,0.0,V7,0,2026-08,,0,0,0,0,0.0,0.0227465534941737,0.0227465534941737,0,0,sin_switch,0.0449436267567809,0.0449436267567809,0.0466431457603299,V7,0.0
2026-08-22,Primera,0.3000142373028049,0.4803681962751467,0.1503416354225877,0.0031044792085956,0.0114378125419289,0.0071480694355283,0.0,0.0330627022844348,0.0367850897507338,2,1.0,1.0,1.0,6,1,1,6,6,2,2,1.0,0,0,0,0,0.0,0.02371121786978,0.0225845611922523,V7,0,2026-08,,0,0,0,0,0.02371121786978,0.02371121786978,0.02371121786978,0,0,sin_switch,0.0250127642765651,0.0250127642765651,0.0428053055716137,V13,0.0
2026-08-22,Matutino,0.0,0.0127692071264586,0.0255974913408723,0.0,0.0191725136728855,0.0141121115677404,0.0,0.0730627022844349,0.0344007289912816,7,0.8571428571428571,1.0,0.0,6,0,3,4,4,3,2,0.3333333333333333,0,0,0,0,0.023379578265994,0.0781141736563421,0.0718110414400898,V8,0,2026-08,,0,0,0,0,0.0547345953903481,0.0781141736563421,0.0547345953903481,1,0,neutro,0.0168793062297448,0.0226797377896452,0.0167653899240297,V7,0.0
2026-08-22,Vespertino,0.0,0.0901912385720198,0.046108665073143,0.0031044792085955,0.00893196553571,0.0080984201844022,0.0,0.0,0.013,2,1.0,0.5,1.0,4,0,4,3,2,4,1,0.25,0,0,0,0,0.0278380288097509,0.0294791501374043,0.0748205775661453,V9,0,2026-08,,0,0,0,0,0.0469825487563944,0.0748205775661453,0.0469825487563944,0,1,neutro,0.0320721429020698,0.0351705956853926,0.0296890808403631,V7,0.0
2026-08-22,Nocturno,0.0,0.0089257420525683,0.0045837634305317,0.0031044792085955,0.0184535123214271,0.0090246351412565,0.0,0.0716907024642855,0.0417498292145728,2,1.0,0.4,1.0,8,1,4,8,6,5,2,0.125,0,0,1,0,0.0,0.0217407086262865,0.0720264708393082,V9,0,2026-08,,0,0,0,0,0.0720264708393082,0.0720264708393082,0.0720264708393082,0,1,neutro,0.0227845664025983,0.0308749795223477,0.0335364567639284,V13,0.0
2026-08-24,Primera,0.0,0.0277258872223971,0.0664904585055169,0.0,0.0060772755776474,0.0063856913223701,0.0,0.0287154551155295,0.0264777702695419,7,0.0,0.5,0.0,7,1,1,7,7,1,1,0.0,0,0,0,0,0.0,0.0390389846488152,0.0194105845875465,V8,0,2026-08,,0,0,0,0,0.0390389846488152,0.0390389846488152,0.0390389846488152,1,0,neutro,0.0177109130914361,0.0234038117194268,0.0104168867726677,V7,0.0
2026-08-24,Matutino,0.0,0.1822739131113229,0.0858554227298957,0.0084535123214271,0.0114378125419288,0.0038806177497687,0.0,0.0,0.0192263718027682,2,0.0,0.6666666666666666,1.0,6,2,1,6,6,2,2,0.0,0,0,0,0,0.0,0.0222269454095263,0.0,V7,0,2026-08,,0,0,0,0,0.0222269454095263,0.0222269454095263,0.0222269454095263,0,0,sin_switch,0.0225656178813607,0.0228904986962706,0.0164166227546872,V7,0.0
2026-08-24,Vespertino,0.0,0.0,0.102900447272364,0.0,0.0130929753571457,0.0056180826709682,0.0,0.1354278926071436,0.0703924795011451,7,0.0,0.75,0.0,7,1,3,7,6,3,2,0.0,0,0,0,0,0.0221174753796489,0.0,0.0302559000946562,V7,0,2026-08,,0,0,0,0,0.0081384247150072,0.0302559000946562,0.0302559000946562,0,0,sin_switch,0.0170931634527999,0.0198427896230381,0.0224358205186702,V7,0.0
2026-08-24,Nocturno,0.0,0.0089257420525683,0.137519090802717,0.0,0.0330013239641036,0.028776688148235,0.0,0.0,0.045308901780346,8,0.0,0.8,0.125,8,1,4,8,6,3,2,0.0,0,0,0,0,0.0467017902752556,0.0240534128614985,0.0232574248817986,V7,0,2026-08,,0,0,0,0,0.0,0.0467017902752556,0.023444365393457,0,0,sin_switch,0.0182033109500464,0.0209850345561957,0.0139528970689424,V7,0.0
2026-08-25,Previa,0.0,0.0,8.881784197001252e-16,0.0,0.0,0.0,0.0,0.0,0.0,2,1.0,1.0,0.0,2,0,1,0,2,1,1,1.0,0,0,0,0,0.0,0.0285689383382658,0.0285689383382658,V7,0,2026-08,,0,0,0,0,0.0285689383382658,0.0285689383382658,0.0285689383382658,0,0,sin_switch,0.0336719595009198,0.0341174609152979,0.0190567186059179,V7,0.0
2026-08-25,Primera,0.0,0.0061660271930907,0.0085705647137625,0.0,0.0132201327205045,0.0051217424294067,0.0,0.0607875625083859,0.0340414849064245,7,1.0,1.0,0.1428571428571428,10,0,2,8,8,2,1,0.8,0,0,0,0,0.0426984896261036,0.0497791383405704,0.0223662846173881,V7,0,2026-08,,0,0,0,0,0.0070806487144668,0.0497791383405704,0.0274128537231823,0,0,sin_switch,0.0363093176110476,0.0363093176110476,0.0370550308478923,V7,0.0
2026-08-25,Matutino,0.0,0.0162186043243259,0.0199084090183608,0.0,0.0214285714285713,0.0118921414377217,0.0,0.0315725979726722,0.0132607050595647,7,0.8571428571428571,1.0,0.1428571428571428,7,0,3,5,1,3,1,0.8571428571428571,0,0,0,0,0.0446709045925824,0.0520679259568351,0.0872188520334784,V9,0,2026-08,,0,0,0,0,0.042547947440896,0.0872188520334784,0.042547947440896,0,1,neutro,0.024614350641805,0.0273589789864783,0.0307648391821782,V7,0.0
2026-08-25,Vespertino,0.0,0.0,0.0506900517689137,0.0,0.0406044792085955,0.0355701616834176,0.0,0.0404876918084406,0.0554401940415273,8,0.875,1.0,0.125,11,0,4,9,1,4,2,0.7272727272727273,0,0,0,0,0.0255761183517975,0.0270994922467369,0.0535228800741654,V7,0,2026-08,,0,0,0,0,0.0279467617223679,0.0535228800741654,0.0279467617223679,0,0,sin_switch,0.0213203329039134,0.0261538047443064,0.025257914312996,V7,0.0
2026-08-25,Nocturno,0.0,0.0124697861576867,0.0516345924709925,0.0,0.0458367274404719,0.0264236582376081,0.0,0.091191155011904,0.0549514033635374,9,0.7777777777777778,1.0,0.1111111111111111,9,0,5,8,1,5,1,0.7777777777777778,0,0,0,0,0.0237314584549124,0.0272760152721574,0.0544742111904828,V9,0,2026-08,,0,0,0,0,0.0307427527355703,0.0544742111904828,0.0307427527355703,0,1,neutro,0.0184550025923917,0.0270883682788528,0.0275370641580271,V7,0.0
2026-08-26,Previa,0.0,0.0,0.0056373942852263,0.0,0.0101557006787506,0.0040622802715002,0.0,0.03453114013575,0.0138124560543,4,1.0,1.0,0.0,4,0,1,0,4,1,1,1.0,0,0,0,0,0.0,0.0,0.0,V7,0,2026-08,,0,0,0,0,0.0,0.0,0.0,0,0,sin_switch,0.0265808077110722,0.0281770877384058,0.0270354212470291,V7,0.0
2026-08-26,Primera,0.0,0.0461053692428761,0.0769019835773466,0.0084535123214271,0.0084535123214271,0.0065008755047292,0.0286907024642855,0.0800006788214278,0.0322962804601028,8,1.0,1.0,0.0,8,1,1,8,8,2,2,1.0,0,0,0,0,0.1071444382827132,0.0257815635820608,0.0,V7,0,2026-08,,0,0,0,0,0.0,0.1071444382827132,0.1071444382827132,0,0,sin_switch,0.0195707209789451,0.0195707209789451,0.0292973066737384,V7,0.0
2026-08-26,Matutino,0.4126368946169902,0.4143605007389075,0.1272679083994058,0.0,0.01,0.0052316157953969,0.02,0.03,0.0122145177737168,5,1.0,0.6666666666666666,0.2,16,1,2,16,8,3,1,0.5,0,0,0,0,0.0230866084476477,0.0248809576916314,0.0230431776577975,V7,0,2026-08,,0,0,0,0,0.0017943492439836,0.0248809576916314,0.0018377800338339,0,0,sin_switch,0.0284900213839738,0.0284900213839738,0.0380588374258684,V7,0.0
2026-08-26,Vespertino,0.0,0.0162186043243259,0.0265572610771558,0.0,0.0057978116426765,0.0044835076164483,0.0,0.0127124374916142,0.0211715896568809,5,1.0,0.5,0.2,6,1,3,6,4,4,2,0.3333333333333333,0,0,0,0,0.0338027879636336,0.0555632039969908,0.050708184211887,V7,0,2026-08,,0,0,0,0,0.0217604160333572,0.0555632039969908,0.0217604160333572,0,0,sin_switch,0.0264925845952288,0.0265494077968356,0.0210955406432032,V7,0.0
2026-08-26,Nocturno,0.0,0.011507282898072,0.0046029131592288,0.0,0.01,0.0066155437584134,0.0,0.006,0.0129310725846658,5,1.0,0.4,0.2,10,2,3,10,6,4,2,0.0,0,0,0,0,0.0298410624947239,0.031112637619781,0.0276893100342706,V7,0,2026-08,,0,0,0,0,0.0012715751250571,0.031112637619781,0.0034233275855104,0,0,sin_switch,0.0156737884813937,0.0182736702625576,0.0137358305073217,V7,0.0
2026-08-27,Previa,0.0,0.0,0.0141678204895984,0.0,0.0,0.0,0.0,0.0,0.0,2,1.0,1.0,0.0,2,0,1,0,2,1,1,1.0,0,0,0,0,0.0,0.0364713817624144,0.0364713817624144,V8,0,2026-08,,0,0,0,0,0.0364713817624144,0.0364713817624144,0.0364713817624144,1,0,neutro,0.0382599190340028,0.044028343114351,0.0278818030423137,V7,0.0
2026-08-27,Primera,0.0,0.0264262072470691,0.0134777778248701,0.0136823664461649,0.0236823664461649,0.0088676916101732,0.0,0.0369757379285718,0.0264341818456722,6,1.0,1.0,0.3333333333333333,7,0,2,5,5,2,1,0.8571428571428571,0,0,0,0,0.0801637319015109,0.0534592905326657,0.0315284258962415,V7,0,2026-08,,0,0,0,0,0.0,0.0801637319015109,0.0486353060052693,0,0,sin_switch,0.0258510248205378,0.0258510248205378,0.0413772244581193,V13,0.0
2026-08-27,Matutino,0.0,0.0,0.0,0.0136823664461649,0.0236823664461649,0.0088676916101732,0.0374999999999999,0.0522875625083857,0.0278463183064857,6,1.0,0.6666666666666666,0.3333333333333333,8,0,3,6,4,3,1,0.25,0,0,0,0,0.0714944435386303,0.0470700904228789,0.0233173696784003,V7,0,2026-08,,0,0,0,0,0.0,0.0714944435386303,0.04817707386023,0,0,sin_switch,0.0271038388677252,0.0271038388677252,0.0278326529595152,V7,0.0
2026-08-27,Vespertino,0.0,0.0089257420525683,0.0751002021598535,0.0136823664461649,0.0236823664461649,0.0088676916101732,0.0,0.048334012154761,0.0403558740619217,6,1.0,0.5,0.3333333333333333,9,0,4,7,3,3,1,0.4444444444444444,0,0,0,0,0.046590609535738,0.0229899801302506,0.0239482279832931,V7,0,2026-08,,0,0,0,0,0.0,0.046590609535738,0.0236006294054874,0,0,sin_switch,0.0283362461965865,0.0308223389618225,0.0315334960587566,V7,0.0
2026-08-27,Nocturno,0.0,0.0,0.0,0.0136823664461649,0.0236823664461649,0.0088676916101732,0.02,0.0846435359642849,0.0428475554022434,6,1.0,0.4,0.3333333333333333,12,0,5,10,2,5,1,0.1666666666666666,0,0,0,0,0.0,0.0234088931366925,0.0290095349214646,V7,0,2026-08,,0,0,0,0,0.0290095349214646,0.0290095349214646,0.0290095349214646,0,0,sin_switch,0.0241721385353274,0.0350817167594697,0.0207546635207165,V11,0.0
2026-08-28,Previa,0.0338919144154887,0.0501105187398147,0.0478146894961437,0.0,0.0,0.0112667996050599,0.0,0.0,0.0168664323749823,6,1.0,1.0,0.0,6,0,1,0,6,1,1,1.0,0,0,0,0,0.0270517520092804,0.0,0.0,V7,0,2026-08,,0,0,0,0,0.0,0.0270517520092804,0.0270517520092804,0,0,sin_switch,0.038434771706529,0.038434771706529,0.0398138850328721,V7,0.0
2026-08-28,Primera,0.4302576775353319,0.4375505398070896,0.1317963664301991,0.0,0.0,0.002750025867127,0.0,0.0422875625083858,0.045279719975236,6,1.0,1.0,0.0,8,0,2,6,6,2,1,0.875,0,0,0,0,0.0472944487637832,0.0438209892141628,0.0221574297368484,V7,0,2026-08,,0,0,0,0,0.0,0.0472944487637832,0.0251370190269347,0,0,sin_switch,0.035681152733954,0.035681152733954,0.0539793954717255,V13,0.0
2026-08-28,Matutino,0.3130373666589179,0.3135888601211265,0.1201377644725011,0.0,0.0,0.0021128574614706,0.0,0.148683598126154,0.0621131458628616,6,1.0,0.6666666666666666,0.0,9,0,3,7,1,3,1,0.7777777777777778,0,0,0,0,0.0546299084346579,0.0469898676205237,0.0,V7,0,2026-08,,0,0,0,0,0.0,0.0546299084346579,0.0546299084346579,0,0,sin_switch,0.0252928695774178,0.0252928695774178,0.0425929603642403,V13,0.0
2026-08-28,Vespertino,0.0,0.0,0.0942485947742181,0.0,0.0053193584283935,0.002713098926272,0.0,0.0563636363636365,0.030738858632831,7,0.8571428571428571,0.75,0.0,11,0,4,9,2,4,1,0.6363636363636364,0,0,0,0,0.0,0.0512756940133227,0.0487543680441738,V8,0,2026-08,,0,0,0,0,0.0512756940133227,0.0512756940133227,0.0512756940133227,1,0,neutro,0.0151524982521367,0.0234013114917517,0.0087870630335828,V7,0.0
2026-08-28,Nocturno,0.0,0.0776170575399239,0.03221696314906,0.0028135114221747,0.0070156997794982,0.0028982035125818,0.0,0.0091470588235295,0.0056924404159796,6,1.0,0.4,0.0,14,0,5,12,3,5,1,0.5,0,0,0,0,0.0,0.0230564602727117,0.0816996690107506,V9,0,2026-08,,0,0,0,0,0.0816996690107506,0.0816996690107506,0.0816996690107506,0,1,neutro,0.0251718375248593,0.0324308982876399,0.0249235393281643,V7,0.0
2026-08-29,Previa,0.0937168706797813,0.0937168706797813,0.0281150612039343,0.0053605369642814,0.0184535123214271,0.0140497267235546,0.0010721073928563,0.0036907024642854,0.0183811971864592,8,1.0,1.0,0.0,8,0,1,0,8,1,1,1.0,0,0,0,0,0.046518088993308,0.0,0.0,V7,0,2026-08,,0,0,0,0,0.0,0.046518088993308,0.046518088993308,0,0,sin_switch,0.0277436274147911,0.0277436274147911,0.0394209305002015,V13,0.0
2026-08-29,Primera,0.0,0.0162186043243268,0.0109251729131272,0.01,0.01,0.0072369863854903,0.055,0.1149999999999999,0.0517234842089734,10,1.0,1.0,0.2,10,0,2,6,6,2,1,1.0,0,0,0,0,0.0585530002742401,0.0469535750377055,0.0248846218249231,V7,0,2026-08,,0,0,0,0,0.0,0.0585530002742401,0.033668378449317,0,0,sin_switch,0.0251470520524997,0.0251470520524997,0.0318910901938764,V7,0.0
2026-08-29,Matutino,0.0,0.091770700399012,0.0384799948296916,0.01,0.01,0.0037143846387337,0.0,0.0307142857142855,0.0228194429108547,10,1.0,0.6666666666666666,0.2,7,1,2,7,4,3,1,0.4285714285714285,0,0,0,0,0.0486420849393631,0.0263916632244436,0.0,V7,0,2026-08,,0,0,0,0,0.0,0.0486420849393631,0.0486420849393631,0,0,sin_switch,0.028490674721416,0.028490674721416,0.036445088844959,V7,0.0
2026-08-29,Vespertino,0.0,0.1338336037309249,0.0723376978087287,0.01,0.01,0.0072369863854903,0.0,0.0807614522142863,0.0498986568590031,10,1.0,0.5,0.2,7,0,4,6,4,4,2,0.1428571428571428,0,0,0,1,0.0,0.022002296258487,0.0,V7,0,2026-08,,0,0,0,0,0.022002296258487,0.022002296258487,0.022002296258487,0,0,sin_switch,0.0274127460418716,0.0325239795660924,0.0337739823656447,V7,0.0
2026-08-29,Nocturno,0.0061660271930907,0.0134588894648484,0.0061161868501498,0.0,0.0142513239641036,0.0085405948764177,0.0,0.1049999999999999,0.0566339466910421,10,1.0,0.4,0.0,16,0,5,11,7,4,2,0.5625,0,0,0,0,0.0253284388411506,0.0,0.0233626436257581,V7,0,2026-08,,0,0,0,0,0.0,0.0253284388411506,0.0253284388411506,0,0,sin_switch,0.0198662069196413,0.0274917079298183,0.025587977531959,V7,0.0
2026-08-31,Primera,0.0,0.011507282898072,0.0046029131592288,0.0,0.0,0.0030467102036251,0.0,0.0,0.018609342040725,4,0.0,0.5,0.0,4,1,1,4,4,1,1,0.0,0,0,0,0,0.0,0.0172943502131612,0.0172943502131612,V7,0,2026-08,,0,0,0,0,0.0172943502131612,0.0172943502131612,0.0172943502131612,0,0,sin_switch,0.0334032006899912,0.0334032006899912,0.0210452954955916,V7,0.0
2026-08-31,Matutino,0.0,0.0135355547015798,0.0076918991497816,0.0,0.0031044792085955,0.0017078421450029,0.0,0.0572875625083857,0.044962959465273,12,0.0,0.6666666666666666,0.0,12,1,2,12,8,2,1,0.0,0,0,0,0,0.0745078177445125,0.0996596213307595,0.0445717007295815,V7,0,2026-08,,0,0,0,0,0.025151803586247,0.0996596213307595,0.055087920601178,0,0,sin_switch,0.0259978728120746,0.0282921476461298,0.0161801792541909,V7,0.0
2026-08-31,Vespertino,0.0,0.0223846315174167,0.0087712336731056,0.0,0.0055555555555555,0.0021574048619539,0.0,0.0324999999999999,0.0135277492584686,9,0.0,0.75,0.1111111111111111,10,1,3,10,3,3,1,0.0,0,0,0,0,0.0191942494124084,0.0827574969692519,0.0412333744493243,V8,0,2026-08,,0,0,0,0,0.0635632475568435,0.0827574969692519,0.0635632475568435,1,0,neutro,0.014800241297991,0.0198106476756807,0.0109850818366238,V7,0.0
2026-08-31,Nocturno,0.0,0.0,0.0072827090412642,0.0,0.0044676798214242,0.0028462161296109,0.0,0.0362154551155293,0.0154410519754883,8,0.0,0.8,0.125,7,1,4,7,4,4,1,0.0,0,0,0,0,0.0,0.0375561252547508,0.0375561252547508,V8,0,2026-08,,0,0,0,0,0.0375561252547508,0.0375561252547508,0.0375561252547508,1,0,neutro,0.0182271785522277,0.026282726966142,0.0133204568373984,V7,0.0
